{"type":"FeatureCollection","features":[{"type":"Feature","geometry":{"type":"LineString","coordinates":[[-71.11857,42.32345],[-71.11849,42.32354],[-71.11841,42.3236],[-71.11833,42.32365],[-71.11824,42.32369],[-71.11816,42.32371],[-71.11806,42.32374],[-71.11797,42.32375],[-71.11789,42.32375],[-71.11783,42.32374],[-71.11776,42.32373],[-71.11766,42.32371],[-71.11761,42.32371],[-71.11756,42.32372],[-71.11745,42.32373],[-71.11732,42.32376],[-71.11721,42.32378],[-71.11713,42.3238],[-71.11703,42.32383],[-71.11698,42.32386],[-71.11693,42.32388],[-71.11683,42.32394],[-71.11676,42.324],[-71.11667,42.3241],[-71.11663,42.32416],[-71.11659,42.32422],[-71.11657,42.32428],[-71.11655,42.32435],[-71.11653,42.32442],[-71.11653,42.32447],[-71.11653,42.32452],[-71.11654,42.32457],[-71.11657,42.32465],[-71.11665,42.32488],[-71.11666,42.32506],[-71.11666,42.32511],[-71.11666,42.32515],[-71.11664,42.32521],[-71.11663,42.32525],[-71.11662,42.32528],[-71.11661,42.32533],[-71.11658,42.32538],[-71.11656,42.32541],[-71.11654,42.32544],[-71.11651,42.32547],[-71.11646,42.32555],[-71.11644,42.32558],[-71.11641,42.32564],[-71.11638,42.32571],[-71.11637,42.32575]]},"properties":{"lts":1,"name":"Riverdale Parkway Bikepath","osmId":8814106}},{"type":"Feature","geometry":{"type":"LineString","coordinates":[[-71.11723,42.31558],[-71.11724,42.31557],[-71.11725,42.31555],[-71.11727,42.31554],[-71.11731,42.31552],[-71.11735,42.31549],[-71.1174,42.31547],[-71.11745,42.31545],[-71.1175,42.31542],[-71.11755,42.3154],[-71.11759,42.31538],[-71.11763,42.31536],[-71.11766,42.31535],[-71.11771,42.31532],[-71.1178,42.31527],[-71.11788,42.31523],[-71.11793,42.3152],[-71.11798,42.31517],[-71.11805,42.31512],[-71.11811,42.31508],[-71.11817,42.31504],[-71.11824,42.31499],[-71.1183,42.31494],[-71.11862,42.31469],[-71.11886,42.3145],[-71.11903,42.31436],[-71.11916,42.31426],[-71.11922,42.31421],[-71.11928,42.31416],[-71.11932,42.31413],[-71.11935,42.31411],[-71.11939,42.31408],[-71.11941,42.31407],[-71.11944,42.31406],[-71.11947,42.31403],[-71.11951,42.31402],[-71.11953,42.31401],[-71.11955,42.314],[-71.11956,42.31399],[-71.11958,42.31399],[-71.11961,42.31398],[-71.11965,42.31397],[-71.11969,42.31396],[-71.11974,42.31395],[-71.11976,42.31395],[-71.1198,42.31394],[-71.11984,42.31393],[-71.11986,42.31393],[-71.1199,42.31392],[-71.11993,42.31392],[-71.11997,42.31392],[-71.12001,42.31392],[-71.12006,42.31392],[-71.12009,42.31392],[-71.12012,42.31392],[-71.12015,42.31393],[-71.12019,42.31393],[-71.12022,42.31393],[-71.12025,42.31392],[-71.12032,42.31392],[-71.12038,42.31391],[-71.12045,42.3139],[-71.12051,42.3139],[-71.12058,42.31389],[-71.12062,42.31388],[-71.12072,42.31387],[-71.12077,42.31386],[-71.1208,42.31385],[-71.12082,42.31385],[-71.12085,42.31385],[-71.12087,42.31385],[-71.12089,42.31385],[-71.1209,42.31385],[-71.12093,42.31386],[-71.12095,42.31386],[-71.12096,42.31387],[-71.12099,42.31388],[-71.12101,42.31389],[-71.12104,42.3139],[-71.12109,42.31392],[-71.12113,42.31394],[-71.12117,42.31395],[-71.1212,42.31397],[-71.12124,42.31398],[-71.12128,42.314],[-71.12131,42.31401],[-71.12133,42.31401],[-71.12136,42.31402],[-71.12139,42.31402],[-71.12142,42.31403],[-71.12146,42.31403],[-71.12152,42.31403],[-71.12156,42.31402],[-71.1216,42.31402],[-71.12163,42.31402],[-71.12166,42.31401],[-71.12169,42.314],[-71.12172,42.314],[-71.12177,42.31398],[-71.1218,42.31397],[-71.12182,42.31396],[-71.12184,42.31396],[-71.12189,42.31393],[-71.12191,42.31392],[-71.12192,42.31391],[-71.12194,42.3139],[-71.12195,42.31389],[-71.12195,42.31388],[-71.12196,42.31387],[-71.12197,42.31386],[-71.122,42.31379]]},"properties":{"lts":1,"name":"Jamaicaway Bikepath","osmId":8842463}},{"type":"Feature","geometry":{"type":"LineString","coordinates":[[-71.11472,42.32454],[-71.11469,42.32458],[-71.11463,42.32465],[-71.1146,42.32468],[-71.11458,42.32471],[-71.11454,42.32474],[-71.1145,42.32478],[-71.11447,42.3248],[-71.11444,42.32482],[-71.1144,42.32485],[-71.11433,42.32489],[-71.11427,42.32493],[-71.11422,42.32496],[-71.11415,42.32499],[-71.11389,42.32511],[-71.11384,42.32514],[-71.11379,42.32517],[-71.11372,42.32521],[-71.11367,42.32524],[-71.11364,42.32526],[-71.11362,42.32528],[-71.11359,42.32531],[-71.11356,42.32533],[-71.11353,42.32536],[-71.11351,42.32538],[-71.1135,42.3254],[-71.11348,42.32543],[-71.11347,42.32546],[-71.11345,42.32549],[-71.11344,42.32552],[-71.11343,42.32554],[-71.11342,42.32558],[-71.11342,42.32561],[-71.1134,42.32572],[-71.11335,42.326],[-71.11334,42.32607],[-71.11333,42.32611],[-71.11332,42.32616],[-71.1133,42.32619],[-71.11329,42.32622],[-71.11328,42.32625],[-71.11323,42.32635],[-71.1132,42.32642],[-71.11317,42.32648],[-71.11293,42.32695],[-71.11289,42.32701],[-71.11286,42.32707],[-71.11282,42.32713],[-71.11279,42.32718],[-71.11275,42.32723],[-71.11272,42.32728],[-71.11268,42.32733],[-71.11265,42.32735],[-71.11264,42.32737],[-71.1126,42.32741],[-71.11255,42.32746],[-71.11252,42.32749],[-71.11248,42.32752],[-71.11245,42.32756],[-71.11242,42.3276],[-71.11239,42.32764],[-71.11235,42.32771],[-71.11232,42.32776],[-71.11228,42.32784],[-71.11224,42.32792],[-71.11223,42.32796],[-71.11221,42.32801],[-71.11218,42.32809],[-71.11216,42.32814],[-71.11214,42.32823],[-71.11213,42.32829],[-71.11211,42.32836],[-71.1121,42.32842],[-71.11209,42.3285],[-71.11208,42.32857],[-71.11208,42.32862],[-71.11208,42.32867],[-71.11208,42.32872],[-71.11208,42.32876],[-71.11208,42.3288],[-71.11208,42.32883],[-71.11208,42.32887],[-71.11209,42.32893],[-71.11211,42.32901],[-71.11212,42.32906],[-71.11214,42.32915],[-71.11215,42.32919],[-71.11218,42.32927],[-71.11221,42.32933],[-71.11223,42.32938],[-71.11224,42.32941],[-71.11225,42.32943],[-71.11226,42.32945],[-71.11228,42.32946],[-71.1123,42.32949],[-71.11235,42.32955],[-71.11243,42.32964],[-71.11249,42.32971],[-71.11299,42.33034],[-71.11302,42.33038],[-71.11306,42.33042],[-71.11308,42.33044],[-71.11311,42.33047],[-71.11315,42.3305],[-71.11319,42.33054],[-71.11324,42.33056],[-71.11328,42.33059],[-71.11332,42.33062],[-71.11336,42.33065],[-71.11339,42.33068],[-71.11343,42.33071],[-71.11345,42.33074],[-71.11347,42.33077],[-71.1135,42.33081],[-71.11352,42.33084],[-71.11354,42.33089],[-71.11356,42.33093],[-71.11357,42.33097],[-71.11359,42.33101],[-71.1136,42.33105],[-71.11361,42.33107],[-71.11361,42.33108],[-71.11362,42.33109],[-71.11363,42.33109],[-71.11365,42.3311],[-71.11367,42.33111]]},"properties":{"lts":1,"name":"Jamaicaway Bikepath","osmId":8842476}},{"type":"Feature","geometry":{"type":"LineString","coordinates":[[-71.1148,42.32445],[-71.11482,42.32443],[-71.11484,42.32442],[-71.11486,42.3244],[-71.11488,42.32438],[-71.11489,42.32437],[-71.11491,42.32435],[-71.11492,42.32434],[-71.11492,42.32433],[-71.11493,42.32432],[-71.11493,42.32431],[-71.11494,42.32429],[-71.11495,42.32428],[-71.11495,42.32426],[-71.11496,42.32424],[-71.115,42.32404],[-71.11501,42.324],[-71.11502,42.32395],[-71.11503,42.3239],[-71.11504,42.32386],[-71.11505,42.32383],[-71.11506,42.3238],[-71.11507,42.32379],[-71.11508,42.32378],[-71.11508,42.32376],[-71.1151,42.32374],[-71.11511,42.32372],[-71.11513,42.32371],[-71.11514,42.32369],[-71.11516,42.32367],[-71.11518,42.32365],[-71.11519,42.32364],[-71.1152,42.32362],[-71.11523,42.3236],[-71.11526,42.32357],[-71.11527,42.32355],[-71.1153,42.32352],[-71.11531,42.3235],[-71.11534,42.32348],[-71.11537,42.32346],[-71.1154,42.32343],[-71.11544,42.32341],[-71.11547,42.32339],[-71.1155,42.32336],[-71.11554,42.32335],[-71.11558,42.32333],[-71.11561,42.32331],[-71.11565,42.32329],[-71.1157,42.32327],[-71.11576,42.32325],[-71.1158,42.32323],[-71.11589,42.32319],[-71.11595,42.32317],[-71.116,42.32315],[-71.11605,42.32314],[-71.11612,42.32311],[-71.1162,42.32309],[-71.11624,42.32307],[-71.1163,42.32305],[-71.11636,42.32303],[-71.11641,42.32301],[-71.11645,42.32299],[-71.11649,42.32297],[-71.11654,42.32295],[-71.11659,42.32292],[-71.11664,42.32289],[-71.11668,42.32286],[-71.11672,42.32283],[-71.11675,42.3228],[-71.11678,42.32278],[-71.11683,42.32273],[-71.11685,42.3227],[-71.11688,42.32267],[-71.11691,42.32261],[-71.11694,42.32256],[-71.11695,42.32253],[-71.11697,42.3225],[-71.11698,42.32246],[-71.11699,42.32244],[-71.11699,42.3224],[-71.117,42.32236],[-71.117,42.3223],[-71.117,42.32223],[-71.11699,42.32213],[-71.11698,42.32203],[-71.11698,42.32197],[-71.11697,42.32193],[-71.11695,42.32186],[-71.11692,42.32172],[-71.1169,42.32164],[-71.11689,42.32158],[-71.11687,42.32152],[-71.11684,42.32141],[-71.11678,42.32122],[-71.11678,42.3212],[-71.11677,42.3212],[-71.11677,42.32119],[-71.11677,42.32119],[-71.11677,42.32118],[-71.11677,42.32118],[-71.11677,42.32117],[-71.11677,42.32117],[-71.11677,42.32116],[-71.11677,42.32116],[-71.11678,42.32116],[-71.11678,42.32115],[-71.11678,42.32115],[-71.11679,42.32115],[-71.11679,42.32114],[-71.1168,42.32114]]},"properties":{"lts":1,"name":"Jamaicaway Bikepath","osmId":8842480}},{"type":"Feature","geometry":{"type":"LineString","coordinates":[[-71.0877,42.33659],[-71.0876,42.3365],[-71.08752,42.33643]]},"properties":{"lts":1,"name":"Melnea Cass Boulevard","osmId":8842490}},{"type":"Feature","geometry":{"type":"LineString","coordinates":[[-71.04385,42.29292],[-71.04289,42.29217],[-71.04277,42.29208],[-71.04262,42.29192],[-71.04252,42.29183],[-71.04247,42.29177],[-71.04243,42.2917],[-71.04239,42.29163],[-71.04236,42.29155],[-71.04233,42.29146],[-71.04232,42.29137],[-71.04231,42.29123],[-71.04231,42.29111],[-71.04231,42.29078],[-71.0423,42.29054]]},"properties":{"lts":1,"name":"Boston Harbor Walk and Neponset River Greenway","osmId":8842555}},{"type":"Feature","geometry":{"type":"LineString","coordinates":[[-71.07402,42.35618],[-71.07398,42.35619],[-71.07394,42.35619],[-71.07391,42.35619],[-71.07387,42.3562],[-71.07384,42.3562],[-71.0738,42.3562],[-71.07378,42.35619],[-71.07377,42.35618],[-71.07376,42.35618],[-71.07376,42.35617],[-71.07376,42.35616]]},"properties":{"lts":0,"name":"Arthur Fiedler Footbridge","osmId":8842602}},{"type":"Feature","geometry":{"type":"LineString","coordinates":[[-71.08451,42.35313],[-71.08482,42.35304]]},"properties":{"lts":0,"name":"Gloucester Street Overpass","osmId":33608534}},{"type":"Feature","geometry":{"type":"LineString","coordinates":[[-71.11246,42.33377],[-71.11242,42.33381],[-71.11232,42.33391],[-71.11209,42.33414],[-71.11181,42.33444]]},"properties":{"lts":1,"name":"Emerald Necklace Trail","osmId":48920386}},{"type":"Feature","geometry":{"type":"LineString","coordinates":[[-71.11718,42.31564],[-71.11716,42.31566],[-71.11712,42.3157],[-71.1171,42.31574],[-71.11708,42.31577],[-71.11706,42.31581],[-71.11704,42.31584],[-71.11702,42.31588],[-71.11701,42.31591],[-71.11699,42.31595],[-71.11698,42.31599],[-71.11697,42.31604],[-71.11696,42.31608],[-71.11694,42.31616],[-71.11692,42.31622],[-71.11692,42.31626],[-71.11691,42.3163],[-71.11691,42.31633],[-71.1169,42.31635],[-71.1169,42.31641],[-71.11689,42.31645],[-71.11689,42.3165],[-71.11688,42.31657],[-71.11688,42.3166],[-71.11688,42.31664],[-71.11688,42.31667],[-71.11688,42.31672],[-71.11688,42.31675],[-71.11688,42.31678],[-71.11688,42.31682],[-71.11688,42.31685],[-71.1169,42.31718],[-71.1169,42.31727],[-71.1169,42.31733],[-71.1169,42.31735],[-71.1169,42.31738],[-71.1169,42.3174],[-71.1169,42.31743],[-71.1169,42.31746],[-71.1169,42.31748],[-71.1169,42.31751],[-71.1169,42.31753],[-71.11689,42.31755],[-71.11689,42.31757],[-71.11689,42.31759],[-71.11688,42.31762],[-71.11688,42.31764],[-71.11687,42.31767],[-71.11686,42.31771],[-71.11685,42.31774],[-71.11684,42.31777],[-71.11683,42.3178],[-71.11682,42.31784],[-71.1168,42.31788],[-71.11678,42.31793],[-71.11676,42.31798],[-71.11673,42.31804],[-71.11669,42.31816],[-71.11666,42.31823],[-71.11665,42.31826],[-71.11665,42.31828],[-71.11664,42.31829],[-71.11663,42.31832],[-71.11663,42.31834],[-71.11662,42.31836],[-71.11662,42.31837],[-71.11661,42.3184],[-71.11661,42.31843],[-71.11661,42.31844],[-71.11661,42.31845],[-71.11661,42.31847],[-71.11661,42.31848],[-71.11661,42.31849],[-71.11661,42.31851],[-71.11662,42.31854],[-71.11662,42.31856],[-71.11662,42.31858],[-71.11663,42.3186],[-71.11664,42.31862],[-71.11665,42.31863],[-71.11666,42.31866],[-71.11667,42.31868],[-71.11668,42.3187],[-71.1167,42.31872],[-71.11672,42.31875],[-71.11674,42.31879],[-71.11676,42.31882],[-71.11679,42.31885],[-71.11681,42.31888],[-71.11684,42.31891],[-71.11687,42.31894],[-71.1169,42.31897],[-71.11692,42.31899],[-71.11696,42.31903],[-71.11698,42.31905],[-71.117,42.31907],[-71.11703,42.3191],[-71.11705,42.31913],[-71.1171,42.31919],[-71.11713,42.31923],[-71.11715,42.31926],[-71.11717,42.31929],[-71.11719,42.31931],[-71.1172,42.31934],[-71.11722,42.31937],[-71.11723,42.31939],[-71.11724,42.31941],[-71.11725,42.31943],[-71.11726,42.31947],[-71.11727,42.31949],[-71.11728,42.31952],[-71.11729,42.31955],[-71.1173,42.31959],[-71.1173,42.31961],[-71.11731,42.31964],[-71.11731,42.31966],[-71.11731,42.31969],[-71.11731,42.31971],[-71.11731,42.31974],[-71.11731,42.31976],[-71.11731,42.31979],[-71.11731,42.31981],[-71.11731,42.31983],[-71.1173,42.31986],[-71.1173,42.31988],[-71.11729,42.31991],[-71.11728,42.31993],[-71.11728,42.31995],[-71.11727,42.31998],[-71.11725,42.32001],[-71.11724,42.32003],[-71.11723,42.32006],[-71.11721,42.32008],[-71.11719,42.32011],[-71.11718,42.32014],[-71.11715,42.32018],[-71.11714,42.3202],[-71.11711,42.32024],[-71.11706,42.3203],[-71.11698,42.32041],[-71.11695,42.32045],[-71.11692,42.3205],[-71.1169,42.32053],[-71.11688,42.32056],[-71.11685,42.32059],[-71.11684,42.32062],[-71.11682,42.32064],[-71.11681,42.32067],[-71.11679,42.3207],[-71.11678,42.32072],[-71.11677,42.32075],[-71.11676,42.32078],[-71.11675,42.32081],[-71.11675,42.32083],[-71.11674,42.32085],[-71.11674,42.32088],[-71.11674,42.32088],[-71.11674,42.32089],[-71.11674,42.32091],[-71.11674,42.32092],[-71.11675,42.32093],[-71.11675,42.32094],[-71.11676,42.32095],[-71.11677,42.32095],[-71.11678,42.32096]]},"properties":{"lts":1,"name":"Jamaicaway Bikepath","osmId":48920805}},{"type":"Feature","geometry":{"type":"LineString","coordinates":[[-71.09991,42.3407],[-71.09995,42.34075],[-71.10007,42.34083],[-71.10029,42.34095],[-71.10053,42.34114],[-71.10076,42.34133],[-71.10092,42.34148],[-71.10108,42.34165],[-71.10121,42.34178],[-71.10133,42.34189],[-71.10161,42.34217],[-71.10181,42.34239],[-71.10196,42.34253],[-71.1021,42.34267],[-71.10224,42.34282],[-71.10238,42.34295],[-71.10255,42.3431],[-71.10255,42.34311],[-71.10257,42.34312],[-71.10258,42.34312],[-71.10258,42.34313],[-71.10259,42.34313]]},"properties":{"lts":1,"name":"Park Drive","osmId":49666854}},{"type":"Feature","geometry":{"type":"LineString","coordinates":[[-71.10431,42.34459],[-71.10462,42.34459],[-71.10467,42.34458],[-71.10473,42.34458],[-71.10478,42.34457],[-71.10482,42.34455],[-71.10488,42.34452],[-71.10496,42.34449],[-71.10507,42.34446],[-71.10516,42.34443],[-71.10524,42.34439],[-71.10542,42.34432],[-71.1055,42.34428],[-71.10557,42.34424],[-71.10582,42.3441],[-71.10601,42.34399],[-71.10619,42.34386],[-71.10676,42.34343],[-71.10691,42.34333],[-71.10707,42.34324],[-71.10731,42.34313],[-71.10739,42.34309],[-71.10765,42.34296],[-71.10793,42.34283],[-71.10809,42.34274],[-71.10831,42.34262],[-71.10842,42.34254],[-71.1086,42.34238],[-71.10866,42.34232],[-71.10872,42.34227],[-71.10878,42.34221],[-71.10887,42.34215],[-71.10904,42.34204],[-71.10937,42.34187],[-71.10955,42.34176],[-71.10991,42.34146],[-71.11,42.34138],[-71.11018,42.34117],[-71.1103,42.34103],[-71.11042,42.34089],[-71.11054,42.34072],[-71.11065,42.34055],[-71.1107,42.34043],[-71.11071,42.3404],[-71.11075,42.34032],[-71.11077,42.34027],[-71.11087,42.34009],[-71.1109,42.34],[-71.11093,42.33991],[-71.11098,42.33974],[-71.11107,42.33938],[-71.11114,42.33904],[-71.11122,42.33869],[-71.11137,42.33832],[-71.11145,42.33813],[-71.11153,42.33796],[-71.11167,42.3377],[-71.11178,42.33744],[-71.11179,42.3374],[-71.1118,42.33737],[-71.1118,42.33733],[-71.11181,42.3373],[-71.11181,42.33722],[-71.11181,42.33717],[-71.11179,42.33711],[-71.11179,42.33707],[-71.11178,42.33705],[-71.11175,42.33702]]},"properties":{"lts":1,"name":"Muddy River Bikepath","osmId":59034231}},{"type":"Feature","geometry":{"type":"LineString","coordinates":[[-71.04783,42.32774],[-71.04783,42.32775],[-71.04768,42.3279],[-71.04744,42.32816],[-71.04728,42.32831],[-71.04713,42.32847],[-71.04707,42.32852],[-71.0469,42.32866],[-71.04676,42.32877],[-71.04665,42.32885],[-71.04645,42.32898],[-71.04616,42.32917],[-71.04579,42.3294],[-71.04564,42.32948],[-71.04542,42.32959],[-71.04516,42.32971],[-71.04494,42.3298],[-71.04485,42.32984],[-71.04481,42.32985],[-71.04475,42.32987],[-71.04413,42.33005],[-71.04399,42.33009],[-71.04394,42.33011],[-71.04382,42.33013],[-71.04372,42.33014],[-71.04356,42.33015],[-71.04284,42.33016],[-71.04274,42.33016],[-71.04238,42.33017],[-71.04193,42.33018],[-71.04148,42.33018],[-71.04142,42.33017],[-71.04111,42.33016],[-71.04085,42.33015],[-71.0406,42.33012],[-71.04033,42.3301],[-71.04015,42.33007],[-71.04,42.33006],[-71.03991,42.33004],[-71.03973,42.33002],[-71.03952,42.32998],[-71.0393,42.32994],[-71.0391,42.3299],[-71.03884,42.32984],[-71.03756,42.32953],[-71.03728,42.32946],[-71.03715,42.32944],[-71.03704,42.32942],[-71.03676,42.32937],[-71.03657,42.32934],[-71.03645,42.32932],[-71.0362,42.32929],[-71.03595,42.32927],[-71.03569,42.32926],[-71.03555,42.32927],[-71.03541,42.32927],[-71.03527,42.32928],[-71.0352,42.32928],[-71.0351,42.32929],[-71.03492,42.32931],[-71.03471,42.32934],[-71.03449,42.32938],[-71.03422,42.32945],[-71.03395,42.32952],[-71.0334,42.3297],[-71.0332,42.32977],[-71.03317,42.32977],[-71.03303,42.32982],[-71.033,42.32983],[-71.03264,42.32996],[-71.03203,42.33019],[-71.03146,42.33042],[-71.03109,42.33059],[-71.03081,42.33072],[-71.03052,42.33085],[-71.02921,42.33149],[-71.02912,42.33154],[-71.02894,42.33162],[-71.02882,42.33167],[-71.02867,42.33173],[-71.02815,42.33194],[-71.02774,42.33209],[-71.0273,42.33225],[-71.02716,42.3323],[-71.02685,42.3324],[-71.02653,42.3325],[-71.02618,42.33259],[-71.02573,42.33271],[-71.02561,42.33272],[-71.02544,42.33273],[-71.0253,42.33274],[-71.02506,42.33279],[-71.02477,42.33285],[-71.02472,42.33285],[-71.02466,42.33286],[-71.02359,42.33294],[-71.02334,42.33297],[-71.02311,42.33301],[-71.02304,42.33302],[-71.02297,42.33304],[-71.02292,42.33307],[-71.02286,42.33313],[-71.02278,42.3332],[-71.02271,42.33328],[-71.02262,42.33336]]},"properties":{"lts":1,"name":"Boston HarborWalk","osmId":75916644}},{"type":"Feature","geometry":{"type":"LineString","coordinates":[[-71.04618,42.2824],[-71.04621,42.28236]]},"properties":{"lts":1,"name":"Neponset River Greenway","osmId":76611320}},{"type":"Feature","geometry":{"type":"LineString","coordinates":[[-71.06292,42.27226],[-71.06259,42.27248],[-71.06212,42.2728],[-71.06197,42.27289],[-71.06185,42.27299],[-71.06175,42.27308],[-71.06166,42.27316],[-71.06155,42.27323],[-71.06066,42.27387],[-71.06053,42.27396],[-71.0604,42.27405],[-71.06027,42.27413],[-71.06013,42.27421]]},"properties":{"lts":1,"name":"Neponset River Greenway","osmId":76611327}},{"type":"Feature","geometry":{"type":"LineString","coordinates":[[-71.04849,42.28016],[-71.04925,42.27964],[-71.04935,42.27957],[-71.04945,42.27952],[-71.04956,42.27945],[-71.04969,42.27938],[-71.04982,42.27932],[-71.04995,42.27926],[-71.05009,42.2792],[-71.05023,42.27914],[-71.05035,42.27908],[-71.05049,42.27903],[-71.05061,42.27898],[-71.05075,42.27893],[-71.05089,42.27889],[-71.0513,42.27876],[-71.05139,42.27873],[-71.05168,42.27865],[-71.05207,42.27853],[-71.05256,42.27838],[-71.05286,42.27827],[-71.05303,42.27821],[-71.05321,42.27815],[-71.05323,42.27814],[-71.05339,42.27808],[-71.05345,42.27806],[-71.0535,42.27804],[-71.05358,42.278],[-71.05363,42.27798],[-71.05364,42.27798]]},"properties":{"lts":1,"name":"Neponset River Greenway","osmId":76611331}},{"type":"Feature","geometry":{"type":"LineString","coordinates":[[-71.05811,42.34532],[-71.05797,42.34527],[-71.05781,42.34524],[-71.05764,42.34527],[-71.05726,42.3455]]},"properties":{"lts":1,"name":"Boston Harborwalk","osmId":85310730}},{"type":"Feature","geometry":{"type":"LineString","coordinates":[[-71.05692,42.34599],[-71.05705,42.34596],[-71.05769,42.3458],[-71.05791,42.34574]]},"properties":{"lts":1,"name":"Boston Harborwalk","osmId":85310732}},{"type":"Feature","geometry":{"type":"LineString","coordinates":[[-71.05726,42.3455],[-71.05692,42.34599]]},"properties":{"lts":1,"name":"Boston Harborwalk","osmId":85310748}},{"type":"Feature","geometry":{"type":"LineString","coordinates":[[-71.14686,42.36156],[-71.14677,42.36162],[-71.14674,42.36164]]},"properties":{"lts":1,"name":"Dr. Paul Dudley White Path","osmId":85526024}},{"type":"Feature","geometry":{"type":"LineString","coordinates":[[-71.0938,42.34091],[-71.09392,42.34087],[-71.09412,42.34081],[-71.09468,42.34062],[-71.09501,42.34049],[-71.0953,42.34036],[-71.09559,42.34025],[-71.09586,42.34016],[-71.09599,42.34009],[-71.09607,42.34004],[-71.09622,42.33995],[-71.09647,42.33972],[-71.09661,42.33955],[-71.09687,42.33922],[-71.09702,42.33907],[-71.09706,42.33903],[-71.09712,42.33899],[-71.09724,42.33892],[-71.09733,42.33888],[-71.09743,42.33885],[-71.09758,42.33882],[-71.09767,42.33881],[-71.09769,42.33881],[-71.09779,42.33882],[-71.09789,42.33882],[-71.09797,42.33883],[-71.09805,42.33884],[-71.09813,42.33886],[-71.09821,42.33888],[-71.09866,42.33906],[-71.09909,42.33928],[-71.0996,42.3396],[-71.09979,42.33973],[-71.09984,42.33976],[-71.09987,42.3398],[-71.0999,42.33985],[-71.09991,42.3399],[-71.09992,42.33998],[-71.09993,42.34005],[-71.09993,42.34016],[-71.09995,42.34032]]},"properties":{"lts":1,"name":"Lost Emerald Necklace","osmId":87487516}},{"type":"Feature","geometry":{"type":"LineString","coordinates":[[-71.08082,42.33296],[-71.08047,42.33284],[-71.08034,42.33277],[-71.08013,42.33263],[-71.0796,42.33238],[-71.0793,42.33219]]},"properties":{"lts":1,"name":"Melnea Cass Boulevard","osmId":88627569}},{"type":"Feature","geometry":{"type":"LineString","coordinates":[[-71.09275,42.33336],[-71.09274,42.33338],[-71.0926,42.33351],[-71.09239,42.3337],[-71.09233,42.33376],[-71.09224,42.33382],[-71.09214,42.3339],[-71.09202,42.33396],[-71.09138,42.3343],[-71.09134,42.33432],[-71.09123,42.33439],[-71.09118,42.33442],[-71.09112,42.33446],[-71.09111,42.33447],[-71.09101,42.33456],[-71.09091,42.33468],[-71.09084,42.33477],[-71.09079,42.33484],[-71.09075,42.33492],[-71.09071,42.33499],[-71.09067,42.33503],[-71.09062,42.33509],[-71.09055,42.33516],[-71.09047,42.33522],[-71.09042,42.33527],[-71.0904,42.33528],[-71.09038,42.33529],[-71.09037,42.3353],[-71.09036,42.3353],[-71.09035,42.33531],[-71.09034,42.33531],[-71.09028,42.33532]]},"properties":{"lts":1,"name":"Pierre Lallement Bike Path","osmId":89534810}},{"type":"Feature","geometry":{"type":"LineString","coordinates":[[-71.06515,42.27095],[-71.06549,42.27083]]},"properties":{"lts":1,"name":"Neponset River Greenway","osmId":93037177}},{"type":"Feature","geometry":{"type":"LineString","coordinates":[[-71.07293,42.35573],[-71.07294,42.35573],[-71.07295,42.35573],[-71.07296,42.35574],[-71.07297,42.35576],[-71.07298,42.35577],[-71.073,42.35579],[-71.07301,42.35582],[-71.07302,42.35582],[-71.07303,42.35584],[-71.07305,42.35586],[-71.07306,42.35588],[-71.07307,42.35589]]},"properties":{"lts":0,"name":"Arthur Fiedler Footbridge","osmId":97836633}},{"type":"Feature","geometry":{"type":"LineString","coordinates":[[-71.07402,42.35614],[-71.07402,42.35615],[-71.07401,42.35616],[-71.074,42.35616],[-71.07399,42.35616],[-71.07395,42.35617],[-71.0739,42.35617],[-71.07385,42.35618],[-71.07381,42.35618],[-71.07377,42.35618],[-71.07372,42.35618],[-71.07367,42.35617],[-71.07362,42.35617],[-71.07358,42.35616],[-71.07357,42.35616],[-71.07352,42.35615],[-71.07347,42.35614],[-71.07342,42.35612],[-71.07336,42.3561],[-71.07331,42.35608],[-71.07325,42.35605],[-71.0732,42.35602],[-71.07315,42.35599],[-71.0731,42.35595],[-71.07307,42.35592],[-71.07303,42.35589],[-71.073,42.35585],[-71.07298,42.35582],[-71.07295,42.35579],[-71.07293,42.35576],[-71.07292,42.35575],[-71.07292,42.35574],[-71.07293,42.35573],[-71.07293,42.35573]]},"properties":{"lts":0,"name":"Arthur Fiedler Footbridge","osmId":98384166}},{"type":"Feature","geometry":{"type":"LineString","coordinates":[[-71.04372,42.3217],[-71.04371,42.32204],[-71.04373,42.32212],[-71.04376,42.3222],[-71.0438,42.3223],[-71.04381,42.32232],[-71.04382,42.32234],[-71.04383,42.32236],[-71.04384,42.32238],[-71.04386,42.32239],[-71.04392,42.32245],[-71.04399,42.32252],[-71.04409,42.3226],[-71.04417,42.32264],[-71.04427,42.32269],[-71.04439,42.32274],[-71.04452,42.32279],[-71.04471,42.32286],[-71.04486,42.32292],[-71.04495,42.32294],[-71.04534,42.32303],[-71.04543,42.32304],[-71.0455,42.32305],[-71.0456,42.32306],[-71.04573,42.32306],[-71.04589,42.32304],[-71.04602,42.32302],[-71.0461,42.32302],[-71.04614,42.32302],[-71.04619,42.32303],[-71.04623,42.32305],[-71.04627,42.32307],[-71.04632,42.3231],[-71.04637,42.32313],[-71.04645,42.32317],[-71.04656,42.3232],[-71.0466,42.3232],[-71.04664,42.3232],[-71.0467,42.32318],[-71.04682,42.32316],[-71.0469,42.32313],[-71.04696,42.32313],[-71.04703,42.32312],[-71.04714,42.32312],[-71.04723,42.32312],[-71.04735,42.32315],[-71.04747,42.32318],[-71.0476,42.32323],[-71.04771,42.32329],[-71.04782,42.32335],[-71.0479,42.32342],[-71.04795,42.32346],[-71.048,42.32351],[-71.0482,42.32374],[-71.04841,42.32398],[-71.04859,42.3242],[-71.04867,42.32431]]},"properties":{"lts":1,"name":"Boston HarborWalk","osmId":102652395}},{"type":"Feature","geometry":{"type":"LineString","coordinates":[[-71.02802,42.35808],[-71.02769,42.35887],[-71.02743,42.3595]]},"properties":{"lts":1,"name":"Boston HarborWalk","osmId":111767486}},{"type":"Feature","geometry":{"type":"LineString","coordinates":[[-71.12788,42.37287],[-71.12813,42.37301],[-71.1284,42.37315],[-71.12874,42.37328],[-71.1289,42.37333],[-71.12908,42.37338],[-71.12924,42.3734],[-71.12938,42.37342],[-71.12951,42.37342],[-71.12992,42.37346],[-71.13021,42.37347],[-71.13055,42.37345],[-71.13091,42.37341],[-71.13117,42.37335],[-71.1314,42.3733],[-71.13161,42.37324],[-71.13181,42.37317],[-71.13213,42.37304],[-71.13224,42.37299],[-71.13229,42.37295],[-71.13235,42.3729],[-71.13243,42.37284],[-71.13249,42.37277],[-71.13254,42.3727],[-71.13257,42.37262],[-71.13258,42.37253],[-71.13258,42.3724],[-71.13255,42.37229]]},"properties":{"lts":1,"name":"Dr. Paul Dudley White Path","osmId":118278981}},{"type":"Feature","geometry":{"type":"LineString","coordinates":[[-71.13498,42.36702],[-71.13491,42.36704],[-71.13482,42.36706],[-71.13425,42.36724],[-71.1341,42.36728],[-71.13396,42.36732],[-71.13381,42.36735],[-71.13308,42.36749],[-71.13298,42.36751],[-71.13289,42.36754],[-71.13277,42.36757],[-71.13268,42.3676],[-71.13255,42.36765],[-71.13237,42.36773],[-71.13203,42.36791],[-71.13191,42.36798],[-71.13176,42.36809],[-71.13169,42.36815],[-71.13153,42.36829],[-71.13147,42.36834],[-71.13133,42.36849],[-71.13121,42.36864],[-71.13111,42.36878],[-71.13103,42.36893],[-71.13101,42.36898],[-71.13097,42.36904],[-71.13094,42.36911],[-71.13091,42.36919],[-71.13084,42.36942],[-71.13082,42.36952],[-71.1308,42.36964],[-71.13079,42.36976],[-71.13079,42.36989],[-71.1308,42.37],[-71.13082,42.37013],[-71.13087,42.3703],[-71.1309,42.37044],[-71.13093,42.37049],[-71.13095,42.37053],[-71.13098,42.3706],[-71.13102,42.37066],[-71.13116,42.37087],[-71.13128,42.37105],[-71.13137,42.37114],[-71.13146,42.37122],[-71.13166,42.37139],[-71.13175,42.37146],[-71.13185,42.37153],[-71.13196,42.3716],[-71.13206,42.37167],[-71.13213,42.37172],[-71.13219,42.37178],[-71.13245,42.3721],[-71.13248,42.37214],[-71.13249,42.37216],[-71.13251,42.37219],[-71.13252,42.3722],[-71.13253,42.37221],[-71.13253,42.37223],[-71.13254,42.37224],[-71.13255,42.37229]]},"properties":{"lts":1,"name":"Dr. Paul Dudley White Path","osmId":118537374}},{"type":"Feature","geometry":{"type":"LineString","coordinates":[[-71.0793,42.33219],[-71.0793,42.33219],[-71.07922,42.33216],[-71.07911,42.3321],[-71.07909,42.33209]]},"properties":{"lts":1,"name":"Melnea Cass Boulevard","osmId":127381920}},{"type":"Feature","geometry":{"type":"LineString","coordinates":[[-71.07483,42.33136],[-71.07479,42.33145],[-71.07459,42.33152],[-71.07441,42.3316],[-71.07418,42.33167],[-71.07398,42.33173],[-71.07375,42.33183],[-71.07356,42.33194],[-71.07339,42.33206],[-71.0733,42.33213],[-71.07327,42.33216],[-71.07326,42.33216],[-71.0732,42.33219],[-71.0731,42.33224],[-71.07295,42.3323],[-71.07281,42.33238],[-71.0727,42.33248],[-71.07261,42.33258],[-71.07253,42.33258]]},"properties":{"lts":1,"name":"Melnea Cass Boulevard","osmId":127381922}},{"type":"Feature","geometry":{"type":"LineString","coordinates":[[-71.09721,42.3283],[-71.09691,42.32891],[-71.09684,42.32906],[-71.09677,42.32919],[-71.09669,42.32931],[-71.0966,42.32942],[-71.09641,42.32965],[-71.09623,42.32989],[-71.09591,42.33036],[-71.09523,42.331]]},"properties":{"lts":1,"name":"Pierre Lallement Bike Path","osmId":127381926}},{"type":"Feature","geometry":{"type":"LineString","coordinates":[[-71.07668,42.3313],[-71.07661,42.33127],[-71.07656,42.33126],[-71.0765,42.33125],[-71.07628,42.33122],[-71.07608,42.3312],[-71.07591,42.3312],[-71.07575,42.3312],[-71.07541,42.33123],[-71.07507,42.3313]]},"properties":{"lts":1,"name":"Melnea Cass Boulevard","osmId":127381927}},{"type":"Feature","geometry":{"type":"LineString","coordinates":[[-71.07409,42.35617],[-71.07405,42.3562],[-71.07399,42.35624],[-71.07392,42.35627],[-71.07385,42.35631],[-71.07378,42.35632],[-71.0737,42.35635],[-71.07362,42.35639],[-71.07354,42.35647],[-71.07349,42.35655],[-71.07345,42.35663],[-71.07339,42.35668],[-71.07334,42.35672],[-71.07331,42.35678],[-71.07328,42.35682],[-71.07322,42.35697],[-71.07318,42.35705],[-71.07311,42.35722],[-71.07308,42.35729],[-71.07305,42.35739],[-71.07296,42.35762],[-71.07292,42.35771],[-71.07289,42.35782],[-71.07282,42.35805],[-71.07275,42.35829],[-71.07271,42.35843],[-71.07264,42.35866],[-71.07261,42.35879],[-71.07258,42.35891],[-71.07255,42.359],[-71.07249,42.35922],[-71.07245,42.35936],[-71.07242,42.35948],[-71.0724,42.35956],[-71.07238,42.35962],[-71.07237,42.35966],[-71.07236,42.3597],[-71.07235,42.35975],[-71.07234,42.35982],[-71.07234,42.35986],[-71.07234,42.35991],[-71.07234,42.35995],[-71.07234,42.36001],[-71.07236,42.36008],[-71.07238,42.36014],[-71.07242,42.3602],[-71.07244,42.36024],[-71.07247,42.36028],[-71.0725,42.36031],[-71.07253,42.36035],[-71.07257,42.36039],[-71.07257,42.36042],[-71.0726,42.36046],[-71.07264,42.36052],[-71.07266,42.36055],[-71.0727,42.36062],[-71.07275,42.3607],[-71.07283,42.36081],[-71.07286,42.36085],[-71.07289,42.3609],[-71.0729,42.36094],[-71.0729,42.36099],[-71.07291,42.36107],[-71.0729,42.36116],[-71.07289,42.36125],[-71.07287,42.36139],[-71.07286,42.36143],[-71.07284,42.3615],[-71.07283,42.36159]]},"properties":{"lts":1,"name":"Dr. Paul Dudley White Path","osmId":150052469}},{"type":"Feature","geometry":{"type":"LineString","coordinates":[[-71.07894,42.35468],[-71.07944,42.35454]]},"properties":{"lts":0,"name":"Dartmouth Street Overpass","osmId":150052486}},{"type":"Feature","geometry":{"type":"LineString","coordinates":[[-71.11074,42.3061],[-71.11075,42.30604],[-71.11076,42.30598],[-71.11078,42.3059],[-71.1108,42.30584],[-71.11082,42.30578],[-71.11085,42.30571],[-71.11087,42.30565],[-71.1109,42.30559],[-71.11095,42.30551],[-71.11098,42.30545],[-71.11106,42.30534],[-71.11113,42.30524],[-71.11121,42.30511],[-71.11127,42.30503],[-71.11137,42.30486],[-71.11153,42.30465],[-71.11161,42.30457],[-71.11168,42.30448],[-71.11179,42.30435],[-71.11185,42.30426],[-71.11191,42.30417],[-71.11198,42.30403],[-71.11204,42.30391],[-71.1121,42.3038],[-71.11215,42.30371],[-71.11223,42.3036],[-71.11229,42.30353],[-71.11239,42.30343],[-71.11254,42.30325],[-71.11263,42.30313],[-71.1127,42.30302],[-71.11273,42.30295],[-71.11278,42.30284],[-71.11285,42.30275],[-71.11296,42.30261],[-71.11307,42.30249],[-71.11315,42.30242],[-71.11323,42.30235]]},"properties":{"lts":1,"name":"Pierre Lallement Bike Path","osmId":170646335}},{"type":"Feature","geometry":{"type":"LineString","coordinates":[[-71.08337,42.34123],[-71.08339,42.3412],[-71.08344,42.34115],[-71.08346,42.34113],[-71.08348,42.3411],[-71.08348,42.34107],[-71.08347,42.34104],[-71.08346,42.34102],[-71.08344,42.34101],[-71.08342,42.34101],[-71.08338,42.341],[-71.08334,42.341],[-71.0833,42.34099],[-71.08325,42.34098],[-71.08321,42.34097],[-71.08317,42.34096],[-71.08315,42.34094],[-71.08312,42.34092],[-71.0831,42.34089],[-71.08309,42.34087],[-71.08308,42.34085],[-71.08308,42.34083],[-71.08308,42.3408],[-71.08308,42.34078],[-71.08309,42.34076],[-71.0831,42.34073],[-71.08315,42.34061]]},"properties":{"lts":1,"name":"Pierre Lallement Bike Path","osmId":186640200}},{"type":"Feature","geometry":{"type":"LineString","coordinates":[[-71.04472,42.28302],[-71.04554,42.28279],[-71.0456,42.28277],[-71.04567,42.28274],[-71.04574,42.28271],[-71.04581,42.28268],[-71.04588,42.28264],[-71.04594,42.2826],[-71.04599,42.28256],[-71.04604,42.28252],[-71.04608,42.28249],[-71.04618,42.2824]]},"properties":{"lts":1,"name":"Neponset River Greenway","osmId":213931672}},{"type":"Feature","geometry":{"type":"LineString","coordinates":[[-71.04407,42.2832],[-71.04472,42.28302]]},"properties":{"lts":1,"name":"Neponset River Greenway","osmId":213931673}},{"type":"Feature","geometry":{"type":"LineString","coordinates":[[-71.04621,42.3128],[-71.04632,42.31302]]},"properties":{"lts":1,"name":"Boston HarborWalk","osmId":215743564}},{"type":"Feature","geometry":{"type":"LineString","coordinates":[[-71.04612,42.31351],[-71.0461,42.31352],[-71.04607,42.31354],[-71.04603,42.31356],[-71.046,42.31358],[-71.04479,42.31421],[-71.04461,42.31431],[-71.04457,42.31432],[-71.04456,42.31433],[-71.04453,42.31434],[-71.04451,42.31434],[-71.0445,42.31435],[-71.04448,42.31435],[-71.04446,42.31435],[-71.04445,42.31435],[-71.04443,42.31436],[-71.04441,42.31436],[-71.04439,42.31436],[-71.04436,42.31435],[-71.04434,42.31435],[-71.0443,42.31435],[-71.04428,42.31434],[-71.04425,42.31434],[-71.04422,42.31433],[-71.0442,42.31432],[-71.04418,42.31432],[-71.04417,42.31431],[-71.04416,42.31431],[-71.04415,42.3143],[-71.04412,42.31429],[-71.04314,42.31367],[-71.04178,42.31285],[-71.0415,42.31266],[-71.04046,42.31203],[-71.03979,42.31162],[-71.03807,42.31056],[-71.03801,42.31053],[-71.03792,42.31048],[-71.03789,42.31046],[-71.03784,42.31044],[-71.03779,42.31042],[-71.03774,42.3104],[-71.03768,42.31039],[-71.03763,42.31038],[-71.03758,42.31037],[-71.03754,42.31037],[-71.03747,42.31036],[-71.03739,42.31036],[-71.03733,42.31037],[-71.03727,42.31037],[-71.03723,42.31038],[-71.03718,42.31039],[-71.03713,42.3104],[-71.03708,42.31042],[-71.03705,42.31043],[-71.03701,42.31044],[-71.03697,42.31046],[-71.03692,42.31049],[-71.03687,42.31052],[-71.03682,42.31056],[-71.03675,42.31061],[-71.03458,42.31225],[-71.03449,42.31231],[-71.03332,42.3132],[-71.03331,42.31321],[-71.03329,42.31321],[-71.03327,42.31321],[-71.03326,42.31321],[-71.03304,42.31318],[-71.03301,42.31318],[-71.03298,42.31318],[-71.03296,42.31319],[-71.03293,42.31319],[-71.0329,42.3132],[-71.03288,42.31321],[-71.03286,42.31322],[-71.03283,42.31324],[-71.03281,42.31325],[-71.0328,42.31327],[-71.03278,42.31328],[-71.03276,42.3133],[-71.03275,42.31332],[-71.03274,42.31334],[-71.03273,42.31336],[-71.03273,42.31338],[-71.03273,42.3134],[-71.03273,42.31341],[-71.03273,42.31343],[-71.03274,42.31344],[-71.03275,42.31346],[-71.03275,42.31348],[-71.03277,42.31351],[-71.03278,42.31353],[-71.03281,42.31356],[-71.03282,42.31358],[-71.03284,42.31361],[-71.03285,42.31362],[-71.03286,42.31365],[-71.03288,42.31369],[-71.0329,42.31372],[-71.03291,42.31375],[-71.03292,42.31378],[-71.03292,42.31379],[-71.03293,42.31382],[-71.03293,42.31383],[-71.03294,42.31385],[-71.03294,42.31388],[-71.03296,42.31409],[-71.03307,42.31556],[-71.03309,42.31587],[-71.0331,42.31599],[-71.03311,42.31609],[-71.03311,42.31611],[-71.03312,42.31627],[-71.03313,42.31632],[-71.03313,42.31638],[-71.03313,42.3164],[-71.03327,42.31645],[-71.0334,42.31649],[-71.03371,42.31657],[-71.03434,42.31675],[-71.03456,42.31681],[-71.03472,42.31686],[-71.03478,42.31687],[-71.0348,42.31688],[-71.03483,42.31687],[-71.03484,42.31687],[-71.03486,42.31686],[-71.03487,42.31685],[-71.03488,42.31684],[-71.0349,42.31683],[-71.03491,42.31682],[-71.03493,42.31682],[-71.03496,42.31682],[-71.035,42.31682],[-71.03503,42.31683],[-71.03506,42.31685],[-71.03509,42.31687],[-71.03514,42.3169],[-71.03519,42.31693],[-71.03526,42.31697],[-71.03531,42.317],[-71.03536,42.31702],[-71.03541,42.31704],[-71.03548,42.31706],[-71.03553,42.31707],[-71.03556,42.31708],[-71.03559,42.31708],[-71.03566,42.31709],[-71.03579,42.3171],[-71.03585,42.31712],[-71.03591,42.31713],[-71.03643,42.31732],[-71.03656,42.31736],[-71.03669,42.3174],[-71.03677,42.31743],[-71.03685,42.31746],[-71.03695,42.31749],[-71.03704,42.31753],[-71.03709,42.31755],[-71.03714,42.31756],[-71.03717,42.31757],[-71.03721,42.31757],[-71.03725,42.31758],[-71.03729,42.31758],[-71.03732,42.31759],[-71.03736,42.31759],[-71.03738,42.3176],[-71.0374,42.3176]]},"properties":{"lts":1,"name":"Boston HarborWalk","osmId":215743565}},{"type":"Feature","geometry":{"type":"LineString","coordinates":[[-71.0374,42.3176],[-71.03742,42.31761],[-71.03745,42.31762],[-71.03747,42.31763],[-71.03749,42.31764],[-71.0375,42.31765],[-71.03753,42.31766],[-71.03755,42.31768],[-71.03756,42.31769],[-71.03757,42.31769],[-71.0376,42.31773],[-71.03763,42.31778],[-71.03764,42.31783],[-71.03764,42.31788],[-71.03764,42.3179],[-71.03764,42.31793],[-71.03764,42.31795],[-71.03763,42.31797],[-71.03762,42.318],[-71.03761,42.31802],[-71.03759,42.31805],[-71.03758,42.31806],[-71.03757,42.31808],[-71.03756,42.31808],[-71.03756,42.31809],[-71.03753,42.31812],[-71.0375,42.31814],[-71.03748,42.31816],[-71.03745,42.31819],[-71.03742,42.31821],[-71.0374,42.31822],[-71.03738,42.31823],[-71.03737,42.31824],[-71.03735,42.31825],[-71.03733,42.31826],[-71.03732,42.31827],[-71.0373,42.31827],[-71.03728,42.31828],[-71.03726,42.31829],[-71.03723,42.3183],[-71.03721,42.31831],[-71.03719,42.31832],[-71.03716,42.31833],[-71.03714,42.31834],[-71.03711,42.31834],[-71.03709,42.31835],[-71.03708,42.31836],[-71.03705,42.31836],[-71.03704,42.31837],[-71.03701,42.31838],[-71.03687,42.31843],[-71.03675,42.31847],[-71.03666,42.31851],[-71.03664,42.31852],[-71.03663,42.31853],[-71.03662,42.31854],[-71.03661,42.31855],[-71.0366,42.31856],[-71.0366,42.31857],[-71.03659,42.31858],[-71.03659,42.3186],[-71.03659,42.31861],[-71.03659,42.31862],[-71.03659,42.31864],[-71.0366,42.31865],[-71.0366,42.31866],[-71.03661,42.31867],[-71.03662,42.31868],[-71.03663,42.31869],[-71.03664,42.3187],[-71.03666,42.31871],[-71.03667,42.31872],[-71.03669,42.31873],[-71.03675,42.31874],[-71.0369,42.31877],[-71.03696,42.31878],[-71.03702,42.3188],[-71.03709,42.31882],[-71.03731,42.31891],[-71.03742,42.31896],[-71.03947,42.3198],[-71.03949,42.31981],[-71.0395,42.31981],[-71.03951,42.31982],[-71.03952,42.31983],[-71.03952,42.31983],[-71.03953,42.31985],[-71.03954,42.31987],[-71.03956,42.31992],[-71.03962,42.32004],[-71.03965,42.32011],[-71.03966,42.32013],[-71.03968,42.32014],[-71.03969,42.32015],[-71.03971,42.32017],[-71.03973,42.32017],[-71.04135,42.32082],[-71.04147,42.32087],[-71.04278,42.32139],[-71.04282,42.32141],[-71.04285,42.32142],[-71.04313,42.32154],[-71.0434,42.32165],[-71.04345,42.32169],[-71.04352,42.32175],[-71.04358,42.32173],[-71.04364,42.32171],[-71.04369,42.32171],[-71.04372,42.3217]]},"properties":{"lts":1,"name":"Boston HarborWalk","osmId":215743570}},{"type":"Feature","geometry":{"type":"LineString","coordinates":[[-71.04636,42.31311],[-71.04637,42.31315],[-71.04637,42.31317],[-71.04638,42.31322],[-71.04638,42.31324],[-71.04638,42.31326],[-71.04638,42.31328],[-71.04637,42.3133],[-71.04635,42.31333],[-71.04633,42.31335],[-71.04632,42.31337],[-71.04629,42.3134],[-71.04625,42.31342],[-71.04623,42.31344],[-71.04619,42.31347],[-71.04615,42.31349],[-71.04612,42.31351]]},"properties":{"lts":1,"name":"Boston HarborWalk","osmId":215743572}},{"type":"Feature","geometry":{"type":"LineString","coordinates":[[-71.10914,42.3075],[-71.10912,42.30753],[-71.10899,42.30773],[-71.10868,42.30819],[-71.10866,42.30822],[-71.10864,42.30826],[-71.10862,42.30829],[-71.108,42.30922],[-71.10796,42.30928],[-71.10767,42.30971],[-71.10762,42.30978],[-71.10758,42.30984],[-71.10755,42.30989],[-71.10752,42.30994],[-71.1075,42.30998],[-71.10745,42.30999]]},"properties":{"lts":1,"name":"Pierre Lallement Bike Path","osmId":220595104}},{"type":"Feature","geometry":{"type":"LineString","coordinates":[[-71.10266,42.34612],[-71.10265,42.34612],[-71.10263,42.34614],[-71.10255,42.34619],[-71.10251,42.34621],[-71.10247,42.34623],[-71.10243,42.34625],[-71.10236,42.34628],[-71.10231,42.3463],[-71.10228,42.34631],[-71.10223,42.34634],[-71.10219,42.34637],[-71.10208,42.34644],[-71.10195,42.34651],[-71.1019,42.34655],[-71.10184,42.34658],[-71.10175,42.34663],[-71.10171,42.34666],[-71.10165,42.34669],[-71.10159,42.34672],[-71.10143,42.34678],[-71.1014,42.3468],[-71.10138,42.34681],[-71.10127,42.34686],[-71.10122,42.34688]]},"properties":{"lts":1,"name":"Fenway Multi-Use Path","osmId":240750652}},{"type":"Feature","geometry":{"type":"LineString","coordinates":[[-71.12361,42.36863],[-71.12351,42.3686],[-71.12341,42.36856]]},"properties":{"lts":1,"name":"Dr. Paul Dudley White Path","osmId":261314311}},{"type":"Feature","geometry":{"type":"LineString","coordinates":[[-71.03939,42.36709],[-71.03939,42.36704],[-71.03937,42.36693],[-71.03934,42.36684],[-71.03931,42.36676]]},"properties":{"lts":1,"name":"Mary Ellen Welch Greenway","osmId":290927723}},{"type":"Feature","geometry":{"type":"LineString","coordinates":[[-71.03932,42.36747],[-71.03936,42.36734],[-71.03938,42.36724],[-71.03939,42.36717],[-71.03939,42.36709]]},"properties":{"lts":1,"name":"Mary Ellen Welch Greenway","osmId":290927735}},{"type":"Feature","geometry":{"type":"LineString","coordinates":[[-71.08357,42.33939],[-71.08356,42.33938],[-71.08355,42.33937],[-71.08355,42.33936],[-71.08355,42.33936],[-71.08355,42.33935],[-71.08355,42.33934],[-71.08355,42.33934],[-71.08355,42.33933],[-71.08356,42.33933],[-71.08356,42.33932],[-71.08357,42.33931],[-71.08368,42.33922],[-71.08379,42.33913],[-71.08393,42.33902],[-71.08401,42.33896],[-71.08404,42.33893],[-71.08407,42.33891],[-71.0841,42.33889],[-71.08414,42.33886],[-71.08417,42.33884],[-71.08461,42.33856],[-71.08527,42.33814],[-71.08562,42.33791],[-71.08579,42.33781],[-71.08586,42.33776],[-71.08621,42.33754],[-71.08643,42.3374],[-71.08646,42.33738],[-71.08651,42.33735],[-71.08656,42.33732],[-71.08661,42.33729],[-71.08681,42.33716],[-71.08692,42.3371],[-71.08697,42.33707],[-71.08708,42.33699],[-71.08721,42.33691],[-71.08751,42.33673],[-71.08768,42.33663],[-71.0877,42.33659]]},"properties":{"lts":1,"name":"Pierre Lallement Bike Path","osmId":301737839}},{"type":"Feature","geometry":{"type":"LineString","coordinates":[]},"properties":{"lts":1,"name":"Brookline Avenue","osmId":307333288}},{"type":"Feature","geometry":{"type":"LineString","coordinates":[[-71.11181,42.33444],[-71.11137,42.33485],[-71.11047,42.3357],[-71.11041,42.33575],[-71.11034,42.33582],[-71.11027,42.33589],[-71.11022,42.33595],[-71.11012,42.33607]]},"properties":{"lts":1,"name":"Brookline Avenue","osmId":383943600}},{"type":"Feature","geometry":{"type":"LineString","coordinates":[[-71.10495,42.3438],[-71.10489,42.34384],[-71.10461,42.34405],[-71.10453,42.34411]]},"properties":{"lts":1,"name":"Riverway","osmId":383948067}},{"type":"Feature","geometry":{"type":"LineString","coordinates":[[-71.11355,42.30201],[-71.11349,42.30197],[-71.11347,42.30195],[-71.11345,42.30193],[-71.11343,42.30192],[-71.11341,42.30191],[-71.11266,42.30163],[-71.11244,42.30164],[-71.11242,42.30164],[-71.1124,42.30163]]},"properties":{"lts":1,"name":"Pierre Lallement Bike Path","osmId":402081506}},{"type":"Feature","geometry":{"type":"LineString","coordinates":[[-71.02731,42.35977],[-71.0273,42.35979]]},"properties":{"lts":1,"name":"Boston HarborWalk","osmId":419017574}},{"type":"Feature","geometry":{"type":"LineString","coordinates":[[-71.09108,42.3451],[-71.09109,42.34505],[-71.09113,42.34486],[-71.09116,42.34481],[-71.09123,42.34473],[-71.09132,42.34464],[-71.09148,42.34444],[-71.09151,42.34438],[-71.09154,42.3443],[-71.09156,42.34424],[-71.09158,42.34414],[-71.09158,42.34408],[-71.0916,42.34404],[-71.09163,42.34401],[-71.09168,42.34397],[-71.09172,42.34392],[-71.09177,42.34386],[-71.0918,42.3438],[-71.09182,42.34375],[-71.09181,42.3437],[-71.09181,42.34364],[-71.09182,42.34357],[-71.09185,42.34346],[-71.09187,42.34338],[-71.09187,42.34335],[-71.09186,42.34328]]},"properties":{"lts":1,"name":"Lost Emerald Necklace","osmId":485282202}},{"type":"Feature","geometry":{"type":"LineString","coordinates":[[-71.1319,42.37235],[-71.1317,42.37247],[-71.13147,42.37259],[-71.1313,42.37269],[-71.13116,42.37277],[-71.13106,42.37282],[-71.13095,42.37288],[-71.13088,42.37292],[-71.13085,42.37294],[-71.13078,42.37297],[-71.13071,42.37301],[-71.13059,42.37305],[-71.13043,42.3731],[-71.13024,42.37316],[-71.13007,42.37319],[-71.1299,42.37322],[-71.12976,42.37324],[-71.12963,42.37324],[-71.12949,42.37325],[-71.12936,42.37325],[-71.12919,42.37323],[-71.12902,42.37321],[-71.1289,42.37319],[-71.12878,42.37317],[-71.12863,42.37314],[-71.12851,42.37311],[-71.12838,42.37307],[-71.12826,42.37303],[-71.12815,42.37299],[-71.12803,42.37294],[-71.12788,42.37287]]},"properties":{"lts":1,"name":"Dr. Paul Dudley White Path","osmId":486693401}},{"type":"Feature","geometry":{"type":"LineString","coordinates":[[-71.12788,42.37287],[-71.12776,42.37281],[-71.12766,42.37275],[-71.12755,42.37268],[-71.12744,42.37259],[-71.12733,42.37251],[-71.12722,42.3724],[-71.12712,42.37229],[-71.12704,42.37218],[-71.12698,42.37208],[-71.12691,42.37199],[-71.12684,42.37188],[-71.12677,42.37174],[-71.12672,42.37162],[-71.12669,42.37149],[-71.12663,42.37125],[-71.12658,42.37101],[-71.12656,42.37078],[-71.12655,42.3706],[-71.12654,42.37043],[-71.12653,42.37035],[-71.12653,42.37029],[-71.12653,42.3702],[-71.12653,42.37014],[-71.12653,42.37012],[-71.12652,42.37009],[-71.12651,42.37006],[-71.12649,42.37001],[-71.12646,42.36996],[-71.12642,42.36989],[-71.12641,42.36986],[-71.12639,42.36984],[-71.12637,42.36982],[-71.12635,42.3698],[-71.12633,42.36979],[-71.12631,42.36977],[-71.12628,42.36976],[-71.12627,42.36975],[-71.12625,42.36974],[-71.12624,42.36973],[-71.12623,42.36972],[-71.12616,42.36961],[-71.12614,42.36958],[-71.12612,42.36955],[-71.1261,42.36953],[-71.12608,42.3695],[-71.12605,42.36948],[-71.12603,42.36946],[-71.12596,42.3694],[-71.12587,42.36935],[-71.12577,42.36929],[-71.12567,42.36923],[-71.12554,42.36918],[-71.12542,42.36913],[-71.12395,42.36862]]},"properties":{"lts":1,"name":"Dr. Paul Dudley White Path","osmId":486693878}},{"type":"Feature","geometry":{"type":"LineString","coordinates":[[-71.14478,42.36292],[-71.14481,42.36296],[-71.14483,42.36299],[-71.14483,42.36302],[-71.14483,42.36305],[-71.14482,42.36309],[-71.1448,42.36313],[-71.14476,42.36313],[-71.14467,42.36313],[-71.1446,42.36314],[-71.14454,42.36315],[-71.14441,42.36318],[-71.14425,42.3632],[-71.14409,42.36323],[-71.14402,42.36324],[-71.14393,42.36327],[-71.14387,42.36329],[-71.14381,42.36333],[-71.14374,42.36339],[-71.14368,42.36345],[-71.14335,42.36377],[-71.14327,42.36385],[-71.1432,42.36393],[-71.14314,42.36401],[-71.14309,42.36408],[-71.14302,42.36416],[-71.14296,42.36422],[-71.14289,42.36429],[-71.14282,42.36433],[-71.14273,42.36437],[-71.14265,42.3644],[-71.14258,42.36443],[-71.14251,42.36444],[-71.14244,42.36445],[-71.14238,42.36445],[-71.14233,42.36444],[-71.14229,42.36441],[-71.14222,42.36435],[-71.14213,42.36426],[-71.14203,42.36411],[-71.142,42.36408],[-71.14198,42.36404],[-71.14197,42.36401],[-71.14196,42.36398],[-71.14194,42.36394],[-71.14193,42.36391],[-71.14192,42.36388],[-71.1419,42.36386],[-71.14187,42.36384],[-71.14184,42.36382],[-71.1418,42.3638],[-71.14175,42.36377],[-71.14172,42.36377],[-71.14169,42.36376],[-71.14164,42.36376],[-71.1416,42.36376],[-71.14156,42.36377],[-71.14153,42.36377],[-71.1415,42.36379],[-71.14127,42.3639],[-71.14119,42.36393],[-71.14111,42.36396],[-71.14099,42.36399],[-71.14094,42.364],[-71.14091,42.364],[-71.14087,42.364],[-71.14048,42.36396],[-71.14016,42.36392],[-71.1401,42.36391],[-71.14003,42.36391],[-71.13998,42.36391],[-71.13992,42.36391],[-71.13985,42.36393],[-71.13978,42.36395],[-71.13971,42.36397],[-71.13965,42.36399],[-71.13958,42.36401],[-71.13952,42.36403],[-71.13944,42.36407],[-71.13921,42.36417],[-71.13914,42.36419],[-71.1391,42.36421],[-71.139,42.36424],[-71.1389,42.36427],[-71.13884,42.36429],[-71.13879,42.36431],[-71.13877,42.36431],[-71.13872,42.36433],[-71.13869,42.36434],[-71.13866,42.36435],[-71.13864,42.36436],[-71.1386,42.36438],[-71.13858,42.36439],[-71.13856,42.36441],[-71.13854,42.36442],[-71.13842,42.36451],[-71.13837,42.36455],[-71.13831,42.36459],[-71.13823,42.36464],[-71.13818,42.36467],[-71.13812,42.36469],[-71.13803,42.36472],[-71.13792,42.36475],[-71.13779,42.36478]]},"properties":{"lts":1,"name":"Dr. Paul Dudley White Path","osmId":487075584}},{"type":"Feature","geometry":{"type":"LineString","coordinates":[[-71.16093,42.35885],[-71.1609,42.35885],[-71.16089,42.35885],[-71.16087,42.35885],[-71.16084,42.35886],[-71.16082,42.35886],[-71.16079,42.35887],[-71.16071,42.3589],[-71.16065,42.35892],[-71.16062,42.35893],[-71.1606,42.35895],[-71.16056,42.35898],[-71.16051,42.35901],[-71.16046,42.35903],[-71.16041,42.35905],[-71.16035,42.35907],[-71.1602,42.3591],[-71.16007,42.35914],[-71.15995,42.35917],[-71.15987,42.35918],[-71.15977,42.35921],[-71.15972,42.35922],[-71.15966,42.35923],[-71.15961,42.35924],[-71.15955,42.35925],[-71.15947,42.35925],[-71.15941,42.35925],[-71.15932,42.35925],[-71.15921,42.35926],[-71.15914,42.35925],[-71.15909,42.35925],[-71.15902,42.35925],[-71.15886,42.35924],[-71.15861,42.35923],[-71.15853,42.35923],[-71.15848,42.35922],[-71.15841,42.35921],[-71.15829,42.35918],[-71.15809,42.35916],[-71.15798,42.35915],[-71.15779,42.35914],[-71.15762,42.35914],[-71.15741,42.35914],[-71.15724,42.35915],[-71.15674,42.35917],[-71.15665,42.35918],[-71.15659,42.35919],[-71.1565,42.35922],[-71.15644,42.35924],[-71.15636,42.35925],[-71.15629,42.35925],[-71.15621,42.35924],[-71.15613,42.35922],[-71.15604,42.3592],[-71.15595,42.35919],[-71.15587,42.35919],[-71.15579,42.35919],[-71.1557,42.3592],[-71.15563,42.35921],[-71.15557,42.35923],[-71.1555,42.35924],[-71.15546,42.35925],[-71.15541,42.35925],[-71.15532,42.35925],[-71.15516,42.35925],[-71.15508,42.35925],[-71.15501,42.35925],[-71.15494,42.35926],[-71.15488,42.35928],[-71.15483,42.35929],[-71.15477,42.35931],[-71.15472,42.35932],[-71.15466,42.35933],[-71.15451,42.35935],[-71.15445,42.35936],[-71.15434,42.35938],[-71.15422,42.35941],[-71.15408,42.35945],[-71.154,42.35948],[-71.15392,42.35951],[-71.15382,42.35954],[-71.15363,42.35961],[-71.15343,42.35968],[-71.15333,42.35971],[-71.15326,42.35974],[-71.15315,42.35979],[-71.15305,42.35984],[-71.15299,42.35988],[-71.15294,42.35991],[-71.15289,42.35995],[-71.15284,42.35999],[-71.15278,42.36002],[-71.15267,42.36006],[-71.15256,42.3601],[-71.15246,42.36014],[-71.15237,42.36016],[-71.15225,42.36019],[-71.15212,42.36021],[-71.15199,42.36024],[-71.15166,42.36031],[-71.15131,42.36036],[-71.15076,42.36042],[-71.15043,42.36046],[-71.15033,42.36047],[-71.14989,42.36051],[-71.14969,42.36053],[-71.14939,42.36057],[-71.14885,42.36066],[-71.14837,42.36077],[-71.14816,42.36081],[-71.14798,42.36086],[-71.14781,42.36093],[-71.14765,42.36101],[-71.14745,42.36112],[-71.14721,42.36126],[-71.14714,42.3613],[-71.14691,42.36144]]},"properties":{"lts":1,"name":"Dr. Paul Dudley White Path","osmId":487077170}},{"type":"Feature","geometry":{"type":"LineString","coordinates":[[-71.16679,42.35805],[-71.1666,42.35805],[-71.16643,42.35804]]},"properties":{"lts":1,"name":"Dr. Paul Dudley White Path","osmId":487077171}},{"type":"Feature","geometry":{"type":"LineString","coordinates":[[-71.16946,42.35814],[-71.16936,42.35813],[-71.16925,42.35813]]},"properties":{"lts":1,"name":"Dr. Paul Dudley White Path","osmId":487078003}},{"type":"Feature","geometry":{"type":"LineString","coordinates":[[-71.16925,42.35813],[-71.16919,42.35812],[-71.16864,42.35811],[-71.16833,42.3581],[-71.16685,42.35805],[-71.16679,42.35805]]},"properties":{"lts":1,"name":"Dr. Paul Dudley White Path","osmId":487078004}},{"type":"Feature","geometry":{"type":"LineString","coordinates":[[-71.11384,42.33118],[-71.11384,42.3312],[-71.11384,42.33122],[-71.11384,42.33124],[-71.11384,42.33125],[-71.11384,42.33126],[-71.11383,42.33127],[-71.11382,42.3313],[-71.11379,42.33135]]},"properties":{"lts":1,"name":"Riverdale Parkway Bikepath","osmId":489693317}},{"type":"Feature","geometry":{"type":"LineString","coordinates":[[-71.11181,42.33444],[-71.11181,42.33448],[-71.11181,42.33449],[-71.11181,42.3345],[-71.11169,42.33462]]},"properties":{"lts":1,"name":"Brookline Avenue","osmId":489694449}},{"type":"Feature","geometry":{"type":"LineString","coordinates":[]},"properties":{"lts":1,"name":"Brookline Avenue","osmId":489694452}},{"type":"Feature","geometry":{"type":"LineString","coordinates":[[-71.08481,42.2692],[-71.0848,42.26921],[-71.08589,42.26944],[-71.08633,42.2695],[-71.08658,42.26954],[-71.08697,42.2696],[-71.08738,42.26969],[-71.08833,42.26991],[-71.08844,42.26993],[-71.08855,42.26994],[-71.08867,42.26995],[-71.0888,42.26996],[-71.0889,42.26996],[-71.08902,42.26996],[-71.08911,42.26996],[-71.08925,42.26994],[-71.0894,42.26991],[-71.08952,42.26987],[-71.08959,42.26985],[-71.08968,42.26982],[-71.08975,42.26978],[-71.08984,42.26973],[-71.08992,42.26967],[-71.08996,42.26965],[-71.08999,42.26962],[-71.09004,42.26959],[-71.09011,42.26952]]},"properties":{"lts":1,"name":"Neponset River Greenway","osmId":495308886}},{"type":"Feature","geometry":{"type":"LineString","coordinates":[[-71.08497,42.26873],[-71.08481,42.2692]]},"properties":{"lts":1,"name":"Harvest River Bridge","osmId":495308887}},{"type":"Feature","geometry":{"type":"LineString","coordinates":[[-71.12516,42.23554],[-71.12513,42.23556],[-71.12511,42.23557],[-71.1251,42.23559],[-71.12508,42.23562],[-71.12507,42.23564],[-71.12506,42.23566],[-71.12505,42.23569],[-71.12505,42.23572],[-71.12505,42.23576],[-71.12506,42.2361],[-71.12506,42.23616],[-71.12506,42.23621],[-71.12513,42.23667],[-71.12514,42.23675],[-71.12528,42.2375]]},"properties":{"lts":1,"name":"Neponset River Greenway","osmId":503093915}},{"type":"Feature","geometry":{"type":"LineString","coordinates":[[-71.12647,42.24408],[-71.12648,42.24441],[-71.12646,42.24463],[-71.12646,42.24474],[-71.12641,42.24514],[-71.1264,42.24517],[-71.12633,42.24547],[-71.12619,42.2459],[-71.12613,42.24608],[-71.12611,42.24612],[-71.12606,42.24624],[-71.12593,42.24647],[-71.1257,42.24684],[-71.12548,42.24714],[-71.12503,42.2476],[-71.12487,42.24777],[-71.12427,42.24837],[-71.12365,42.24901],[-71.12278,42.24989],[-71.12271,42.24996],[-71.12265,42.25003],[-71.12265,42.25004],[-71.12262,42.25007],[-71.1226,42.25009],[-71.1226,42.2501]]},"properties":{"lts":1,"name":"Neponset River Greenway","osmId":503094206}},{"type":"Feature","geometry":{"type":"LineString","coordinates":[[-71.03967,42.28724],[-71.03889,42.28829],[-71.03876,42.28846],[-71.03875,42.2885],[-71.03873,42.28853],[-71.03873,42.28856]]},"properties":{"lts":1,"name":"Neponset River Greenway","osmId":503099014}},{"type":"Feature","geometry":{"type":"LineString","coordinates":[[-71.09011,42.26952],[-71.09014,42.26949],[-71.0902,42.26942],[-71.09025,42.26935],[-71.0903,42.26928],[-71.09035,42.26921],[-71.09038,42.26914],[-71.09043,42.26905],[-71.09047,42.26897],[-71.0905,42.26888],[-71.09053,42.26881],[-71.09055,42.26873],[-71.09058,42.26862],[-71.09059,42.26852],[-71.0906,42.26843],[-71.09061,42.26834],[-71.09061,42.26823],[-71.0906,42.26813],[-71.09059,42.268],[-71.0905,42.26752],[-71.09048,42.26734],[-71.09047,42.26727],[-71.09048,42.26723],[-71.09049,42.26719],[-71.09051,42.26714],[-71.09054,42.2671],[-71.09056,42.26706],[-71.09059,42.26703],[-71.09062,42.267],[-71.09066,42.26697],[-71.0907,42.26694],[-71.09075,42.26692],[-71.09079,42.26689],[-71.09085,42.26687],[-71.09093,42.26685]]},"properties":{"lts":1,"name":"Neponset River Greenway","osmId":503106159}},{"type":"Feature","geometry":{"type":"LineString","coordinates":[[-71.09093,42.26685],[-71.09109,42.26682],[-71.09125,42.26681],[-71.09146,42.26681],[-71.09158,42.26681],[-71.09167,42.26682],[-71.09175,42.26683],[-71.09187,42.26685],[-71.09196,42.26686],[-71.09204,42.26687],[-71.09226,42.26688],[-71.09256,42.26689],[-71.09263,42.2669],[-71.09269,42.26691],[-71.09275,42.26692]]},"properties":{"lts":1,"name":"Neponset River Greenway","osmId":503106160}},{"type":"Feature","geometry":{"type":"LineString","coordinates":[[-71.08497,42.26873],[-71.08498,42.2687],[-71.08477,42.26866],[-71.08464,42.26863],[-71.08446,42.26857],[-71.08431,42.26851],[-71.08415,42.26843],[-71.08403,42.26835],[-71.08397,42.26831],[-71.08386,42.26826],[-71.08368,42.26819],[-71.08351,42.26816],[-71.08335,42.26814],[-71.08311,42.26815],[-71.08291,42.26817],[-71.08259,42.26824],[-71.08191,42.26841],[-71.08085,42.26871],[-71.07969,42.26898]]},"properties":{"lts":1,"name":"Neponset River Greenway","osmId":506330005}},{"type":"Feature","geometry":{"type":"LineString","coordinates":[[-71.06782,42.2704],[-71.0677,42.27041],[-71.06756,42.27041],[-71.06741,42.27042],[-71.06738,42.27043],[-71.06725,42.27044],[-71.067,42.27046],[-71.06694,42.27046],[-71.06682,42.27048],[-71.06668,42.2705],[-71.06656,42.27052],[-71.0664,42.27056],[-71.06626,42.27059],[-71.0661,42.27064],[-71.06595,42.27068],[-71.0658,42.27073],[-71.06554,42.27082],[-71.06549,42.27083]]},"properties":{"lts":1,"name":"Neponset River Greenway","osmId":534666411}},{"type":"Feature","geometry":{"type":"LineString","coordinates":[[-71.02484,42.37951],[-71.02486,42.37948],[-71.02486,42.37943],[-71.02485,42.37936],[-71.02484,42.37931],[-71.02484,42.37926],[-71.02486,42.37921],[-71.0249,42.37916],[-71.02494,42.37913],[-71.02499,42.37912],[-71.02504,42.3791],[-71.02513,42.37905],[-71.02517,42.37902],[-71.02521,42.37899],[-71.02531,42.3789],[-71.02536,42.37884],[-71.02547,42.37872],[-71.02549,42.3787]]},"properties":{"lts":1,"name":"Mary Ellen Welch Greenway","osmId":563157904}},{"type":"Feature","geometry":{"type":"LineString","coordinates":[[-71.02463,42.37969],[-71.02462,42.37977],[-71.0246,42.37981],[-71.02448,42.37995],[-71.02402,42.38035]]},"properties":{"lts":1,"name":"Mary Ellen Welch Greenway","osmId":563157905}},{"type":"Feature","geometry":{"type":"LineString","coordinates":[[-71.08901,42.33559],[-71.08904,42.3356],[-71.08908,42.33561],[-71.08912,42.33562],[-71.08916,42.33563],[-71.0892,42.33563],[-71.08924,42.33564],[-71.08928,42.33564],[-71.08933,42.33564],[-71.08938,42.33564],[-71.08943,42.33563],[-71.08948,42.33562],[-71.08951,42.33562],[-71.08954,42.33561],[-71.08959,42.3356],[-71.08963,42.33559],[-71.08968,42.33557],[-71.08976,42.33554],[-71.08981,42.33552],[-71.08985,42.33551],[-71.08988,42.33549],[-71.08991,42.33547],[-71.08996,42.33545],[-71.09002,42.33541],[-71.09007,42.33538]]},"properties":{"lts":1,"name":"Pierre Lallement Bike Path","osmId":570815191}},{"type":"Feature","geometry":{"type":"LineString","coordinates":[[-71.02262,42.33336],[-71.02264,42.33338],[-71.02267,42.33341],[-71.02273,42.33346],[-71.02277,42.33351],[-71.02289,42.33372],[-71.02316,42.33407],[-71.0233,42.33426],[-71.02339,42.33438],[-71.02347,42.33452],[-71.02353,42.33466],[-71.0236,42.33481],[-71.02365,42.33496],[-71.02368,42.33511],[-71.02371,42.33526],[-71.02371,42.33541],[-71.02372,42.33556],[-71.02371,42.33567],[-71.02369,42.33579],[-71.02366,42.3359],[-71.02362,42.33601],[-71.02357,42.33614],[-71.0235,42.33628],[-71.02341,42.33642],[-71.02332,42.33655],[-71.02323,42.33667],[-71.02315,42.33676],[-71.02305,42.33686],[-71.02287,42.33703],[-71.02264,42.33722],[-71.02259,42.33726],[-71.02252,42.33727],[-71.02246,42.33731],[-71.0224,42.33735],[-71.02231,42.33741],[-71.02221,42.33747],[-71.0221,42.33755],[-71.02199,42.33762],[-71.02178,42.33775],[-71.02171,42.33779],[-71.02154,42.33787],[-71.02127,42.338],[-71.02097,42.33814],[-71.02058,42.33827],[-71.02031,42.33836],[-71.01999,42.33844],[-71.01973,42.33849],[-71.01946,42.33854],[-71.01917,42.33858],[-71.01858,42.33864],[-71.01742,42.33869],[-71.01674,42.33871],[-71.0162,42.33872],[-71.01568,42.33872],[-71.01537,42.3387],[-71.01507,42.33867],[-71.01502,42.33866],[-71.0145,42.33832],[-71.01445,42.33829],[-71.01441,42.33828],[-71.01435,42.33828],[-71.01356,42.33828],[-71.01349,42.3383],[-71.01344,42.33831],[-71.01336,42.33831],[-71.01333,42.33831],[-71.01329,42.33831],[-71.01324,42.3383],[-71.0132,42.33829],[-71.01317,42.33829],[-71.01312,42.33828],[-71.01304,42.33828]]},"properties":{"lts":1,"name":"Boston HarborWalk","osmId":637997714}},{"type":"Feature","geometry":{"type":"LineString","coordinates":[[-71.03931,42.36676],[-71.03926,42.36665],[-71.03929,42.36655],[-71.03935,42.36648],[-71.03937,42.36646],[-71.03947,42.36639],[-71.03953,42.36632],[-71.03957,42.3662],[-71.0396,42.36609],[-71.03963,42.36595],[-71.03965,42.36588],[-71.0397,42.36581]]},"properties":{"lts":1,"name":"Mary Ellen Welch Greenway","osmId":640072349}},{"type":"Feature","geometry":{"type":"LineString","coordinates":[[-71.11246,42.33377],[-71.1125,42.33376],[-71.11255,42.33374],[-71.11259,42.33371],[-71.11271,42.33364]]},"properties":{"lts":1,"name":"Brookline Avenue","osmId":640166861}},{"type":"Feature","geometry":{"type":"LineString","coordinates":[[-71.0944,42.2659],[-71.09452,42.26557],[-71.09454,42.26553],[-71.09455,42.26549],[-71.09456,42.26543],[-71.09459,42.26527],[-71.0946,42.26521],[-71.09461,42.26517],[-71.09463,42.26514],[-71.09466,42.26511],[-71.0947,42.26508],[-71.09477,42.26504],[-71.0948,42.26501],[-71.09482,42.26498],[-71.09487,42.26493],[-71.09491,42.26489],[-71.09526,42.26458],[-71.09639,42.26354],[-71.09643,42.26352],[-71.09646,42.2635],[-71.09649,42.26348],[-71.09653,42.26347],[-71.09656,42.26345],[-71.09659,42.26344],[-71.09729,42.26279],[-71.09732,42.26276],[-71.09733,42.26273],[-71.09736,42.26268],[-71.09737,42.26266],[-71.09737,42.26265],[-71.0974,42.26261],[-71.09743,42.26258],[-71.09799,42.26209],[-71.09833,42.26181],[-71.0984,42.26175],[-71.09848,42.26171],[-71.09856,42.26165],[-71.09865,42.2616],[-71.09871,42.26157],[-71.09927,42.26128],[-71.09933,42.26126],[-71.09939,42.26123],[-71.09958,42.26119],[-71.09966,42.26117],[-71.09974,42.26114],[-71.09982,42.2611],[-71.09989,42.26106],[-71.10048,42.26074],[-71.10052,42.26071],[-71.10058,42.26066],[-71.1007,42.26056],[-71.10075,42.26052],[-71.10081,42.26049],[-71.10119,42.26029],[-71.10208,42.25984],[-71.10217,42.2598],[-71.10225,42.25976],[-71.10234,42.25973],[-71.10244,42.25969],[-71.10253,42.25967],[-71.10263,42.25964],[-71.10273,42.25961],[-71.10282,42.25959],[-71.1029,42.25958],[-71.103,42.25956],[-71.10312,42.25954],[-71.10326,42.25952],[-71.1034,42.25951],[-71.10354,42.2595],[-71.10369,42.25949],[-71.10382,42.25949],[-71.10398,42.2595],[-71.10412,42.25951],[-71.10426,42.25953],[-71.1044,42.25955],[-71.10453,42.25957],[-71.10468,42.2596],[-71.10481,42.25963],[-71.10495,42.25967],[-71.10507,42.2597],[-71.10558,42.25986],[-71.10607,42.26003],[-71.10617,42.26006],[-71.10629,42.26009],[-71.10638,42.26011],[-71.10646,42.26013],[-71.1066,42.26016],[-71.10675,42.26019],[-71.1069,42.26021],[-71.10704,42.26023],[-71.10709,42.26024],[-71.10712,42.26025],[-71.10716,42.26026],[-71.10721,42.26028],[-71.10726,42.26029],[-71.10732,42.26029],[-71.10741,42.26029],[-71.10763,42.26029],[-71.1077,42.26029],[-71.10774,42.26028],[-71.10779,42.26027],[-71.10785,42.26026],[-71.1079,42.26025],[-71.10795,42.26024],[-71.10809,42.26023],[-71.10824,42.26021],[-71.1084,42.26018],[-71.10855,42.26015],[-71.1087,42.26012],[-71.10885,42.26008],[-71.10899,42.26004],[-71.10912,42.26],[-71.10926,42.25995],[-71.10939,42.2599],[-71.10951,42.25985],[-71.10964,42.25979],[-71.10977,42.25973],[-71.10989,42.25966],[-71.11028,42.25942],[-71.11104,42.25896],[-71.11116,42.25889],[-71.11127,42.25882],[-71.11138,42.25876],[-71.11151,42.2587],[-71.11163,42.25864],[-71.11175,42.25858],[-71.11246,42.25827],[-71.113,42.25803],[-71.11314,42.25796],[-71.11328,42.25789],[-71.11339,42.25783],[-71.11347,42.25778],[-71.11354,42.25774],[-71.11363,42.25768],[-71.11374,42.2576],[-71.11384,42.25753],[-71.11395,42.25745],[-71.11406,42.25736],[-71.11415,42.25728],[-71.11425,42.2572],[-71.11434,42.25711],[-71.11517,42.25629],[-71.11525,42.2562],[-71.11533,42.25611],[-71.11626,42.25509],[-71.11626,42.25508],[-71.11634,42.25499]]},"properties":{"lts":1,"name":"Neponset River Greenway","osmId":654802293}},{"type":"Feature","geometry":{"type":"LineString","coordinates":[[-71.09363,42.26723],[-71.09364,42.26693]]},"properties":{"lts":1,"name":"Neponset River Greenway","osmId":654802294}},{"type":"Feature","geometry":{"type":"LineString","coordinates":[[-71.09275,42.26692],[-71.0928,42.26694],[-71.09286,42.26696],[-71.09292,42.26699],[-71.09297,42.26701],[-71.09302,42.26704],[-71.09309,42.26708],[-71.09328,42.26721]]},"properties":{"lts":1,"name":"Neponset River Greenway","osmId":654802948}},{"type":"Feature","geometry":{"type":"LineString","coordinates":[[-71.09328,42.26721],[-71.09358,42.26723],[-71.09357,42.26734],[-71.09359,42.26734],[-71.0936,42.26733],[-71.09361,42.26733],[-71.09362,42.26731]]},"properties":{"lts":1,"name":"Neponset River Greenway","osmId":654802949}},{"type":"Feature","geometry":{"type":"LineString","coordinates":[[-71.11277,42.30121],[-71.11281,42.30121],[-71.11285,42.30122],[-71.11288,42.30122],[-71.11289,42.30122],[-71.11301,42.30121],[-71.11309,42.30121],[-71.11314,42.3012],[-71.11317,42.3012],[-71.11321,42.3012],[-71.11322,42.3012],[-71.11327,42.3012],[-71.11333,42.30121],[-71.11336,42.30121],[-71.11338,42.30121],[-71.11342,42.30122],[-71.11346,42.30122],[-71.11349,42.30123],[-71.11352,42.30123],[-71.11356,42.30124],[-71.11359,42.30124],[-71.11365,42.30126],[-71.11371,42.30127],[-71.11374,42.30128],[-71.11378,42.30129],[-71.11383,42.30131],[-71.11386,42.30132],[-71.11389,42.30134],[-71.1139,42.30134],[-71.11393,42.30136],[-71.11397,42.30138],[-71.114,42.30139],[-71.11403,42.3014],[-71.11405,42.30141],[-71.11409,42.30142],[-71.11414,42.30144],[-71.11422,42.30147],[-71.11427,42.30149],[-71.11428,42.3015],[-71.11432,42.30152],[-71.11436,42.30154],[-71.11439,42.30155]]},"properties":{"lts":1,"name":"Arborway","osmId":660275125}},{"type":"Feature","geometry":{"type":"LineString","coordinates":[[-71.12528,42.2375],[-71.1253,42.23761],[-71.12532,42.2377],[-71.12534,42.23778]]},"properties":{"lts":1,"name":"Neponset River Greenway","osmId":663386146}},{"type":"Feature","geometry":{"type":"LineString","coordinates":[[-71.12534,42.23778],[-71.12537,42.23789],[-71.126,42.23982],[-71.12623,42.24057],[-71.1263,42.24086]]},"properties":{"lts":1,"name":"Neponset River Greenway","osmId":663386147}},{"type":"Feature","geometry":{"type":"LineString","coordinates":[[-71.02786,42.37744],[-71.02797,42.37735],[-71.02828,42.37709],[-71.02835,42.37702],[-71.0284,42.37697],[-71.02849,42.37685],[-71.02858,42.37676],[-71.02868,42.37666],[-71.02883,42.37654],[-71.02891,42.37647],[-71.02899,42.37638],[-71.02906,42.37631],[-71.02914,42.37623],[-71.02922,42.37617],[-71.02931,42.3761],[-71.0294,42.37603],[-71.02946,42.37598],[-71.02952,42.37593],[-71.02959,42.37586],[-71.02966,42.37579],[-71.02975,42.37569],[-71.02985,42.3756],[-71.02995,42.37552],[-71.03007,42.37542],[-71.03015,42.37537],[-71.03016,42.37536],[-71.03039,42.3752],[-71.03066,42.37499],[-71.03075,42.37493],[-71.03083,42.37486],[-71.03089,42.3748],[-71.03096,42.37473],[-71.03104,42.37462],[-71.0311,42.37454],[-71.03119,42.37445],[-71.03127,42.37438],[-71.03137,42.37432],[-71.03146,42.37424],[-71.03155,42.37418],[-71.0316,42.37413],[-71.03163,42.3741],[-71.0317,42.37401],[-71.03179,42.37392],[-71.03188,42.37383],[-71.03199,42.37374],[-71.03209,42.37367],[-71.0322,42.37359],[-71.03228,42.37351],[-71.03238,42.37344],[-71.03245,42.37337],[-71.03253,42.3733],[-71.03261,42.37324],[-71.03271,42.37318],[-71.03279,42.37313],[-71.03299,42.37303],[-71.0331,42.37298],[-71.03319,42.37293],[-71.03326,42.37288],[-71.03333,42.37282]]},"properties":{"lts":1,"name":"Mary Ellen Welch Greenway","osmId":667459870}},{"type":"Feature","geometry":{"type":"LineString","coordinates":[[-71.02608,42.37828],[-71.02617,42.37834],[-71.02622,42.37836],[-71.02636,42.37841],[-71.02642,42.37843],[-71.02643,42.37843],[-71.02649,42.37844]]},"properties":{"lts":1,"name":"Mary Ellen Welch Greenway","osmId":667459871}},{"type":"Feature","geometry":{"type":"LineString","coordinates":[[-71.09007,42.33538],[-71.09017,42.33535],[-71.09028,42.33532]]},"properties":{"lts":1,"name":"Pierre Lallement Bike Path","osmId":668284028}},{"type":"Feature","geometry":{"type":"LineString","coordinates":[[-71.07136,42.36096],[-71.07149,42.36097],[-71.07156,42.36098],[-71.0716,42.36098],[-71.07162,42.36098],[-71.07165,42.36098],[-71.07167,42.36098],[-71.07169,42.36098],[-71.0717,42.36098],[-71.07173,42.36097],[-71.07175,42.36097],[-71.07176,42.36096],[-71.07178,42.36095],[-71.07179,42.36094],[-71.0718,42.36094],[-71.07182,42.36093],[-71.07183,42.36091],[-71.07184,42.3609],[-71.07185,42.36089],[-71.07186,42.36088],[-71.07187,42.36086],[-71.07187,42.36085],[-71.07187,42.36083],[-71.07188,42.36082],[-71.07189,42.3608],[-71.07189,42.36079],[-71.07191,42.36078],[-71.07192,42.36076],[-71.07193,42.36075],[-71.07195,42.36074],[-71.07197,42.36073],[-71.07199,42.36072],[-71.07202,42.36071],[-71.07209,42.36069]]},"properties":{"lts":1,"name":"Frances Appleton Bridge","osmId":689216563}},{"type":"Feature","geometry":{"type":"LineString","coordinates":[[-71.03967,42.28724],[-71.03958,42.28719],[-71.03946,42.28711],[-71.03936,42.28703],[-71.03932,42.287],[-71.03922,42.28691],[-71.03919,42.28687],[-71.03918,42.28683],[-71.03918,42.28679],[-71.03918,42.28672],[-71.03918,42.28668],[-71.03917,42.28665],[-71.03915,42.28661],[-71.03871,42.28619],[-71.03868,42.28616],[-71.03867,42.28613],[-71.03867,42.2861],[-71.03867,42.28608],[-71.03869,42.28605],[-71.03873,42.28602],[-71.03882,42.28596],[-71.03902,42.28584],[-71.03921,42.28572],[-71.03939,42.2856],[-71.03943,42.28556]]},"properties":{"lts":1,"name":"Neponset River Greenway","osmId":698886456}},{"type":"Feature","geometry":{"type":"LineString","coordinates":[[-71.07275,42.36045],[-71.07277,42.36042],[-71.07278,42.3604],[-71.07279,42.36038],[-71.0728,42.36037],[-71.0728,42.36036],[-71.0728,42.36034],[-71.07281,42.36032],[-71.0728,42.36029],[-71.0728,42.36027],[-71.07279,42.36025],[-71.07277,42.36022],[-71.07276,42.3602],[-71.07274,42.36019],[-71.07272,42.36018],[-71.0727,42.36016],[-71.07267,42.36015],[-71.07263,42.36013],[-71.07259,42.36011],[-71.07255,42.36009],[-71.07253,42.36007],[-71.07251,42.36006],[-71.0725,42.36006],[-71.07248,42.36004],[-71.07246,42.36002],[-71.07245,42.36]]},"properties":{"lts":1,"name":"Frances Appleton Bridge","osmId":722683719}},{"type":"Feature","geometry":{"type":"LineString","coordinates":[[-71.09852,42.32501],[-71.09852,42.32501],[-71.09852,42.32502],[-71.09849,42.32514],[-71.09842,42.32534],[-71.09805,42.32639],[-71.09786,42.32697]]},"properties":{"lts":1,"name":"Pierre Lallement Bike Path","osmId":727902005}},{"type":"Feature","geometry":{"type":"LineString","coordinates":[[-71.09976,42.32364],[-71.09974,42.3237],[-71.09962,42.32384],[-71.09953,42.32392],[-71.09938,42.32398],[-71.09933,42.324],[-71.09906,42.32415],[-71.09896,42.32423],[-71.09888,42.3243],[-71.09879,42.3244],[-71.09869,42.32452],[-71.09861,42.32473],[-71.09855,42.3249]]},"properties":{"lts":1,"name":"Pierre Lallement Bike Path","osmId":727902006}},{"type":"Feature","geometry":{"type":"LineString","coordinates":[[-71.10042,42.32289],[-71.10022,42.32288]]},"properties":{"lts":1,"name":"Pierre Lallement Bike Path","osmId":727902007}},{"type":"Feature","geometry":{"type":"LineString","coordinates":[[-71.10043,42.32272],[-71.10043,42.32281],[-71.10042,42.32289]]},"properties":{"lts":1,"name":"Pierre Lallement Bike Path","osmId":727902008}},{"type":"Feature","geometry":{"type":"LineString","coordinates":[[-71.11047,42.30168],[-71.11042,42.30168],[-71.1104,42.30168],[-71.11038,42.30168],[-71.11035,42.30169],[-71.11032,42.30169],[-71.11028,42.3017],[-71.11024,42.3017],[-71.11021,42.3017],[-71.11016,42.3017],[-71.11014,42.3017],[-71.11011,42.3017],[-71.11006,42.3017],[-71.11003,42.3017],[-71.11001,42.3017],[-71.10999,42.3017],[-71.10989,42.30169],[-71.10969,42.30169],[-71.10966,42.30168],[-71.10965,42.30168],[-71.10963,42.30168],[-71.10961,42.30168],[-71.10958,42.30167],[-71.10955,42.30166],[-71.10952,42.30166],[-71.10949,42.30165],[-71.10946,42.30165],[-71.10943,42.30165],[-71.10931,42.30164],[-71.10909,42.30164],[-71.10905,42.30163],[-71.109,42.30163],[-71.10896,42.30163],[-71.10888,42.30162],[-71.10885,42.30161],[-71.1088,42.30161],[-71.10875,42.3016],[-71.10869,42.30159],[-71.10864,42.30158],[-71.10856,42.30157]]},"properties":{"lts":1,"name":"Pierre Lallement Bike Path","osmId":727904413}},{"type":"Feature","geometry":{"type":"LineString","coordinates":[[-71.14713,42.36178],[-71.14675,42.36174]]},"properties":{"lts":1,"name":"Dr. Paul Dudley White Path","osmId":753431782}},{"type":"Feature","geometry":{"type":"LineString","coordinates":[[-71.14675,42.36174],[-71.1467,42.36173],[-71.14666,42.36173]]},"properties":{"lts":1,"name":"Dr. Paul Dudley White Path","osmId":753431784}},{"type":"Feature","geometry":{"type":"LineString","coordinates":[[-71.11472,42.3016],[-71.11474,42.30162],[-71.11476,42.30165],[-71.11477,42.30167],[-71.11478,42.30168],[-71.11479,42.30169],[-71.11481,42.30171],[-71.11483,42.30172],[-71.11486,42.30173],[-71.11488,42.30175],[-71.11492,42.30177],[-71.11496,42.30179],[-71.11502,42.30182],[-71.11514,42.30187],[-71.11524,42.30192],[-71.11536,42.30197],[-71.11548,42.30202],[-71.11556,42.30206],[-71.11563,42.30208],[-71.11568,42.3021],[-71.11575,42.30213],[-71.11582,42.30215],[-71.1159,42.30217],[-71.11591,42.30217],[-71.11596,42.30219],[-71.11601,42.30221],[-71.11609,42.30223],[-71.11614,42.30224],[-71.11619,42.30225],[-71.11625,42.30226],[-71.11634,42.30227],[-71.1164,42.30228],[-71.11647,42.30229],[-71.11651,42.3023],[-71.11654,42.30229],[-71.11657,42.30229],[-71.11662,42.30229],[-71.11665,42.30228],[-71.1167,42.30228]]},"properties":{"lts":1,"name":"Arborway","osmId":754052063}},{"type":"Feature","geometry":{"type":"LineString","coordinates":[[-71.0362,42.37065],[-71.03637,42.37057],[-71.03648,42.37051],[-71.0369,42.37025],[-71.03705,42.37015],[-71.03719,42.37005],[-71.03732,42.36993],[-71.03746,42.36981],[-71.0379,42.36936],[-71.03798,42.36927],[-71.03807,42.36916],[-71.03815,42.36905],[-71.03853,42.36862],[-71.03861,42.36852],[-71.03899,42.36804],[-71.03907,42.36796],[-71.03914,42.36789],[-71.03922,42.36782],[-71.03927,42.36777],[-71.0393,42.36773],[-71.03933,42.36768],[-71.03934,42.36764],[-71.03934,42.36759],[-71.03936,42.36754],[-71.03938,42.3675]]},"properties":{"lts":1,"name":"Mary Ellen Welch Greenway","osmId":765980917}},{"type":"Feature","geometry":{"type":"LineString","coordinates":[[-71.02549,42.3787],[-71.02563,42.37857]]},"properties":{"lts":1,"name":"Mary Ellen Welch Greenway","osmId":767392330}},{"type":"Feature","geometry":{"type":"LineString","coordinates":[[-71.03333,42.37282],[-71.0334,42.37276],[-71.0335,42.37265],[-71.03354,42.37261],[-71.03371,42.37243],[-71.03373,42.37241],[-71.03385,42.3723],[-71.03387,42.37229]]},"properties":{"lts":1,"name":"Mary Ellen Welch Greenway","osmId":767983541}},{"type":"Feature","geometry":{"type":"LineString","coordinates":[[-71.07894,42.35468],[-71.07879,42.35438]]},"properties":{"lts":0,"name":"Dartmouth Street Overpass","osmId":806668962}},{"type":"Feature","geometry":{"type":"LineString","coordinates":[[-71.07927,42.35425],[-71.07879,42.35438]]},"properties":{"lts":0,"name":"Dartmouth Street Overpass","osmId":806668963}},{"type":"Feature","geometry":{"type":"LineString","coordinates":[[-71.08445,42.35285],[-71.08388,42.35301]]},"properties":{"lts":0,"name":"Gloucester Street Overpass","osmId":807419772}},{"type":"Feature","geometry":{"type":"LineString","coordinates":[[-71.08456,42.35308],[-71.08445,42.35285]]},"properties":{"lts":0,"name":"Gloucester Street Overpass","osmId":807419773}},{"type":"Feature","geometry":{"type":"LineString","coordinates":[[-71.08481,42.35302],[-71.08456,42.35308]]},"properties":{"lts":0,"name":"Gloucester Street Overpass","osmId":807419774}},{"type":"Feature","geometry":{"type":"LineString","coordinates":[[-71.08482,42.35304],[-71.08481,42.35302]]},"properties":{"lts":0,"name":"Gloucester Street Overpass","osmId":807419775}},{"type":"Feature","geometry":{"type":"LineString","coordinates":[[-71.02649,42.37844],[-71.02655,42.37845],[-71.02659,42.37844],[-71.02666,42.37841],[-71.02674,42.37835],[-71.02677,42.37832],[-71.0268,42.37827],[-71.02687,42.37818],[-71.02693,42.37811],[-71.02701,42.37804],[-71.02711,42.37796],[-71.0272,42.37789],[-71.02729,42.37783],[-71.02736,42.37777],[-71.02743,42.37772],[-71.02771,42.37756],[-71.02778,42.37751],[-71.02784,42.37745],[-71.02786,42.37744]]},"properties":{"lts":1,"name":"Mary Ellen Welch Greenway","osmId":812876291}},{"type":"Feature","geometry":{"type":"LineString","coordinates":[[-71.02588,42.37832],[-71.02593,42.37829],[-71.02596,42.37827],[-71.026,42.37826],[-71.02605,42.37826],[-71.02608,42.37828]]},"properties":{"lts":1,"name":"Mary Ellen Welch Greenway","osmId":812876293}},{"type":"Feature","geometry":{"type":"LineString","coordinates":[[-71.0397,42.36581],[-71.03977,42.36577],[-71.0398,42.36574],[-71.03983,42.36569],[-71.03986,42.36565]]},"properties":{"lts":1,"name":"Mary Ellen Welch Greenway","osmId":813710236}},{"type":"Feature","geometry":{"type":"LineString","coordinates":[[-71.11375,42.30199],[-71.11377,42.30198],[-71.11379,42.30197],[-71.1138,42.30197],[-71.11382,42.30197],[-71.11385,42.30196],[-71.11389,42.30196],[-71.11399,42.30196],[-71.11407,42.30195],[-71.11413,42.30195],[-71.11415,42.30196],[-71.11419,42.30196],[-71.11422,42.30196],[-71.11424,42.30196],[-71.11435,42.30196],[-71.11435,42.30196],[-71.11437,42.30196],[-71.11438,42.30196]]},"properties":{"lts":1,"name":"Arborway","osmId":825315808}},{"type":"Feature","geometry":{"type":"LineString","coordinates":[[-71.10282,42.34329],[-71.10278,42.34326],[-71.1027,42.34319],[-71.10261,42.34313]]},"properties":{"lts":1,"name":"Park Drive","osmId":825973784}},{"type":"Feature","geometry":{"type":"LineString","coordinates":[[-71.10326,42.34291],[-71.10325,42.34291],[-71.10324,42.34291],[-71.10324,42.34291],[-71.10323,42.34292],[-71.10322,42.34293],[-71.10299,42.34315],[-71.10283,42.3433]]},"properties":{"lts":1,"name":"Brookline Avenue","osmId":825973790}},{"type":"Feature","geometry":{"type":"LineString","coordinates":[[-71.10351,42.34386],[-71.10346,42.34382],[-71.10344,42.34379],[-71.10342,42.34378],[-71.1034,42.34374],[-71.10339,42.34373],[-71.10337,42.34371],[-71.10335,42.34369],[-71.10333,42.34367],[-71.10322,42.34359],[-71.10307,42.34347],[-71.10297,42.34339],[-71.10291,42.34334],[-71.10288,42.34331],[-71.10283,42.3433],[-71.10282,42.34329]]},"properties":{"lts":1,"name":"Park Drive","osmId":825973796}},{"type":"Feature","geometry":{"type":"LineString","coordinates":[[-71.07209,42.36069],[-71.07243,42.36057],[-71.07268,42.36048],[-71.07275,42.36045]]},"properties":{"lts":1,"name":"Frances Appleton Bridge","osmId":826329210}},{"type":"Feature","geometry":{"type":"LineString","coordinates":[[-71.07507,42.3313],[-71.07505,42.33131],[-71.07494,42.33134],[-71.07483,42.33136]]},"properties":{"lts":1,"name":"Melnea Cass Boulevard","osmId":828466385}},{"type":"Feature","geometry":{"type":"LineString","coordinates":[[-71.07689,42.33133],[-71.07687,42.33133],[-71.07681,42.33132],[-71.0767,42.3313],[-71.07668,42.3313]]},"properties":{"lts":1,"name":"Melnea Cass Boulevard","osmId":828466387}},{"type":"Feature","geometry":{"type":"LineString","coordinates":[[-71.07909,42.33209],[-71.07899,42.33208],[-71.07892,42.33206],[-71.0783,42.33183],[-71.07795,42.33174],[-71.07753,42.33158],[-71.07721,42.33151],[-71.07701,42.33142],[-71.07697,42.33139],[-71.07695,42.33138],[-71.07689,42.33133]]},"properties":{"lts":1,"name":"Melnea Cass Boulevard","osmId":828466388}},{"type":"Feature","geometry":{"type":"LineString","coordinates":[[-71.0811,42.33311],[-71.08108,42.33309],[-71.08096,42.33303],[-71.08085,42.33298],[-71.08082,42.33296]]},"properties":{"lts":1,"name":"Melnea Cass Boulevard","osmId":828466390}},{"type":"Feature","geometry":{"type":"LineString","coordinates":[[-71.08255,42.3339],[-71.08254,42.3339],[-71.08247,42.33386],[-71.0824,42.33382],[-71.0824,42.33382]]},"properties":{"lts":1,"name":"Melnea Cass Boulevard","osmId":828466391}},{"type":"Feature","geometry":{"type":"LineString","coordinates":[[-71.0824,42.33382],[-71.08225,42.33378],[-71.08214,42.33375],[-71.08202,42.33371],[-71.0819,42.33363],[-71.0818,42.33355],[-71.08136,42.33333],[-71.08119,42.33317],[-71.0811,42.33311]]},"properties":{"lts":1,"name":"Melnea Cass Boulevard","osmId":828466392}},{"type":"Feature","geometry":{"type":"LineString","coordinates":[[-71.08697,42.33583],[-71.08686,42.33577],[-71.08675,42.3357]]},"properties":{"lts":1,"name":"Melnea Cass Boulevard","osmId":828466396}},{"type":"Feature","geometry":{"type":"LineString","coordinates":[[-71.08675,42.3357],[-71.08648,42.33563],[-71.0864,42.3356],[-71.08633,42.33557],[-71.08628,42.33555],[-71.08614,42.33549],[-71.08586,42.33537],[-71.08576,42.33532],[-71.0857,42.3353],[-71.08563,42.33528],[-71.08522,42.33514],[-71.08501,42.33508],[-71.08472,42.33498],[-71.08459,42.33493],[-71.08443,42.33488],[-71.0844,42.33486],[-71.08437,42.33485],[-71.08434,42.33484],[-71.08431,42.33483],[-71.08427,42.33483],[-71.08421,42.33482],[-71.08415,42.33481],[-71.08408,42.33479],[-71.084,42.33477],[-71.08395,42.33476],[-71.08389,42.33473],[-71.08381,42.3347],[-71.08373,42.33466],[-71.08368,42.33463],[-71.08363,42.3346],[-71.08356,42.33455],[-71.08348,42.33448],[-71.0834,42.33442],[-71.08333,42.33438],[-71.08328,42.33435],[-71.08322,42.33433],[-71.08317,42.33432],[-71.08314,42.33431],[-71.08308,42.3343],[-71.08305,42.33429],[-71.083,42.33427],[-71.08293,42.33424],[-71.08287,42.3342],[-71.0828,42.33416],[-71.08277,42.33413],[-71.08272,42.3341],[-71.08268,42.33405],[-71.08262,42.33399],[-71.08261,42.33397],[-71.08255,42.3339]]},"properties":{"lts":1,"name":"Melnea Cass Boulevard","osmId":828466397}},{"type":"Feature","geometry":{"type":"LineString","coordinates":[[-71.08752,42.33643],[-71.08751,42.33641],[-71.08751,42.3364],[-71.0875,42.33639],[-71.0875,42.33638],[-71.08748,42.33637],[-71.08739,42.33631],[-71.08729,42.33625],[-71.08721,42.33617],[-71.08714,42.3361],[-71.08708,42.33601],[-71.08703,42.33592],[-71.08698,42.33587],[-71.08697,42.33583]]},"properties":{"lts":1,"name":"Melnea Cass Boulevard","osmId":828466398}},{"type":"Feature","geometry":{"type":"LineString","coordinates":[[-71.05727,42.34544],[-71.05726,42.3455]]},"properties":{"lts":1,"name":"Boston HarborWalk","osmId":831226161}},{"type":"Feature","geometry":{"type":"LineString","coordinates":[[-71.05698,42.34551],[-71.05713,42.34547],[-71.05727,42.34544]]},"properties":{"lts":1,"name":"Boston HarborWalk","osmId":831226162}},{"type":"Feature","geometry":{"type":"LineString","coordinates":[[-71.05698,42.34551],[-71.0569,42.34557],[-71.05687,42.3456],[-71.05683,42.34561],[-71.05677,42.34562],[-71.05675,42.34562],[-71.05663,42.34565],[-71.05656,42.34566],[-71.05625,42.34569],[-71.05571,42.34574],[-71.05533,42.34574],[-71.05491,42.34575],[-71.05474,42.34586],[-71.05465,42.34602],[-71.05356,42.34749],[-71.05314,42.34751],[-71.05302,42.34767],[-71.05301,42.34769],[-71.05297,42.34775],[-71.05286,42.34789],[-71.05275,42.34805],[-71.05292,42.34821],[-71.0529,42.34823]]},"properties":{"lts":1,"name":"Boston Harborwalk","osmId":831226163}},{"type":"Feature","geometry":{"type":"LineString","coordinates":[[-71.06835,42.2704],[-71.06806,42.2704],[-71.06782,42.2704]]},"properties":{"lts":1,"name":"Neponset River Greenway","osmId":832322222}},{"type":"Feature","geometry":{"type":"LineString","coordinates":[[-71.07278,42.27018],[-71.07183,42.27029],[-71.07148,42.27033],[-71.07143,42.27034],[-71.07118,42.27037],[-71.07113,42.27037],[-71.07109,42.27037],[-71.071,42.27038],[-71.07089,42.27038],[-71.07076,42.27039],[-71.07063,42.27039],[-71.07051,42.27039],[-71.06959,42.2704],[-71.06921,42.2704],[-71.06878,42.2704],[-71.06835,42.2704]]},"properties":{"lts":1,"name":"Neponset River Greenway","osmId":832322223}},{"type":"Feature","geometry":{"type":"LineString","coordinates":[[-71.07376,42.35616],[-71.07377,42.35616],[-71.07378,42.35615],[-71.07379,42.35615],[-71.07381,42.35615],[-71.07383,42.35615],[-71.07386,42.35615],[-71.07388,42.35615],[-71.0739,42.35615],[-71.07391,42.35615],[-71.07399,42.35613],[-71.074,42.35613],[-71.07401,42.35614],[-71.07402,42.35614]]},"properties":{"lts":0,"name":"Arthur Fiedler Footbridge","osmId":832387225}},{"type":"Feature","geometry":{"type":"LineString","coordinates":[[-71.07307,42.35589],[-71.07306,42.35589],[-71.07305,42.3559],[-71.07304,42.3559],[-71.07303,42.3559],[-71.07302,42.35589],[-71.07301,42.35588],[-71.07299,42.35586],[-71.07297,42.35584],[-71.07295,42.35581],[-71.07293,42.35579],[-71.07291,42.35575]]},"properties":{"lts":0,"name":"Arthur Fiedler Footbridge","osmId":832387226}},{"type":"Feature","geometry":{"type":"LineString","coordinates":[[-71.06999,42.36476],[-71.06984,42.36507],[-71.06977,42.36521],[-71.06968,42.3654],[-71.06965,42.36547],[-71.0696,42.36558],[-71.06956,42.36565],[-71.06953,42.3657],[-71.0695,42.36575],[-71.06945,42.36579],[-71.06935,42.36588],[-71.06907,42.36613],[-71.06899,42.36619],[-71.06883,42.36631]]},"properties":{"lts":1,"name":"Dr. Paul Dudley White Path","osmId":833402071}},{"type":"Feature","geometry":{"type":"LineString","coordinates":[[-71.07037,42.36397],[-71.0702,42.36434],[-71.07004,42.36465],[-71.07002,42.36468]]},"properties":{"lts":1,"name":"Dr. Paul Dudley White Path","osmId":833402083}},{"type":"Feature","geometry":{"type":"LineString","coordinates":[[-71.0704,42.3639],[-71.07039,42.36393],[-71.07037,42.36397]]},"properties":{"lts":1,"name":"Dr. Paul Dudley White Path","osmId":833402084}},{"type":"Feature","geometry":{"type":"LineString","coordinates":[[-71.07002,42.36468],[-71.07,42.36473],[-71.06999,42.36476]]},"properties":{"lts":1,"name":"Dr. Paul Dudley White Path","osmId":833402099}},{"type":"Feature","geometry":{"type":"LineString","coordinates":[[-71.07279,42.36166],[-71.07277,42.36174],[-71.07274,42.36181],[-71.07271,42.36187],[-71.07268,42.36192],[-71.07264,42.36199],[-71.07258,42.36207],[-71.07252,42.36215],[-71.07243,42.36226],[-71.07238,42.36233],[-71.07232,42.36239],[-71.07223,42.3625],[-71.07216,42.36258],[-71.0721,42.36264],[-71.07206,42.36268],[-71.07201,42.36272],[-71.07195,42.36277],[-71.07186,42.36284],[-71.07176,42.3629],[-71.07165,42.36297],[-71.07138,42.36314],[-71.0707,42.36357],[-71.07063,42.36363],[-71.07055,42.3637],[-71.07051,42.36374],[-71.07047,42.36379],[-71.07044,42.36384],[-71.0704,42.3639]]},"properties":{"lts":1,"name":"Dr. Paul Dudley White Path","osmId":834362478}},{"type":"Feature","geometry":{"type":"LineString","coordinates":[[-71.1042,42.34391],[-71.10421,42.34389],[-71.10423,42.34387],[-71.10424,42.34384],[-71.10425,42.34382],[-71.10426,42.34379],[-71.10426,42.34376],[-71.10427,42.34373],[-71.10426,42.34369],[-71.10426,42.34366],[-71.10425,42.34363],[-71.10423,42.3436],[-71.1042,42.34358],[-71.10418,42.34355],[-71.10414,42.34352],[-71.1041,42.34349]]},"properties":{"lts":1,"name":"Park Drive","osmId":835388325}},{"type":"Feature","geometry":{"type":"LineString","coordinates":[[-71.1041,42.34349],[-71.10389,42.34335],[-71.10361,42.34314],[-71.1033,42.34292],[-71.1033,42.34292],[-71.10328,42.34291],[-71.10327,42.34291],[-71.10327,42.34291],[-71.10326,42.34291]]},"properties":{"lts":1,"name":"Riverway","osmId":835388327}},{"type":"Feature","geometry":{"type":"LineString","coordinates":[[-71.10405,42.34528],[-71.10405,42.3453],[-71.10404,42.34532],[-71.10404,42.34534],[-71.10403,42.34536],[-71.10403,42.34538],[-71.10402,42.34539],[-71.10402,42.3454],[-71.10401,42.34541],[-71.104,42.34543],[-71.10399,42.34544],[-71.10398,42.34545],[-71.10396,42.34546],[-71.10378,42.34556],[-71.1033,42.34583],[-71.10292,42.34604],[-71.1029,42.34605],[-71.10289,42.34605],[-71.10287,42.34606],[-71.10286,42.34606],[-71.10284,42.34606],[-71.10282,42.34606],[-71.10281,42.34606],[-71.10279,42.34607],[-71.10277,42.34608],[-71.10276,42.34608],[-71.10276,42.34608],[-71.10274,42.34609]]},"properties":{"lts":1,"name":"Fenway Multi-Use Path","osmId":835388366}},{"type":"Feature","geometry":{"type":"LineString","coordinates":[[-71.02804,42.36488],[-71.02806,42.36486],[-71.02838,42.36446],[-71.02863,42.36413],[-71.02866,42.36408]]},"properties":{"lts":1,"name":"Boston HarborWalk","osmId":838645502}},{"type":"Feature","geometry":{"type":"LineString","coordinates":[[-71.05073,42.36684],[-71.05078,42.36687],[-71.05082,42.36691]]},"properties":{"lts":1,"name":"Boston HarborWalk","osmId":839987357}},{"type":"Feature","geometry":{"type":"LineString","coordinates":[[-71.02732,42.35974],[-71.02731,42.35977]]},"properties":{"lts":1,"name":"Boston HarborWalk","osmId":840929999}},{"type":"Feature","geometry":{"type":"LineString","coordinates":[[-71.0273,42.35979],[-71.02724,42.35993],[-71.0272,42.36001]]},"properties":{"lts":1,"name":"Boston HarborWalk","osmId":840930000}},{"type":"Feature","geometry":{"type":"LineString","coordinates":[[-71.0272,42.36001],[-71.02709,42.36025],[-71.02702,42.36044],[-71.02702,42.36047],[-71.02664,42.36127],[-71.02643,42.36169],[-71.02631,42.36194],[-71.02621,42.36224],[-71.02619,42.3623],[-71.02617,42.36246],[-71.02616,42.3626],[-71.02612,42.36312],[-71.0261,42.36356],[-71.02609,42.36366],[-71.02609,42.36377],[-71.02608,42.36386],[-71.02609,42.36395],[-71.0261,42.36403],[-71.02612,42.36409],[-71.02615,42.36418],[-71.02618,42.36425],[-71.02622,42.36432],[-71.02627,42.36439],[-71.02632,42.36445],[-71.02637,42.36451],[-71.02644,42.36457],[-71.02651,42.36463],[-71.02661,42.3647],[-71.02673,42.36476],[-71.02686,42.36483],[-71.02777,42.36522],[-71.02778,42.36521],[-71.02804,42.36488]]},"properties":{"lts":1,"name":"Boston HarborWalk","osmId":840930001}},{"type":"Feature","geometry":{"type":"LineString","coordinates":[[-71.02743,42.3595],[-71.02736,42.35965],[-71.02732,42.35974]]},"properties":{"lts":1,"name":"Boston HarborWalk","osmId":840930006}},{"type":"Feature","geometry":{"type":"LineString","coordinates":[[-71.15428,42.35826],[-71.15427,42.35826],[-71.15411,42.35827],[-71.15398,42.35827],[-71.14903,42.35854],[-71.1489,42.35856],[-71.14882,42.35857],[-71.14873,42.35858],[-71.14865,42.3586],[-71.14861,42.35861],[-71.14855,42.35863],[-71.14844,42.35867],[-71.14832,42.35872],[-71.1482,42.35877],[-71.14809,42.35881],[-71.14801,42.35884],[-71.14797,42.35885],[-71.14793,42.35887],[-71.14788,42.35889],[-71.14785,42.3589],[-71.14782,42.35892],[-71.14779,42.35893],[-71.14777,42.35895],[-71.14775,42.35896],[-71.14772,42.35898],[-71.1477,42.35899],[-71.14768,42.35901],[-71.14766,42.35903],[-71.14763,42.35907],[-71.14761,42.35909],[-71.14759,42.35911],[-71.14758,42.35912],[-71.14757,42.35915],[-71.14741,42.35942],[-71.14729,42.35962],[-71.14721,42.35975],[-71.14699,42.3601],[-71.1468,42.36038]]},"properties":{"lts":1,"name":"Leo M. Birmingham Parkway","osmId":841663090}},{"type":"Feature","geometry":{"type":"LineString","coordinates":[[-71.11738,42.3609],[-71.11731,42.36049],[-71.11725,42.36005],[-71.11724,42.35992],[-71.11723,42.35983],[-71.11723,42.35974],[-71.11724,42.35964],[-71.11725,42.35951],[-71.11727,42.35934],[-71.11729,42.35923],[-71.11732,42.35914],[-71.11736,42.35905],[-71.11747,42.35877],[-71.11784,42.35787]]},"properties":{"lts":1,"name":"Dr. Paul Dudley White Path","osmId":844952129}},{"type":"Feature","geometry":{"type":"LineString","coordinates":[[-71.12128,42.36803],[-71.12119,42.36803],[-71.12106,42.36803],[-71.12097,42.36803],[-71.12088,42.36803],[-71.12073,42.36803],[-71.12048,42.36802],[-71.12032,42.36801],[-71.1202,42.36801],[-71.12017,42.36801],[-71.12013,42.368],[-71.12009,42.368],[-71.12004,42.368],[-71.12,42.368],[-71.11996,42.368],[-71.11991,42.36799],[-71.11987,42.36799],[-71.11982,42.36799],[-71.11978,42.36799],[-71.11974,42.36799],[-71.11969,42.36798],[-71.11965,42.36798],[-71.11943,42.36797],[-71.11938,42.36796],[-71.11934,42.36796],[-71.11925,42.36795],[-71.11921,42.36794],[-71.11916,42.36794],[-71.11912,42.36793],[-71.1191,42.36793],[-71.11909,42.36792],[-71.11908,42.36792],[-71.11905,42.36791],[-71.11903,42.36791],[-71.11899,42.3679],[-71.11896,42.36789],[-71.11891,42.36788],[-71.11887,42.36786],[-71.11881,42.36784],[-71.11863,42.36772],[-71.11846,42.36761],[-71.11829,42.36742],[-71.11808,42.36719],[-71.11795,42.367],[-71.11784,42.36677],[-71.11779,42.36644]]},"properties":{"lts":1,"name":"Dr. Paul Dudley White Path","osmId":844952133}},{"type":"Feature","geometry":{"type":"LineString","coordinates":[[-71.11779,42.36644],[-71.11773,42.36603],[-71.11774,42.36446]]},"properties":{"lts":1,"name":"Dr. Paul Dudley White Path","osmId":844952134}},{"type":"Feature","geometry":{"type":"LineString","coordinates":[[-71.11777,42.36399],[-71.11777,42.36378],[-71.11774,42.36344],[-71.11769,42.36294],[-71.11753,42.36191],[-71.1174,42.36116],[-71.1174,42.36115],[-71.11735,42.36112]]},"properties":{"lts":1,"name":"Dr. Paul Dudley White Path","osmId":844952135}},{"type":"Feature","geometry":{"type":"LineString","coordinates":[[-71.12333,42.36841],[-71.12284,42.36824],[-71.1228,42.36823],[-71.12276,42.36822],[-71.12256,42.36816],[-71.12237,42.36812],[-71.12219,42.36809],[-71.122,42.36806],[-71.12182,42.36804],[-71.12165,42.36803],[-71.12141,42.36803],[-71.12137,42.36803],[-71.12132,42.36803],[-71.12128,42.36803]]},"properties":{"lts":1,"name":"Dr. Paul Dudley White Path","osmId":844952136}},{"type":"Feature","geometry":{"type":"LineString","coordinates":[[-71.14747,42.36182],[-71.14713,42.36178]]},"properties":{"lts":1,"name":"Dr. Paul Dudley White Path","osmId":850101037}},{"type":"Feature","geometry":{"type":"LineString","coordinates":[[-71.13551,42.3668],[-71.13542,42.36683],[-71.13534,42.36686],[-71.13532,42.36687]]},"properties":{"lts":1,"name":"Dr. Paul Dudley White Path","osmId":913314532}},{"type":"Feature","geometry":{"type":"LineString","coordinates":[[-71.13532,42.36687],[-71.13527,42.36691],[-71.13523,42.36693],[-71.13519,42.36695],[-71.13498,42.36702]]},"properties":{"lts":1,"name":"Dr. Paul Dudley White Path","osmId":913314533}},{"type":"Feature","geometry":{"type":"LineString","coordinates":[[-71.11784,42.35787],[-71.1179,42.3577],[-71.11796,42.35755],[-71.11803,42.35734],[-71.11808,42.35714],[-71.11813,42.35692],[-71.11817,42.35673],[-71.11817,42.35671],[-71.1182,42.35652],[-71.11822,42.35639],[-71.11822,42.35617],[-71.11822,42.35605],[-71.1182,42.35594],[-71.11819,42.35586],[-71.11815,42.35572],[-71.11811,42.3556],[-71.11808,42.35549],[-71.11806,42.35543],[-71.11802,42.35532],[-71.11796,42.35518],[-71.11789,42.35505],[-71.11781,42.35493],[-71.11775,42.35484],[-71.11767,42.35474],[-71.11759,42.35464],[-71.11749,42.35454],[-71.11736,42.35442],[-71.11729,42.35436],[-71.11721,42.3543],[-71.11712,42.35423],[-71.11703,42.35417],[-71.11694,42.35411],[-71.11682,42.35403],[-71.11657,42.3539],[-71.11636,42.35379],[-71.1162,42.35371],[-71.11604,42.35362],[-71.11578,42.35346],[-71.11529,42.35319],[-71.11515,42.35312],[-71.11503,42.35305],[-71.11476,42.35289],[-71.11444,42.35271],[-71.11426,42.35262],[-71.11402,42.35251],[-71.11381,42.35242],[-71.1137,42.35238],[-71.1136,42.35235],[-71.11345,42.3523],[-71.11329,42.35225],[-71.11313,42.35221],[-71.11303,42.35219],[-71.11291,42.35216],[-71.11271,42.35213],[-71.1126,42.35212],[-71.11252,42.35211],[-71.11243,42.35211],[-71.11221,42.35211],[-71.11203,42.3521],[-71.11187,42.35209],[-71.11176,42.35209],[-71.11164,42.3521],[-71.11156,42.35211],[-71.11141,42.35213],[-71.11128,42.35216],[-71.11126,42.35216],[-71.11124,42.35216]]},"properties":{"lts":1,"name":"Dr. Paul Dudley White Path","osmId":922144021}},{"type":"Feature","geometry":{"type":"LineString","coordinates":[[-71.11124,42.35216],[-71.11121,42.35219],[-71.11115,42.35224],[-71.11114,42.35224],[-71.11112,42.35224],[-71.11059,42.3522],[-71.11057,42.3522],[-71.11056,42.3522],[-71.11054,42.35219],[-71.11053,42.35218],[-71.11052,42.35218],[-71.11051,42.35217],[-71.11051,42.35216],[-71.11051,42.35215],[-71.11051,42.35213]]},"properties":{"lts":1,"name":"Dr. Paul Dudley White Path","osmId":922144022}},{"type":"Feature","geometry":{"type":"LineString","coordinates":[[-71.11074,42.3061],[-71.11073,42.30614],[-71.11071,42.30619]]},"properties":{"lts":1,"name":"Pierre Lallement Bike Path","osmId":959902023}},{"type":"Feature","geometry":{"type":"LineString","coordinates":[[-71.10306,42.31945],[-71.10294,42.31952],[-71.10224,42.32032],[-71.10122,42.32151],[-71.10106,42.3217],[-71.10071,42.32215],[-71.10057,42.32237],[-71.10049,42.3225],[-71.10049,42.32252],[-71.10048,42.32255],[-71.10048,42.32257],[-71.10047,42.32259],[-71.10046,42.32262],[-71.10043,42.32272]]},"properties":{"lts":1,"name":"Pierre Lallement Bike Path","osmId":968253494}},{"type":"Feature","geometry":{"type":"LineString","coordinates":[[-71.10707,42.31059],[-71.10707,42.31062],[-71.10701,42.31073],[-71.10698,42.31078],[-71.10695,42.31083],[-71.10684,42.31101],[-71.10682,42.31104],[-71.10678,42.31111],[-71.10676,42.31116],[-71.1067,42.31127],[-71.10667,42.31131],[-71.10664,42.31136],[-71.10661,42.31141],[-71.10633,42.31183],[-71.10619,42.31204],[-71.10616,42.3121],[-71.10611,42.31216],[-71.10602,42.3123],[-71.10598,42.31236],[-71.10595,42.31242],[-71.10592,42.31248],[-71.10586,42.31263],[-71.10584,42.31269],[-71.10583,42.31273],[-71.10582,42.31277],[-71.10581,42.31283],[-71.1058,42.31288],[-71.10579,42.31292],[-71.10578,42.31298],[-71.10577,42.31303],[-71.10575,42.31309],[-71.10573,42.31314],[-71.10571,42.31318],[-71.10569,42.31323],[-71.10566,42.31328],[-71.10564,42.31331],[-71.10562,42.31335],[-71.10559,42.3134],[-71.10556,42.31346],[-71.10552,42.31351],[-71.10551,42.31354],[-71.10549,42.31357],[-71.10542,42.31374],[-71.10541,42.31377],[-71.1054,42.31379],[-71.10537,42.31383],[-71.10535,42.31387],[-71.10534,42.31391],[-71.10532,42.31395],[-71.10531,42.31401],[-71.1053,42.31408],[-71.10529,42.31413],[-71.10529,42.31418],[-71.10528,42.31425],[-71.10529,42.31428],[-71.10529,42.3143],[-71.1053,42.31431],[-71.10533,42.31434],[-71.10535,42.31437],[-71.10538,42.3144],[-71.10542,42.31443],[-71.10552,42.31451],[-71.10554,42.31453],[-71.10556,42.31455],[-71.10556,42.31456],[-71.10557,42.31458],[-71.10557,42.3146],[-71.10556,42.31461],[-71.10553,42.31463]]},"properties":{"lts":1,"name":"Pierre Lallement Bike Path","osmId":968253495}},{"type":"Feature","geometry":{"type":"LineString","coordinates":[[-71.1055,42.31473],[-71.10547,42.31474],[-71.10546,42.31476],[-71.10546,42.31478],[-71.10542,42.31497],[-71.10541,42.31501],[-71.1054,42.31504],[-71.10539,42.31507],[-71.10538,42.31511],[-71.10537,42.31514],[-71.10525,42.31541],[-71.10524,42.31544],[-71.10522,42.31548],[-71.10521,42.31551],[-71.1052,42.31556],[-71.10519,42.31562],[-71.10518,42.31569],[-71.10517,42.31574],[-71.10516,42.31578],[-71.10514,42.31583],[-71.10513,42.31587],[-71.10511,42.31592],[-71.10509,42.31597],[-71.10507,42.31601],[-71.10504,42.31607],[-71.10502,42.31611],[-71.105,42.31616],[-71.1049,42.31635],[-71.10488,42.31639],[-71.10486,42.31643],[-71.10484,42.3165],[-71.10483,42.31654],[-71.10482,42.31658],[-71.10481,42.31662],[-71.10481,42.31666],[-71.1048,42.31669],[-71.1048,42.31674],[-71.1048,42.31679],[-71.10479,42.31694],[-71.10481,42.31697],[-71.10482,42.31698]]},"properties":{"lts":1,"name":"Pierre Lallement Bike Path","osmId":969386980}},{"type":"Feature","geometry":{"type":"LineString","coordinates":[[-71.10553,42.31463],[-71.10551,42.31468],[-71.1055,42.31473]]},"properties":{"lts":1,"name":"Pierre Lallement Bike Path","osmId":969386981}},{"type":"Feature","geometry":{"type":"LineString","coordinates":[[-71.10482,42.31698],[-71.10478,42.31703],[-71.10474,42.31709]]},"properties":{"lts":1,"name":"Pierre Lallement Bike Path","osmId":969440902}},{"type":"Feature","geometry":{"type":"LineString","coordinates":[[-71.10474,42.31709],[-71.10474,42.3171],[-71.10458,42.31734],[-71.1045,42.31748],[-71.10425,42.3178],[-71.10384,42.31828],[-71.10364,42.31856],[-71.10331,42.31904],[-71.10311,42.31933]]},"properties":{"lts":1,"name":"Pierre Lallement Bike Path","osmId":969440903}},{"type":"Feature","geometry":{"type":"LineString","coordinates":[[-71.11438,42.30196],[-71.11446,42.302],[-71.11455,42.30205]]},"properties":{"lts":1,"name":"Arborway","osmId":970452853}},{"type":"Feature","geometry":{"type":"LineString","coordinates":[[-71.11439,42.30155],[-71.11448,42.30159],[-71.11456,42.30163]]},"properties":{"lts":1,"name":"Arborway","osmId":970452854}},{"type":"Feature","geometry":{"type":"LineString","coordinates":[[-71.11804,42.30269],[-71.11792,42.30253]]},"properties":{"lts":1,"name":"Arborway","osmId":970452856}},{"type":"Feature","geometry":{"type":"LineString","coordinates":[[-71.11323,42.30235],[-71.11324,42.30234],[-71.11329,42.30229],[-71.11335,42.30224],[-71.11338,42.30222],[-71.11341,42.30221],[-71.11343,42.3022],[-71.11348,42.30217],[-71.1135,42.30216],[-71.11352,42.30215],[-71.11354,42.30213],[-71.11356,42.30211]]},"properties":{"lts":1,"name":"Pierre Lallement Bike Path","osmId":970452857}},{"type":"Feature","geometry":{"type":"LineString","coordinates":[[-71.11353,42.30209],[-71.11355,42.3021],[-71.11356,42.30211],[-71.11357,42.30211],[-71.1136,42.30212],[-71.11363,42.30212],[-71.11365,42.30211],[-71.11367,42.30209],[-71.11369,42.30208],[-71.11369,42.30206],[-71.11368,42.30204],[-71.11367,42.30202],[-71.11367,42.30202],[-71.11365,42.302],[-71.11362,42.302],[-71.1136,42.30199],[-71.11357,42.302],[-71.11355,42.30201],[-71.11353,42.30203],[-71.11352,42.30205],[-71.11352,42.30207],[-71.11353,42.30209]]},"properties":{"lts":1,"name":"Pierre Lallement Bike Path","osmId":970452858}},{"type":"Feature","geometry":{"type":"LineString","coordinates":[[-71.04991,42.35573],[-71.04988,42.35577]]},"properties":{"lts":1,"name":"Boston HarborWalk","osmId":978894904}},{"type":"Feature","geometry":{"type":"LineString","coordinates":[[-71.04975,42.35597],[-71.04973,42.356]]},"properties":{"lts":1,"name":"Boston HarborWalk","osmId":978894905}},{"type":"Feature","geometry":{"type":"LineString","coordinates":[[-71.07283,42.36159],[-71.07282,42.36161],[-71.07279,42.36166]]},"properties":{"lts":1,"name":"Dr. Paul Dudley White Path","osmId":980643138}},{"type":"Feature","geometry":{"type":"LineString","coordinates":[[-71.09364,42.26693],[-71.09365,42.26673],[-71.09366,42.26665]]},"properties":{"lts":1,"name":"Neponset River Greenway","osmId":985555536}},{"type":"Feature","geometry":{"type":"LineString","coordinates":[[-71.09366,42.26665],[-71.09368,42.26595]]},"properties":{"lts":1,"name":"Neponset River Greenway","osmId":985555537}},{"type":"Feature","geometry":{"type":"LineString","coordinates":[[-71.09386,42.2659],[-71.0939,42.2659],[-71.09416,42.26585],[-71.09419,42.26586]]},"properties":{"lts":1,"name":"Neponset River Greenway","osmId":985555538}},{"type":"Feature","geometry":{"type":"LineString","coordinates":[[-71.05228,42.34905],[-71.05202,42.3494],[-71.05183,42.34965],[-71.05169,42.34982],[-71.05165,42.34987],[-71.05163,42.34992],[-71.05161,42.34996]]},"properties":{"lts":1,"name":"Boston Harborwalk","osmId":990899883}},{"type":"Feature","geometry":{"type":"LineString","coordinates":[[-71.0529,42.34823],[-71.05281,42.34834],[-71.05278,42.34835],[-71.05275,42.34836],[-71.05272,42.34838],[-71.05267,42.34842],[-71.05261,42.34851],[-71.0526,42.34854],[-71.05262,42.34856],[-71.05263,42.34858],[-71.05263,42.3486],[-71.05262,42.34862]]},"properties":{"lts":1,"name":"Boston Harborwalk","osmId":990899884}},{"type":"Feature","geometry":{"type":"LineString","coordinates":[[-71.05262,42.34862],[-71.05252,42.34875],[-71.05228,42.34905]]},"properties":{"lts":1,"name":"Boston Harborwalk","osmId":990899887}},{"type":"Feature","geometry":{"type":"LineString","coordinates":[[-71.11771,42.3643],[-71.11771,42.36419],[-71.11771,42.36413]]},"properties":{"lts":1,"name":"Dr. Paul Dudley White Path","osmId":996878227}},{"type":"Feature","geometry":{"type":"LineString","coordinates":[[-71.11774,42.36446],[-71.11774,42.36435],[-71.11771,42.3643]]},"properties":{"lts":1,"name":"Dr. Paul Dudley White Path","osmId":996878228}},{"type":"Feature","geometry":{"type":"LineString","coordinates":[[-71.11771,42.36413],[-71.11776,42.3641],[-71.11777,42.36408],[-71.11777,42.36399]]},"properties":{"lts":1,"name":"Dr. Paul Dudley White Path","osmId":996878229}},{"type":"Feature","geometry":{"type":"LineString","coordinates":[[-71.07523,42.26989],[-71.07334,42.27011]]},"properties":{"lts":1,"name":"Neponset River Greenway","osmId":1046989424}},{"type":"Feature","geometry":{"type":"LineString","coordinates":[[-71.07648,42.26977],[-71.07643,42.26978]]},"properties":{"lts":1,"name":"Neponset River Greenway","osmId":1046989425}},{"type":"Feature","geometry":{"type":"LineString","coordinates":[[-71.07809,42.2694],[-71.07803,42.26943],[-71.07785,42.2695],[-71.07765,42.26954],[-71.07648,42.26977]]},"properties":{"lts":1,"name":"Neponset River Greenway","osmId":1046989426}},{"type":"Feature","geometry":{"type":"LineString","coordinates":[[-71.07969,42.26898],[-71.07963,42.26899]]},"properties":{"lts":1,"name":"Neponset River Greenway","osmId":1046989427}},{"type":"Feature","geometry":{"type":"LineString","coordinates":[[-71.10311,42.31933],[-71.10309,42.3194],[-71.10306,42.31945]]},"properties":{"lts":1,"name":"Pierre Lallement Bike Path","osmId":1050580856}},{"type":"Feature","geometry":{"type":"LineString","coordinates":[[-71.09164,42.3433],[-71.09164,42.34325],[-71.09165,42.34318],[-71.09164,42.34283],[-71.09163,42.34265],[-71.09164,42.3425],[-71.09164,42.34248],[-71.09172,42.34218],[-71.09179,42.34206],[-71.09207,42.34166],[-71.09222,42.34149],[-71.0923,42.34141],[-71.09253,42.34127],[-71.09278,42.34117],[-71.09303,42.34109],[-71.09342,42.34099],[-71.09366,42.34093],[-71.0938,42.34091]]},"properties":{"lts":1,"name":"Lost Emerald Necklace","osmId":1052871409}},{"type":"Feature","geometry":{"type":"LineString","coordinates":[[-71.09362,42.26731],[-71.09363,42.26723]]},"properties":{"lts":1,"name":"Neponset River Greenway","osmId":1075573620}},{"type":"Feature","geometry":{"type":"LineString","coordinates":[[-71.04867,42.32431],[-71.04876,42.32443]]},"properties":{"lts":1,"name":"Boston HarborWalk","osmId":1076718173}},{"type":"Feature","geometry":{"type":"LineString","coordinates":[[-71.11071,42.30619],[-71.11058,42.30644],[-71.11055,42.30649],[-71.11052,42.30653],[-71.11049,42.30658],[-71.11046,42.30664],[-71.11043,42.3067],[-71.11041,42.30674],[-71.11039,42.30679],[-71.11037,42.30682],[-71.11035,42.30685],[-71.11032,42.30689],[-71.11029,42.30692],[-71.11024,42.30697],[-71.11019,42.30702],[-71.11017,42.30704]]},"properties":{"lts":1,"name":"Pierre Lallement Bike Path","osmId":1083635638}},{"type":"Feature","geometry":{"type":"LineString","coordinates":[[-71.1074,42.31009],[-71.10741,42.31011],[-71.10718,42.31045]]},"properties":{"lts":1,"name":"Pierre Lallement Bike Path","osmId":1083635639}},{"type":"Feature","geometry":{"type":"LineString","coordinates":[[-71.10713,42.31049],[-71.10711,42.31052],[-71.10708,42.31055]]},"properties":{"lts":1,"name":"Pierre Lallement Bike Path","osmId":1083635640}},{"type":"Feature","geometry":{"type":"LineString","coordinates":[[-71.09465,42.33153],[-71.09463,42.33158],[-71.09461,42.33161],[-71.0946,42.33162],[-71.09454,42.33169],[-71.09452,42.33172],[-71.09446,42.33181],[-71.09441,42.3319],[-71.09438,42.33197],[-71.09427,42.33209],[-71.09415,42.33219],[-71.09392,42.33237],[-71.09365,42.33258],[-71.09345,42.33275],[-71.09334,42.33289],[-71.09325,42.333],[-71.09318,42.33309],[-71.0931,42.33315],[-71.09302,42.33319],[-71.09295,42.33323],[-71.09289,42.33328],[-71.09284,42.3333]]},"properties":{"lts":1,"name":"Pierre Lallement Bike Path","osmId":1083635643}},{"type":"Feature","geometry":{"type":"LineString","coordinates":[[-71.08391,42.3398],[-71.08396,42.33975],[-71.08402,42.3397]]},"properties":{"lts":1,"name":"Pierre Lallement Bike Path","osmId":1083635647}},{"type":"Feature","geometry":{"type":"LineString","coordinates":[[-71.08315,42.34142],[-71.08332,42.34129],[-71.08335,42.34125],[-71.08337,42.34123]]},"properties":{"lts":1,"name":"Pierre Lallement Bike Path","osmId":1083635648}},{"type":"Feature","geometry":{"type":"LineString","coordinates":[[-71.14666,42.36173],[-71.14664,42.36173],[-71.14663,42.36173],[-71.14662,42.36174],[-71.1466,42.36174],[-71.14611,42.3621]]},"properties":{"lts":1,"name":"Dr. Paul Dudley White Path","osmId":1084266781}},{"type":"Feature","geometry":{"type":"LineString","coordinates":[[-71.12395,42.36862],[-71.12389,42.3686],[-71.12386,42.36859],[-71.12383,42.36859],[-71.12379,42.36858],[-71.12376,42.36858],[-71.12373,42.36858],[-71.12369,42.36859]]},"properties":{"lts":1,"name":"Dr. Paul Dudley White Path","osmId":1084266782}},{"type":"Feature","geometry":{"type":"LineString","coordinates":[[-71.12341,42.36856],[-71.12341,42.36854],[-71.12341,42.36851],[-71.12341,42.36849]]},"properties":{"lts":1,"name":"Dr. Paul Dudley White Path","osmId":1084266783}},{"type":"Feature","geometry":{"type":"LineString","coordinates":[[-71.11734,42.36097],[-71.11735,42.36096],[-71.11738,42.36093],[-71.11738,42.3609]]},"properties":{"lts":1,"name":"Dr. Paul Dudley White Path","osmId":1084266784}},{"type":"Feature","geometry":{"type":"LineString","coordinates":[[-71.11051,42.35213],[-71.11052,42.3521],[-71.11053,42.35208],[-71.11054,42.35206],[-71.11055,42.35204],[-71.11055,42.35203],[-71.11055,42.35202],[-71.11054,42.35201],[-71.11053,42.352],[-71.11053,42.352],[-71.11052,42.35199],[-71.1105,42.35199],[-71.11048,42.35198],[-71.11047,42.35198],[-71.11042,42.35197],[-71.11038,42.35196],[-71.11032,42.35195],[-71.11024,42.35195],[-71.11016,42.35194],[-71.1101,42.35194],[-71.11007,42.35194],[-71.11005,42.35194],[-71.10998,42.35195],[-71.10984,42.35197],[-71.10978,42.35198],[-71.10972,42.35198],[-71.10966,42.35198],[-71.10944,42.35196],[-71.10936,42.35195],[-71.10927,42.35194]]},"properties":{"lts":1,"name":"Dr. Paul Dudley White Path","osmId":1084266785}},{"type":"Feature","geometry":{"type":"LineString","coordinates":[[-71.13779,42.36478],[-71.13776,42.36481],[-71.13773,42.36485],[-71.13771,42.36489],[-71.1377,42.36491],[-71.13771,42.36497],[-71.1377,42.36503],[-71.13769,42.36508],[-71.13766,42.36513],[-71.13761,42.36517],[-71.13753,42.36521],[-71.13743,42.36524],[-71.13737,42.36527],[-71.1373,42.3653],[-71.13726,42.36533],[-71.13724,42.36535],[-71.13722,42.36539],[-71.1372,42.36543],[-71.13719,42.36549],[-71.13716,42.36555],[-71.13713,42.36558],[-71.13702,42.36574],[-71.13698,42.36579],[-71.13693,42.36582],[-71.13686,42.36586],[-71.13679,42.36588],[-71.13673,42.36591],[-71.13668,42.36594],[-71.13662,42.36599],[-71.13658,42.36603],[-71.13654,42.36606],[-71.13651,42.36608],[-71.13647,42.3661],[-71.13639,42.36615],[-71.13632,42.3662],[-71.13625,42.36624],[-71.13621,42.36626],[-71.13618,42.36631],[-71.13617,42.36634],[-71.13616,42.36638],[-71.13613,42.36645],[-71.13609,42.3665],[-71.13604,42.36654],[-71.13596,42.36658],[-71.13588,42.36663],[-71.13579,42.36668],[-71.1357,42.36672],[-71.13564,42.36674],[-71.13561,42.36676],[-71.13551,42.3668]]},"properties":{"lts":1,"name":"Dr. Paul Dudley White Path","osmId":1084268183}},{"type":"Feature","geometry":{"type":"LineString","coordinates":[[-71.16643,42.35804],[-71.16638,42.35804],[-71.16543,42.35804],[-71.16524,42.35804],[-71.1645,42.35804],[-71.16348,42.35801],[-71.16319,42.35802],[-71.16285,42.35803],[-71.16258,42.35805],[-71.16234,42.35807],[-71.16217,42.35811],[-71.16207,42.35814],[-71.16191,42.35819],[-71.1617,42.35826],[-71.16153,42.35835],[-71.16138,42.35844],[-71.16124,42.35851],[-71.1612,42.35854],[-71.16117,42.35856],[-71.16115,42.35857],[-71.16114,42.35858],[-71.16113,42.3586],[-71.16112,42.3586],[-71.16112,42.35861],[-71.16112,42.35862],[-71.16112,42.35863]]},"properties":{"lts":1,"name":"Dr. Paul Dudley White Path","osmId":1086821322}},{"type":"Feature","geometry":{"type":"LineString","coordinates":[[-71.0948,42.33138],[-71.09472,42.33146],[-71.09465,42.33153]]},"properties":{"lts":1,"name":"Pierre Lallement Bike Path","osmId":1087041469}},{"type":"Feature","geometry":{"type":"LineString","coordinates":[[-71.09523,42.331],[-71.09517,42.33106],[-71.09513,42.33111],[-71.09487,42.33135],[-71.09482,42.33137],[-71.0948,42.33138]]},"properties":{"lts":1,"name":"Pierre Lallement Bike Path","osmId":1087041470}},{"type":"Feature","geometry":{"type":"LineString","coordinates":[[-71.10435,42.34436],[-71.10436,42.34432],[-71.10438,42.34428],[-71.1044,42.34425],[-71.10443,42.34422],[-71.10445,42.34419],[-71.1045,42.34414],[-71.10453,42.34411]]},"properties":{"lts":1,"name":"Riverway","osmId":1087259242}},{"type":"Feature","geometry":{"type":"LineString","coordinates":[[-71.1167,42.30228],[-71.11671,42.30231],[-71.11682,42.30232],[-71.11693,42.30233],[-71.11703,42.30234],[-71.11707,42.30234],[-71.1171,42.30235],[-71.11712,42.30235],[-71.11716,42.30236],[-71.11728,42.30238],[-71.11741,42.30241],[-71.11755,42.30244],[-71.11775,42.30249],[-71.11792,42.30253]]},"properties":{"lts":1,"name":"Arborway","osmId":1088840252}},{"type":"Feature","geometry":{"type":"LineString","coordinates":[[-71.10684,42.30044],[-71.10686,42.30044],[-71.10692,42.30049],[-71.10695,42.30051],[-71.10698,42.30053],[-71.10705,42.30057],[-71.10715,42.30062],[-71.10726,42.30068],[-71.10738,42.30075],[-71.10745,42.30078],[-71.10757,42.30085],[-71.10774,42.30094],[-71.10783,42.30098],[-71.10789,42.30101],[-71.10797,42.30105],[-71.108,42.30106],[-71.10806,42.30108],[-71.10811,42.3011],[-71.10815,42.30112],[-71.10822,42.30114],[-71.10828,42.30116],[-71.10829,42.30116],[-71.10831,42.30117],[-71.10835,42.30118],[-71.10839,42.30119],[-71.10845,42.3012],[-71.10851,42.30121],[-71.10858,42.30123],[-71.10864,42.30124],[-71.10867,42.30124],[-71.1087,42.30124],[-71.10876,42.30125],[-71.10883,42.30126],[-71.10887,42.30126],[-71.10893,42.30126],[-71.10898,42.30126],[-71.10903,42.30126],[-71.1094,42.30128],[-71.10981,42.30129],[-71.10985,42.30129],[-71.11008,42.3013],[-71.11014,42.3013],[-71.11018,42.3013],[-71.11021,42.3013],[-71.11023,42.30131],[-71.11026,42.30131],[-71.1103,42.30132],[-71.11033,42.30133],[-71.11036,42.30133],[-71.11039,42.30134],[-71.11043,42.30134],[-71.11047,42.30135],[-71.11052,42.30135],[-71.11055,42.30135],[-71.11058,42.30135],[-71.11062,42.30135],[-71.11067,42.30135],[-71.11072,42.30134],[-71.11077,42.30133],[-71.11081,42.30133],[-71.11086,42.30132],[-71.11092,42.3013],[-71.11103,42.30128],[-71.11108,42.30127],[-71.11113,42.30126],[-71.11119,42.30126],[-71.11123,42.30126],[-71.11152,42.30125]]},"properties":{"lts":1,"name":"Arborway","osmId":1090870651}},{"type":"Feature","geometry":{"type":"LineString","coordinates":[[-71.03938,42.3675],[-71.03932,42.36747]]},"properties":{"lts":1,"name":"Mary Ellen Welch Greenway","osmId":1091348113}},{"type":"Feature","geometry":{"type":"LineString","coordinates":[[-71.10919,42.30741],[-71.10917,42.30745],[-71.10915,42.30747],[-71.10914,42.3075]]},"properties":{"lts":1,"name":"Pierre Lallement Bike Path","osmId":1092239227}},{"type":"Feature","geometry":{"type":"LineString","coordinates":[[-71.10919,42.30741],[-71.10924,42.30736],[-71.10926,42.30734],[-71.10928,42.30732],[-71.1093,42.3073],[-71.10932,42.30728],[-71.10937,42.30726],[-71.10941,42.30724],[-71.10944,42.30723],[-71.1095,42.30722],[-71.10959,42.3072],[-71.10963,42.30719],[-71.10967,42.30719],[-71.10971,42.30719]]},"properties":{"lts":1,"name":"Pierre Lallement Bike Path","osmId":1092239230}},{"type":"Feature","geometry":{"type":"LineString","coordinates":[[-71.04621,42.28236],[-71.04623,42.28235],[-71.04624,42.28233],[-71.04628,42.28228],[-71.04631,42.28224],[-71.04637,42.28214],[-71.0464,42.2821],[-71.04642,42.28205],[-71.04664,42.28163],[-71.04667,42.28157],[-71.04669,42.28153],[-71.04672,42.28149],[-71.04674,42.28146],[-71.04679,42.28141],[-71.04684,42.28136],[-71.0469,42.28131],[-71.04695,42.28126],[-71.04702,42.28121],[-71.04709,42.28115],[-71.04733,42.28098],[-71.0474,42.28093],[-71.04744,42.2809]]},"properties":{"lts":1,"name":"Neponset River Greenway","osmId":1092388936}},{"type":"Feature","geometry":{"type":"LineString","coordinates":[[-71.04376,42.28327],[-71.04388,42.28325],[-71.04407,42.2832]]},"properties":{"lts":1,"name":"Neponset River Greenway","osmId":1092388937}},{"type":"Feature","geometry":{"type":"LineString","coordinates":[[-71.03393,42.37222],[-71.03402,42.37214],[-71.03456,42.3717],[-71.03469,42.37161],[-71.03487,42.37148],[-71.03501,42.37141],[-71.03512,42.37135],[-71.03522,42.37129],[-71.03532,42.37124],[-71.03541,42.37118],[-71.0355,42.37112],[-71.0356,42.37106],[-71.03582,42.37093],[-71.03588,42.37088],[-71.03606,42.37074],[-71.0362,42.37065]]},"properties":{"lts":1,"name":"Mary Ellen Welch Greenway","osmId":1092401162}},{"type":"Feature","geometry":{"type":"LineString","coordinates":[[-71.11461,42.30163],[-71.11463,42.30163],[-71.11466,42.30162]]},"properties":{"lts":1,"name":"Arborway","osmId":1092483705}},{"type":"Feature","geometry":{"type":"LineString","coordinates":[[-71.11461,42.30163],[-71.1146,42.30164],[-71.11459,42.30164],[-71.11457,42.30164],[-71.11456,42.30163]]},"properties":{"lts":1,"name":"Arborway","osmId":1092483717}},{"type":"Feature","geometry":{"type":"LineString","coordinates":[[-71.11466,42.30162],[-71.11469,42.30161],[-71.11471,42.3016],[-71.11472,42.3016]]},"properties":{"lts":1,"name":"Arborway","osmId":1092483718}},{"type":"Feature","geometry":{"type":"LineString","coordinates":[[-71.07643,42.26978],[-71.07581,42.26989],[-71.0757,42.2699],[-71.07559,42.2699],[-71.07545,42.26989],[-71.07535,42.26989],[-71.07523,42.26989]]},"properties":{"lts":1,"name":"Neponset River Greenway","osmId":1104840953}},{"type":"Feature","geometry":{"type":"LineString","coordinates":[[-71.10971,42.30719],[-71.10974,42.3072],[-71.10977,42.30721],[-71.10979,42.30721],[-71.1098,42.30721],[-71.10981,42.30721],[-71.10985,42.3072],[-71.10991,42.30718],[-71.10998,42.30716],[-71.11004,42.30713],[-71.11009,42.30711],[-71.11012,42.30709],[-71.11016,42.30705],[-71.11017,42.30704]]},"properties":{"lts":1,"name":"Pierre Lallement Bike Path","osmId":1113383241}},{"type":"Feature","geometry":{"type":"LineString","coordinates":[[-71.11367,42.30202],[-71.11375,42.30199]]},"properties":{"lts":1,"name":"Arborway","osmId":1113383245}},{"type":"Feature","geometry":{"type":"LineString","coordinates":[[-71.11723,42.31558],[-71.1172,42.31561],[-71.11718,42.31564]]},"properties":{"lts":1,"name":"Jamaicaway Bikepath","osmId":1114737995}},{"type":"Feature","geometry":{"type":"LineString","coordinates":[[-71.10018,42.34048],[-71.10024,42.34049],[-71.10037,42.34052],[-71.10047,42.34054],[-71.10053,42.34057],[-71.10058,42.34061],[-71.10066,42.34063],[-71.10076,42.34067],[-71.10097,42.34071],[-71.101,42.34073],[-71.10102,42.34073],[-71.10116,42.34083],[-71.1014,42.34105],[-71.1016,42.34124],[-71.10205,42.34168],[-71.10238,42.34202],[-71.10299,42.34263],[-71.10302,42.34267],[-71.10302,42.34267],[-71.10303,42.34268],[-71.10303,42.34269]]},"properties":{"lts":1,"name":"Fenway","osmId":1115530980}},{"type":"Feature","geometry":{"type":"LineString","coordinates":[[-71.10431,42.34459],[-71.10431,42.34458],[-71.10432,42.34456],[-71.10432,42.34455],[-71.10433,42.34446],[-71.10434,42.3444],[-71.10435,42.34436]]},"properties":{"lts":1,"name":"Riverway","osmId":1115530985}},{"type":"Feature","geometry":{"type":"LineString","coordinates":[[-71.07492,42.35622],[-71.0749,42.35621],[-71.07487,42.35619],[-71.07482,42.35617],[-71.07478,42.35615],[-71.07474,42.35614],[-71.07473,42.35613],[-71.07468,42.35612],[-71.07462,42.35611],[-71.07456,42.3561],[-71.07451,42.3561],[-71.07446,42.35609],[-71.0744,42.35609],[-71.07434,42.3561],[-71.07427,42.35611],[-71.07421,42.35613],[-71.07414,42.35615],[-71.07409,42.35617]]},"properties":{"lts":1,"name":"Dr. Paul Dudley White Path","osmId":1115824694}},{"type":"Feature","geometry":{"type":"LineString","coordinates":[[-71.0846,42.35317],[-71.08451,42.35317],[-71.08445,42.35317],[-71.0844,42.35316],[-71.08436,42.35316],[-71.08431,42.35317],[-71.08426,42.35318],[-71.0842,42.35319],[-71.08409,42.35322],[-71.0838,42.35329],[-71.08353,42.35337],[-71.08336,42.35342],[-71.08286,42.35355],[-71.08245,42.35366],[-71.08211,42.35375],[-71.08161,42.35389],[-71.08132,42.35397],[-71.08128,42.35398],[-71.08124,42.354],[-71.08119,42.35404],[-71.08109,42.35411],[-71.08105,42.35414],[-71.08098,42.35417],[-71.08091,42.35421],[-71.08074,42.35429],[-71.08069,42.35431],[-71.08059,42.35435],[-71.08049,42.3544],[-71.08042,42.35443],[-71.08039,42.35445],[-71.08036,42.35447],[-71.08033,42.35448],[-71.08028,42.3545],[-71.08024,42.35452],[-71.08021,42.35453],[-71.08018,42.35454],[-71.08008,42.35457],[-71.08003,42.35459],[-71.07997,42.3546],[-71.07973,42.35467],[-71.07958,42.35471],[-71.07939,42.35476],[-71.0793,42.35479],[-71.07917,42.35482],[-71.079,42.35487],[-71.07873,42.35494],[-71.07845,42.35502],[-71.07815,42.3551],[-71.07789,42.35516],[-71.07764,42.35523],[-71.07746,42.35527],[-71.07733,42.35531],[-71.07701,42.3554],[-71.07665,42.35549],[-71.07645,42.35556],[-71.07627,42.3556],[-71.07607,42.35566],[-71.07593,42.3557],[-71.07579,42.35575],[-71.0757,42.35578],[-71.07561,42.35581],[-71.07551,42.35585],[-71.07541,42.3559],[-71.07529,42.35598],[-71.07516,42.35605],[-71.07505,42.35613],[-71.07496,42.35619],[-71.07492,42.35622]]},"properties":{"lts":1,"name":"Dr. Paul Dudley White Path","osmId":1115824695}},{"type":"Feature","geometry":{"type":"LineString","coordinates":[[-71.08877,42.35221],[-71.08844,42.35225],[-71.08817,42.35228],[-71.08805,42.35231],[-71.08792,42.35232],[-71.08773,42.35235],[-71.08746,42.35239],[-71.08729,42.3524],[-71.08718,42.35242],[-71.08707,42.35243],[-71.087,42.35245],[-71.08687,42.35247],[-71.08679,42.3525],[-71.0867,42.35252],[-71.08653,42.35257],[-71.08649,42.35259],[-71.08644,42.35261],[-71.08639,42.35264],[-71.08636,42.35266],[-71.08632,42.35267],[-71.08628,42.35269],[-71.08627,42.35269],[-71.08624,42.3527],[-71.08616,42.35272],[-71.08611,42.35274],[-71.08604,42.35275],[-71.08603,42.35276],[-71.0859,42.35279],[-71.08579,42.35282],[-71.08568,42.35285],[-71.08555,42.35289],[-71.08548,42.35291],[-71.08542,42.35292],[-71.08538,42.35294],[-71.08535,42.35296],[-71.08533,42.35298],[-71.08527,42.35306],[-71.08524,42.35308],[-71.08521,42.3531],[-71.08518,42.35312],[-71.08514,42.35314],[-71.08509,42.35315],[-71.08504,42.35315]]},"properties":{"lts":1,"name":"Dr. Paul Dudley White Path","osmId":1115824698}},{"type":"Feature","geometry":{"type":"LineString","coordinates":[[-71.10927,42.35194],[-71.1092,42.35193],[-71.10908,42.35189],[-71.10893,42.35185],[-71.1088,42.35182],[-71.10871,42.3518],[-71.10863,42.35179],[-71.1085,42.35178],[-71.10841,42.35177],[-71.10834,42.35177],[-71.10828,42.35177],[-71.10808,42.35178],[-71.10797,42.35178],[-71.10788,42.35178],[-71.10779,42.35179],[-71.10766,42.35176],[-71.10755,42.35173],[-71.10746,42.35171],[-71.10737,42.35169],[-71.10724,42.35166],[-71.10712,42.35164],[-71.10701,42.35163],[-71.10674,42.3516],[-71.10661,42.35159],[-71.10643,42.35157],[-71.10628,42.35156],[-71.10582,42.35153],[-71.10551,42.35152],[-71.10519,42.35149],[-71.10488,42.35147],[-71.10455,42.35145],[-71.10397,42.35141],[-71.10356,42.35138],[-71.10337,42.35137],[-71.10325,42.35136],[-71.10317,42.35135],[-71.10298,42.35134],[-71.10247,42.3513],[-71.10222,42.35129],[-71.10087,42.35119],[-71.10068,42.35118],[-71.10022,42.35115],[-71.10009,42.35114],[-71.0995,42.3511],[-71.09903,42.35107],[-71.09856,42.35104],[-71.09816,42.35101],[-71.09803,42.351],[-71.09789,42.351],[-71.09756,42.35097],[-71.09698,42.35093],[-71.09627,42.35089],[-71.09561,42.35084],[-71.09532,42.35082],[-71.09525,42.35082],[-71.09521,42.35082],[-71.09516,42.35082],[-71.09512,42.35083],[-71.09507,42.35084],[-71.095,42.35087],[-71.09491,42.35089],[-71.09482,42.35092],[-71.09472,42.35096],[-71.09466,42.35098],[-71.0946,42.35099],[-71.09455,42.351],[-71.0945,42.35101],[-71.09445,42.35102],[-71.09441,42.35102],[-71.09436,42.35104],[-71.09432,42.35105],[-71.09428,42.35106],[-71.09414,42.35113],[-71.09403,42.35118],[-71.094,42.35119],[-71.09396,42.35119],[-71.09392,42.35119],[-71.09385,42.35119],[-71.09382,42.35119],[-71.09378,42.35119],[-71.09374,42.35119],[-71.09369,42.35121],[-71.09364,42.35123],[-71.09356,42.35127],[-71.09352,42.3513],[-71.09349,42.35132],[-71.09346,42.35133],[-71.09344,42.35135],[-71.09341,42.35138],[-71.09338,42.3514],[-71.09335,42.35142],[-71.09329,42.35144],[-71.09324,42.35146],[-71.09319,42.35148],[-71.0931,42.3515],[-71.09302,42.35152],[-71.09297,42.35154],[-71.09285,42.35158],[-71.09271,42.35162],[-71.09258,42.35167],[-71.09243,42.35171],[-71.09233,42.35174],[-71.09222,42.35177],[-71.09216,42.35178],[-71.09209,42.35179],[-71.092,42.35181],[-71.09192,42.35183],[-71.09186,42.35184],[-71.09177,42.35186],[-71.09169,42.35187],[-71.09153,42.35189],[-71.09138,42.35191],[-71.09125,42.35192],[-71.09089,42.35196],[-71.09071,42.35198],[-71.09054,42.352],[-71.09042,42.35202],[-71.09034,42.35203],[-71.09027,42.35204],[-71.09024,42.35204],[-71.09022,42.35204],[-71.09017,42.35205],[-71.09012,42.35207],[-71.09001,42.35209],[-71.08996,42.3521],[-71.08992,42.3521],[-71.08987,42.35211],[-71.08982,42.35211],[-71.08978,42.35211]]},"properties":{"lts":1,"name":"Dr. Paul Dudley White Path","osmId":1115824699}},{"type":"Feature","geometry":{"type":"LineString","coordinates":[[-71.05096,42.36485],[-71.05095,42.36485],[-71.05093,42.36485]]},"properties":{"lts":1,"name":"Boston HarborWalk","osmId":1116373667}},{"type":"Feature","geometry":{"type":"LineString","coordinates":[[-71.09995,42.34032],[-71.10001,42.34035]]},"properties":{"lts":1,"name":"Lost Emerald Necklace","osmId":1116635898}},{"type":"Feature","geometry":{"type":"LineString","coordinates":[[-71.10405,42.34402],[-71.10407,42.34401],[-71.10408,42.34401],[-71.1041,42.344],[-71.10411,42.34399],[-71.10413,42.34398],[-71.10415,42.34396],[-71.10416,42.34395],[-71.10418,42.34394],[-71.1042,42.34391]]},"properties":{"lts":1,"name":"Park Drive","osmId":1117149298}},{"type":"Feature","geometry":{"type":"LineString","coordinates":[[-71.08504,42.35315],[-71.08496,42.35315]]},"properties":{"lts":1,"name":"Dr. Paul Dudley White Path","osmId":1117419501}},{"type":"Feature","geometry":{"type":"LineString","coordinates":[[-71.08496,42.35315],[-71.08487,42.35315],[-71.08465,42.35316],[-71.0846,42.35317]]},"properties":{"lts":1,"name":"Dr. Paul Dudley White Path","osmId":1117419502}},{"type":"Feature","geometry":{"type":"LineString","coordinates":[[-71.08978,42.35211],[-71.08968,42.35212],[-71.08959,42.35213],[-71.08925,42.35216],[-71.08898,42.35219],[-71.08877,42.35221]]},"properties":{"lts":1,"name":"Dr. Paul Dudley White Path","osmId":1117419503}},{"type":"Feature","geometry":{"type":"LineString","coordinates":[[-71.04632,42.31302],[-71.04634,42.31308],[-71.04636,42.31311]]},"properties":{"lts":1,"name":"Boston HarborWalk","osmId":1134059579}},{"type":"Feature","geometry":{"type":"LineString","coordinates":[[-71.07963,42.26899],[-71.07946,42.26904],[-71.07927,42.26912],[-71.07914,42.26917],[-71.07902,42.26919],[-71.07879,42.2692],[-71.07855,42.26919],[-71.0784,42.26922],[-71.07826,42.2693],[-71.07816,42.26936]]},"properties":{"lts":1,"name":"Neponset River Greenway","osmId":1147451287}},{"type":"Feature","geometry":{"type":"LineString","coordinates":[[-71.07816,42.26936],[-71.07809,42.2694]]},"properties":{"lts":1,"name":"Neponset River Greenway","osmId":1147451288}},{"type":"Feature","geometry":{"type":"LineString","coordinates":[[-71.11571,42.32694],[-71.11567,42.32701],[-71.11562,42.32714],[-71.11555,42.3273],[-71.11553,42.32749],[-71.11552,42.3278],[-71.1155,42.32794],[-71.11547,42.32806],[-71.11543,42.32816],[-71.11537,42.32836],[-71.11528,42.3286],[-71.1152,42.32876],[-71.11509,42.32892],[-71.11505,42.32896],[-71.11492,42.32914],[-71.11471,42.32945]]},"properties":{"lts":1,"name":"Riverdale Parkway Bikepath","osmId":1160071607}},{"type":"Feature","geometry":{"type":"LineString","coordinates":[[-71.11618,42.32615],[-71.11617,42.32617],[-71.11614,42.32622],[-71.11611,42.32628],[-71.11607,42.32638],[-71.11598,42.32658],[-71.11589,42.32672],[-71.11577,42.32687],[-71.11571,42.32694]]},"properties":{"lts":1,"name":"Riverdale Parkway Bikepath","osmId":1160071609}},{"type":"Feature","geometry":{"type":"LineString","coordinates":[[-71.11929,42.3229],[-71.11925,42.32293],[-71.11917,42.32298],[-71.11908,42.32304],[-71.11902,42.32307],[-71.11891,42.32312],[-71.1188,42.32316],[-71.11864,42.32321],[-71.11855,42.32324],[-71.11853,42.32325],[-71.11855,42.32332],[-71.11857,42.32337],[-71.11857,42.32341],[-71.11857,42.32345]]},"properties":{"lts":1,"name":"Riverdale Parkway Bikepath","osmId":1160071610}},{"type":"Feature","geometry":{"type":"LineString","coordinates":[[-71.11637,42.32575],[-71.11637,42.32575],[-71.11634,42.32588]]},"properties":{"lts":1,"name":"Riverdale Parkway Bikepath","osmId":1160071611}},{"type":"Feature","geometry":{"type":"LineString","coordinates":[[-71.10259,42.34313],[-71.10259,42.34313],[-71.1026,42.34313],[-71.1026,42.34312],[-71.10302,42.34272],[-71.10303,42.34271],[-71.10303,42.3427],[-71.10303,42.34269]]},"properties":{"lts":1,"name":"Brookline Avenue","osmId":1188202313}},{"type":"Feature","geometry":{"type":"LineString","coordinates":[[-71.11271,42.33364],[-71.11276,42.3336],[-71.11282,42.33353]]},"properties":{"lts":1,"name":"Brookline Avenue","osmId":1188204484}},{"type":"Feature","geometry":{"type":"LineString","coordinates":[[-71.11155,42.33475],[-71.11169,42.33462]]},"properties":{"lts":1,"name":"Brookline Avenue","osmId":1188215470}},{"type":"Feature","geometry":{"type":"LineString","coordinates":[[-71.11175,42.33702],[-71.1117,42.33694]]},"properties":{"lts":1,"name":"Muddy River Bikepath","osmId":1188215478}},{"type":"Feature","geometry":{"type":"LineString","coordinates":[[-71.12369,42.36859],[-71.12366,42.3686],[-71.12364,42.36861],[-71.12361,42.36863]]},"properties":{"lts":1,"name":"Dr. Paul Dudley White Path","osmId":1199337391}},{"type":"Feature","geometry":{"type":"LineString","coordinates":[[-71.12341,42.36849],[-71.1234,42.36847],[-71.12339,42.36845],[-71.12337,42.36843],[-71.12335,42.36842],[-71.12333,42.36841]]},"properties":{"lts":1,"name":"Dr. Paul Dudley White Path","osmId":1199337392}},{"type":"Feature","geometry":{"type":"LineString","coordinates":[[-71.08788,42.33648],[-71.08786,42.33647],[-71.08793,42.33641]]},"properties":{"lts":1,"name":"Pierre Lallement Bike Path","osmId":1201197712}},{"type":"Feature","geometry":{"type":"LineString","coordinates":[[-71.08776,42.33655],[-71.08782,42.33652],[-71.08788,42.33648]]},"properties":{"lts":1,"name":"Pierre Lallement Bike Path","osmId":1201197713}},{"type":"Feature","geometry":{"type":"LineString","coordinates":[[-71.09419,42.26586],[-71.09426,42.26587],[-71.09436,42.26589]]},"properties":{"lts":1,"name":"Neponset River Greenway","osmId":1202651238}},{"type":"Feature","geometry":{"type":"LineString","coordinates":[[-71.09373,42.26593],[-71.09378,42.26592],[-71.09386,42.2659]]},"properties":{"lts":1,"name":"Neponset River Greenway","osmId":1202651239}},{"type":"Feature","geometry":{"type":"LineString","coordinates":[[-71.11373,42.33144],[-71.11372,42.33144],[-71.11368,42.33151],[-71.11365,42.33154],[-71.11362,42.33157],[-71.1136,42.33159],[-71.11357,42.3316],[-71.11353,42.33161],[-71.1135,42.33163],[-71.11347,42.33164],[-71.11344,42.33166],[-71.1134,42.33167],[-71.11339,42.33168],[-71.11339,42.33168],[-71.11339,42.33173],[-71.11339,42.33173]]},"properties":{"lts":1,"name":"Emerald Necklace Trail","osmId":1202689105}},{"type":"Feature","geometry":{"type":"LineString","coordinates":[[-71.11339,42.33173],[-71.1134,42.33175],[-71.11341,42.3318],[-71.11342,42.33184]]},"properties":{"lts":1,"name":"Emerald Necklace Trail","osmId":1202689108}},{"type":"Feature","geometry":{"type":"LineString","coordinates":[[-71.11379,42.33135],[-71.11376,42.33139],[-71.11373,42.33142]]},"properties":{"lts":1,"name":"Emerald Necklace Trail","osmId":1202689109}},{"type":"Feature","geometry":{"type":"LineString","coordinates":[[-71.04527,42.30935],[-71.04526,42.30945],[-71.04523,42.3097],[-71.04522,42.30993],[-71.04523,42.3101],[-71.04525,42.31031],[-71.04528,42.31061],[-71.04532,42.31082],[-71.04537,42.31102],[-71.04542,42.31115],[-71.04546,42.31125],[-71.04545,42.31131],[-71.04548,42.3114],[-71.04558,42.31161],[-71.04562,42.31163],[-71.04582,42.31206],[-71.04617,42.31272],[-71.04621,42.3128]]},"properties":{"lts":1,"name":"Boston HarborWalk","osmId":1205081801}},{"type":"Feature","geometry":{"type":"LineString","coordinates":[[-71.0479,42.29842],[-71.04785,42.29832],[-71.04759,42.29783],[-71.0473,42.2973],[-71.04725,42.29719],[-71.0472,42.29707],[-71.04712,42.29688],[-71.04702,42.2966],[-71.04697,42.29649],[-71.04694,42.29641],[-71.04691,42.29636],[-71.04672,42.29604],[-71.04637,42.29546],[-71.04619,42.29514],[-71.04603,42.29485],[-71.0459,42.2946],[-71.04556,42.29393],[-71.04519,42.29323]]},"properties":{"lts":1,"name":"Boston Harbor Walk and Neponset River Greenway","osmId":1205083987}},{"type":"Feature","geometry":{"type":"LineString","coordinates":[[-71.0423,42.29054],[-71.0423,42.29053],[-71.04225,42.29009],[-71.04225,42.29002],[-71.04226,42.28997],[-71.04229,42.2899],[-71.04233,42.28982],[-71.04235,42.28978],[-71.04239,42.28974],[-71.04244,42.28971]]},"properties":{"lts":1,"name":"Boston Harbor Walk and Neponset River Greenway","osmId":1206709969}},{"type":"Feature","geometry":{"type":"LineString","coordinates":[[-71.04519,42.29323],[-71.04497,42.2933],[-71.04473,42.29333],[-71.04447,42.2933],[-71.04429,42.29325],[-71.04425,42.29323],[-71.04418,42.29318],[-71.04385,42.29292]]},"properties":{"lts":1,"name":"Boston Harbor Walk and Neponset River Greenway","osmId":1206709970}},{"type":"Feature","geometry":{"type":"LineString","coordinates":[[-71.13683,42.23792],[-71.13675,42.2379],[-71.13611,42.23786],[-71.1359,42.23784],[-71.13579,42.23782],[-71.13575,42.2378],[-71.13571,42.23777],[-71.13565,42.23775],[-71.13559,42.23774],[-71.13536,42.23777],[-71.13511,42.23788],[-71.13494,42.23788]]},"properties":{"lts":1,"name":"Dedham Heritage Rail Trail","osmId":1212091777}},{"type":"Feature","geometry":{"type":"LineString","coordinates":[[-71.04744,42.29527],[-71.0474,42.29528],[-71.04637,42.29546]]},"properties":{"lts":1,"name":"Boston Harbor Walk and Neponset River Greenway","osmId":1257572963}},{"type":"Feature","geometry":{"type":"LineString","coordinates":[[-71.11735,42.36112],[-71.11735,42.36107],[-71.11734,42.36097]]},"properties":{"lts":1,"name":"Dr. Paul Dudley White Path","osmId":1267768738}},{"type":"Feature","geometry":{"type":"LineString","coordinates":[[-71.08776,42.33655],[-71.0877,42.33659]]},"properties":{"lts":1,"name":"Pierre Lallement Bike Path","osmId":1271777005}},{"type":"Feature","geometry":{"type":"LineString","coordinates":[[-71.09284,42.3333],[-71.09279,42.33333],[-71.09275,42.33336]]},"properties":{"lts":1,"name":"Pierre Lallement Bike Path","osmId":1281288094}},{"type":"Feature","geometry":{"type":"LineString","coordinates":[[-71.09786,42.32697],[-71.09777,42.32725],[-71.09766,42.32751],[-71.0976,42.32762],[-71.09743,42.3279],[-71.09733,42.32808],[-71.09726,42.32821]]},"properties":{"lts":1,"name":"Pierre Lallement Bike Path","osmId":1281288097}},{"type":"Feature","geometry":{"type":"LineString","coordinates":[[-71.09726,42.32821],[-71.09724,42.32824],[-71.09722,42.32829]]},"properties":{"lts":1,"name":"Pierre Lallement Bike Path","osmId":1281288098}},{"type":"Feature","geometry":{"type":"LineString","coordinates":[[-71.10022,42.32288],[-71.09981,42.32354],[-71.09976,42.32364]]},"properties":{"lts":1,"name":"Pierre Lallement Bike Path","osmId":1281288100}},{"type":"Feature","geometry":{"type":"LineString","coordinates":[[-71.09722,42.32829],[-71.09721,42.3283]]},"properties":{"lts":1,"name":"Pierre Lallement Bike Path","osmId":1281321456}},{"type":"Feature","geometry":{"type":"LineString","coordinates":[[-71.11331,42.33255],[-71.11312,42.33272],[-71.11303,42.3328],[-71.113,42.33282],[-71.11297,42.33286],[-71.11293,42.3329],[-71.11289,42.33295],[-71.1128,42.33307],[-71.11277,42.33311],[-71.11275,42.33315],[-71.11273,42.33317],[-71.11273,42.33318],[-71.11272,42.33321]]},"properties":{"lts":1,"name":"Emerald Necklace Trail","osmId":1282495342}},{"type":"Feature","geometry":{"type":"LineString","coordinates":[[-71.11272,42.33321],[-71.11271,42.33323],[-71.11269,42.33327],[-71.11267,42.33331]]},"properties":{"lts":1,"name":"Emerald Necklace Trail","osmId":1282495343}},{"type":"Feature","geometry":{"type":"LineString","coordinates":[[-71.11277,42.30121],[-71.11259,42.30121],[-71.11251,42.30121]]},"properties":{"lts":1,"name":"Arborway","osmId":1287902963}},{"type":"Feature","geometry":{"type":"LineString","coordinates":[[-71.1124,42.30163],[-71.1122,42.30164],[-71.11209,42.30165],[-71.11205,42.30165],[-71.11204,42.30165]]},"properties":{"lts":1,"name":"Pierre Lallement Bike Path","osmId":1287902966}},{"type":"Feature","geometry":{"type":"LineString","coordinates":[[-71.10655,42.30075],[-71.10651,42.30073],[-71.10646,42.30071],[-71.10637,42.30068]]},"properties":{"lts":1,"name":"Pierre Lallement Bike Path","osmId":1287902974}},{"type":"Feature","geometry":{"type":"LineString","coordinates":[[-71.10606,42.30021],[-71.10631,42.30027],[-71.10635,42.30028],[-71.10638,42.30029],[-71.1065,42.30033],[-71.10657,42.30034],[-71.10662,42.30035],[-71.10671,42.30037],[-71.10674,42.30039]]},"properties":{"lts":1,"name":"Morton Street","osmId":1287902977}},{"type":"Feature","geometry":{"type":"LineString","coordinates":[[-71.10684,42.30044],[-71.10678,42.30041],[-71.10674,42.30039]]},"properties":{"lts":1,"name":"Arborway","osmId":1287902979}},{"type":"Feature","geometry":{"type":"LineString","coordinates":[[-71.10573,42.30015],[-71.10568,42.30014],[-71.10563,42.30013]]},"properties":{"lts":1,"name":"Morton Street","osmId":1287902992}},{"type":"Feature","geometry":{"type":"LineString","coordinates":[[-71.10694,42.30091],[-71.10678,42.30082],[-71.10675,42.3008],[-71.10671,42.30078],[-71.10668,42.30078],[-71.10664,42.30077],[-71.10658,42.30076],[-71.10655,42.30075]]},"properties":{"lts":1,"name":"Pierre Lallement Bike Path","osmId":1288190832}},{"type":"Feature","geometry":{"type":"LineString","coordinates":[[-71.11633,42.32597],[-71.11632,42.32599],[-71.11631,42.32602],[-71.11628,42.32605],[-71.11627,42.32606],[-71.11621,42.32611],[-71.11618,42.32615]]},"properties":{"lts":1,"name":"Riverdale Parkway Bikepath","osmId":1289727502}},{"type":"Feature","geometry":{"type":"LineString","coordinates":[[-71.11634,42.32588],[-71.11633,42.32593],[-71.11633,42.32597]]},"properties":{"lts":1,"name":"Riverdale Parkway Bikepath","osmId":1289727503}},{"type":"Feature","geometry":{"type":"LineString","coordinates":[[-71.10274,42.34609],[-71.1027,42.3461],[-71.10266,42.34612]]},"properties":{"lts":1,"name":"Fenway Multi-Use Path","osmId":1291151684}},{"type":"Feature","geometry":{"type":"LineString","coordinates":[[-71.07245,42.36],[-71.07244,42.35999],[-71.07242,42.35996],[-71.07242,42.35995],[-71.07241,42.35993],[-71.0724,42.35991],[-71.0724,42.35989],[-71.0724,42.35987],[-71.0724,42.35986],[-71.0724,42.35984],[-71.0724,42.35983],[-71.0724,42.35982],[-71.07241,42.3598],[-71.07242,42.35978],[-71.07243,42.35977],[-71.07244,42.35975]]},"properties":{"lts":1,"name":"Frances Appleton Bridge","osmId":1293720483}},{"type":"Feature","geometry":{"type":"LineString","coordinates":[[-71.11373,42.33142],[-71.11373,42.33144]]},"properties":{"lts":1,"name":"Emerald Necklace Trail","osmId":1299445253}},{"type":"Feature","geometry":{"type":"LineString","coordinates":[[-71.11342,42.33186],[-71.11343,42.33191],[-71.11345,42.33196],[-71.11345,42.33197]]},"properties":{"lts":1,"name":"Emerald Necklace Trail","osmId":1299905993}},{"type":"Feature","geometry":{"type":"LineString","coordinates":[[-71.11342,42.33184],[-71.11342,42.33186]]},"properties":{"lts":1,"name":"Emerald Necklace Trail","osmId":1299905994}},{"type":"Feature","geometry":{"type":"LineString","coordinates":[[-71.06876,42.36637],[-71.06848,42.36661],[-71.06845,42.36664],[-71.06844,42.36666],[-71.06844,42.36668]]},"properties":{"lts":1,"name":"Dr. Paul Dudley White Path","osmId":1301639967}},{"type":"Feature","geometry":{"type":"LineString","coordinates":[[-71.06883,42.36631],[-71.06879,42.36634],[-71.06876,42.36637]]},"properties":{"lts":1,"name":"Dr. Paul Dudley White Path","osmId":1301639968}},{"type":"Feature","geometry":{"type":"LineString","coordinates":[[-71.07285,42.27017],[-71.07278,42.27018]]},"properties":{"lts":1,"name":"Neponset River Greenway","osmId":1314014282}},{"type":"Feature","geometry":{"type":"LineString","coordinates":[[-71.07334,42.27011],[-71.07331,42.27011],[-71.0733,42.2701],[-71.07322,42.27011],[-71.07312,42.27013],[-71.07307,42.27015]]},"properties":{"lts":1,"name":"Neponset River Greenway","osmId":1314014294}},{"type":"Feature","geometry":{"type":"LineString","coordinates":[[-71.07307,42.27015],[-71.07285,42.27017]]},"properties":{"lts":1,"name":"Neponset River Greenway","osmId":1314014295}},{"type":"Feature","geometry":{"type":"LineString","coordinates":[[-71.11345,42.33197],[-71.11345,42.33198],[-71.11348,42.33211],[-71.11349,42.33215],[-71.11349,42.33218],[-71.11349,42.33222],[-71.11348,42.33225],[-71.11346,42.3323],[-71.11343,42.33237],[-71.1134,42.33241],[-71.11338,42.33245],[-71.11336,42.33249],[-71.11334,42.33251],[-71.11331,42.33255]]},"properties":{"lts":1,"name":"Emerald Necklace Trail","osmId":1315458792}},{"type":"Feature","geometry":{"type":"LineString","coordinates":[[-71.14339,42.2399],[-71.13755,42.23807],[-71.13747,42.23805],[-71.13741,42.23804],[-71.13722,42.23802],[-71.13716,42.23801],[-71.1371,42.238]]},"properties":{"lts":1,"name":"Dedham Heritage Rail Trail","osmId":1316241904}},{"type":"Feature","geometry":{"type":"LineString","coordinates":[[-71.1371,42.238],[-71.13683,42.23792]]},"properties":{"lts":1,"name":"Dedham Heritage Rail Trail","osmId":1316241905}},{"type":"Feature","geometry":{"type":"LineString","coordinates":[[-71.05994,42.27431],[-71.05962,42.27447],[-71.05952,42.27451],[-71.05917,42.27467],[-71.05908,42.27471],[-71.05899,42.27476],[-71.0589,42.27481],[-71.05875,42.2749],[-71.05809,42.27536],[-71.05755,42.27572],[-71.05666,42.27633],[-71.05654,42.2764],[-71.05631,42.27657],[-71.05618,42.27666],[-71.05579,42.27692],[-71.05543,42.27716],[-71.05522,42.27729],[-71.05518,42.27732],[-71.05514,42.27734],[-71.05509,42.27737],[-71.05502,42.27739],[-71.0549,42.27744],[-71.05479,42.27749],[-71.05407,42.27781],[-71.05396,42.27786]]},"properties":{"lts":1,"name":"Neponset River Greenway","osmId":1317489252}},{"type":"Feature","geometry":{"type":"LineString","coordinates":[[-71.04099,42.28453],[-71.04114,42.28448],[-71.04135,42.28437],[-71.04139,42.28436],[-71.04151,42.28427],[-71.04155,42.28423],[-71.04165,42.28412],[-71.04188,42.28384],[-71.04203,42.28363],[-71.04209,42.28357],[-71.04215,42.28351],[-71.04227,42.28345],[-71.0424,42.28341],[-71.04247,42.28339],[-71.04258,42.28338],[-71.04262,42.28338],[-71.04269,42.2834],[-71.04276,42.28343],[-71.04286,42.28348],[-71.04294,42.28354],[-71.04303,42.28364],[-71.04307,42.28367],[-71.04316,42.2837],[-71.04325,42.28371],[-71.04334,42.28369],[-71.0434,42.28367],[-71.04347,42.28361],[-71.04376,42.28327]]},"properties":{"lts":1,"name":"Neponset River Greenway","osmId":1317491240}},{"type":"Feature","geometry":{"type":"LineString","coordinates":[[-71.03943,42.28556],[-71.03948,42.28548],[-71.03953,42.28542],[-71.03962,42.28532],[-71.03979,42.28519],[-71.04018,42.28488],[-71.04021,42.28486],[-71.04041,42.28472],[-71.04046,42.2847],[-71.04059,42.28465],[-71.04072,42.2846],[-71.04081,42.28457],[-71.04099,42.28453]]},"properties":{"lts":1,"name":"Neponset River Greenway","osmId":1317491242}},{"type":"Feature","geometry":{"type":"LineString","coordinates":[[-71.12644,42.2417],[-71.1265,42.24247],[-71.12651,42.24257],[-71.12651,42.24266]]},"properties":{"lts":1,"name":"Neponset River Greenway","osmId":1319077177}},{"type":"Feature","geometry":{"type":"LineString","coordinates":[[-71.04817,42.30115],[-71.04818,42.30106],[-71.04819,42.30097],[-71.04819,42.30095],[-71.04818,42.30086],[-71.04818,42.30071],[-71.04816,42.30063],[-71.04815,42.30058],[-71.04814,42.30053],[-71.0481,42.30045],[-71.04791,42.30009],[-71.04751,42.29935],[-71.04721,42.29886],[-71.04718,42.29879],[-71.04714,42.29874]]},"properties":{"lts":1,"name":"Boston Harbor Walk and Neponset River Greenway","osmId":1327126614}},{"type":"Feature","geometry":{"type":"LineString","coordinates":[[-71.04714,42.29874],[-71.0479,42.29842]]},"properties":{"lts":1,"name":"Boston Harbor Walk and Neponset River Greenway","osmId":1327126615}},{"type":"Feature","geometry":{"type":"LineString","coordinates":[[-71.10598,42.3002],[-71.10602,42.30021],[-71.10606,42.30021]]},"properties":{"lts":1,"name":"Morton Street","osmId":1329969242}},{"type":"Feature","geometry":{"type":"LineString","coordinates":[[-71.10573,42.30015],[-71.10577,42.30016],[-71.10585,42.30017],[-71.10598,42.3002]]},"properties":{"lts":1,"name":"Morton Street","osmId":1329969243}},{"type":"Feature","geometry":{"type":"LineString","coordinates":[[-71.11251,42.30121],[-71.11249,42.3012],[-71.11236,42.30121],[-71.11218,42.30122],[-71.11213,42.30123]]},"properties":{"lts":1,"name":"Arborway","osmId":1329992060}},{"type":"Feature","geometry":{"type":"LineString","coordinates":[[-71.11204,42.30165],[-71.11199,42.30165],[-71.11188,42.30165],[-71.11175,42.30166],[-71.11171,42.30167],[-71.11167,42.30167],[-71.11163,42.30166],[-71.11161,42.30166],[-71.11158,42.30166],[-71.11157,42.30166],[-71.11148,42.30167],[-71.1111,42.30168],[-71.11089,42.30168],[-71.11082,42.30168],[-71.11076,42.30168],[-71.11062,42.30168]]},"properties":{"lts":1,"name":"Pierre Lallement Bike Path","osmId":1330014510}},{"type":"Feature","geometry":{"type":"LineString","coordinates":[[-71.10845,42.30155],[-71.10832,42.30151],[-71.10825,42.3015],[-71.10819,42.30148],[-71.1081,42.30145],[-71.10806,42.30144],[-71.10803,42.30143],[-71.10797,42.30141],[-71.10791,42.30139],[-71.10787,42.30137],[-71.10782,42.30135],[-71.10779,42.30134],[-71.10772,42.30131],[-71.10768,42.30129],[-71.10764,42.30127],[-71.10759,42.30124],[-71.10728,42.30108],[-71.10704,42.30096],[-71.10702,42.30095]]},"properties":{"lts":1,"name":"Pierre Lallement Bike Path","osmId":1330014514}},{"type":"Feature","geometry":{"type":"LineString","coordinates":[[-71.11152,42.30125],[-71.11157,42.30124],[-71.11163,42.30124]]},"properties":{"lts":1,"name":"Arborway","osmId":1330014517}},{"type":"Feature","geometry":{"type":"LineString","coordinates":[[-71.11163,42.30124],[-71.11173,42.30123],[-71.11184,42.30123],[-71.1119,42.30122],[-71.11193,42.30122],[-71.11197,42.30122],[-71.11201,42.30122],[-71.11206,42.30123],[-71.11213,42.30123]]},"properties":{"lts":1,"name":"Arborway","osmId":1330014518}},{"type":"Feature","geometry":{"type":"LineString","coordinates":[[-71.10115,42.3469],[-71.1012,42.34689]]},"properties":{"lts":1,"name":"Fenway Multi-Use Path","osmId":1333656315}},{"type":"Feature","geometry":{"type":"LineString","coordinates":[[-71.14691,42.36144],[-71.14689,42.36146],[-71.14687,42.36147],[-71.14686,42.36149],[-71.14685,42.3615],[-71.14684,42.36151],[-71.14684,42.36153],[-71.14684,42.36154],[-71.14685,42.36155],[-71.14686,42.36156]]},"properties":{"lts":1,"name":"Dr. Paul Dudley White Path","osmId":1355512555}},{"type":"Feature","geometry":{"type":"LineString","coordinates":[[-71.05396,42.27786],[-71.05391,42.27788],[-71.05386,42.2779],[-71.05381,42.27791],[-71.05379,42.27792]]},"properties":{"lts":1,"name":"Neponset River Greenway","osmId":1357776219}},{"type":"Feature","geometry":{"type":"LineString","coordinates":[[-71.05379,42.27792],[-71.05372,42.27795],[-71.05364,42.27798]]},"properties":{"lts":1,"name":"Neponset River Greenway","osmId":1357776220}},{"type":"Feature","geometry":{"type":"LineString","coordinates":[[-71.10405,42.34402],[-71.10402,42.34403],[-71.10399,42.34403],[-71.10397,42.34403],[-71.10393,42.34404],[-71.1039,42.34404],[-71.10387,42.34403],[-71.10383,42.34403],[-71.10381,42.34402],[-71.10377,42.34401],[-71.10376,42.34401],[-71.10372,42.34399],[-71.10368,42.34397],[-71.10365,42.34396],[-71.10362,42.34394],[-71.10357,42.3439],[-71.10351,42.34386]]},"properties":{"lts":1,"name":"Riverway","osmId":1366032450}},{"type":"Feature","geometry":{"type":"LineString","coordinates":[[-71.08402,42.3397],[-71.08371,42.33949],[-71.08357,42.33939]]},"properties":{"lts":1,"name":"Pierre Lallement Bike Path","osmId":1370936861}},{"type":"Feature","geometry":{"type":"LineString","coordinates":[[-71.11155,42.33475],[-71.11146,42.33483],[-71.11145,42.33484],[-71.11144,42.33485],[-71.11143,42.33485],[-71.11142,42.33485],[-71.11141,42.33485],[-71.11137,42.33485]]},"properties":{"lts":1,"name":"Brookline Avenue","osmId":1374308396}},{"type":"Feature","geometry":{"type":"LineString","coordinates":[[-71.11267,42.33331],[-71.11264,42.33334],[-71.11261,42.33338],[-71.11258,42.33341],[-71.11258,42.33343],[-71.11257,42.33345],[-71.11256,42.3335],[-71.11255,42.33357],[-71.11255,42.3336],[-71.11254,42.33362],[-71.11253,42.33365],[-71.11251,42.33369],[-71.11249,42.33373],[-71.11246,42.33377]]},"properties":{"lts":1,"name":"Emerald Necklace Trail","osmId":1377860559}},{"type":"Feature","geometry":{"type":"LineString","coordinates":[[-71.1043,42.34465],[-71.10431,42.34459]]},"properties":{"lts":1,"name":"Riverway","osmId":1381577374}},{"type":"Feature","geometry":{"type":"LineString","coordinates":[[-71.10334,42.34282],[-71.1033,42.34286],[-71.10328,42.34288]]},"properties":{"lts":1,"name":"Brookline Avenue","osmId":1381858899}},{"type":"Feature","geometry":{"type":"LineString","coordinates":[[-71.10299,42.34263],[-71.10303,42.34261]]},"properties":{"lts":1,"name":"Brookline Avenue","osmId":1381858900}},{"type":"Feature","geometry":{"type":"LineString","coordinates":[[-71.04757,42.2808],[-71.04765,42.28073],[-71.04768,42.2807],[-71.04772,42.28067],[-71.04779,42.28061],[-71.04787,42.28056],[-71.04799,42.28047],[-71.04825,42.28032]]},"properties":{"lts":1,"name":"Neponset River Greenway","osmId":1385851478}},{"type":"Feature","geometry":{"type":"LineString","coordinates":[[-71.12652,42.24284],[-71.12651,42.2429],[-71.1265,42.24293],[-71.12649,42.24301],[-71.12649,42.24311],[-71.12647,42.24402]]},"properties":{"lts":1,"name":"Neponset River Greenway","osmId":1385897221}},{"type":"Feature","geometry":{"type":"LineString","coordinates":[[-71.12651,42.24266],[-71.12651,42.24271],[-71.12652,42.24279],[-71.12652,42.24284]]},"properties":{"lts":1,"name":"Neponset River Greenway","osmId":1385897222}},{"type":"Feature","geometry":{"type":"LineString","coordinates":[[-71.04803,42.30292],[-71.04808,42.30235],[-71.04797,42.3019],[-71.04809,42.30148],[-71.04817,42.30115]]},"properties":{"lts":1,"name":"Boston Harbor Walk and Neponset River Greenway","osmId":1389937392}},{"type":"Feature","geometry":{"type":"LineString","coordinates":[[-71.04804,42.30304],[-71.04803,42.30292]]},"properties":{"lts":1,"name":"Boston Harbor Walk and Neponset River Greenway","osmId":1389937393}},{"type":"Feature","geometry":{"type":"LineString","coordinates":[[-71.04796,42.30326],[-71.04802,42.30312],[-71.04804,42.30304]]},"properties":{"lts":1,"name":"Boston Harbor Walk and Neponset River Greenway","osmId":1395302419}},{"type":"Feature","geometry":{"type":"LineString","coordinates":[[-71.16112,42.35863],[-71.1611,42.35865],[-71.16104,42.35871],[-71.16101,42.35874]]},"properties":{"lts":1,"name":"Dr. Paul Dudley White Path","osmId":1412407993}},{"type":"Feature","geometry":{"type":"LineString","coordinates":[[-71.13255,42.37229],[-71.13254,42.3723],[-71.13253,42.37231],[-71.13252,42.37231],[-71.13251,42.37232],[-71.1325,42.37233],[-71.13249,42.37233],[-71.13247,42.37233],[-71.13244,42.37234],[-71.13234,42.37235],[-71.13225,42.37236],[-71.1322,42.37236],[-71.13215,42.37236],[-71.13211,42.37236],[-71.13204,42.37236],[-71.132,42.37235],[-71.13195,42.37234],[-71.13192,42.37234],[-71.1319,42.37235]]},"properties":{"lts":1,"name":"Dr. Paul Dudley White Path","osmId":1412557699}},{"type":"Feature","geometry":{"type":"LineString","coordinates":[[-71.10563,42.30013],[-71.10559,42.30013],[-71.10557,42.30013],[-71.10555,42.30013],[-71.10554,42.30013],[-71.10553,42.30013],[-71.10552,42.30013],[-71.10551,42.30013],[-71.1055,42.30013],[-71.10549,42.30014],[-71.10545,42.30015],[-71.10535,42.30019]]},"properties":{"lts":1,"name":"Morton Street","osmId":1413413190}},{"type":"Feature","geometry":{"type":"LineString","coordinates":[[-71.09436,42.26589],[-71.0944,42.2659]]},"properties":{"lts":1,"name":"Neponset River Greenway","osmId":1413558860}},{"type":"Feature","geometry":{"type":"LineString","coordinates":[[-71.09368,42.26595],[-71.09373,42.26593]]},"properties":{"lts":1,"name":"Neponset River Greenway","osmId":1413558861}},{"type":"Feature","geometry":{"type":"LineString","coordinates":[[-71.14674,42.36164],[-71.14672,42.36166]]},"properties":{"lts":1,"name":"Dr. Paul Dudley White Path","osmId":1413969598}},{"type":"Feature","geometry":{"type":"LineString","coordinates":[[-71.14672,42.36166],[-71.14669,42.36169],[-71.14666,42.36173]]},"properties":{"lts":1,"name":"Dr. Paul Dudley White Path","osmId":1413969599}},{"type":"Feature","geometry":{"type":"LineString","coordinates":[[-71.14499,42.36283],[-71.14486,42.36288],[-71.14478,42.36292]]},"properties":{"lts":1,"name":"Dr. Paul Dudley White Path","osmId":1413970480}},{"type":"Feature","geometry":{"type":"LineString","coordinates":[[-71.14611,42.3621],[-71.14583,42.36228],[-71.14542,42.36257],[-71.14528,42.36266],[-71.1452,42.36271],[-71.14514,42.36274],[-71.14499,42.36283]]},"properties":{"lts":1,"name":"Dr. Paul Dudley White Path","osmId":1413970481}},{"type":"Feature","geometry":{"type":"LineString","coordinates":[[-71.08317,42.34055],[-71.08317,42.34049],[-71.08321,42.34033],[-71.08322,42.34031],[-71.08324,42.34028],[-71.08326,42.34025],[-71.0833,42.34022],[-71.08343,42.34012],[-71.08346,42.34011],[-71.0835,42.34009],[-71.08354,42.34007],[-71.08357,42.34006],[-71.08361,42.34003],[-71.08371,42.33995],[-71.08391,42.3398]]},"properties":{"lts":1,"name":"Pierre Lallement Bike Path","osmId":1428792907}},{"type":"Feature","geometry":{"type":"LineString","coordinates":[[-71.08315,42.34061],[-71.08316,42.34058],[-71.08317,42.34055]]},"properties":{"lts":1,"name":"Pierre Lallement Bike Path","osmId":1428792908}},{"type":"Feature","geometry":{"type":"LineString","coordinates":[[-71.04744,42.2809],[-71.04751,42.28085],[-71.04757,42.2808]]},"properties":{"lts":1,"name":"Neponset River Greenway","osmId":1434717857}},{"type":"Feature","geometry":{"type":"LineString","coordinates":[[-71.04825,42.28032],[-71.04836,42.28025],[-71.04849,42.28016]]},"properties":{"lts":1,"name":"Neponset River Greenway","osmId":1434717859}},{"type":"Feature","geometry":{"type":"LineString","coordinates":[[-71.12632,42.24093],[-71.12643,42.24157],[-71.12643,42.24159]]},"properties":{"lts":1,"name":"Neponset River Greenway","osmId":1441518503}},{"type":"Feature","geometry":{"type":"LineString","coordinates":[[-71.12643,42.24159],[-71.12644,42.24165],[-71.12644,42.2417]]},"properties":{"lts":1,"name":"Neponset River Greenway","osmId":1441518504}},{"type":"Feature","geometry":{"type":"LineString","coordinates":[[-71.1263,42.24086],[-71.12631,42.2409],[-71.12632,42.24093]]},"properties":{"lts":1,"name":"Neponset River Greenway","osmId":1441518505}},{"type":"Feature","geometry":{"type":"LineString","coordinates":[[-71.04878,42.32487],[-71.04879,42.32493],[-71.04878,42.32514],[-71.04877,42.32535],[-71.04876,42.32546],[-71.04875,42.32563]]},"properties":{"lts":1,"name":"Boston HarborWalk","osmId":1442611886}},{"type":"Feature","geometry":{"type":"LineString","coordinates":[[-71.04874,42.32569],[-71.04873,42.32577],[-71.04872,42.3258],[-71.04871,42.32586],[-71.0487,42.32592],[-71.04869,42.32593],[-71.04868,42.32603],[-71.04863,42.32622],[-71.04859,42.32637],[-71.0485,42.32659],[-71.04839,42.32686],[-71.04837,42.3269],[-71.04832,42.32699]]},"properties":{"lts":1,"name":"Boston HarborWalk","osmId":1442611889}},{"type":"Feature","geometry":{"type":"LineString","coordinates":[[-71.04829,42.32706],[-71.04827,42.32708],[-71.04821,42.3272],[-71.04805,42.32745],[-71.0479,42.32765],[-71.04787,42.32769]]},"properties":{"lts":1,"name":"Boston HarborWalk","osmId":1442611891}},{"type":"Feature","geometry":{"type":"LineString","coordinates":[[-71.04876,42.32443],[-71.04878,42.3248],[-71.04878,42.32481]]},"properties":{"lts":1,"name":"Boston HarborWalk","osmId":1442611894}},{"type":"Feature","geometry":{"type":"LineString","coordinates":[[-71.10745,42.30999],[-71.10742,42.31004],[-71.1074,42.31009]]},"properties":{"lts":1,"name":"Pierre Lallement Bike Path","osmId":1452368131}},{"type":"Feature","geometry":{"type":"LineString","coordinates":[[-71.10708,42.31055],[-71.10707,42.31059]]},"properties":{"lts":1,"name":"Pierre Lallement Bike Path","osmId":1452368133}},{"type":"Feature","geometry":{"type":"LineString","coordinates":[[-71.10718,42.31045],[-71.10713,42.31049]]},"properties":{"lts":1,"name":"Pierre Lallement Bike Path","osmId":1452368135}},{"type":"Feature","geometry":{"type":"LineString","coordinates":[[-71.11462,42.30207],[-71.11459,42.30208],[-71.11457,42.30206],[-71.11455,42.30205]]},"properties":{"lts":1,"name":"Arborway","osmId":1456613170}},{"type":"Feature","geometry":{"type":"LineString","coordinates":[[-71.10637,42.30068],[-71.10635,42.30066],[-71.10634,42.30065],[-71.1063,42.30063],[-71.10631,42.30061],[-71.10632,42.30059],[-71.10632,42.30059],[-71.10633,42.30057]]},"properties":{"lts":1,"name":"Pierre Lallement Bike Path","osmId":1456613178}},{"type":"Feature","geometry":{"type":"LineString","coordinates":[[-71.06013,42.27421],[-71.05994,42.27431]]},"properties":{"lts":1,"name":"Neponset River Greenway","osmId":1457056465}},{"type":"Feature","geometry":{"type":"LineString","coordinates":[[-71.10328,42.34288],[-71.10326,42.34291]]},"properties":{"lts":1,"name":"Brookline Avenue","osmId":1476713413}},{"type":"Feature","geometry":{"type":"LineString","coordinates":[[-71.10307,42.34259],[-71.10303,42.34261]]},"properties":{"lts":1,"name":"Brookline Avenue","osmId":1476713418}},{"type":"Feature","geometry":{"type":"LineString","coordinates":[[-71.06515,42.27095],[-71.06498,42.27101],[-71.0649,42.27104],[-71.06478,42.27109],[-71.06468,42.27114],[-71.06458,42.27118],[-71.0645,42.27123],[-71.06441,42.27128],[-71.06432,42.27133],[-71.06423,42.27138],[-71.06292,42.27226]]},"properties":{"lts":1,"name":"Neponset River Greenway","osmId":1479109168}},{"type":"Feature","geometry":{"type":"LineString","coordinates":[[-71.10261,42.34313],[-71.1026,42.34312]]},"properties":{"lts":1,"name":"Park Drive","osmId":1482403876}},{"type":"Feature","geometry":{"type":"LineString","coordinates":[[-71.1012,42.34689],[-71.10122,42.34688]]},"properties":{"lts":1,"name":"Fenway Multi-Use Path","osmId":1482657031}},{"type":"Feature","geometry":{"type":"LineString","coordinates":[[-71.08793,42.33641],[-71.088,42.33638],[-71.08821,42.33622],[-71.08828,42.33616],[-71.08851,42.33597],[-71.08854,42.33595],[-71.08857,42.33593],[-71.08862,42.33586]]},"properties":{"lts":1,"name":"Pierre Lallement Bike Path","osmId":1487051617}},{"type":"Feature","geometry":{"type":"LineString","coordinates":[[-71.09978,42.34072],[-71.09977,42.34067],[-71.09978,42.34063],[-71.09995,42.34039]]},"properties":{"lts":1,"name":null,"osmId":696754945}},{"type":"Feature","geometry":{"type":"LineString","coordinates":[[-71.10013,42.34042],[-71.10015,42.34044],[-71.10017,42.34047]]},"properties":{"lts":1,"name":null,"osmId":1119063430}},{"type":"Feature","geometry":{"type":"LineString","coordinates":[[-71.10009,42.3404],[-71.10013,42.34042]]},"properties":{"lts":1,"name":null,"osmId":1428788220}},{"type":"Feature","geometry":{"type":"LineString","coordinates":[[-71.09991,42.3407],[-71.09995,42.34075],[-71.10007,42.34083],[-71.10029,42.34095],[-71.10053,42.34114],[-71.10076,42.34133],[-71.10092,42.34148],[-71.10108,42.34165],[-71.10121,42.34178],[-71.10133,42.34189],[-71.10161,42.34217],[-71.10181,42.34239],[-71.10196,42.34253],[-71.1021,42.34267],[-71.10224,42.34282],[-71.10238,42.34295],[-71.10255,42.3431],[-71.10255,42.34311],[-71.10257,42.34312],[-71.10258,42.34312],[-71.10258,42.34313],[-71.10259,42.34313]]},"properties":{"lts":1,"name":"Park Drive","osmId":49666854}},{"type":"Feature","geometry":{"type":"LineString","coordinates":[[-71.09903,42.34054],[-71.09914,42.34052],[-71.09927,42.34052],[-71.0995,42.34051],[-71.09959,42.3405],[-71.09966,42.3405],[-71.09973,42.34048],[-71.09979,42.34047],[-71.09985,42.34044],[-71.09991,42.34042],[-71.09995,42.34039]]},"properties":{"lts":1,"name":null,"osmId":42004167}},{"type":"Feature","geometry":{"type":"LineString","coordinates":[[-71.10259,42.34313],[-71.10259,42.34313],[-71.1026,42.34313],[-71.1026,42.34312],[-71.10302,42.34272],[-71.10303,42.34271],[-71.10303,42.3427],[-71.10303,42.34269]]},"properties":{"lts":1,"name":"Brookline Avenue","osmId":1188202313}},{"type":"Feature","geometry":{"type":"LineString","coordinates":[[-71.09446,42.3432],[-71.09448,42.34317],[-71.09449,42.34314]]},"properties":{"lts":1,"name":null,"osmId":1434715730}},{"type":"Feature","geometry":{"type":"LineString","coordinates":[[-71.09329,42.34636],[-71.09343,42.34624],[-71.09405,42.34564],[-71.09417,42.3455],[-71.09428,42.34535]]},"properties":{"lts":1,"name":"Boylston Street","osmId":831595607}},{"type":"Feature","geometry":{"type":"LineString","coordinates":[[-71.09428,42.34535],[-71.09436,42.34518],[-71.0944,42.34506],[-71.09451,42.34472],[-71.09455,42.34451],[-71.09458,42.34436]]},"properties":{"lts":1,"name":null,"osmId":1442517727}},{"type":"Feature","geometry":{"type":"LineString","coordinates":[[-71.09458,42.34436],[-71.09459,42.34398],[-71.09455,42.34375]]},"properties":{"lts":1,"name":null,"osmId":1115530978}},{"type":"Feature","geometry":{"type":"LineString","coordinates":[[-71.09449,42.34314],[-71.0945,42.34307],[-71.09452,42.34286],[-71.09453,42.34284],[-71.09458,42.34275],[-71.09465,42.34265]]},"properties":{"lts":1,"name":null,"osmId":1115530979}},{"type":"Feature","geometry":{"type":"LineString","coordinates":[[-71.10018,42.34048],[-71.10024,42.34049],[-71.10037,42.34052],[-71.10047,42.34054],[-71.10053,42.34057],[-71.10058,42.34061],[-71.10066,42.34063],[-71.10076,42.34067],[-71.10097,42.34071],[-71.101,42.34073],[-71.10102,42.34073],[-71.10116,42.34083],[-71.1014,42.34105],[-71.1016,42.34124],[-71.10205,42.34168],[-71.10238,42.34202],[-71.10299,42.34263],[-71.10302,42.34267],[-71.10302,42.34267],[-71.10303,42.34268],[-71.10303,42.34269]]},"properties":{"lts":1,"name":"Fenway","osmId":1115530980}},{"type":"Feature","geometry":{"type":"LineString","coordinates":[[-71.09995,42.34039],[-71.10001,42.34035]]},"properties":{"lts":1,"name":null,"osmId":1115530981}},{"type":"Feature","geometry":{"type":"LineString","coordinates":[[-71.09981,42.34071],[-71.09987,42.3407],[-71.09989,42.3407],[-71.0999,42.3407]]},"properties":{"lts":1,"name":null,"osmId":383943282}},{"type":"Feature","geometry":{"type":"LineString","coordinates":[[-71.09455,42.34375],[-71.09452,42.34359],[-71.09451,42.34356],[-71.09443,42.34325]]},"properties":{"lts":1,"name":null,"osmId":383943283}},{"type":"Feature","geometry":{"type":"LineString","coordinates":[[-71.09978,42.34072],[-71.09981,42.34071]]},"properties":{"lts":1,"name":null,"osmId":1280346740}},{"type":"Feature","geometry":{"type":"LineString","coordinates":[[-71.09443,42.34325],[-71.09444,42.34323],[-71.09446,42.3432]]},"properties":{"lts":1,"name":null,"osmId":383943286}},{"type":"Feature","geometry":{"type":"LineString","coordinates":[[-71.0999,42.3407],[-71.09991,42.3407]]},"properties":{"lts":1,"name":null,"osmId":1428788217}},{"type":"Feature","geometry":{"type":"LineString","coordinates":[[-71.10017,42.34047],[-71.10018,42.34048]]},"properties":{"lts":1,"name":null,"osmId":1428788219}},{"type":"Feature","geometry":{"type":"LineString","coordinates":[[-71.09465,42.34265],[-71.0947,42.34259],[-71.09479,42.34249],[-71.09494,42.34236],[-71.09508,42.34225],[-71.09518,42.34218],[-71.09527,42.34213],[-71.09538,42.34208],[-71.09549,42.34204],[-71.09561,42.342],[-71.09588,42.34193],[-71.09636,42.3418],[-71.09639,42.3418],[-71.09696,42.34164],[-71.09707,42.3416],[-71.09715,42.34157],[-71.09722,42.34153],[-71.09727,42.34149],[-71.09733,42.34144],[-71.0974,42.34139],[-71.09747,42.34133],[-71.09802,42.34088],[-71.09818,42.34078],[-71.09827,42.34073],[-71.09838,42.34069],[-71.09849,42.34065],[-71.09862,42.34061],[-71.09874,42.34058],[-71.09887,42.34055],[-71.09899,42.34054],[-71.09903,42.34054],[-71.09914,42.34055],[-71.09926,42.34055],[-71.09933,42.34057],[-71.09941,42.34058],[-71.0995,42.3406],[-71.09957,42.34063],[-71.09978,42.34072]]},"properties":{"lts":1,"name":null,"osmId":35600252}},{"type":"Feature","geometry":{"type":"LineString","coordinates":[[-71.10001,42.34035],[-71.10003,42.34036]]},"properties":{"lts":1,"name":null,"osmId":1428788222}},{"type":"Feature","geometry":{"type":"LineString","coordinates":[[-71.07285,42.35939],[-71.0728,42.3594],[-71.07278,42.35941],[-71.07275,42.35942],[-71.07264,42.35951],[-71.07254,42.35961],[-71.07245,42.35973],[-71.07244,42.35975]]},"properties":{"lts":1,"name":null,"osmId":170658072}},{"type":"Feature","geometry":{"type":"LineString","coordinates":[[-71.07254,42.35961],[-71.0725,42.35956],[-71.07242,42.35948]]},"properties":{"lts":1,"name":null,"osmId":760884285}},{"type":"Feature","geometry":{"type":"LineString","coordinates":[[-71.07409,42.35617],[-71.07402,42.35618]]},"properties":{"lts":1,"name":null,"osmId":828301025}},{"type":"Feature","geometry":{"type":"LineString","coordinates":[[-71.07949,42.35453],[-71.07944,42.35454]]},"properties":{"lts":1,"name":null,"osmId":1335269714}},{"type":"Feature","geometry":{"type":"LineString","coordinates":[[-71.07949,42.35453],[-71.07952,42.35459],[-71.07956,42.35467],[-71.07958,42.35471]]},"properties":{"lts":1,"name":null,"osmId":55677206}},{"type":"Feature","geometry":{"type":"LineString","coordinates":[[-71.08445,42.35317],[-71.08448,42.35314],[-71.08451,42.35313]]},"properties":{"lts":1,"name":null,"osmId":44244396}},{"type":"Feature","geometry":{"type":"LineString","coordinates":[[-71.00715,42.38494],[-71.00709,42.38496],[-71.00705,42.38499],[-71.00702,42.38503],[-71.00699,42.38508],[-71.00697,42.38515],[-71.00695,42.38525],[-71.00694,42.38543],[-71.00692,42.38557]]},"properties":{"lts":1,"name":null,"osmId":505869385}},{"type":"Feature","geometry":{"type":"LineString","coordinates":[[-71.01075,42.384],[-71.01086,42.38393],[-71.01091,42.38389],[-71.01096,42.38385],[-71.011,42.38381],[-71.0111,42.38366],[-71.0112,42.3835],[-71.01121,42.38347],[-71.01122,42.38342],[-71.01132,42.38321],[-71.01136,42.38311],[-71.01134,42.38293],[-71.01133,42.38282],[-71.01133,42.38275],[-71.01137,42.38247],[-71.01147,42.38183],[-71.01154,42.3814],[-71.012,42.38123],[-71.0121,42.3812]]},"properties":{"lts":1,"name":null,"osmId":767392331}},{"type":"Feature","geometry":{"type":"LineString","coordinates":[[-71.00715,42.38494],[-71.00721,42.38493],[-71.00727,42.38493],[-71.00737,42.38494],[-71.00749,42.38496],[-71.00767,42.38498],[-71.00791,42.38498],[-71.00799,42.38498],[-71.00815,42.38497],[-71.00835,42.38496],[-71.00858,42.38493],[-71.00875,42.38489],[-71.00889,42.38486],[-71.00897,42.38483],[-71.00912,42.38478],[-71.00944,42.38466],[-71.00978,42.38452],[-71.01002,42.38442],[-71.01036,42.38424],[-71.01052,42.38415],[-71.01069,42.38403],[-71.01072,42.38401],[-71.01075,42.384]]},"properties":{"lts":1,"name":null,"osmId":75801533}},{"type":"Feature","geometry":{"type":"LineString","coordinates":[[-71.00996,42.38466],[-71.00995,42.38463]]},"properties":{"lts":1,"name":"Anthony and Dee Dee Marmo Pedestrian Overpass","osmId":75801536}},{"type":"Feature","geometry":{"type":"LineString","coordinates":[[-71.01039,42.38532],[-71.01041,42.38527],[-71.01034,42.38515]]},"properties":{"lts":1,"name":null,"osmId":75801514}},{"type":"Feature","geometry":{"type":"LineString","coordinates":[[-71.01026,42.38513],[-71.00996,42.38466]]},"properties":{"lts":1,"name":"Anthony and Dee Dee Marmo Pedestrian Overpass","osmId":75801516}},{"type":"Feature","geometry":{"type":"LineString","coordinates":[[-71.01034,42.38515],[-71.0107,42.38503],[-71.01068,42.38499],[-71.01026,42.38513]]},"properties":{"lts":1,"name":"Anthony and Dee Dee Marmo Pedestrian Overpass","osmId":75801551}},{"type":"Feature","geometry":{"type":"LineString","coordinates":[[-71.01052,42.38415],[-71.01041,42.3843],[-71.01029,42.38442],[-71.01018,42.38454],[-71.01012,42.38458],[-71.01007,42.38461],[-71.01003,42.38462],[-71.00998,42.38463],[-71.00995,42.38463],[-71.00991,42.38465],[-71.00987,42.38467],[-71.00983,42.38469],[-71.00978,42.38471],[-71.00965,42.38475],[-71.00917,42.38486],[-71.0091,42.38487],[-71.00902,42.38488],[-71.00896,42.38488],[-71.00892,42.38487],[-71.00889,42.38486]]},"properties":{"lts":1,"name":null,"osmId":75801548}},{"type":"Feature","geometry":{"type":"LineString","coordinates":[[-71.09619,42.29648],[-71.0961,42.29631],[-71.09607,42.29627],[-71.09599,42.29614],[-71.09561,42.29577],[-71.09542,42.29569],[-71.09521,42.29564],[-71.09494,42.2956],[-71.09479,42.29561],[-71.09466,42.29561],[-71.0944,42.29564],[-71.09383,42.29578],[-71.09311,42.29606],[-71.09304,42.2961],[-71.09264,42.29641],[-71.09237,42.29678],[-71.09222,42.29707],[-71.09207,42.29735],[-71.09196,42.29749],[-71.09187,42.29757],[-71.09173,42.29772],[-71.09152,42.29786],[-71.09136,42.29793],[-71.09123,42.29799],[-71.09099,42.29805],[-71.09079,42.29808],[-71.0905,42.29811],[-71.09009,42.29813],[-71.0896,42.29814],[-71.08924,42.29816],[-71.08904,42.29819],[-71.08883,42.29823],[-71.08863,42.29828],[-71.08844,42.29833],[-71.08829,42.29839],[-71.08824,42.29842],[-71.08818,42.29845],[-71.08805,42.29853],[-71.08794,42.29861],[-71.08782,42.29872],[-71.08772,42.29885],[-71.08761,42.29899],[-71.08756,42.29906],[-71.08749,42.29917],[-71.08742,42.29929],[-71.08738,42.29937],[-71.08734,42.29944],[-71.08733,42.2995],[-71.08731,42.29957],[-71.0873,42.29964],[-71.08729,42.29971],[-71.08729,42.29981],[-71.08729,42.29991],[-71.08731,42.3],[-71.08734,42.30011],[-71.08739,42.30025],[-71.08743,42.30033],[-71.08757,42.30054],[-71.08758,42.30056],[-71.08766,42.30067]]},"properties":{"lts":1,"name":null,"osmId":8647120}},{"type":"Feature","geometry":{"type":"LineString","coordinates":[[-71.08758,42.30056],[-71.0876,42.30057],[-71.08763,42.30058],[-71.08765,42.30058],[-71.08767,42.3006],[-71.0877,42.3006],[-71.08774,42.30061],[-71.08778,42.30063],[-71.08779,42.30066],[-71.08784,42.30071],[-71.08791,42.30081],[-71.08792,42.30083],[-71.08794,42.30086],[-71.08797,42.30088],[-71.08801,42.30092],[-71.08809,42.30098],[-71.08818,42.30105],[-71.08821,42.30109],[-71.08828,42.30111],[-71.08837,42.3012],[-71.08844,42.30125],[-71.08844,42.3013],[-71.08846,42.30135],[-71.08852,42.30139],[-71.08857,42.30143],[-71.08861,42.30147],[-71.08869,42.30153],[-71.0888,42.30161],[-71.08883,42.30166],[-71.08888,42.30169],[-71.0889,42.3017]]},"properties":{"lts":1,"name":null,"osmId":1083635635}},{"type":"Feature","geometry":{"type":"LineString","coordinates":[[-71.0889,42.3017],[-71.08899,42.30176],[-71.08916,42.30184],[-71.08927,42.30188],[-71.08953,42.30197]]},"properties":{"lts":1,"name":null,"osmId":1271412882}},{"type":"Feature","geometry":{"type":"LineString","coordinates":[[-71.09574,42.30455],[-71.09594,42.30445],[-71.0961,42.30439],[-71.09629,42.30434],[-71.09646,42.30431],[-71.0968,42.30418],[-71.09688,42.30415],[-71.09698,42.3041],[-71.09724,42.30402],[-71.0974,42.30398],[-71.09754,42.30395],[-71.09766,42.30394],[-71.0978,42.30392],[-71.09794,42.30389],[-71.09806,42.30387],[-71.09836,42.3038],[-71.09853,42.30377],[-71.09869,42.30372],[-71.09877,42.30368],[-71.09881,42.30362],[-71.09885,42.30356],[-71.0989,42.30348],[-71.09896,42.30342],[-71.09902,42.30338],[-71.09906,42.30334],[-71.09913,42.30331],[-71.09923,42.30328],[-71.09932,42.30326],[-71.09945,42.30321],[-71.09956,42.30315],[-71.0997,42.30305],[-71.09979,42.30296],[-71.09989,42.30286],[-71.09999,42.30277],[-71.10011,42.30268],[-71.10016,42.30261],[-71.1002,42.30254],[-71.10024,42.30248],[-71.10033,42.30241],[-71.10042,42.30236],[-71.10047,42.30233],[-71.10055,42.3023],[-71.10064,42.30228],[-71.10087,42.30224],[-71.10095,42.30222],[-71.101,42.3022],[-71.10101,42.30216],[-71.10102,42.30206],[-71.10103,42.30198],[-71.10103,42.3019],[-71.10103,42.30183],[-71.10098,42.30169],[-71.10096,42.30158],[-71.10093,42.30147],[-71.10093,42.30138],[-71.10094,42.30133],[-71.10098,42.30128],[-71.10106,42.30121],[-71.10113,42.30115],[-71.10121,42.30107],[-71.10126,42.30098],[-71.10131,42.30091],[-71.10134,42.30087],[-71.10138,42.30081],[-71.10144,42.30076],[-71.10148,42.30072],[-71.10155,42.30066],[-71.10162,42.30063]]},"properties":{"lts":1,"name":null,"osmId":127441122}},{"type":"Feature","geometry":{"type":"LineString","coordinates":[[-71.09764,42.31037],[-71.09766,42.31035],[-71.09766,42.31033],[-71.09767,42.3103],[-71.09762,42.31024],[-71.0975,42.31008],[-71.0974,42.30996],[-71.09732,42.30978],[-71.0973,42.30957],[-71.09732,42.30934],[-71.09749,42.30889],[-71.09751,42.30886],[-71.09754,42.30872],[-71.09759,42.30856]]},"properties":{"lts":1,"name":null,"osmId":485257986}},{"type":"Feature","geometry":{"type":"LineString","coordinates":[[-71.09759,42.30856],[-71.09764,42.30838],[-71.09764,42.3082],[-71.09763,42.30809],[-71.09761,42.30793],[-71.09741,42.30769],[-71.09701,42.30731],[-71.09668,42.30703],[-71.09625,42.30671],[-71.09537,42.30609],[-71.09533,42.30606],[-71.09529,42.30603],[-71.09525,42.30597],[-71.09522,42.30592],[-71.09519,42.30588],[-71.09517,42.30583],[-71.09515,42.30576],[-71.09514,42.30569],[-71.09514,42.30561],[-71.09514,42.30553],[-71.09515,42.30547],[-71.09517,42.30537],[-71.09519,42.30531],[-71.09523,42.30523],[-71.0953,42.30512],[-71.09539,42.30501],[-71.09537,42.305]]},"properties":{"lts":1,"name":null,"osmId":485257987}},{"type":"Feature","geometry":{"type":"LineString","coordinates":[[-71.09523,42.30487],[-71.09532,42.3048],[-71.09545,42.30472],[-71.09565,42.30459],[-71.09574,42.30455]]},"properties":{"lts":1,"name":null,"osmId":1290371139}},{"type":"Feature","geometry":{"type":"LineString","coordinates":[[-71.08953,42.30197],[-71.08959,42.302],[-71.08963,42.30201],[-71.0898,42.30208],[-71.08994,42.30214],[-71.09007,42.30221],[-71.0902,42.30227],[-71.09032,42.30234],[-71.09044,42.30243],[-71.09052,42.30249],[-71.09059,42.30254],[-71.09071,42.30266],[-71.09082,42.30275],[-71.09089,42.30284],[-71.09096,42.30291],[-71.09102,42.30299],[-71.09108,42.30307],[-71.09114,42.30317],[-71.09125,42.30333],[-71.09131,42.3034],[-71.09136,42.30347],[-71.09144,42.30356],[-71.0915,42.30365],[-71.09159,42.30374],[-71.09165,42.30382],[-71.0917,42.3039],[-71.09173,42.30397],[-71.09178,42.30408],[-71.09182,42.30416],[-71.09185,42.30421],[-71.09189,42.30427],[-71.09193,42.30431],[-71.092,42.30437],[-71.09211,42.30445],[-71.09221,42.3045],[-71.09236,42.30459],[-71.09249,42.30467],[-71.09266,42.30476],[-71.0928,42.30484],[-71.09292,42.3049],[-71.09306,42.30495],[-71.09321,42.305],[-71.09337,42.30505],[-71.09354,42.30509],[-71.0937,42.30512],[-71.09387,42.30515],[-71.09391,42.30515],[-71.09401,42.30515],[-71.09413,42.30516],[-71.09418,42.30516],[-71.09425,42.30516],[-71.09434,42.30515],[-71.09441,42.30513],[-71.09449,42.30511],[-71.09463,42.30508],[-71.09484,42.30502],[-71.09496,42.305],[-71.09502,42.30498],[-71.09508,42.30495],[-71.09519,42.30489],[-71.09523,42.30487]]},"properties":{"lts":1,"name":null,"osmId":942668936}},{"type":"Feature","geometry":{"type":"LineString","coordinates":[[-71.0889,42.3017],[-71.08899,42.30176],[-71.08916,42.30184],[-71.08927,42.30188],[-71.08953,42.30197]]},"properties":{"lts":1,"name":null,"osmId":1271412882}},{"type":"Feature","geometry":{"type":"LineString","coordinates":[[-71.08758,42.30056],[-71.0876,42.30057],[-71.08763,42.30058],[-71.08765,42.30058],[-71.08767,42.3006],[-71.0877,42.3006],[-71.08774,42.30061],[-71.08778,42.30063],[-71.08779,42.30066],[-71.08784,42.30071],[-71.08791,42.30081],[-71.08792,42.30083],[-71.08794,42.30086],[-71.08797,42.30088],[-71.08801,42.30092],[-71.08809,42.30098],[-71.08818,42.30105],[-71.08821,42.30109],[-71.08828,42.30111],[-71.08837,42.3012],[-71.08844,42.30125],[-71.08844,42.3013],[-71.08846,42.30135],[-71.08852,42.30139],[-71.08857,42.30143],[-71.08861,42.30147],[-71.08869,42.30153],[-71.0888,42.30161],[-71.08883,42.30166],[-71.08888,42.30169],[-71.0889,42.3017]]},"properties":{"lts":1,"name":null,"osmId":1083635635}},{"type":"Feature","geometry":{"type":"LineString","coordinates":[[-71.09537,42.305],[-71.0953,42.30493],[-71.09525,42.30489]]},"properties":{"lts":1,"name":null,"osmId":1290332344}},{"type":"Feature","geometry":{"type":"LineString","coordinates":[[-71.09525,42.30489],[-71.09523,42.30487]]},"properties":{"lts":1,"name":null,"osmId":1290332345}},{"type":"Feature","geometry":{"type":"LineString","coordinates":[[-71.09897,42.29789],[-71.09898,42.29788],[-71.09898,42.29788],[-71.099,42.29786],[-71.099,42.29785],[-71.09901,42.29783],[-71.099,42.29781],[-71.099,42.29779],[-71.09899,42.29778],[-71.09897,42.29776],[-71.09895,42.29775],[-71.09893,42.29774],[-71.09891,42.29774],[-71.09889,42.29774],[-71.09885,42.29774],[-71.09881,42.29775],[-71.09878,42.29778],[-71.09878,42.29778],[-71.09876,42.2978],[-71.09876,42.29783],[-71.09877,42.29786],[-71.09879,42.29789],[-71.09882,42.29791],[-71.09886,42.29792],[-71.0989,42.29792],[-71.09894,42.29791],[-71.09897,42.29789]]},"properties":{"lts":1,"name":"Franklin Park Service Road","osmId":1070099603}},{"type":"Feature","geometry":{"type":"LineString","coordinates":[[-71.09871,42.29722],[-71.09869,42.29733],[-71.09867,42.29743],[-71.09867,42.2975],[-71.09867,42.29754],[-71.09867,42.29757],[-71.09868,42.2976],[-71.09869,42.29761],[-71.0987,42.29764],[-71.09871,42.29765],[-71.09874,42.29767],[-71.09877,42.29767],[-71.0988,42.29769],[-71.09883,42.29769],[-71.09885,42.2977],[-71.09886,42.29771],[-71.09889,42.29774]]},"properties":{"lts":1,"name":"Franklin Park Service Road","osmId":1046991058}},{"type":"Feature","geometry":{"type":"LineString","coordinates":[[-71.09918,42.29594],[-71.09911,42.29597],[-71.09905,42.296],[-71.09897,42.29608],[-71.09884,42.29626],[-71.09874,42.29645],[-71.09871,42.29663],[-71.09869,42.29674],[-71.09869,42.29689],[-71.09871,42.29693],[-71.09872,42.29701]]},"properties":{"lts":1,"name":"Franklin Park Service Road","osmId":8649915}},{"type":"Feature","geometry":{"type":"LineString","coordinates":[[-71.09869,42.29689],[-71.09855,42.29679],[-71.09845,42.29675],[-71.09835,42.29673],[-71.09825,42.29671],[-71.09801,42.2967],[-71.09784,42.29672],[-71.09758,42.29678],[-71.09741,42.29683],[-71.09715,42.29689],[-71.0969,42.29691],[-71.0968,42.2969],[-71.09667,42.29686],[-71.09654,42.29679],[-71.09638,42.29669],[-71.09629,42.2966],[-71.09619,42.29648]]},"properties":{"lts":2,"name":null,"osmId":8647027}},{"type":"Feature","geometry":{"type":"LineString","coordinates":[[-71.09872,42.29701],[-71.09872,42.29712],[-71.09871,42.29722]]},"properties":{"lts":1,"name":"Franklin Park Service Road","osmId":494970975}},{"type":"Feature","geometry":{"type":"LineString","coordinates":[[-71.09633,42.31139],[-71.09613,42.3112],[-71.0959,42.31108]]},"properties":{"lts":2,"name":null,"osmId":504665056}},{"type":"Feature","geometry":{"type":"LineString","coordinates":[[-71.0959,42.31108],[-71.09573,42.31102],[-71.09547,42.3109],[-71.0952,42.31072],[-71.09499,42.3105],[-71.09486,42.31036],[-71.09479,42.31028],[-71.09461,42.31005],[-71.09455,42.30997],[-71.09417,42.30941],[-71.09402,42.30928],[-71.09388,42.30915],[-71.09335,42.30886],[-71.09299,42.30865],[-71.09254,42.30832],[-71.09228,42.30808],[-71.09217,42.30798]]},"properties":{"lts":1,"name":"Playstead Road","osmId":504665060}},{"type":"Feature","geometry":{"type":"LineString","coordinates":[[-71.09786,42.31044],[-71.09776,42.31041],[-71.09773,42.3104],[-71.09767,42.31039],[-71.09764,42.31037],[-71.0976,42.31034],[-71.09757,42.31031],[-71.09736,42.3101],[-71.09733,42.31008],[-71.09729,42.31006],[-71.09725,42.31005],[-71.09721,42.31004],[-71.09716,42.31004]]},"properties":{"lts":1,"name":"Park Lane","osmId":183864324}},{"type":"Feature","geometry":{"type":"LineString","coordinates":[[-71.0959,42.31108],[-71.0961,42.3111],[-71.09626,42.31108],[-71.09639,42.31105],[-71.09655,42.31098],[-71.09668,42.3109],[-71.09677,42.31083],[-71.09683,42.31077],[-71.09689,42.31071],[-71.09694,42.31065],[-71.09698,42.31058],[-71.09701,42.31051],[-71.09704,42.31043],[-71.09712,42.31019]]},"properties":{"lts":1,"name":"Pierpont Road","osmId":8643973}},{"type":"Feature","geometry":{"type":"LineString","coordinates":[[-71.09503,42.3058],[-71.09507,42.30591],[-71.09508,42.30598],[-71.09508,42.30602],[-71.09508,42.30605],[-71.09508,42.30611],[-71.09508,42.30617],[-71.09507,42.30622],[-71.09505,42.30627],[-71.09502,42.30632],[-71.09499,42.30637],[-71.09495,42.30642]]},"properties":{"lts":1,"name":"Pierpont Road","osmId":485257989}},{"type":"Feature","geometry":{"type":"LineString","coordinates":[[-71.09495,42.30642],[-71.09491,42.30647],[-71.09486,42.3065],[-71.09482,42.30654],[-71.09476,42.30656],[-71.09471,42.30658],[-71.09464,42.30659],[-71.09452,42.30661],[-71.09442,42.30663],[-71.09438,42.30664],[-71.09433,42.30665],[-71.09422,42.30667],[-71.09413,42.3067],[-71.09404,42.30672],[-71.09395,42.30675],[-71.09386,42.30677],[-71.09378,42.3068],[-71.0937,42.30683],[-71.09362,42.30686],[-71.09361,42.30686],[-71.09354,42.30688],[-71.09347,42.30691],[-71.0934,42.30693],[-71.09333,42.30696],[-71.09326,42.30699],[-71.09303,42.3071],[-71.09295,42.30713],[-71.09287,42.30717],[-71.09229,42.30748],[-71.09199,42.30764],[-71.09193,42.30768],[-71.09187,42.30771]]},"properties":{"lts":1,"name":"Pierpont Road","osmId":504658853}},{"type":"Feature","geometry":{"type":"LineString","coordinates":[[-71.09706,42.30958],[-71.0971,42.30957],[-71.09715,42.30957],[-71.09716,42.30957],[-71.09719,42.30957],[-71.09722,42.30958]]},"properties":{"lts":2,"name":null,"osmId":504665065}},{"type":"Feature","geometry":{"type":"LineString","coordinates":[[-71.09716,42.31004],[-71.09721,42.30988],[-71.09722,42.30981],[-71.09723,42.30975],[-71.09725,42.30964],[-71.09725,42.30961],[-71.09724,42.3096],[-71.09722,42.30958]]},"properties":{"lts":2,"name":null,"osmId":504665066}},{"type":"Feature","geometry":{"type":"LineString","coordinates":[[-71.09403,42.30525],[-71.09442,42.30542],[-71.09464,42.30554],[-71.09503,42.3058]]},"properties":{"lts":1,"name":"Pierpont Road","osmId":8642184}},{"type":"Feature","geometry":{"type":"LineString","coordinates":[[-71.09187,42.30771],[-71.09167,42.30782],[-71.09161,42.30786],[-71.09136,42.30802],[-71.09128,42.30811],[-71.09123,42.30821],[-71.09118,42.30831],[-71.09116,42.30843],[-71.09119,42.30857],[-71.09129,42.30883],[-71.09138,42.30894],[-71.09147,42.30902],[-71.09175,42.30928],[-71.0919,42.30937],[-71.09193,42.30939],[-71.09196,42.3094],[-71.092,42.30941]]},"properties":{"lts":2,"name":null,"osmId":8647113}},{"type":"Feature","geometry":{"type":"LineString","coordinates":[[-71.0953,42.30493],[-71.09516,42.30513],[-71.09508,42.30527],[-71.09502,42.30545],[-71.09501,42.30563],[-71.09503,42.3058]]},"properties":{"lts":1,"name":"Pierpont Road","osmId":8652397}},{"type":"Feature","geometry":{"type":"LineString","coordinates":[[-71.09685,42.30961],[-71.09706,42.30958]]},"properties":{"lts":2,"name":null,"osmId":1114722777}},{"type":"Feature","geometry":{"type":"LineString","coordinates":[[-71.09217,42.30798],[-71.09187,42.30771]]},"properties":{"lts":1,"name":"Playstead Road","osmId":1293087898}},{"type":"Feature","geometry":{"type":"LineString","coordinates":[[-71.09712,42.31019],[-71.09716,42.31004]]},"properties":{"lts":1,"name":"Pierpont Road","osmId":1293087899}},{"type":"Feature","geometry":{"type":"LineString","coordinates":[[-71.09756,42.29799],[-71.09768,42.29815],[-71.09784,42.29841],[-71.09794,42.29864],[-71.09811,42.29904],[-71.09817,42.29922],[-71.09827,42.29943],[-71.09829,42.29955],[-71.09837,42.29966],[-71.09851,42.29981],[-71.09857,42.29987],[-71.09866,42.29998],[-71.0988,42.30013],[-71.09889,42.30017],[-71.09909,42.30024],[-71.09931,42.3003],[-71.09961,42.30037],[-71.09982,42.30042],[-71.09996,42.30045],[-71.1001,42.30047],[-71.10021,42.30047],[-71.10035,42.30047],[-71.10052,42.30046],[-71.10058,42.30046]]},"properties":{"lts":1,"name":null,"osmId":127441120}},{"type":"Feature","geometry":{"type":"LineString","coordinates":[[-71.09537,42.29704],[-71.09532,42.29713],[-71.09524,42.29725]]},"properties":{"lts":1,"name":null,"osmId":910063699}},{"type":"Feature","geometry":{"type":"LineString","coordinates":[[-71.09599,42.29614],[-71.09597,42.29624],[-71.09594,42.29638],[-71.09588,42.29655],[-71.09582,42.29665],[-71.09577,42.29674],[-71.09568,42.29686],[-71.09557,42.2969],[-71.09547,42.29697],[-71.09541,42.29702],[-71.09537,42.29704]]},"properties":{"lts":1,"name":null,"osmId":910063700}},{"type":"Feature","geometry":{"type":"LineString","coordinates":[[-71.09756,42.29799],[-71.09756,42.29794],[-71.09759,42.29785],[-71.09761,42.29781]]},"properties":{"lts":1,"name":null,"osmId":1134059958}},{"type":"Feature","geometry":{"type":"LineString","coordinates":[[-71.10058,42.30046],[-71.10076,42.30045],[-71.10083,42.30044],[-71.10096,42.30046],[-71.10128,42.30053],[-71.10139,42.30059],[-71.10155,42.30066]]},"properties":{"lts":1,"name":null,"osmId":1134059959}},{"type":"Feature","geometry":{"type":"LineString","coordinates":[[-71.09524,42.29725],[-71.09521,42.29738],[-71.09525,42.29753],[-71.09533,42.29767],[-71.09547,42.2978],[-71.09559,42.29788],[-71.09576,42.29794],[-71.09598,42.29797],[-71.09614,42.29795],[-71.09629,42.2979],[-71.09659,42.29781],[-71.09673,42.29778],[-71.09689,42.29777],[-71.09716,42.29777],[-71.09734,42.29781],[-71.09738,42.29783],[-71.09748,42.2979],[-71.09756,42.29799]]},"properties":{"lts":1,"name":null,"osmId":1134059960}},{"type":"Feature","geometry":{"type":"LineString","coordinates":[[-71.10019,42.29967],[-71.10017,42.2996],[-71.10014,42.29947],[-71.10009,42.29936],[-71.10005,42.29928],[-71.1,42.29923],[-71.09993,42.29914],[-71.09984,42.29906],[-71.09965,42.2989],[-71.09952,42.29877],[-71.09942,42.29867],[-71.09936,42.29856],[-71.09926,42.29841],[-71.09912,42.2982],[-71.099,42.29806],[-71.09893,42.29799],[-71.09889,42.29796],[-71.09883,42.29795],[-71.09877,42.29793],[-71.09872,42.2979],[-71.0987,42.29785],[-71.09868,42.29781]]},"properties":{"lts":1,"name":null,"osmId":1087248381}},{"type":"Feature","geometry":{"type":"LineString","coordinates":[[-71.10019,42.29973],[-71.10019,42.2997],[-71.10019,42.29967]]},"properties":{"lts":1,"name":null,"osmId":1087248382}},{"type":"Feature","geometry":{"type":"LineString","coordinates":[[-71.10076,42.30045],[-71.10063,42.30023],[-71.10053,42.30007],[-71.10043,42.29996],[-71.10032,42.29984],[-71.10023,42.29977],[-71.10018,42.29974],[-71.10019,42.29973]]},"properties":{"lts":1,"name":null,"osmId":1087248383}},{"type":"Feature","geometry":{"type":"LineString","coordinates":[[-71.10133,42.30237],[-71.10113,42.30226]]},"properties":{"lts":1,"name":null,"osmId":505210792}},{"type":"Feature","geometry":{"type":"LineString","coordinates":[[-71.10173,42.30264],[-71.1017,42.30261],[-71.10155,42.3025],[-71.10133,42.30237]]},"properties":{"lts":1,"name":null,"osmId":1113468259}},{"type":"Feature","geometry":{"type":"LineString","coordinates":[[-71.10369,42.30327],[-71.10363,42.30325],[-71.10341,42.30314],[-71.10289,42.3029],[-71.10259,42.3028],[-71.10238,42.30275],[-71.10218,42.30271],[-71.10182,42.30266],[-71.10173,42.30264]]},"properties":{"lts":1,"name":null,"osmId":127441126}},{"type":"Feature","geometry":{"type":"LineString","coordinates":[[-71.10113,42.30226],[-71.101,42.3022]]},"properties":{"lts":1,"name":null,"osmId":505210791}},{"type":"Feature","geometry":{"type":"LineString","coordinates":[[-71.0965,42.29978],[-71.0964,42.29978],[-71.09636,42.2998],[-71.09632,42.29982],[-71.09628,42.29987],[-71.09625,42.2999],[-71.09622,42.2999],[-71.09621,42.2999],[-71.09619,42.2999],[-71.09615,42.29988],[-71.09612,42.29985],[-71.09612,42.29981],[-71.09613,42.29978],[-71.09617,42.29974],[-71.09624,42.29968],[-71.09632,42.29963],[-71.09636,42.29961],[-71.09641,42.29961],[-71.09645,42.29962],[-71.09647,42.29965],[-71.09649,42.2997],[-71.0965,42.29974],[-71.0965,42.29978],[-71.09653,42.29983],[-71.09656,42.29988],[-71.09661,42.29995],[-71.09664,42.3],[-71.09668,42.30006],[-71.09675,42.30013],[-71.09682,42.3002],[-71.09687,42.30024],[-71.09692,42.30027],[-71.09699,42.30031],[-71.09708,42.30034],[-71.09716,42.30035],[-71.09724,42.30035],[-71.09732,42.30033],[-71.09737,42.30032],[-71.09742,42.30029],[-71.09746,42.30025],[-71.09749,42.30021],[-71.09752,42.30014],[-71.09753,42.30009],[-71.09754,42.30002],[-71.09754,42.29999]]},"properties":{"lts":2,"name":null,"osmId":127441600}},{"type":"Feature","geometry":{"type":"LineString","coordinates":[[-71.09754,42.29999],[-71.09754,42.29997],[-71.09752,42.29989],[-71.09749,42.29981],[-71.09746,42.29975],[-71.0974,42.29967],[-71.09731,42.29958],[-71.09717,42.29946],[-71.09709,42.29938],[-71.09696,42.29929],[-71.09684,42.29922],[-71.09681,42.29917],[-71.0968,42.29911],[-71.09682,42.29906],[-71.09684,42.29903],[-71.09688,42.299],[-71.09697,42.29899],[-71.0971,42.299],[-71.09723,42.29903],[-71.09733,42.29909],[-71.09741,42.29917],[-71.09746,42.29924],[-71.09754,42.29932],[-71.09762,42.29942],[-71.09769,42.2995],[-71.09778,42.29957],[-71.09787,42.29964],[-71.09796,42.29969],[-71.09805,42.29974],[-71.09812,42.29977],[-71.09823,42.29981],[-71.09834,42.29984],[-71.09857,42.29987],[-71.09861,42.29987],[-71.09872,42.29983],[-71.09885,42.29976],[-71.09899,42.2997],[-71.09919,42.29964],[-71.09933,42.2996],[-71.09948,42.2996],[-71.09959,42.29961],[-71.09977,42.29964]]},"properties":{"lts":2,"name":null,"osmId":1271412865}},{"type":"Feature","geometry":{"type":"LineString","coordinates":[[-71.09182,42.30963],[-71.09188,42.30958]]},"properties":{"lts":1,"name":null,"osmId":1290371143}},{"type":"Feature","geometry":{"type":"LineString","coordinates":[[-71.092,42.30941],[-71.09199,42.30945],[-71.09198,42.30948],[-71.09196,42.30951],[-71.09188,42.30958]]},"properties":{"lts":1,"name":null,"osmId":504661143}},{"type":"Feature","geometry":{"type":"LineString","coordinates":[[-71.09655,42.31098],[-71.09633,42.31139],[-71.0964,42.31164],[-71.09641,42.31175],[-71.09641,42.31178],[-71.09637,42.31209],[-71.09637,42.31224]]},"properties":{"lts":2,"name":null,"osmId":8652406}},{"type":"Feature","geometry":{"type":"LineString","coordinates":[[-71.10058,42.30046],[-71.10076,42.30045],[-71.10083,42.30044],[-71.10096,42.30046],[-71.10128,42.30053],[-71.10139,42.30059],[-71.10155,42.30066]]},"properties":{"lts":1,"name":null,"osmId":1134059959}},{"type":"Feature","geometry":{"type":"LineString","coordinates":[[-71.09568,42.29686],[-71.096,42.29688],[-71.09624,42.29703],[-71.09647,42.2971],[-71.0972,42.29705],[-71.09757,42.29695],[-71.09793,42.29686],[-71.09816,42.29681],[-71.0984,42.29681],[-71.09854,42.29688],[-71.09864,42.29702],[-71.09864,42.29704]]},"properties":{"lts":1,"name":null,"osmId":380295711}},{"type":"Feature","geometry":{"type":"LineString","coordinates":[[-71.09582,42.29665],[-71.096,42.29688]]},"properties":{"lts":1,"name":null,"osmId":1491307708}},{"type":"Feature","geometry":{"type":"LineString","coordinates":[[-71.09862,42.29722],[-71.09861,42.29728],[-71.09861,42.2973],[-71.0986,42.29735],[-71.09859,42.29739],[-71.09858,42.29744],[-71.09857,42.29749],[-71.09858,42.29752],[-71.09858,42.29755],[-71.09859,42.2976],[-71.09861,42.29765],[-71.09863,42.29773]]},"properties":{"lts":1,"name":null,"osmId":910063702}},{"type":"Feature","geometry":{"type":"LineString","coordinates":[[-71.09863,42.29773],[-71.09861,42.29775],[-71.0986,42.29777]]},"properties":{"lts":1,"name":null,"osmId":1070099609}},{"type":"Feature","geometry":{"type":"LineString","coordinates":[[-71.09864,42.29704],[-71.09862,42.29722]]},"properties":{"lts":1,"name":null,"osmId":910063701}},{"type":"Feature","geometry":{"type":"LineString","coordinates":[[-71.10076,42.30045],[-71.1008,42.30055],[-71.10084,42.30064],[-71.10089,42.30083],[-71.10094,42.30101],[-71.10095,42.30116],[-71.10094,42.30127],[-71.10094,42.30133]]},"properties":{"lts":1,"name":null,"osmId":354670504}},{"type":"Feature","geometry":{"type":"LineString","coordinates":[[-71.09871,42.29772],[-71.09866,42.29772],[-71.09863,42.29773]]},"properties":{"lts":1,"name":null,"osmId":1070099605}},{"type":"Feature","geometry":{"type":"LineString","coordinates":[[-71.09868,42.2976],[-71.0987,42.29768],[-71.0987,42.29771],[-71.09871,42.29772]]},"properties":{"lts":1,"name":null,"osmId":1070099604}},{"type":"Feature","geometry":{"type":"LineString","coordinates":[[-71.09872,42.29774],[-71.09873,42.29775],[-71.09874,42.29776],[-71.09878,42.29778]]},"properties":{"lts":1,"name":null,"osmId":1070099607}},{"type":"Feature","geometry":{"type":"LineString","coordinates":[[-71.09871,42.29772],[-71.09872,42.29773],[-71.09872,42.29774]]},"properties":{"lts":1,"name":null,"osmId":1070099608}},{"type":"Feature","geometry":{"type":"LineString","coordinates":[[-71.09872,42.29774],[-71.09871,42.29776],[-71.09869,42.2978],[-71.09868,42.29781]]},"properties":{"lts":1,"name":null,"osmId":1070099606}},{"type":"Feature","geometry":{"type":"LineString","coordinates":[[-71.09868,42.29781],[-71.09867,42.29781],[-71.09864,42.2978],[-71.09863,42.29779],[-71.09862,42.29779],[-71.0986,42.29777]]},"properties":{"lts":1,"name":null,"osmId":1070099610}},{"type":"Feature","geometry":{"type":"LineString","coordinates":[[-71.0986,42.29777],[-71.09848,42.29779],[-71.09836,42.29782],[-71.09825,42.29783],[-71.09812,42.29784],[-71.09796,42.29782],[-71.09781,42.2978],[-71.09771,42.2978],[-71.09761,42.29781],[-71.09751,42.29783],[-71.09738,42.29783]]},"properties":{"lts":1,"name":null,"osmId":127441602}},{"type":"Feature","geometry":{"type":"LineString","coordinates":[[-71.09977,42.29964],[-71.09979,42.29965],[-71.10007,42.29969],[-71.10014,42.2997],[-71.10019,42.2997],[-71.1002,42.2997],[-71.10032,42.2997]]},"properties":{"lts":2,"name":null,"osmId":8646792}},{"type":"Feature","geometry":{"type":"LineString","coordinates":[[-71.07287,42.35569],[-71.07275,42.35546]]},"properties":{"lts":1,"name":null,"osmId":1087041477}},{"type":"Feature","geometry":{"type":"LineString","coordinates":[[-71.07271,42.35539],[-71.07275,42.35546]]},"properties":{"lts":1,"name":null,"osmId":1335269715}},{"type":"Feature","geometry":{"type":"LineString","coordinates":[[-71.07291,42.35575],[-71.07287,42.35569]]},"properties":{"lts":1,"name":null,"osmId":32800315}},{"type":"Feature","geometry":{"type":"LineString","coordinates":[[-71.0793,42.35415],[-71.07924,42.35417]]},"properties":{"lts":1,"name":null,"osmId":1335269713}},{"type":"Feature","geometry":{"type":"LineString","coordinates":[[-71.07924,42.35417],[-71.07925,42.35419],[-71.07927,42.35425]]},"properties":{"lts":1,"name":null,"osmId":843137147}},{"type":"Feature","geometry":{"type":"LineString","coordinates":[[-71.08384,42.35293],[-71.08385,42.35296],[-71.08388,42.35301]]},"properties":{"lts":1,"name":null,"osmId":826189022}},{"type":"Feature","geometry":{"type":"LineString","coordinates":[[-71.08378,42.35294],[-71.08384,42.35293]]},"properties":{"lts":1,"name":null,"osmId":1335269716}},{"type":"Feature","geometry":{"type":"LineString","coordinates":[[-71.09117,42.26794],[-71.09069,42.26799],[-71.09071,42.26812],[-71.09068,42.26812],[-71.09066,42.268],[-71.09059,42.268]]},"properties":{"lts":1,"name":"Neponset River Greenway","osmId":654803324}},{"type":"Feature","geometry":{"type":"LineString","coordinates":[[-71.09133,42.26796],[-71.09128,42.26794],[-71.09126,42.26794],[-71.09123,42.26794],[-71.09117,42.26794]]},"properties":{"lts":1,"name":"Neponset River Greenway","osmId":503106158}},{"type":"Feature","geometry":{"type":"LineString","coordinates":[[-71.08952,42.26987],[-71.08957,42.2699],[-71.0896,42.26992],[-71.08964,42.26992],[-71.0897,42.26992],[-71.08988,42.26985],[-71.08992,42.26984],[-71.08994,42.26984],[-71.08997,42.26984],[-71.09,42.26986],[-71.09002,42.26988],[-71.09008,42.26995]]},"properties":{"lts":1,"name":"Neponset River Greenway","osmId":630294868}},{"type":"Feature","geometry":{"type":"LineString","coordinates":[[-71.07128,42.27042],[-71.07148,42.27033]]},"properties":{"lts":1,"name":null,"osmId":1314014297}},{"type":"Feature","geometry":{"type":"LineString","coordinates":[[-71.07101,42.27053],[-71.07113,42.27048],[-71.07128,42.27042]]},"properties":{"lts":1,"name":"Walter Baker Chocolate Factory Spur","osmId":1104840942}},{"type":"Feature","geometry":{"type":"LineString","coordinates":[[-71.07048,42.27077],[-71.07049,42.27077],[-71.07054,42.27075],[-71.07101,42.27053]]},"properties":{"lts":1,"name":"Walter Baker Chocolate Factory Siding","osmId":93037173}},{"type":"Feature","geometry":{"type":"LineString","coordinates":[[-71.07048,42.27077],[-71.07046,42.27078]]},"properties":{"lts":1,"name":null,"osmId":1104840944}},{"type":"Feature","geometry":{"type":"LineString","coordinates":[[-71.06972,42.27105],[-71.06973,42.27102],[-71.06975,42.27096],[-71.06987,42.27094],[-71.06989,42.2709],[-71.06991,42.27088],[-71.06994,42.27087],[-71.07028,42.2708],[-71.07032,42.27079],[-71.07036,42.27079],[-71.0704,42.27078],[-71.07043,42.27078],[-71.07045,42.27078],[-71.07046,42.27078],[-71.07046,42.27078]]},"properties":{"lts":1,"name":null,"osmId":147776843}},{"type":"Feature","geometry":{"type":"LineString","coordinates":[[-71.02549,42.3787],[-71.0254,42.37865],[-71.02533,42.37862]]},"properties":{"lts":1,"name":null,"osmId":453563181}},{"type":"Feature","geometry":{"type":"LineString","coordinates":[[-71.02533,42.37862],[-71.02531,42.37861],[-71.02527,42.37859],[-71.02523,42.37857],[-71.02519,42.37856],[-71.02516,42.37856],[-71.02514,42.37857],[-71.02513,42.37858]]},"properties":{"lts":1,"name":"East Boston Greenway Connector","osmId":812876294}},{"type":"Feature","geometry":{"type":"LineString","coordinates":[[-71.02513,42.37858],[-71.02492,42.37872],[-71.02468,42.37887],[-71.02442,42.37899],[-71.02413,42.37911],[-71.02399,42.37916],[-71.02382,42.37923],[-71.0237,42.37928]]},"properties":{"lts":1,"name":null,"osmId":667459874}},{"type":"Feature","geometry":{"type":"LineString","coordinates":[[-71.0237,42.37928],[-71.02354,42.37933],[-71.0235,42.37934],[-71.02345,42.37935],[-71.02332,42.37936]]},"properties":{"lts":1,"name":null,"osmId":453563524}},{"type":"Feature","geometry":{"type":"LineString","coordinates":[[-71.02332,42.37936],[-71.02325,42.37936],[-71.02312,42.37936],[-71.02306,42.37937],[-71.02299,42.37939]]},"properties":{"lts":1,"name":null,"osmId":1180108681}},{"type":"Feature","geometry":{"type":"LineString","coordinates":[[-71.02299,42.37939],[-71.02299,42.3794]]},"properties":{"lts":1,"name":null,"osmId":1180108682}},{"type":"Feature","geometry":{"type":"LineString","coordinates":[[-71.02299,42.3794],[-71.02255,42.37957],[-71.02202,42.37978],[-71.0219,42.37984],[-71.02184,42.37987]]},"properties":{"lts":1,"name":null,"osmId":667459877}},{"type":"Feature","geometry":{"type":"LineString","coordinates":[[-71.02184,42.37987],[-71.02175,42.37991],[-71.02158,42.38001],[-71.02151,42.38004],[-71.02147,42.38006]]},"properties":{"lts":1,"name":null,"osmId":758379105}},{"type":"Feature","geometry":{"type":"LineString","coordinates":[[-71.02147,42.38006],[-71.02138,42.38009],[-71.02124,42.38011],[-71.02092,42.38016],[-71.02073,42.38017],[-71.02045,42.38018],[-71.01844,42.38017],[-71.01824,42.38017],[-71.01804,42.38019],[-71.01779,42.38022],[-71.01753,42.38026],[-71.01725,42.38032],[-71.01708,42.38037],[-71.01698,42.38041],[-71.01686,42.38045],[-71.01662,42.38054],[-71.01648,42.3806],[-71.0164,42.38063],[-71.01627,42.38069],[-71.01606,42.3808]]},"properties":{"lts":1,"name":null,"osmId":667459880}},{"type":"Feature","geometry":{"type":"LineString","coordinates":[[-71.01606,42.3808],[-71.01599,42.38085],[-71.01592,42.38089],[-71.01508,42.38152]]},"properties":{"lts":1,"name":null,"osmId":453564124}},{"type":"Feature","geometry":{"type":"LineString","coordinates":[[-71.01508,42.38152],[-71.01493,42.38163]]},"properties":{"lts":1,"name":null,"osmId":637960990}},{"type":"Feature","geometry":{"type":"LineString","coordinates":[[-71.01493,42.38163],[-71.01258,42.38338]]},"properties":{"lts":1,"name":null,"osmId":637960989}},{"type":"Feature","geometry":{"type":"LineString","coordinates":[[-71.01258,42.38338],[-71.01229,42.3836],[-71.01224,42.38363],[-71.0122,42.38365],[-71.01215,42.38368]]},"properties":{"lts":1,"name":null,"osmId":453564125}},{"type":"Feature","geometry":{"type":"LineString","coordinates":[[-71.01215,42.38368],[-71.0121,42.3837],[-71.01201,42.38373],[-71.01192,42.38376],[-71.01187,42.38379],[-71.01176,42.38384],[-71.01166,42.38391],[-71.01157,42.38398],[-71.0115,42.38406],[-71.01146,42.38412],[-71.01137,42.38421],[-71.01132,42.38426],[-71.01129,42.38428],[-71.01127,42.38428],[-71.01124,42.38428],[-71.0112,42.38426]]},"properties":{"lts":1,"name":null,"osmId":667459883}},{"type":"Feature","geometry":{"type":"LineString","coordinates":[[-71.0112,42.38426],[-71.01113,42.38423],[-71.0111,42.38421]]},"properties":{"lts":1,"name":null,"osmId":812876296}},{"type":"Feature","geometry":{"type":"LineString","coordinates":[[-71.0111,42.38421],[-71.01106,42.38423],[-71.01102,42.38421],[-71.011,42.38419]]},"properties":{"lts":1,"name":null,"osmId":812876297}},{"type":"Feature","geometry":{"type":"LineString","coordinates":[[-71.01075,42.384],[-71.01086,42.38407],[-71.011,42.38419]]},"properties":{"lts":1,"name":null,"osmId":129032477}},{"type":"Feature","geometry":{"type":"LineString","coordinates":[[-71.05651,42.37342],[-71.05651,42.37342],[-71.05647,42.37344],[-71.05644,42.37347],[-71.05642,42.3735],[-71.05629,42.37371],[-71.05627,42.37374],[-71.05624,42.37377],[-71.05621,42.37379],[-71.05618,42.37382],[-71.05615,42.37384],[-71.05612,42.37386],[-71.05608,42.37388],[-71.056,42.37393],[-71.056,42.37394],[-71.05599,42.37395],[-71.05599,42.37396],[-71.05599,42.37397],[-71.056,42.374]]},"properties":{"lts":1,"name":null,"osmId":1443745756}},{"type":"Feature","geometry":{"type":"LineString","coordinates":[[-71.05744,42.37293],[-71.05665,42.37335],[-71.05659,42.37338],[-71.05651,42.37342]]},"properties":{"lts":1,"name":null,"osmId":1263414141}},{"type":"Feature","geometry":{"type":"LineString","coordinates":[[-71.06,42.37177],[-71.05997,42.37175],[-71.05997,42.37174],[-71.05996,42.37174],[-71.05996,42.37174],[-71.05995,42.37174],[-71.05969,42.37186],[-71.05929,42.37205],[-71.05859,42.37237],[-71.05818,42.37256],[-71.05781,42.37274]]},"properties":{"lts":1,"name":null,"osmId":825298125}},{"type":"Feature","geometry":{"type":"LineString","coordinates":[[-71.05781,42.37274],[-71.05765,42.37282],[-71.05744,42.37293]]},"properties":{"lts":1,"name":null,"osmId":1263414142}},{"type":"Feature","geometry":{"type":"LineString","coordinates":[[-71.06239,42.37106],[-71.06234,42.37104],[-71.06229,42.37103],[-71.06223,42.371],[-71.0622,42.37099],[-71.06217,42.37097],[-71.06211,42.37095]]},"properties":{"lts":1,"name":"New Rutherford Avenue","osmId":1395100939}},{"type":"Feature","geometry":{"type":"LineString","coordinates":[[-71.0586,42.36724],[-71.05872,42.3674]]},"properties":{"lts":1,"name":"North Washington Street","osmId":1392256152}},{"type":"Feature","geometry":{"type":"LineString","coordinates":[[-71.05895,42.3673],[-71.05872,42.36699]]},"properties":{"lts":1,"name":"North Washington Street","osmId":1392256153}},{"type":"Feature","geometry":{"type":"LineString","coordinates":[[-71.06211,42.37095],[-71.06195,42.37087]]},"properties":{"lts":1,"name":"North Washington Street","osmId":1392256154}},{"type":"Feature","geometry":{"type":"LineString","coordinates":[[-71.06207,42.37089],[-71.06214,42.37079],[-71.06218,42.37075],[-71.06225,42.37071],[-71.06238,42.37063],[-71.06253,42.37055],[-71.0627,42.37046],[-71.06282,42.3704],[-71.06294,42.37035],[-71.06306,42.3703],[-71.06324,42.37022],[-71.06329,42.37019],[-71.06334,42.37015],[-71.0634,42.3701],[-71.06347,42.37004],[-71.06353,42.36999],[-71.06359,42.36994],[-71.06366,42.36989],[-71.06374,42.36985],[-71.06383,42.36981],[-71.064,42.36972]]},"properties":{"lts":1,"name":null,"osmId":172440093}},{"type":"Feature","geometry":{"type":"LineString","coordinates":[[-71.06195,42.37087],[-71.06187,42.37083],[-71.06186,42.37082]]},"properties":{"lts":1,"name":"North Washington Street","osmId":1430478248}},{"type":"Feature","geometry":{"type":"LineString","coordinates":[[-71.05872,42.36699],[-71.05854,42.3669]]},"properties":{"lts":1,"name":"North Washington Street","osmId":1430478250}},{"type":"Feature","geometry":{"type":"LineString","coordinates":[[-71.05872,42.3674],[-71.06036,42.36973],[-71.0606,42.37007],[-71.06076,42.3703],[-71.06078,42.37033],[-71.06081,42.37036],[-71.06082,42.37039],[-71.06083,42.3704],[-71.0609,42.37049],[-71.06091,42.37051],[-71.06092,42.37052],[-71.06093,42.37053],[-71.06093,42.37054],[-71.06094,42.37055],[-71.06095,42.37056],[-71.06097,42.37058],[-71.06099,42.37061],[-71.06102,42.37064],[-71.06104,42.37067],[-71.06107,42.37069],[-71.0611,42.37072],[-71.06112,42.37074],[-71.06114,42.37076]]},"properties":{"lts":1,"name":"North Washington Street","osmId":1262331183}},{"type":"Feature","geometry":{"type":"LineString","coordinates":[[-71.06186,42.37082],[-71.06181,42.3708],[-71.06175,42.37076],[-71.06165,42.37072],[-71.06163,42.3707]]},"properties":{"lts":1,"name":"North Washington Street","osmId":1395413425}},{"type":"Feature","geometry":{"type":"LineString","coordinates":[[-71.06283,42.37129],[-71.06272,42.37119]]},"properties":{"lts":1,"name":"New Rutherford Avenue","osmId":1395413426}},{"type":"Feature","geometry":{"type":"LineString","coordinates":[[-71.06248,42.3711],[-71.06241,42.37107],[-71.06239,42.37106]]},"properties":{"lts":1,"name":"New Rutherford Avenue","osmId":1395413427}},{"type":"Feature","geometry":{"type":"LineString","coordinates":[[-71.06484,42.3697],[-71.06468,42.36969],[-71.06455,42.36968],[-71.06449,42.36968],[-71.06435,42.36966],[-71.06429,42.36968],[-71.06412,42.36971],[-71.064,42.36972]]},"properties":{"lts":1,"name":null,"osmId":1288754616}},{"type":"Feature","geometry":{"type":"LineString","coordinates":[[-71.06128,42.37086],[-71.06131,42.37089],[-71.06134,42.37091],[-71.06138,42.37094],[-71.06141,42.37096],[-71.06144,42.37098],[-71.06146,42.37099],[-71.06151,42.37102],[-71.06161,42.37108],[-71.06166,42.3711]]},"properties":{"lts":1,"name":"North Washington Street","osmId":1408478137}},{"type":"Feature","geometry":{"type":"LineString","coordinates":[[-71.06207,42.37089],[-71.06197,42.37085]]},"properties":{"lts":1,"name":"North Washington Street","osmId":1337068346}},{"type":"Feature","geometry":{"type":"LineString","coordinates":[[-71.06114,42.37076],[-71.06117,42.37078],[-71.06122,42.37082],[-71.06125,42.37084],[-71.06128,42.37086]]},"properties":{"lts":1,"name":"North Washington Street","osmId":1449458899}},{"type":"Feature","geometry":{"type":"LineString","coordinates":[[-71.06163,42.3707],[-71.06155,42.37066],[-71.06149,42.37062],[-71.06145,42.37059],[-71.06139,42.37055],[-71.06135,42.37051],[-71.06128,42.37046],[-71.06123,42.37042],[-71.06118,42.37037],[-71.06114,42.37034],[-71.06111,42.37031],[-71.06107,42.37027],[-71.06105,42.37024],[-71.06102,42.37021],[-71.06098,42.37017],[-71.06095,42.37014],[-71.06093,42.37011],[-71.06089,42.37005],[-71.06085,42.37],[-71.06054,42.36956],[-71.06029,42.36921],[-71.05993,42.3687],[-71.05976,42.36846],[-71.05895,42.3673]]},"properties":{"lts":1,"name":"North Washington Street","osmId":1291968604}},{"type":"Feature","geometry":{"type":"LineString","coordinates":[[-71.06197,42.37085],[-71.06195,42.37087],[-71.0619,42.37091],[-71.06175,42.37103],[-71.06166,42.3711]]},"properties":{"lts":1,"name":"Chelsea Street","osmId":1314062047}},{"type":"Feature","geometry":{"type":"LineString","coordinates":[[-71.06166,42.3711],[-71.06165,42.37112],[-71.06164,42.37115],[-71.06154,42.37135]]},"properties":{"lts":1,"name":"Chelsea Street","osmId":1314062049}},{"type":"Feature","geometry":{"type":"LineString","coordinates":[[-71.06272,42.37119],[-71.0626,42.37114],[-71.06248,42.3711]]},"properties":{"lts":1,"name":"New Rutherford Avenue","osmId":1291968611}},{"type":"Feature","geometry":{"type":"LineString","coordinates":[[-71.05854,42.3669],[-71.0585,42.36709],[-71.05852,42.36713]]},"properties":{"lts":1,"name":"North Washington Street","osmId":1395423596}},{"type":"Feature","geometry":{"type":"LineString","coordinates":[[-71.05852,42.36713],[-71.05857,42.3672],[-71.0586,42.36724]]},"properties":{"lts":1,"name":"North Washington Street","osmId":1395423597}},{"type":"Feature","geometry":{"type":"LineString","coordinates":[[-71.13354,42.24683],[-71.13357,42.24693],[-71.13359,42.24702],[-71.13378,42.24742],[-71.13381,42.24749],[-71.13385,42.24756]]},"properties":{"lts":1,"name":null,"osmId":211836494}},{"type":"Feature","geometry":{"type":"LineString","coordinates":[[-71.13337,42.24601],[-71.13339,42.24606],[-71.13349,42.24654]]},"properties":{"lts":1,"name":null,"osmId":8637956}},{"type":"Feature","geometry":{"type":"LineString","coordinates":[[-71.1336,42.2477],[-71.13363,42.24775],[-71.1338,42.2482],[-71.13382,42.24824],[-71.13384,42.24826],[-71.13385,42.24828],[-71.13387,42.24829],[-71.13389,42.2483],[-71.13391,42.2483],[-71.13395,42.24831],[-71.13397,42.24831],[-71.13407,42.24829],[-71.13437,42.24823],[-71.13482,42.24813],[-71.13506,42.24808],[-71.13514,42.24807],[-71.1352,42.24806],[-71.13528,42.24807],[-71.13535,42.24808],[-71.13541,42.24809],[-71.13546,42.2481],[-71.1355,42.24812],[-71.13555,42.24814],[-71.1356,42.24816],[-71.13564,42.24819],[-71.13566,42.24821],[-71.13584,42.24838],[-71.13601,42.24855],[-71.13614,42.24869],[-71.13619,42.24874],[-71.13622,42.24876],[-71.13623,42.24877],[-71.13626,42.24879],[-71.13628,42.2488],[-71.13631,42.24882],[-71.13638,42.24885],[-71.1364,42.24887],[-71.13643,42.24888],[-71.13646,42.24891],[-71.13653,42.24897],[-71.1366,42.24913],[-71.13664,42.24922],[-71.13666,42.24927],[-71.13669,42.24931],[-71.13672,42.24934],[-71.13679,42.24941],[-71.1369,42.2495],[-71.13704,42.2496],[-71.13715,42.24968],[-71.13739,42.24985],[-71.13752,42.24994]]},"properties":{"lts":1,"name":null,"osmId":701128994}},{"type":"Feature","geometry":{"type":"LineString","coordinates":[[-71.13792,42.25101],[-71.13771,42.25093],[-71.13743,42.25077],[-71.13736,42.25072],[-71.13727,42.25063],[-71.13718,42.25053],[-71.13718,42.25048],[-71.13721,42.25042],[-71.13725,42.25037],[-71.13732,42.25028],[-71.13741,42.25016],[-71.13746,42.25009],[-71.13751,42.25004],[-71.13757,42.24997]]},"properties":{"lts":1,"name":null,"osmId":802065892}},{"type":"Feature","geometry":{"type":"LineString","coordinates":[[-71.13396,42.25431],[-71.13413,42.25411],[-71.13419,42.25402],[-71.13426,42.25393],[-71.13434,42.25385],[-71.13439,42.25379],[-71.13447,42.25371],[-71.13454,42.25363],[-71.1346,42.25357],[-71.13466,42.25352],[-71.13475,42.25349],[-71.13479,42.25348],[-71.13484,42.25349],[-71.13489,42.25349],[-71.13495,42.2535],[-71.135,42.25351],[-71.13504,42.25351],[-71.13507,42.2535],[-71.13509,42.2535],[-71.13513,42.25348],[-71.13517,42.25346],[-71.1352,42.25344],[-71.13522,42.25341],[-71.13523,42.25338],[-71.13524,42.25335],[-71.13525,42.25333],[-71.13528,42.2533],[-71.13531,42.25328],[-71.13535,42.25327],[-71.13539,42.25326],[-71.13545,42.25325],[-71.13553,42.25324],[-71.13561,42.25324],[-71.13565,42.25324],[-71.13569,42.25323],[-71.13572,42.25323],[-71.13574,42.25322],[-71.13578,42.2532],[-71.1358,42.25317],[-71.13582,42.25315],[-71.13585,42.25313],[-71.13591,42.2531],[-71.13605,42.25304],[-71.13616,42.25301],[-71.13627,42.25298],[-71.13636,42.25295],[-71.13644,42.25292],[-71.13666,42.25285],[-71.13693,42.25278],[-71.13708,42.25275],[-71.13724,42.25272],[-71.13734,42.2527],[-71.13742,42.25269],[-71.13757,42.25269],[-71.13771,42.25269],[-71.1378,42.25269],[-71.13797,42.25268],[-71.13806,42.25265],[-71.13813,42.25262],[-71.1382,42.25258],[-71.13826,42.25254],[-71.13831,42.25249],[-71.13835,42.25244],[-71.13838,42.25238],[-71.1384,42.25234],[-71.13843,42.25228],[-71.13844,42.2522],[-71.13845,42.25212],[-71.13846,42.25203],[-71.13848,42.25196],[-71.13853,42.25185],[-71.13855,42.2518],[-71.13856,42.25175],[-71.13856,42.25171],[-71.13854,42.25164],[-71.1385,42.25156],[-71.13843,42.25149],[-71.13834,42.25143],[-71.13827,42.25135],[-71.13821,42.25127],[-71.13816,42.2512],[-71.1381,42.25114],[-71.13803,42.25108],[-71.13792,42.25101],[-71.13794,42.25067],[-71.13799,42.25027]]},"properties":{"lts":1,"name":null,"osmId":701128993}},{"type":"Feature","geometry":{"type":"LineString","coordinates":[[-71.04208,42.31356],[-71.04205,42.31363],[-71.04205,42.31364],[-71.04205,42.31365],[-71.04204,42.31366],[-71.04204,42.31366],[-71.04204,42.31367],[-71.04205,42.31367],[-71.04205,42.31368]]},"properties":{"lts":1,"name":null,"osmId":1087024112}},{"type":"Feature","geometry":{"type":"LineString","coordinates":[[-71.04181,42.31421],[-71.04181,42.31421],[-71.04182,42.3142],[-71.04194,42.31415],[-71.04197,42.31414],[-71.04199,42.31413],[-71.04201,42.31412],[-71.04202,42.31411],[-71.04203,42.3141],[-71.04204,42.31409],[-71.04205,42.31409],[-71.04207,42.31407],[-71.04208,42.31406],[-71.04209,42.31405],[-71.0421,42.31404],[-71.04211,42.31402],[-71.04212,42.31401],[-71.04213,42.31399],[-71.04214,42.31397],[-71.04214,42.31396],[-71.04215,42.31394],[-71.04215,42.31393],[-71.04215,42.31392],[-71.04216,42.3139],[-71.04216,42.31389],[-71.04215,42.31387],[-71.04215,42.31386],[-71.04215,42.31385],[-71.04215,42.31384],[-71.04215,42.31383],[-71.04214,42.31382],[-71.04214,42.31381],[-71.04213,42.3138],[-71.0421,42.31375],[-71.04207,42.3137],[-71.04205,42.31368],[-71.04205,42.31368]]},"properties":{"lts":1,"name":null,"osmId":821722242}},{"type":"Feature","geometry":{"type":"LineString","coordinates":[[-71.04181,42.31421],[-71.04181,42.31421],[-71.04181,42.31421],[-71.04181,42.31422],[-71.0418,42.31422],[-71.0418,42.31422],[-71.0418,42.31423],[-71.0418,42.31424],[-71.0418,42.31424],[-71.0418,42.31425],[-71.04177,42.31435]]},"properties":{"lts":1,"name":null,"osmId":1087024110}},{"type":"Feature","geometry":{"type":"LineString","coordinates":[[-71.04166,42.31442],[-71.04182,42.31443],[-71.04184,42.31444],[-71.04185,42.31444],[-71.04187,42.31444],[-71.04187,42.31444]]},"properties":{"lts":1,"name":null,"osmId":1087024109}},{"type":"Feature","geometry":{"type":"LineString","coordinates":[[-71.04243,42.3143],[-71.04242,42.3143],[-71.04238,42.3143],[-71.04236,42.3143],[-71.04234,42.3143],[-71.04233,42.31431],[-71.0423,42.31431],[-71.04228,42.31431],[-71.04225,42.31432],[-71.04223,42.31432],[-71.04221,42.31432],[-71.04219,42.31433],[-71.04216,42.31434],[-71.04214,42.31434],[-71.04212,42.31435],[-71.0421,42.31435],[-71.04207,42.31436],[-71.04205,42.31437],[-71.04202,42.31438],[-71.04199,42.31439],[-71.04197,42.31439],[-71.04195,42.3144],[-71.04194,42.31441],[-71.04192,42.31442],[-71.04191,42.31442],[-71.04189,42.31443],[-71.04188,42.31443],[-71.04187,42.31444]]},"properties":{"lts":1,"name":null,"osmId":920589855}},{"type":"Feature","geometry":{"type":"LineString","coordinates":[[-71.04243,42.3143],[-71.04248,42.3143],[-71.04251,42.3143],[-71.04252,42.3143]]},"properties":{"lts":1,"name":null,"osmId":905907959}},{"type":"Feature","geometry":{"type":"LineString","coordinates":[[-71.04252,42.3143],[-71.04256,42.31429],[-71.04261,42.31429],[-71.04266,42.31429],[-71.04269,42.3143],[-71.04273,42.3143],[-71.04277,42.3143],[-71.0428,42.31431],[-71.04285,42.31432],[-71.04288,42.31432],[-71.04292,42.31433],[-71.04294,42.31433],[-71.04295,42.31434],[-71.04297,42.31434],[-71.04298,42.31434]]},"properties":{"lts":1,"name":null,"osmId":920589856}},{"type":"Feature","geometry":{"type":"LineString","coordinates":[[-71.04298,42.31434],[-71.04299,42.31434],[-71.04301,42.31434],[-71.04303,42.31434],[-71.04306,42.31434],[-71.04323,42.31433]]},"properties":{"lts":1,"name":null,"osmId":1087024107}},{"type":"Feature","geometry":{"type":"LineString","coordinates":[[-71.04314,42.31421],[-71.04314,42.31415],[-71.04313,42.31414],[-71.04313,42.31414],[-71.04312,42.31413],[-71.04312,42.31413],[-71.04311,42.31412],[-71.0431,42.31412],[-71.04309,42.31411],[-71.04302,42.31409],[-71.04295,42.31407]]},"properties":{"lts":1,"name":null,"osmId":1087024106}},{"type":"Feature","geometry":{"type":"LineString","coordinates":[[-71.04295,42.31407],[-71.04295,42.31407],[-71.04294,42.31406],[-71.04293,42.31405],[-71.04292,42.31404],[-71.04292,42.31403],[-71.04291,42.31402],[-71.0429,42.314],[-71.04289,42.31399],[-71.04288,42.31398],[-71.04287,42.31397],[-71.04287,42.31396],[-71.04286,42.31395],[-71.04285,42.31395],[-71.04284,42.31394],[-71.04283,42.31393],[-71.04282,42.31392],[-71.04281,42.31391],[-71.04279,42.3139],[-71.04278,42.31389],[-71.04277,42.31388],[-71.04276,42.31388],[-71.04274,42.31387],[-71.04272,42.31386],[-71.04271,42.31385],[-71.0427,42.31384],[-71.04268,42.31384],[-71.04266,42.31383],[-71.04265,42.31383],[-71.04263,42.31382],[-71.04261,42.31382],[-71.0426,42.31381],[-71.04256,42.31381],[-71.04254,42.3138],[-71.04251,42.3138],[-71.0425,42.31379],[-71.04248,42.31379],[-71.04247,42.31379],[-71.04245,42.31378],[-71.04244,42.31378],[-71.04242,42.31377],[-71.04241,42.31377],[-71.0424,42.31376],[-71.04238,42.31375],[-71.04237,42.31375],[-71.04236,42.31374],[-71.04235,42.31373],[-71.04234,42.31372],[-71.04234,42.31372],[-71.04233,42.31371],[-71.04231,42.3137],[-71.0423,42.31368],[-71.04229,42.31367],[-71.04227,42.31365],[-71.04222,42.31358],[-71.0422,42.31356],[-71.04219,42.31354],[-71.04218,42.31353],[-71.04217,42.31353]]},"properties":{"lts":1,"name":null,"osmId":920592039}},{"type":"Feature","geometry":{"type":"LineString","coordinates":[[-71.04217,42.31353],[-71.04217,42.31352],[-71.04216,42.31352],[-71.04215,42.31351],[-71.04213,42.31351],[-71.04212,42.31351],[-71.04202,42.31349]]},"properties":{"lts":1,"name":null,"osmId":1087024111}},{"type":"Feature","geometry":{"type":"LineString","coordinates":[[-71.04233,42.31371],[-71.04234,42.3137],[-71.04235,42.3137],[-71.04236,42.31369],[-71.04237,42.31369],[-71.04238,42.31368],[-71.04239,42.31368],[-71.04241,42.31367],[-71.04242,42.31367],[-71.04249,42.31366],[-71.04256,42.31366],[-71.04264,42.31365],[-71.04271,42.31365],[-71.0428,42.31365],[-71.04285,42.31365],[-71.04291,42.31365],[-71.04303,42.31366],[-71.04314,42.31367]]},"properties":{"lts":1,"name":null,"osmId":818682939}},{"type":"Feature","geometry":{"type":"LineString","coordinates":[[-71.06622,42.29481],[-71.066,42.29399],[-71.06581,42.29328],[-71.06571,42.2933],[-71.06565,42.29306],[-71.06566,42.29296],[-71.06567,42.29281],[-71.06551,42.29213],[-71.0655,42.29207]]},"properties":{"lts":1,"name":null,"osmId":506110773}},{"type":"Feature","geometry":{"type":"LineString","coordinates":[[-71.13375,42.28729],[-71.13379,42.28727],[-71.13391,42.28721],[-71.13411,42.28712],[-71.13429,42.28704],[-71.13439,42.287],[-71.13442,42.28699],[-71.13444,42.28698],[-71.13446,42.28698],[-71.13448,42.28697],[-71.13474,42.28696],[-71.1351,42.28695],[-71.13514,42.28695],[-71.1354,42.28694],[-71.13548,42.28694],[-71.13577,42.28693],[-71.13585,42.28693],[-71.1359,42.28692],[-71.13594,42.28691],[-71.13598,42.28691],[-71.13627,42.2869],[-71.1364,42.2869],[-71.13646,42.2869],[-71.13652,42.2869],[-71.13657,42.28691],[-71.13664,42.28692],[-71.13679,42.28694],[-71.13681,42.28694],[-71.1369,42.28696]]},"properties":{"lts":1,"name":null,"osmId":112688231}},{"type":"Feature","geometry":{"type":"LineString","coordinates":[[-71.1264,42.3617],[-71.1264,42.36166]]},"properties":{"lts":1,"name":null,"osmId":1388085128}},{"type":"Feature","geometry":{"type":"LineString","coordinates":[[-71.12666,42.36136],[-71.12653,42.36137],[-71.12642,42.36138],[-71.12637,42.3614],[-71.12632,42.36141],[-71.12619,42.36146],[-71.12614,42.36149],[-71.12612,42.36149],[-71.12609,42.36152],[-71.12607,42.36154],[-71.12606,42.36158],[-71.12605,42.36159],[-71.12605,42.3616],[-71.12606,42.36162],[-71.12606,42.36164],[-71.12607,42.36165],[-71.12608,42.36167],[-71.12609,42.36168],[-71.12611,42.36169],[-71.12612,42.36169],[-71.12613,42.36169],[-71.12616,42.36169],[-71.12618,42.36169],[-71.12623,42.36168],[-71.12632,42.36167],[-71.1264,42.36166]]},"properties":{"lts":1,"name":null,"osmId":1073412488}},{"type":"Feature","geometry":{"type":"LineString","coordinates":[[-71.12865,42.36021],[-71.12858,42.36026],[-71.12833,42.36044],[-71.12818,42.36054],[-71.12811,42.36059],[-71.12805,42.36064],[-71.12799,42.36069],[-71.12794,42.36073],[-71.12789,42.36078],[-71.12784,42.36083],[-71.12779,42.36087],[-71.12775,42.36092],[-71.12771,42.36096],[-71.12767,42.36099],[-71.12762,42.36103],[-71.12757,42.36107],[-71.12751,42.36111],[-71.12743,42.36116],[-71.12738,42.36119],[-71.12731,42.36122],[-71.12725,42.36124],[-71.12718,42.36127],[-71.12711,42.36129],[-71.12702,42.36131],[-71.12694,42.36132],[-71.12685,42.36133],[-71.12677,42.36134],[-71.12667,42.36135],[-71.12666,42.36136]]},"properties":{"lts":1,"name":null,"osmId":8651251}},{"type":"Feature","geometry":{"type":"LineString","coordinates":[[-71.03333,42.37282],[-71.03329,42.3728],[-71.03325,42.37277],[-71.03323,42.37273],[-71.03318,42.37264],[-71.03316,42.37256],[-71.03315,42.37255],[-71.03313,42.37249],[-71.03313,42.37248],[-71.03312,42.37245],[-71.03311,42.37243],[-71.03308,42.37236],[-71.03305,42.37231],[-71.03304,42.37227],[-71.03304,42.37224],[-71.03305,42.37221]]},"properties":{"lts":1,"name":null,"osmId":767983542}},{"type":"Feature","geometry":{"type":"LineString","coordinates":[[-71.03111,42.37317],[-71.03119,42.3731],[-71.03166,42.37265],[-71.03172,42.37261],[-71.0318,42.37257],[-71.03187,42.37253],[-71.03196,42.37249],[-71.03204,42.37246],[-71.03212,42.37243],[-71.03221,42.37241],[-71.0323,42.37239],[-71.0324,42.37237],[-71.03269,42.37234],[-71.03274,42.37234],[-71.03279,42.37233],[-71.0329,42.37228],[-71.03297,42.37225],[-71.03305,42.37221]]},"properties":{"lts":1,"name":null,"osmId":768161559}},{"type":"Feature","geometry":{"type":"LineString","coordinates":[[-71.02773,42.37005],[-71.02767,42.37006],[-71.02761,42.37008],[-71.02756,42.37011],[-71.02748,42.37016],[-71.02743,42.3702],[-71.02739,42.37025],[-71.02736,42.3703],[-71.02736,42.37035],[-71.02738,42.37041],[-71.02741,42.37047],[-71.02763,42.37073],[-71.02774,42.37084],[-71.028,42.37105],[-71.0281,42.37112],[-71.0282,42.37117],[-71.0283,42.37125],[-71.02838,42.37132],[-71.02865,42.37157],[-71.02921,42.37206],[-71.02933,42.37215],[-71.0294,42.3722],[-71.02947,42.37227],[-71.02957,42.37238],[-71.02964,42.37249],[-71.02972,42.37261],[-71.02981,42.37273],[-71.03017,42.37315],[-71.03023,42.3732],[-71.03029,42.37324],[-71.03032,42.37326],[-71.03041,42.37329],[-71.03053,42.37332],[-71.03064,42.37332],[-71.03075,42.37332],[-71.03084,42.37331],[-71.03091,42.37328],[-71.03099,42.37326],[-71.03105,42.37321],[-71.03111,42.37317]]},"properties":{"lts":1,"name":null,"osmId":836176138}},{"type":"Feature","geometry":{"type":"LineString","coordinates":[[-71.02768,42.36985],[-71.02771,42.36993],[-71.02772,42.36999],[-71.02773,42.37005]]},"properties":{"lts":1,"name":null,"osmId":735208740}},{"type":"Feature","geometry":{"type":"LineString","coordinates":[[-71.02816,42.36922],[-71.0281,42.3693],[-71.02802,42.36935],[-71.02798,42.3694],[-71.02797,42.36947],[-71.02794,42.36954],[-71.02768,42.36976],[-71.02767,42.36979],[-71.02768,42.36985]]},"properties":{"lts":1,"name":null,"osmId":832653364}},{"type":"Feature","geometry":{"type":"LineString","coordinates":[[-71.03331,42.36786],[-71.03314,42.3681],[-71.03294,42.36839],[-71.03285,42.3685],[-71.03276,42.36858],[-71.03258,42.36874],[-71.03235,42.36895],[-71.0323,42.369],[-71.03208,42.36918],[-71.03207,42.36923],[-71.03203,42.3695],[-71.03197,42.36959],[-71.03129,42.37017],[-71.03128,42.37018]]},"properties":{"lts":1,"name":null,"osmId":749544866}},{"type":"Feature","geometry":{"type":"LineString","coordinates":[[-71.03128,42.37018],[-71.03127,42.37023]]},"properties":{"lts":1,"name":null,"osmId":749544865}},{"type":"Feature","geometry":{"type":"LineString","coordinates":[[-71.03331,42.36786],[-71.03314,42.3681],[-71.03294,42.36839],[-71.03285,42.3685],[-71.03276,42.36858],[-71.03258,42.36874],[-71.03235,42.36895],[-71.0323,42.369],[-71.03208,42.36918],[-71.03207,42.36923],[-71.03203,42.3695],[-71.03197,42.36959],[-71.03129,42.37017],[-71.03128,42.37018]]},"properties":{"lts":1,"name":null,"osmId":749544866}},{"type":"Feature","geometry":{"type":"LineString","coordinates":[[-71.07325,42.34312],[-71.07313,42.34318],[-71.07307,42.34321],[-71.07282,42.34334],[-71.07239,42.34357],[-71.07232,42.3436],[-71.07226,42.34364],[-71.07194,42.34381],[-71.07191,42.34383],[-71.07184,42.34387],[-71.07175,42.34392],[-71.07168,42.34396],[-71.07157,42.34402]]},"properties":{"lts":1,"name":"Tremont Street","osmId":8636133}},{"type":"Feature","geometry":{"type":"LineString","coordinates":[[-71.07276,42.38483],[-71.07272,42.38504],[-71.07269,42.38518],[-71.07268,42.38522],[-71.07264,42.38545]]},"properties":{"lts":2,"name":"Alford Street","osmId":8640386}},{"type":"Feature","geometry":{"type":"LineString","coordinates":[[-71.07149,42.3535],[-71.07146,42.35345],[-71.07143,42.35337],[-71.07133,42.35316],[-71.07129,42.35308],[-71.07117,42.35284],[-71.07116,42.35281],[-71.07113,42.35276],[-71.0711,42.35269],[-71.07091,42.35231]]},"properties":{"lts":2,"name":"Arlington Street","osmId":8641166}},{"type":"Feature","geometry":{"type":"LineString","coordinates":[[-71.07221,42.35552],[-71.07233,42.35545],[-71.07235,42.35543],[-71.07236,42.3554],[-71.07236,42.35538],[-71.07235,42.35526]]},"properties":{"lts":2,"name":"Arlington Street","osmId":8641171}},{"type":"Feature","geometry":{"type":"LineString","coordinates":[[-71.07831,42.35206],[-71.07835,42.35214],[-71.07847,42.35238],[-71.07855,42.35247],[-71.07868,42.35275],[-71.07869,42.35278],[-71.07873,42.35286]]},"properties":{"lts":1,"name":"Dartmouth Street","osmId":8641867}},{"type":"Feature","geometry":{"type":"LineString","coordinates":[[-71.15678,42.33166],[-71.15672,42.33168],[-71.15664,42.3317],[-71.15657,42.33173],[-71.1565,42.33175],[-71.15641,42.33179],[-71.15629,42.33184],[-71.15622,42.33188],[-71.15567,42.33215],[-71.15549,42.33223],[-71.1554,42.33228],[-71.15529,42.33235],[-71.15518,42.33242],[-71.15507,42.3325],[-71.15496,42.33258],[-71.15488,42.33265],[-71.15479,42.33273],[-71.15472,42.33281],[-71.15465,42.33289],[-71.15457,42.33298],[-71.1545,42.33308],[-71.15443,42.33319],[-71.15437,42.3333],[-71.15432,42.33341],[-71.15413,42.33385],[-71.15401,42.33411],[-71.15399,42.33416]]},"properties":{"lts":1,"name":"Beacon Street","osmId":8642073}},{"type":"Feature","geometry":{"type":"LineString","coordinates":[[-71.05806,42.35675],[-71.05815,42.35676],[-71.05823,42.35677],[-71.05831,42.35679],[-71.05839,42.35682],[-71.05849,42.35686],[-71.05865,42.35693],[-71.05869,42.35695],[-71.05874,42.357]]},"properties":{"lts":2,"name":"Milk Street","osmId":8642149}},{"type":"Feature","geometry":{"type":"LineString","coordinates":[[-71.08534,42.34739],[-71.08525,42.34719],[-71.0851,42.34688],[-71.08506,42.34682]]},"properties":{"lts":1,"name":"Dalton Street","osmId":8642176}},{"type":"Feature","geometry":{"type":"LineString","coordinates":[[-71.15298,42.35716],[-71.15332,42.35732],[-71.1534,42.35735],[-71.15347,42.35739],[-71.15355,42.35743],[-71.15363,42.35748],[-71.15366,42.3575],[-71.1537,42.35753],[-71.15424,42.3579]]},"properties":{"lts":1,"name":"North Beacon Street","osmId":8642286}},{"type":"Feature","geometry":{"type":"LineString","coordinates":[[-71.13731,42.35362],[-71.13758,42.35365],[-71.13782,42.35366],[-71.13808,42.35368]]},"properties":{"lts":2,"name":"North Beacon Street","osmId":8644079}},{"type":"Feature","geometry":{"type":"LineString","coordinates":[[-71.05243,42.35954],[-71.05256,42.35952],[-71.05335,42.35938],[-71.05348,42.35936],[-71.05357,42.35935],[-71.05383,42.3593],[-71.05409,42.35927]]},"properties":{"lts":2,"name":"State Street","osmId":8645083}},{"type":"Feature","geometry":{"type":"LineString","coordinates":[[-71.06428,42.35234],[-71.06414,42.35233],[-71.06391,42.35232],[-71.06376,42.35232],[-71.06368,42.35231],[-71.06349,42.35231],[-71.06334,42.35232],[-71.06323,42.35233]]},"properties":{"lts":2,"name":"Boylston Street","osmId":8645216}},{"type":"Feature","geometry":{"type":"LineString","coordinates":[[-71.09757,42.30693],[-71.09736,42.30694],[-71.09705,42.30698],[-71.09668,42.30703]]},"properties":{"lts":1,"name":"Glen Lane","osmId":8645304}},{"type":"Feature","geometry":{"type":"LineString","coordinates":[[-71.0887,42.34927],[-71.08867,42.3492],[-71.08866,42.34918]]},"properties":{"lts":2,"name":"Massachusetts Avenue","osmId":8645337}},{"type":"Feature","geometry":{"type":"LineString","coordinates":[[-71.07218,42.38765],[-71.07127,42.38914]]},"properties":{"lts":2,"name":"Alford Street","osmId":8645648}},{"type":"Feature","geometry":{"type":"LineString","coordinates":[[-71.08558,42.34788],[-71.08546,42.34791]]},"properties":{"lts":2,"name":"Boylston Street","osmId":8645818}},{"type":"Feature","geometry":{"type":"LineString","coordinates":[[-71.15095,42.34849],[-71.15118,42.34814],[-71.15149,42.34763],[-71.15162,42.34742],[-71.15175,42.34721],[-71.15178,42.34715],[-71.15188,42.34699],[-71.152,42.3468],[-71.1521,42.34666],[-71.15218,42.34652],[-71.15241,42.34616],[-71.15246,42.3461]]},"properties":{"lts":2,"name":"Winship Street","osmId":8646136}},{"type":"Feature","geometry":{"type":"LineString","coordinates":[[-71.08944,42.34389],[-71.08859,42.34376],[-71.08801,42.34367],[-71.08781,42.34364],[-71.08776,42.34363],[-71.08761,42.34361]]},"properties":{"lts":2,"name":"Westland Avenue","osmId":8646628}},{"type":"Feature","geometry":{"type":"LineString","coordinates":[[-71.10344,42.35061],[-71.10346,42.35055],[-71.10346,42.35052],[-71.10352,42.35027],[-71.10361,42.34989],[-71.10361,42.34987],[-71.10364,42.34976]]},"properties":{"lts":1,"name":"Granby Street","osmId":8646700}},{"type":"Feature","geometry":{"type":"LineString","coordinates":[[-71.15005,42.28728],[-71.1499,42.28726],[-71.14985,42.28726]]},"properties":{"lts":1,"name":"Centre Street","osmId":8647741}},{"type":"Feature","geometry":{"type":"LineString","coordinates":[[-71.06694,42.35252],[-71.06635,42.3525],[-71.06611,42.35249],[-71.06592,42.35247],[-71.0655,42.35245],[-71.06508,42.35242]]},"properties":{"lts":2,"name":"Boylston Street","osmId":8647872}},{"type":"Feature","geometry":{"type":"LineString","coordinates":[[-71.0707,42.3519],[-71.07059,42.35197],[-71.0705,42.352],[-71.07043,42.35201],[-71.07027,42.35206],[-71.06931,42.35225],[-71.06927,42.35226],[-71.06919,42.35227]]},"properties":{"lts":2,"name":"Boylston Street","osmId":8648229}},{"type":"Feature","geometry":{"type":"LineString","coordinates":[[-71.06492,42.35109],[-71.06494,42.35102],[-71.06494,42.35101],[-71.06496,42.35095],[-71.06498,42.35087],[-71.06506,42.35059],[-71.06518,42.35023],[-71.06522,42.35008],[-71.06524,42.35],[-71.06529,42.34982],[-71.06529,42.3498]]},"properties":{"lts":2,"name":"Tremont Street","osmId":8648550}},{"type":"Feature","geometry":{"type":"LineString","coordinates":[[-71.10871,42.35037],[-71.10931,42.35044],[-71.10936,42.35044],[-71.10969,42.35048]]},"properties":{"lts":2,"name":"Commonwealth Avenue","osmId":8648572}},{"type":"Feature","geometry":{"type":"LineString","coordinates":[[-71.05852,42.35552],[-71.05859,42.35556],[-71.05868,42.35561],[-71.05876,42.35565],[-71.05883,42.35569],[-71.05886,42.3557],[-71.05891,42.35574]]},"properties":{"lts":1,"name":"Franklin Street","osmId":8648747}},{"type":"Feature","geometry":{"type":"LineString","coordinates":[[-71.07166,42.35385],[-71.07155,42.35362],[-71.07154,42.35359],[-71.07153,42.35357],[-71.07149,42.3535]]},"properties":{"lts":2,"name":"Arlington Street","osmId":8648766}},{"type":"Feature","geometry":{"type":"LineString","coordinates":[[-71.11084,42.27536],[-71.11105,42.27548],[-71.11126,42.27558],[-71.11249,42.2762],[-71.11273,42.27633],[-71.11282,42.27637],[-71.11323,42.27658],[-71.11358,42.27676]]},"properties":{"lts":1,"name":"Cummins Highway","osmId":8648848}},{"type":"Feature","geometry":{"type":"LineString","coordinates":[[-71.07276,42.38693],[-71.07278,42.3869],[-71.07279,42.38689],[-71.07301,42.38645]]},"properties":{"lts":2,"name":"Alford Street","osmId":8648878}},{"type":"Feature","geometry":{"type":"LineString","coordinates":[[-71.0998,42.3081],[-71.09976,42.308],[-71.09955,42.30784],[-71.09945,42.30772],[-71.09931,42.30758],[-71.09921,42.30749],[-71.09904,42.30739],[-71.09879,42.30728],[-71.09858,42.3072],[-71.09824,42.30706],[-71.09799,42.30697],[-71.09796,42.30696],[-71.09783,42.30694],[-71.0978,42.30694]]},"properties":{"lts":1,"name":"Glen Lane","osmId":8649691}},{"type":"Feature","geometry":{"type":"LineString","coordinates":[[-71.06569,42.3478],[-71.06569,42.34777],[-71.06571,42.34768]]},"properties":{"lts":2,"name":"Shawmut Avenue","osmId":8650174}},{"type":"Feature","geometry":{"type":"LineString","coordinates":[[-71.06456,42.35237],[-71.06458,42.35229],[-71.06466,42.35199],[-71.06473,42.35172],[-71.06475,42.35166],[-71.06477,42.35155],[-71.06479,42.35149]]},"properties":{"lts":2,"name":"Tremont Street","osmId":8650197}},{"type":"Feature","geometry":{"type":"LineString","coordinates":[[-71.03967,42.31695],[-71.03956,42.31691],[-71.03954,42.3169],[-71.0395,42.31689],[-71.03943,42.31686],[-71.03937,42.31684],[-71.03923,42.31679],[-71.03915,42.31677],[-71.03897,42.31671],[-71.03892,42.3167],[-71.03882,42.31668],[-71.03871,42.31666]]},"properties":{"lts":1,"name":"University Drive North","osmId":8650826}},{"type":"Feature","geometry":{"type":"LineString","coordinates":[[-71.06758,42.35281],[-71.06759,42.35284],[-71.06761,42.35294],[-71.06781,42.3533],[-71.0682,42.35399],[-71.06843,42.35442],[-71.06849,42.35451],[-71.0688,42.35508],[-71.06898,42.35542]]},"properties":{"lts":2,"name":"Charles Street","osmId":8651355}},{"type":"Feature","geometry":{"type":"LineString","coordinates":[[-71.06289,42.35566],[-71.06304,42.35551],[-71.06321,42.35533],[-71.06327,42.35526],[-71.06329,42.35523],[-71.06334,42.35517],[-71.06342,42.35506],[-71.06358,42.35477],[-71.06359,42.35476],[-71.0638,42.35434],[-71.06383,42.35427],[-71.06391,42.35412],[-71.06399,42.35398],[-71.06409,42.35373]]},"properties":{"lts":2,"name":"Tremont Street","osmId":8651512}},{"type":"Feature","geometry":{"type":"LineString","coordinates":[[-71.11162,42.31959],[-71.11167,42.31979],[-71.11168,42.31982],[-71.11171,42.31996]]},"properties":{"lts":1,"name":"South Huntington Avenue","osmId":8651790}},{"type":"Feature","geometry":{"type":"LineString","coordinates":[[-71.07316,42.35527],[-71.07418,42.35499],[-71.0747,42.35485],[-71.07473,42.35483],[-71.07479,42.35481]]},"properties":{"lts":1,"name":"Beacon Street","osmId":8651845}},{"type":"Feature","geometry":{"type":"LineString","coordinates":[[-71.10767,42.31076],[-71.10848,42.31111],[-71.10851,42.31112],[-71.10859,42.31115]]},"properties":{"lts":1,"name":"Green Street","osmId":8651862}},{"type":"Feature","geometry":{"type":"LineString","coordinates":[[-71.10519,42.34668],[-71.1053,42.34665],[-71.10553,42.34658],[-71.1068,42.34624]]},"properties":{"lts":1,"name":"Beacon Street","osmId":8652165}},{"type":"Feature","geometry":{"type":"LineString","coordinates":[[-71.06983,42.34528],[-71.06995,42.34531],[-71.07003,42.34534],[-71.07019,42.34542],[-71.0702,42.34543],[-71.07022,42.34544],[-71.07023,42.34545],[-71.07023,42.34546]]},"properties":{"lts":3,"name":"Berkeley Street","osmId":8691837}},{"type":"Feature","geometry":{"type":"LineString","coordinates":[[-71.13436,42.30924],[-71.13444,42.30924],[-71.13449,42.30924],[-71.13458,42.30925],[-71.13465,42.30926],[-71.13481,42.30929],[-71.13517,42.30936],[-71.13525,42.30938],[-71.13553,42.30944],[-71.13577,42.30949],[-71.13604,42.30954],[-71.13644,42.30961],[-71.13675,42.30967],[-71.13695,42.30972],[-71.13715,42.30977],[-71.13724,42.3098]]},"properties":{"lts":1,"name":"Newton Street","osmId":8814545}},{"type":"Feature","geometry":{"type":"LineString","coordinates":[]},"properties":{"lts":2,"name":"Beacon Street","osmId":9123970}},{"type":"Feature","geometry":{"type":"LineString","coordinates":[[-71.12019,42.36038],[-71.12012,42.36039],[-71.12003,42.36041],[-71.11989,42.36044],[-71.1194,42.36054]]},"properties":{"lts":2,"name":"Cambridge Street","osmId":26404844}},{"type":"Feature","geometry":{"type":"LineString","coordinates":[[-71.1314,42.35603],[-71.13134,42.35605]]},"properties":{"lts":2,"name":"Cambridge Street","osmId":26428902}},{"type":"Feature","geometry":{"type":"LineString","coordinates":[[-71.09002,42.35194],[-71.09007,42.35203],[-71.09041,42.35273],[-71.09088,42.3537],[-71.091,42.35394],[-71.09155,42.35506]]},"properties":{"lts":2,"name":"Massachusetts Avenue","osmId":29328400}},{"type":"Feature","geometry":{"type":"LineString","coordinates":[[-71.07023,42.34546],[-71.07027,42.34554],[-71.07043,42.34586],[-71.07057,42.34616],[-71.07059,42.34619],[-71.07062,42.34625],[-71.07066,42.34633],[-71.07069,42.34639],[-71.07083,42.34668],[-71.07093,42.3469],[-71.07097,42.34698],[-71.07101,42.34706],[-71.07126,42.34758]]},"properties":{"lts":2,"name":"Berkeley Street","osmId":32575491}},{"type":"Feature","geometry":{"type":"LineString","coordinates":[[-71.07126,42.34758],[-71.07149,42.34808]]},"properties":{"lts":2,"name":"Berkeley Street","osmId":36835948}},{"type":"Feature","geometry":{"type":"LineString","coordinates":[[-71.07055,42.39039],[-71.07066,42.3903],[-71.07071,42.39025],[-71.07073,42.39023],[-71.0708,42.39014],[-71.07089,42.39001]]},"properties":{"lts":2,"name":"Alford Street","osmId":38783470}},{"type":"Feature","geometry":{"type":"LineString","coordinates":[[-71.11771,42.36419],[-71.11783,42.36418]]},"properties":{"lts":2,"name":"Western Avenue","osmId":41740493}},{"type":"Feature","geometry":{"type":"LineString","coordinates":[[-71.14577,42.36151],[-71.14572,42.36151],[-71.14566,42.36151],[-71.1456,42.36151],[-71.14555,42.36152],[-71.1455,42.36152],[-71.14545,42.36153],[-71.1454,42.36154],[-71.14535,42.36155],[-71.1453,42.36157],[-71.14525,42.36159]]},"properties":{"lts":2,"name":"Western Avenue","osmId":41826163}},{"type":"Feature","geometry":{"type":"LineString","coordinates":[[-71.10185,42.34754],[-71.10201,42.34749],[-71.10204,42.34748],[-71.10256,42.34734],[-71.10261,42.34733],[-71.10304,42.34721],[-71.10333,42.34713]]},"properties":{"lts":1,"name":"Beacon Street","osmId":43100847}},{"type":"Feature","geometry":{"type":"LineString","coordinates":[[-71.08763,42.34707],[-71.08756,42.34692],[-71.08745,42.3467],[-71.08743,42.34665],[-71.08741,42.34662],[-71.08737,42.34655]]},"properties":{"lts":3,"name":"Massachusetts Avenue","osmId":43100852}},{"type":"Feature","geometry":{"type":"LineString","coordinates":[[-71.07009,42.36464],[-71.06955,42.36449]]},"properties":{"lts":0,"name":null,"osmId":44247637}},{"type":"Feature","geometry":{"type":"LineString","coordinates":[[-71.06955,42.36449],[-71.06944,42.3647]]},"properties":{"lts":0,"name":null,"osmId":44247659}},{"type":"Feature","geometry":{"type":"LineString","coordinates":[[-71.12131,42.36001],[-71.12122,42.36005],[-71.12112,42.36009],[-71.12098,42.36014],[-71.12087,42.36018],[-71.12072,42.36023],[-71.12059,42.36027],[-71.12044,42.36031],[-71.12031,42.36035],[-71.12019,42.36038]]},"properties":{"lts":2,"name":"Cambridge Street","osmId":44468176}},{"type":"Feature","geometry":{"type":"LineString","coordinates":[[-71.13808,42.35368],[-71.13776,42.35361],[-71.1377,42.35359],[-71.13749,42.35355]]},"properties":{"lts":2,"name":"North Beacon Street","osmId":50284887}},{"type":"Feature","geometry":{"type":"LineString","coordinates":[[-71.05874,42.357],[-71.0587,42.35705],[-71.05869,42.35706],[-71.05865,42.3571],[-71.0584,42.35736],[-71.05838,42.35738],[-71.05834,42.35742]]},"properties":{"lts":2,"name":"Washington Street","osmId":63104562}},{"type":"Feature","geometry":{"type":"LineString","coordinates":[[-71.06045,42.358],[-71.06047,42.35795],[-71.0605,42.35792],[-71.06053,42.35788],[-71.06055,42.35786],[-71.06058,42.35784],[-71.06105,42.35737],[-71.06113,42.3573],[-71.06122,42.35722],[-71.06126,42.35718],[-71.06147,42.35699],[-71.06166,42.3568],[-71.06171,42.35676],[-71.06174,42.35672],[-71.06179,42.35668],[-71.06188,42.3566],[-71.0619,42.35658],[-71.06198,42.35651]]},"properties":{"lts":2,"name":"Tremont Street","osmId":63104590}},{"type":"Feature","geometry":{"type":"LineString","coordinates":[[-71.05213,42.35229],[-71.0521,42.35227],[-71.05207,42.35226],[-71.05133,42.35196]]},"properties":{"lts":1,"name":"Congress Street","osmId":85890998}},{"type":"Feature","geometry":{"type":"LineString","coordinates":[[-71.07694,42.35422],[-71.07701,42.35421],[-71.07895,42.35368],[-71.079,42.35367],[-71.07912,42.35364]]},"properties":{"lts":2,"name":"Beacon Street","osmId":86480893}},{"type":"Feature","geometry":{"type":"LineString","coordinates":[[-71.06573,42.34759],[-71.06585,42.34698]]},"properties":{"lts":2,"name":"Shawmut Avenue","osmId":87109178}},{"type":"Feature","geometry":{"type":"LineString","coordinates":[[-71.07039,42.34979],[-71.07104,42.34926],[-71.07119,42.34914],[-71.07158,42.34882],[-71.07167,42.34875],[-71.07179,42.34866]]},"properties":{"lts":3,"name":"Columbus Avenue","osmId":87109189}},{"type":"Feature","geometry":{"type":"LineString","coordinates":[[-71.13185,42.35588],[-71.1314,42.35603]]},"properties":{"lts":2,"name":"Cambridge Street","osmId":88477227}},{"type":"Feature","geometry":{"type":"LineString","coordinates":[[-71.12322,42.359],[-71.12314,42.35904],[-71.12305,42.35908],[-71.12293,42.35915],[-71.1228,42.35922],[-71.12273,42.35926],[-71.12264,42.3593],[-71.12254,42.35936],[-71.1224,42.35944],[-71.12218,42.35957],[-71.12186,42.35974],[-71.1218,42.35977],[-71.1217,42.35983],[-71.1216,42.35988],[-71.1215,42.35993],[-71.12141,42.35997],[-71.12131,42.36001]]},"properties":{"lts":2,"name":"Cambridge Street","osmId":88477253}},{"type":"Feature","geometry":{"type":"LineString","coordinates":[[-71.08995,42.3518],[-71.08983,42.35155]]},"properties":{"lts":2,"name":"Massachusetts Avenue","osmId":89636663}},{"type":"Feature","geometry":{"type":"LineString","coordinates":[[-71.07235,42.35526],[-71.07225,42.35505],[-71.07211,42.35475],[-71.0721,42.35473],[-71.07206,42.35466]]},"properties":{"lts":2,"name":"Arlington Street","osmId":89641249}},{"type":"Feature","geometry":{"type":"LineString","coordinates":[[-71.07005,42.35606],[-71.07063,42.35592],[-71.07122,42.35578],[-71.07125,42.35578],[-71.07132,42.35576],[-71.07204,42.35557],[-71.07221,42.35552]]},"properties":{"lts":2,"name":"Beacon Street","osmId":89641252}},{"type":"Feature","geometry":{"type":"LineString","coordinates":[[-71.06909,42.35561],[-71.06921,42.35575],[-71.0693,42.35591],[-71.06935,42.35599],[-71.06939,42.35603],[-71.06941,42.35605]]},"properties":{"lts":2,"name":"Charles Street","osmId":89691955}},{"type":"Feature","geometry":{"type":"LineString","coordinates":[[-71.07271,42.35539],[-71.07264,42.3554],[-71.0726,42.3554],[-71.07258,42.3554],[-71.07255,42.35539],[-71.07253,42.35538],[-71.0725,42.35537],[-71.07249,42.35537],[-71.07248,42.35536]]},"properties":{"lts":3,"name":"Arlington Street","osmId":92028174}},{"type":"Feature","geometry":{"type":"LineString","coordinates":[[-71.07354,42.34725],[-71.07346,42.34731],[-71.07329,42.34745],[-71.07307,42.34763]]},"properties":{"lts":3,"name":"Columbus Avenue","osmId":92029619}},{"type":"Feature","geometry":{"type":"LineString","coordinates":[[-71.06888,42.3671],[-71.06924,42.36729]]},"properties":{"lts":2,"name":"Charles River Dam Road","osmId":100720748}},{"type":"Feature","geometry":{"type":"LineString","coordinates":[[-71.06893,42.36705],[-71.06892,42.36704],[-71.06891,42.36704],[-71.0689,42.36703],[-71.06888,42.36702],[-71.06881,42.36699],[-71.06875,42.36697],[-71.0687,42.36694],[-71.06864,42.36692],[-71.06858,42.36688],[-71.06854,42.36686],[-71.06852,42.36685],[-71.0685,42.36684],[-71.06847,42.36682],[-71.06844,42.36681],[-71.06842,42.36679],[-71.06839,42.36678],[-71.06837,42.36676],[-71.06835,42.36675]]},"properties":{"lts":2,"name":"Charles River Dam Road","osmId":100720750}},{"type":"Feature","geometry":{"type":"LineString","coordinates":[[-71.06929,42.36723],[-71.06893,42.36705]]},"properties":{"lts":2,"name":"Charles River Dam Road","osmId":100720752}},{"type":"Feature","geometry":{"type":"LineString","coordinates":[[-71.07404,42.33416],[-71.07447,42.33449]]},"properties":{"lts":2,"name":"Massachusetts Avenue","osmId":101912038}},{"type":"Feature","geometry":{"type":"LineString","coordinates":[[-71.07413,42.33411],[-71.07402,42.33401]]},"properties":{"lts":2,"name":"Massachusetts Avenue","osmId":101912049}},{"type":"Feature","geometry":{"type":"LineString","coordinates":[[-71.07454,42.33444],[-71.07413,42.33411]]},"properties":{"lts":2,"name":"Massachusetts Avenue","osmId":101912052}},{"type":"Feature","geometry":{"type":"LineString","coordinates":[[-71.05575,42.3569],[-71.05569,42.35691],[-71.05565,42.35693],[-71.05562,42.35693],[-71.05556,42.35696],[-71.05526,42.35712],[-71.05511,42.3572],[-71.05494,42.35731],[-71.0549,42.35734],[-71.05483,42.35739],[-71.05448,42.35764],[-71.05442,42.35768],[-71.05438,42.35771],[-71.05407,42.35793],[-71.054,42.35798]]},"properties":{"lts":2,"name":"Milk Street","osmId":104210747}},{"type":"Feature","geometry":{"type":"LineString","coordinates":[[-71.06429,42.36968],[-71.06442,42.36969],[-71.06452,42.36971],[-71.06463,42.36974],[-71.06472,42.36976],[-71.06481,42.3698]]},"properties":{"lts":1,"name":"Miller's River Littoral Way","osmId":111809673}},{"type":"Feature","geometry":{"type":"LineString","coordinates":[[-71.07282,42.38448],[-71.07281,42.38452],[-71.07281,42.38453],[-71.07281,42.38455],[-71.07276,42.38483]]},"properties":{"lts":2,"name":"Alford Street","osmId":132174849}},{"type":"Feature","geometry":{"type":"LineString","coordinates":[[-71.05928,42.35922],[-71.0593,42.35922],[-71.05947,42.35928]]},"properties":{"lts":2,"name":"Cambridge Street","osmId":138798811}},{"type":"Feature","geometry":{"type":"LineString","coordinates":[[-71.06007,42.3585],[-71.06032,42.35818],[-71.06035,42.35815],[-71.06038,42.3581],[-71.06041,42.35806],[-71.06043,42.35803],[-71.06045,42.358]]},"properties":{"lts":2,"name":"Tremont Street","osmId":138827717}},{"type":"Feature","geometry":{"type":"LineString","coordinates":[[-71.06534,42.37233],[-71.06533,42.3723],[-71.06532,42.37226],[-71.06533,42.37224],[-71.06533,42.37222],[-71.06535,42.37219],[-71.06553,42.37198],[-71.06562,42.37185],[-71.06569,42.37174],[-71.06575,42.37161],[-71.06582,42.37146],[-71.06587,42.37131],[-71.06588,42.37121],[-71.06588,42.37111],[-71.06588,42.37099]]},"properties":{"lts":1,"name":"Miller's River Littoral Way","osmId":138871444}},{"type":"Feature","geometry":{"type":"LineString","coordinates":[[-71.06588,42.37099],[-71.06586,42.37091],[-71.06583,42.37082],[-71.06579,42.37073],[-71.06571,42.37064],[-71.06563,42.37057],[-71.06557,42.37051],[-71.0655,42.37046],[-71.06541,42.3704],[-71.06533,42.37035],[-71.06527,42.3703],[-71.06522,42.37024],[-71.06518,42.37018],[-71.06511,42.37006],[-71.06505,42.36999],[-71.065,42.36993],[-71.06494,42.36988],[-71.06487,42.36983],[-71.06481,42.3698]]},"properties":{"lts":1,"name":"Miller's River Littoral Way","osmId":138871446}},{"type":"Feature","geometry":{"type":"LineString","coordinates":[[-71.11208,42.32161],[-71.11208,42.32167],[-71.11208,42.32168],[-71.11212,42.32214],[-71.11214,42.32243],[-71.11219,42.32313]]},"properties":{"lts":1,"name":"South Huntington Avenue","osmId":168354271}},{"type":"Feature","geometry":{"type":"LineString","coordinates":[[-71.13349,42.24654],[-71.13354,42.24683]]},"properties":{"lts":1,"name":"Calvin Struzziery Bridge","osmId":211836493}},{"type":"Feature","geometry":{"type":"LineString","coordinates":[[-71.09817,42.34856],[-71.09793,42.34858],[-71.09755,42.34868],[-71.09716,42.34879]]},"properties":{"lts":1,"name":"Beacon Street","osmId":240745553}},{"type":"Feature","geometry":{"type":"LineString","coordinates":[[-71.09226,42.3501],[-71.09257,42.35001]]},"properties":{"lts":2,"name":"Beacon Street","osmId":241028355}},{"type":"Feature","geometry":{"type":"LineString","coordinates":[[-71.0707,42.3519],[-71.07069,42.35189],[-71.07064,42.35181],[-71.07063,42.35179],[-71.07052,42.35156],[-71.07045,42.35141],[-71.07036,42.35121],[-71.07034,42.35118],[-71.07029,42.35107]]},"properties":{"lts":1,"name":"Arlington Street","osmId":242544492}},{"type":"Feature","geometry":{"type":"LineString","coordinates":[[-71.06993,42.35015],[-71.06986,42.34998]]},"properties":{"lts":1,"name":"Arlington Street","osmId":242631526}},{"type":"Feature","geometry":{"type":"LineString","coordinates":[[-71.0622,42.35082],[-71.06242,42.35088],[-71.06252,42.3509],[-71.06263,42.35091],[-71.06288,42.35093],[-71.06304,42.35093]]},"properties":{"lts":2,"name":"Kneeland Street","osmId":242632754}},{"type":"Feature","geometry":{"type":"LineString","coordinates":[[-71.06391,42.35101],[-71.06439,42.35106],[-71.06467,42.35108],[-71.0648,42.35109],[-71.06492,42.35109]]},"properties":{"lts":2,"name":"Stuart Street","osmId":242633873}},{"type":"Feature","geometry":{"type":"LineString","coordinates":[[-71.06685,42.35094],[-71.06671,42.35096],[-71.06643,42.35103]]},"properties":{"lts":2,"name":"Stuart Street","osmId":242633874}},{"type":"Feature","geometry":{"type":"LineString","coordinates":[[-71.0672,42.35176],[-71.06722,42.35184],[-71.06737,42.35217],[-71.06743,42.35233],[-71.06745,42.35241],[-71.06746,42.35244],[-71.06749,42.35252]]},"properties":{"lts":3,"name":"Charles Street South","osmId":242652626}},{"type":"Feature","geometry":{"type":"LineString","coordinates":[[-71.06607,42.3511],[-71.06507,42.35109],[-71.06492,42.35109]]},"properties":{"lts":3,"name":"Stuart Street","osmId":242652627}},{"type":"Feature","geometry":{"type":"LineString","coordinates":[[-71.07155,42.36134],[-71.0716,42.36133],[-71.07165,42.36133],[-71.0717,42.36133],[-71.07174,42.36133],[-71.07177,42.36133],[-71.07181,42.36133],[-71.07186,42.36134],[-71.072,42.36134],[-71.07258,42.36137],[-71.07288,42.36139],[-71.07293,42.36139],[-71.07299,42.3614],[-71.07434,42.3615],[-71.07539,42.36158],[-71.07649,42.36166],[-71.0775,42.36174],[-71.07838,42.36181],[-71.07859,42.36182],[-71.07882,42.36184],[-71.07925,42.36187]]},"properties":{"lts":2,"name":"Longfellow Bridge","osmId":244444287}},{"type":"Feature","geometry":{"type":"LineString","coordinates":[[-71.07539,42.36145],[-71.07499,42.36141],[-71.07485,42.3614],[-71.0747,42.36139],[-71.07455,42.36138],[-71.0744,42.36137],[-71.07426,42.36136],[-71.07411,42.36134],[-71.07381,42.36132],[-71.0734,42.36129],[-71.07308,42.36127],[-71.07293,42.36126],[-71.07291,42.36125],[-71.07284,42.36125],[-71.07274,42.36124]]},"properties":{"lts":2,"name":"Longfellow Bridge","osmId":244444288}},{"type":"Feature","geometry":{"type":"LineString","coordinates":[[-71.13221,42.36327],[-71.13226,42.36328],[-71.1323,42.36329],[-71.13246,42.36332],[-71.13265,42.36335],[-71.13285,42.36337],[-71.1329,42.36338],[-71.13303,42.36339],[-71.13316,42.3634],[-71.13327,42.36341],[-71.1334,42.36341],[-71.13361,42.36341],[-71.13378,42.36341],[-71.13392,42.36339],[-71.13404,42.36338],[-71.13443,42.36333],[-71.13473,42.36328],[-71.13491,42.36326]]},"properties":{"lts":3,"name":"Western Avenue","osmId":261123523}},{"type":"Feature","geometry":{"type":"LineString","coordinates":[[-71.12062,42.36035],[-71.1207,42.36032],[-71.12076,42.3603],[-71.1209,42.36026],[-71.12103,42.36021],[-71.12116,42.36016],[-71.12132,42.3601]]},"properties":{"lts":2,"name":"Cambridge Street","osmId":261609285}},{"type":"Feature","geometry":{"type":"LineString","coordinates":[[-71.11081,42.3513],[-71.11051,42.35348]]},"properties":{"lts":1,"name":"Boston University Bridge","osmId":262605757}},{"type":"Feature","geometry":{"type":"LineString","coordinates":[[-71.08909,42.35007],[-71.08906,42.35001],[-71.08905,42.34998],[-71.08892,42.34972],[-71.0889,42.34968],[-71.08878,42.34943],[-71.08876,42.3494],[-71.0887,42.34927]]},"properties":{"lts":3,"name":"Massachusetts Avenue","osmId":286489353}},{"type":"Feature","geometry":{"type":"LineString","coordinates":[[-71.06152,42.35064],[-71.0616,42.35066],[-71.06213,42.3508],[-71.0622,42.35082]]},"properties":{"lts":3,"name":"Kneeland Street","osmId":295875087}},{"type":"Feature","geometry":{"type":"LineString","coordinates":[[-71.08773,42.33642],[-71.0876,42.3365],[-71.08756,42.33652],[-71.08726,42.33671],[-71.08716,42.33677],[-71.0868,42.33699],[-71.0867,42.33706],[-71.08629,42.33731],[-71.08618,42.33738],[-71.08609,42.33744],[-71.08575,42.33765],[-71.08573,42.33766],[-71.08567,42.3377],[-71.08562,42.33773],[-71.08519,42.33801],[-71.08513,42.33804],[-71.08504,42.3381],[-71.08502,42.33811],[-71.08474,42.33829],[-71.08469,42.33832],[-71.08429,42.33858],[-71.08418,42.33865],[-71.08405,42.33874],[-71.08377,42.33896],[-71.08337,42.33927],[-71.08331,42.33932]]},"properties":{"lts":1,"name":"Columbus Avenue","osmId":301736990}},{"type":"Feature","geometry":{"type":"LineString","coordinates":[[-71.14711,42.30555],[-71.14681,42.30541],[-71.14662,42.30532],[-71.14639,42.3052],[-71.14535,42.30468],[-71.14483,42.30442],[-71.14447,42.30424],[-71.14409,42.30405],[-71.14396,42.30399],[-71.14354,42.30379],[-71.14297,42.30351],[-71.14265,42.30336],[-71.14207,42.30308],[-71.14049,42.30232],[-71.14014,42.30215]]},"properties":{"lts":1,"name":"Allandale Road","osmId":307373991}},{"type":"Feature","geometry":{"type":"LineString","coordinates":[[-71.15817,42.28098],[-71.15816,42.28104],[-71.15815,42.28108]]},"properties":{"lts":1,"name":"Centre Street","osmId":310169164}},{"type":"Feature","geometry":{"type":"LineString","coordinates":[[-71.15818,42.28068],[-71.15818,42.28079]]},"properties":{"lts":1,"name":"Centre Street","osmId":310310952}},{"type":"Feature","geometry":{"type":"LineString","coordinates":[[-71.15703,42.28358],[-71.15701,42.28364],[-71.15698,42.28371],[-71.15695,42.28381],[-71.15694,42.28384],[-71.15692,42.28388],[-71.15683,42.28425],[-71.15681,42.28432],[-71.15681,42.28434],[-71.15678,42.28447],[-71.15676,42.28453],[-71.15675,42.28456],[-71.15674,42.28461]]},"properties":{"lts":1,"name":"Centre Street","osmId":312345536}},{"type":"Feature","geometry":{"type":"LineString","coordinates":[[-71.15817,42.2809],[-71.15817,42.28098]]},"properties":{"lts":1,"name":"Centre Street","osmId":312345538}},{"type":"Feature","geometry":{"type":"LineString","coordinates":[[-71.14985,42.28726],[-71.14973,42.28724]]},"properties":{"lts":1,"name":"Centre Street","osmId":312345539}},{"type":"Feature","geometry":{"type":"LineString","coordinates":[[-71.15722,42.28309],[-71.15713,42.28332]]},"properties":{"lts":1,"name":"Centre Street","osmId":312345540}},{"type":"Feature","geometry":{"type":"LineString","coordinates":[[-71.15377,42.28679],[-71.15363,42.28689]]},"properties":{"lts":1,"name":"Centre Street","osmId":312345541}},{"type":"Feature","geometry":{"type":"LineString","coordinates":[[-71.14973,42.28724],[-71.1491,42.28718],[-71.14898,42.28717]]},"properties":{"lts":1,"name":"Centre Street","osmId":312345542}},{"type":"Feature","geometry":{"type":"LineString","coordinates":[[-71.15363,42.28689],[-71.15343,42.28704]]},"properties":{"lts":1,"name":"Centre Street","osmId":312345544}},{"type":"Feature","geometry":{"type":"LineString","coordinates":[[-71.15801,42.28146],[-71.15797,42.28157]]},"properties":{"lts":1,"name":"Centre Street","osmId":312345548}},{"type":"Feature","geometry":{"type":"LineString","coordinates":[[-71.15472,42.28621],[-71.15463,42.28624]]},"properties":{"lts":1,"name":"Centre Street","osmId":312345553}},{"type":"Feature","geometry":{"type":"LineString","coordinates":[[-71.15783,42.28192],[-71.15779,42.28199],[-71.15776,42.28205],[-71.15775,42.28207]]},"properties":{"lts":1,"name":"Centre Street","osmId":312345558}},{"type":"Feature","geometry":{"type":"LineString","coordinates":[[-71.15713,42.28332],[-71.15703,42.28358]]},"properties":{"lts":1,"name":"Centre Street","osmId":312345564}},{"type":"Feature","geometry":{"type":"LineString","coordinates":[[-71.15089,42.28737],[-71.15072,42.28735]]},"properties":{"lts":1,"name":"Centre Street","osmId":312345574}},{"type":"Feature","geometry":{"type":"LineString","coordinates":[[-71.15026,42.28729],[-71.15019,42.28729],[-71.15005,42.28728]]},"properties":{"lts":1,"name":"Centre Street","osmId":312345575}},{"type":"Feature","geometry":{"type":"LineString","coordinates":[[-71.1579,42.28176],[-71.15788,42.28182],[-71.15785,42.28189]]},"properties":{"lts":1,"name":"Centre Street","osmId":312345576}},{"type":"Feature","geometry":{"type":"LineString","coordinates":[[-71.15386,42.28672],[-71.15381,42.28676],[-71.15377,42.28679]]},"properties":{"lts":1,"name":"Centre Street","osmId":312345577}},{"type":"Feature","geometry":{"type":"LineString","coordinates":[[-71.15224,42.28753],[-71.15211,42.28753],[-71.15192,42.28752]]},"properties":{"lts":1,"name":"Centre Street","osmId":312345578}},{"type":"Feature","geometry":{"type":"LineString","coordinates":[[-71.15765,42.28223],[-71.15753,42.28243]]},"properties":{"lts":1,"name":"Centre Street","osmId":312345579}},{"type":"Feature","geometry":{"type":"LineString","coordinates":[[-71.15772,42.28212],[-71.15769,42.28216],[-71.15766,42.28221],[-71.15765,42.28223]]},"properties":{"lts":1,"name":"Centre Street","osmId":312345580}},{"type":"Feature","geometry":{"type":"LineString","coordinates":[[-71.15797,42.28157],[-71.15796,42.28161],[-71.15793,42.28168],[-71.1579,42.28176]]},"properties":{"lts":1,"name":"Centre Street","osmId":312345581}},{"type":"Feature","geometry":{"type":"LineString","coordinates":[[-71.15192,42.28752],[-71.15189,42.28752],[-71.15187,42.28752],[-71.15183,42.28751],[-71.15182,42.28751],[-71.15178,42.28751],[-71.15159,42.28748],[-71.15156,42.28748],[-71.1515,42.28747]]},"properties":{"lts":1,"name":"Centre Street","osmId":312345582}},{"type":"Feature","geometry":{"type":"LineString","coordinates":[[-71.1515,42.28747],[-71.15107,42.2874]]},"properties":{"lts":1,"name":"Centre Street","osmId":312345583}},{"type":"Feature","geometry":{"type":"LineString","coordinates":[[-71.15055,42.28733],[-71.15048,42.28732],[-71.15026,42.28729]]},"properties":{"lts":1,"name":"Centre Street","osmId":312345585}},{"type":"Feature","geometry":{"type":"LineString","coordinates":[[-71.15818,42.28079],[-71.15818,42.28082],[-71.15818,42.28083],[-71.15817,42.2809]]},"properties":{"lts":1,"name":"Centre Street","osmId":312345586}},{"type":"Feature","geometry":{"type":"LineString","coordinates":[[-71.15815,42.28108],[-71.15806,42.28131],[-71.15806,42.28133],[-71.15801,42.28146]]},"properties":{"lts":1,"name":"Centre Street","osmId":312345587}},{"type":"Feature","geometry":{"type":"LineString","coordinates":[[-71.15731,42.28288],[-71.15727,42.28298],[-71.15722,42.28309]]},"properties":{"lts":1,"name":"Centre Street","osmId":312345588}},{"type":"Feature","geometry":{"type":"LineString","coordinates":[[-71.15647,42.28512],[-71.15641,42.28519],[-71.15634,42.28525]]},"properties":{"lts":1,"name":"Centre Street","osmId":312345589}},{"type":"Feature","geometry":{"type":"LineString","coordinates":[[-71.15623,42.28536],[-71.15615,42.28542],[-71.15596,42.28558]]},"properties":{"lts":1,"name":"Centre Street","osmId":312345590}},{"type":"Feature","geometry":{"type":"LineString","coordinates":[[-71.15521,42.28603],[-71.15499,42.28611],[-71.15488,42.28615]]},"properties":{"lts":1,"name":"Centre Street","osmId":312345591}},{"type":"Feature","geometry":{"type":"LineString","coordinates":[[-71.15596,42.28558],[-71.15593,42.28561],[-71.15586,42.28567],[-71.15578,42.28574],[-71.15574,42.28577]]},"properties":{"lts":1,"name":"Centre Street","osmId":312345592}},{"type":"Feature","geometry":{"type":"LineString","coordinates":[[-71.15298,42.28734],[-71.15295,42.28736],[-71.1529,42.28738],[-71.15288,42.28738],[-71.15281,42.28741],[-71.15272,42.28744],[-71.15266,42.28747]]},"properties":{"lts":1,"name":"Centre Street","osmId":312345593}},{"type":"Feature","geometry":{"type":"LineString","coordinates":[[-71.15753,42.28243],[-71.15739,42.28271],[-71.15736,42.28277],[-71.15735,42.28279],[-71.15731,42.28288]]},"properties":{"lts":1,"name":"Centre Street","osmId":312345594}},{"type":"Feature","geometry":{"type":"LineString","coordinates":[[-71.15266,42.28747],[-71.15252,42.28749],[-71.15243,42.28751],[-71.15237,42.28752],[-71.15224,42.28753]]},"properties":{"lts":1,"name":"Centre Street","osmId":312345595}},{"type":"Feature","geometry":{"type":"LineString","coordinates":[[-71.15343,42.28704],[-71.15334,42.2871],[-71.15329,42.28714],[-71.15323,42.28719],[-71.1532,42.28721],[-71.15316,42.28724],[-71.15314,42.28725],[-71.15309,42.28728],[-71.15306,42.2873],[-71.15305,42.28731],[-71.15298,42.28734]]},"properties":{"lts":1,"name":"Centre Street","osmId":312345597}},{"type":"Feature","geometry":{"type":"LineString","coordinates":[[-71.15574,42.28577],[-71.15567,42.28582],[-71.15561,42.28586],[-71.15554,42.28589],[-71.15547,42.28593],[-71.15538,42.28597],[-71.15521,42.28603]]},"properties":{"lts":1,"name":"Centre Street","osmId":312345598}},{"type":"Feature","geometry":{"type":"LineString","coordinates":[[-71.15674,42.28461],[-71.15672,42.28469],[-71.15669,42.28476],[-71.15666,42.28482],[-71.15663,42.28489],[-71.15659,42.28496],[-71.15653,42.28504]]},"properties":{"lts":1,"name":"Centre Street","osmId":312345599}},{"type":"Feature","geometry":{"type":"LineString","coordinates":[[-71.15463,42.28624],[-71.15454,42.28628],[-71.15446,42.28632],[-71.15438,42.28636],[-71.1543,42.28641],[-71.15418,42.28649],[-71.15404,42.2866],[-71.15393,42.28667],[-71.15386,42.28672]]},"properties":{"lts":1,"name":"Centre Street","osmId":312345600}},{"type":"Feature","geometry":{"type":"LineString","coordinates":[[-71.11087,42.35084],[-71.11081,42.3513]]},"properties":{"lts":1,"name":"Boston University Bridge","osmId":327284816}},{"type":"Feature","geometry":{"type":"LineString","coordinates":[[-71.10859,42.31115],[-71.10869,42.3112],[-71.10878,42.31124]]},"properties":{"lts":2,"name":"Green Street","osmId":327596891}},{"type":"Feature","geometry":{"type":"LineString","coordinates":[[-71.10115,42.3469],[-71.10103,42.34683],[-71.10084,42.34672],[-71.09984,42.34614],[-71.09982,42.34613],[-71.09974,42.34608]]},"properties":{"lts":1,"name":"Overland Street","osmId":327660233}},{"type":"Feature","geometry":{"type":"LineString","coordinates":[[-71.1431,42.35464],[-71.14334,42.3547],[-71.14343,42.35472],[-71.14343,42.35472],[-71.14408,42.35489],[-71.14414,42.3549],[-71.14418,42.35491],[-71.14468,42.35504],[-71.14515,42.35516],[-71.14562,42.35528],[-71.14589,42.35535],[-71.14609,42.3554],[-71.14617,42.35542],[-71.14625,42.35544],[-71.14632,42.35546],[-71.14641,42.35548],[-71.14692,42.35561],[-71.14751,42.35576],[-71.14838,42.35598],[-71.14872,42.35607],[-71.14891,42.35612],[-71.14894,42.35613],[-71.1491,42.35617]]},"properties":{"lts":2,"name":"North Beacon Street","osmId":328662362}},{"type":"Feature","geometry":{"type":"LineString","coordinates":[[-71.06253,42.35325],[-71.06246,42.35345],[-71.06239,42.35359],[-71.06229,42.35374],[-71.06228,42.35375],[-71.06223,42.35382],[-71.06219,42.35386]]},"properties":{"lts":2,"name":"Washington Street","osmId":333071936}},{"type":"Feature","geometry":{"type":"LineString","coordinates":[[-71.07161,42.34828],[-71.0717,42.34847],[-71.07174,42.34856],[-71.07176,42.3486],[-71.07179,42.34866]]},"properties":{"lts":2,"name":"Berkeley Street","osmId":383058041}},{"type":"Feature","geometry":{"type":"LineString","coordinates":[[-71.07255,42.34804],[-71.07249,42.34809],[-71.07237,42.3482]]},"properties":{"lts":3,"name":"Columbus Avenue","osmId":383058043}},{"type":"Feature","geometry":{"type":"LineString","coordinates":[[-71.0701,42.3612],[-71.0704,42.36133],[-71.07044,42.36135],[-71.07049,42.36136],[-71.07054,42.36138],[-71.07058,42.36139],[-71.07063,42.3614]]},"properties":{"lts":2,"name":"Cambridge Street","osmId":420495585}},{"type":"Feature","geometry":{"type":"LineString","coordinates":[[-71.11009,42.35034],[-71.10998,42.35033],[-71.10964,42.35028],[-71.10945,42.35026]]},"properties":{"lts":2,"name":"Commonwealth Avenue","osmId":421279232}},{"type":"Feature","geometry":{"type":"LineString","coordinates":[[-71.08483,42.34271],[-71.08493,42.34277],[-71.08503,42.34284]]},"properties":{"lts":2,"name":"Massachusetts Avenue","osmId":422510002}},{"type":"Feature","geometry":{"type":"LineString","coordinates":[[-71.15072,42.28735],[-71.15055,42.28733]]},"properties":{"lts":1,"name":"Centre Street","osmId":426444845}},{"type":"Feature","geometry":{"type":"LineString","coordinates":[[-71.06177,42.36117],[-71.06181,42.36118],[-71.06186,42.36119],[-71.06191,42.3612],[-71.06196,42.36122],[-71.06201,42.36123],[-71.06207,42.36124],[-71.06212,42.36125],[-71.06218,42.36126],[-71.06223,42.36127],[-71.06228,42.36127],[-71.06233,42.36128],[-71.06237,42.36129],[-71.06242,42.36129],[-71.06248,42.36129],[-71.06253,42.3613],[-71.06258,42.3613],[-71.06263,42.3613],[-71.06267,42.3613],[-71.06269,42.3613],[-71.06273,42.36131],[-71.06277,42.36131],[-71.06282,42.36131],[-71.06286,42.36131]]},"properties":{"lts":2,"name":"Cambridge Street","osmId":426456582}},{"type":"Feature","geometry":{"type":"LineString","coordinates":[[-71.06825,42.36121],[-71.06854,42.3612],[-71.06858,42.3612],[-71.06873,42.3612]]},"properties":{"lts":2,"name":"Cambridge Street","osmId":426456606}},{"type":"Feature","geometry":{"type":"LineString","coordinates":[[-71.06873,42.3612],[-71.06887,42.36119],[-71.06903,42.36119],[-71.06933,42.36118],[-71.06936,42.36118],[-71.06996,42.36117],[-71.06999,42.36117],[-71.07002,42.36117],[-71.07005,42.36118],[-71.07007,42.36118],[-71.0701,42.3612]]},"properties":{"lts":2,"name":"Cambridge Street","osmId":426456630}},{"type":"Feature","geometry":{"type":"LineString","coordinates":[[-71.06069,42.3607],[-71.06083,42.36078],[-71.06098,42.36087],[-71.06105,42.3609],[-71.06106,42.36091],[-71.0611,42.36093],[-71.06113,42.36095],[-71.06117,42.36096],[-71.0612,42.36098],[-71.06125,42.36099]]},"properties":{"lts":2,"name":"Cambridge Street","osmId":426456649}},{"type":"Feature","geometry":{"type":"LineString","coordinates":[[-71.07063,42.3614],[-71.07066,42.3614],[-71.07069,42.36141],[-71.07073,42.36141],[-71.07076,42.36141],[-71.07079,42.36141]]},"properties":{"lts":2,"name":"Cambridge Street","osmId":426456654}},{"type":"Feature","geometry":{"type":"LineString","coordinates":[[-71.07447,42.33449],[-71.07463,42.33462]]},"properties":{"lts":2,"name":"Massachusetts Avenue","osmId":426462238}},{"type":"Feature","geometry":{"type":"LineString","coordinates":[[-71.0803,42.33934],[-71.08025,42.33937],[-71.08023,42.33938],[-71.07978,42.33962]]},"properties":{"lts":2,"name":"Tremont Street","osmId":426462292}},{"type":"Feature","geometry":{"type":"LineString","coordinates":[[-71.07308,42.33318],[-71.07297,42.33308],[-71.07288,42.33301],[-71.07283,42.33298],[-71.07263,42.33284],[-71.07245,42.33272],[-71.07238,42.33268],[-71.07228,42.33262]]},"properties":{"lts":2,"name":"Massachusetts Avenue","osmId":426470886}},{"type":"Feature","geometry":{"type":"LineString","coordinates":[[-71.05981,42.35904],[-71.05982,42.359],[-71.05983,42.35894],[-71.05985,42.35889],[-71.05987,42.35884],[-71.05988,42.3588],[-71.05989,42.35876],[-71.05991,42.35873],[-71.05992,42.3587],[-71.05994,42.35868],[-71.05996,42.35865],[-71.05999,42.35861],[-71.06001,42.35858],[-71.06004,42.35854],[-71.06007,42.3585]]},"properties":{"lts":2,"name":"Tremont Street","osmId":426472927}},{"type":"Feature","geometry":{"type":"LineString","coordinates":[[-71.07642,42.34831],[-71.07628,42.34835],[-71.07556,42.34855],[-71.07548,42.34858],[-71.07539,42.34861]]},"properties":{"lts":1,"name":"Stuart Street","osmId":426477503}},{"type":"Feature","geometry":{"type":"LineString","coordinates":[[-71.14451,42.36173],[-71.14525,42.36159]]},"properties":{"lts":3,"name":"Western Avenue","osmId":426484632}},{"type":"Feature","geometry":{"type":"LineString","coordinates":[[-71.13666,42.36301],[-71.13705,42.36296],[-71.13724,42.36293],[-71.13738,42.36292]]},"properties":{"lts":2,"name":"Western Avenue","osmId":426484634}},{"type":"Feature","geometry":{"type":"LineString","coordinates":[[-71.05632,42.35893],[-71.05649,42.35891],[-71.05653,42.3589],[-71.05657,42.3589],[-71.05661,42.35889],[-71.05665,42.35889],[-71.0568,42.35888]]},"properties":{"lts":2,"name":"State Street","osmId":426487629}},{"type":"Feature","geometry":{"type":"LineString","coordinates":[[-71.05218,42.35868],[-71.05205,42.3587],[-71.05169,42.35876],[-71.05158,42.35877]]},"properties":{"lts":3,"name":"Milk Street","osmId":426488104}},{"type":"Feature","geometry":{"type":"LineString","coordinates":[[-71.05633,42.35682],[-71.05621,42.35684],[-71.05614,42.35685]]},"properties":{"lts":2,"name":"Milk Street","osmId":426489344}},{"type":"Feature","geometry":{"type":"LineString","coordinates":[[-71.05614,42.35685],[-71.05584,42.35689],[-71.05575,42.3569]]},"properties":{"lts":2,"name":"Milk Street","osmId":426489345}},{"type":"Feature","geometry":{"type":"LineString","coordinates":[[-71.05732,42.35675],[-71.05723,42.35676],[-71.05676,42.35679],[-71.05667,42.35679]]},"properties":{"lts":2,"name":"Milk Street","osmId":426489346}},{"type":"Feature","geometry":{"type":"LineString","coordinates":[[-71.05667,42.35679],[-71.05663,42.3568],[-71.05649,42.35681],[-71.05643,42.35681],[-71.05633,42.35682]]},"properties":{"lts":2,"name":"Milk Street","osmId":426489347}},{"type":"Feature","geometry":{"type":"LineString","coordinates":[[-71.12871,42.35703],[-71.12819,42.35722],[-71.12804,42.35728]]},"properties":{"lts":2,"name":"Cambridge Street","osmId":426490565}},{"type":"Feature","geometry":{"type":"LineString","coordinates":[[-71.1298,42.35664],[-71.12896,42.35694],[-71.12871,42.35703]]},"properties":{"lts":2,"name":"Cambridge Street","osmId":426490568}},{"type":"Feature","geometry":{"type":"LineString","coordinates":[[-71.12723,42.35759],[-71.12659,42.35781],[-71.12655,42.35783],[-71.12643,42.35787]]},"properties":{"lts":2,"name":"Cambridge Street","osmId":426490569}},{"type":"Feature","geometry":{"type":"LineString","coordinates":[[-71.12804,42.35728],[-71.12793,42.35732],[-71.12723,42.35759]]},"properties":{"lts":2,"name":"Cambridge Street","osmId":426490571}},{"type":"Feature","geometry":{"type":"LineString","coordinates":[[-71.13237,42.35572],[-71.13247,42.35568],[-71.13264,42.3556]]},"properties":{"lts":3,"name":"Cambridge Street","osmId":426490866}},{"type":"Feature","geometry":{"type":"LineString","coordinates":[[-71.13957,42.35386],[-71.13962,42.35387],[-71.1399,42.3539],[-71.13995,42.35391],[-71.14014,42.35393],[-71.14028,42.35395],[-71.14041,42.35396],[-71.14055,42.35399],[-71.14067,42.35401],[-71.14078,42.35404],[-71.14123,42.35416],[-71.14162,42.35426],[-71.14166,42.35427],[-71.14171,42.35428]]},"properties":{"lts":2,"name":"North Beacon Street","osmId":426492034}},{"type":"Feature","geometry":{"type":"LineString","coordinates":[[-71.13808,42.35368],[-71.13815,42.35368],[-71.13832,42.3537],[-71.13838,42.35371],[-71.13849,42.35373],[-71.13867,42.35375],[-71.13877,42.35376],[-71.1389,42.35378],[-71.13899,42.35379]]},"properties":{"lts":2,"name":"North Beacon Street","osmId":426492035}},{"type":"Feature","geometry":{"type":"LineString","coordinates":[[-71.14259,42.35451],[-71.14272,42.35454],[-71.14276,42.35455],[-71.1431,42.35464]]},"properties":{"lts":2,"name":"North Beacon Street","osmId":426492037}},{"type":"Feature","geometry":{"type":"LineString","coordinates":[[-71.14215,42.3544],[-71.14227,42.35443],[-71.14237,42.35445],[-71.14259,42.35451]]},"properties":{"lts":2,"name":"North Beacon Street","osmId":426492038}},{"type":"Feature","geometry":{"type":"LineString","coordinates":[[-71.10266,42.3433],[-71.10232,42.34336],[-71.10231,42.34336],[-71.1023,42.34336],[-71.10229,42.34336],[-71.10228,42.34337],[-71.10227,42.34337],[-71.10225,42.34337],[-71.10222,42.34338],[-71.10218,42.34339],[-71.10192,42.34346]]},"properties":{"lts":3,"name":"Boylston Street","osmId":426493444}},{"type":"Feature","geometry":{"type":"LineString","coordinates":[[-71.13491,42.36326],[-71.13522,42.36321],[-71.13533,42.36319]]},"properties":{"lts":2,"name":"Western Avenue","osmId":426611253}},{"type":"Feature","geometry":{"type":"LineString","coordinates":[[-71.12976,42.3632],[-71.13003,42.36318],[-71.13031,42.36315],[-71.13066,42.36313],[-71.13105,42.3631]]},"properties":{"lts":2,"name":"Western Avenue","osmId":426611254}},{"type":"Feature","geometry":{"type":"LineString","coordinates":[[-71.13533,42.36319],[-71.13545,42.36317],[-71.13592,42.3631],[-71.13608,42.36308],[-71.13615,42.36307],[-71.13616,42.36307]]},"properties":{"lts":2,"name":"Western Avenue","osmId":426611255}},{"type":"Feature","geometry":{"type":"LineString","coordinates":[[-71.12264,42.35941],[-71.12276,42.35934],[-71.12293,42.35925],[-71.12303,42.35919],[-71.12311,42.35916],[-71.12329,42.35907]]},"properties":{"lts":2,"name":"Cambridge Street","osmId":426625715}},{"type":"Feature","geometry":{"type":"LineString","coordinates":[[-71.12132,42.3601],[-71.12145,42.36005],[-71.12162,42.35997],[-71.12171,42.35992],[-71.12181,42.35986],[-71.12202,42.35975],[-71.12229,42.3596]]},"properties":{"lts":2,"name":"Cambridge Street","osmId":426625719}},{"type":"Feature","geometry":{"type":"LineString","coordinates":[[-71.07316,42.38394],[-71.07304,42.38403],[-71.073,42.38406],[-71.07297,42.38409]]},"properties":{"lts":1,"name":"Alford Street","osmId":426638828}},{"type":"Feature","geometry":{"type":"LineString","coordinates":[[-71.07297,42.38409],[-71.07291,42.38421],[-71.07283,42.38437]]},"properties":{"lts":2,"name":"Alford Street","osmId":426638829}},{"type":"Feature","geometry":{"type":"LineString","coordinates":[[-71.10868,42.33763],[-71.10839,42.3379],[-71.10837,42.33792],[-71.10831,42.33797]]},"properties":{"lts":3,"name":"Brookline Avenue","osmId":426645901}},{"type":"Feature","geometry":{"type":"LineString","coordinates":[[-71.10932,42.33701],[-71.10921,42.33711],[-71.10919,42.33713],[-71.10879,42.33751],[-71.10868,42.33763]]},"properties":{"lts":3,"name":"Brookline Avenue","osmId":426645903}},{"type":"Feature","geometry":{"type":"LineString","coordinates":[[-71.07079,42.36141],[-71.07083,42.36141],[-71.07086,42.36141],[-71.0709,42.36141],[-71.07118,42.36138]]},"properties":{"lts":2,"name":"Cambridge Street","osmId":426659495}},{"type":"Feature","geometry":{"type":"LineString","coordinates":[[-71.07118,42.36138],[-71.07139,42.36136],[-71.07155,42.36134]]},"properties":{"lts":2,"name":"Cambridge Street","osmId":426659496}},{"type":"Feature","geometry":{"type":"LineString","coordinates":[[-71.11419,42.2771],[-71.11436,42.27724],[-71.1145,42.27734],[-71.11453,42.27737]]},"properties":{"lts":1,"name":"Cummins Highway","osmId":426678898}},{"type":"Feature","geometry":{"type":"LineString","coordinates":[[-71.11453,42.27737],[-71.11459,42.27742],[-71.11463,42.27745],[-71.11465,42.27748],[-71.11489,42.27766],[-71.11492,42.27769],[-71.11522,42.27794]]},"properties":{"lts":1,"name":"Cummins Highway","osmId":426678899}},{"type":"Feature","geometry":{"type":"LineString","coordinates":[[-71.06898,42.35542],[-71.06909,42.35561]]},"properties":{"lts":2,"name":"Charles Street","osmId":426831015}},{"type":"Feature","geometry":{"type":"LineString","coordinates":[[-71.09257,42.35001],[-71.09272,42.34997],[-71.09287,42.34993]]},"properties":{"lts":2,"name":"Beacon Street","osmId":426831016}},{"type":"Feature","geometry":{"type":"LineString","coordinates":[[-71.06446,42.35271],[-71.06453,42.35247]]},"properties":{"lts":2,"name":"Tremont Street","osmId":426831020}},{"type":"Feature","geometry":{"type":"LineString","coordinates":[[-71.1108,42.35044],[-71.11068,42.35042]]},"properties":{"lts":2,"name":"Commonwealth Avenue","osmId":436643920}},{"type":"Feature","geometry":{"type":"LineString","coordinates":[[-71.07668,42.38627],[-71.07724,42.38674]]},"properties":{"lts":1,"name":"Main Street","osmId":460046715}},{"type":"Feature","geometry":{"type":"LineString","coordinates":[[-71.07363,42.38386],[-71.07352,42.38385],[-71.07342,42.38385],[-71.07342,42.38385],[-71.07332,42.38387],[-71.07324,42.3839]]},"properties":{"lts":1,"name":"Alford Street","osmId":460665568}},{"type":"Feature","geometry":{"type":"LineString","coordinates":[[-71.07324,42.3839],[-71.07316,42.38394]]},"properties":{"lts":1,"name":"Alford Street","osmId":460665570}},{"type":"Feature","geometry":{"type":"LineString","coordinates":[[-71.04383,42.33801],[-71.04374,42.33808],[-71.04374,42.33808],[-71.04264,42.33903],[-71.04262,42.33905],[-71.04259,42.33913],[-71.04195,42.3397],[-71.04193,42.33972],[-71.04189,42.33974],[-71.04172,42.3398],[-71.04168,42.33982],[-71.04163,42.33985],[-71.04151,42.33991],[-71.04146,42.33995],[-71.04141,42.33998],[-71.04137,42.34002],[-71.04133,42.34006],[-71.04128,42.34011],[-71.04123,42.34017],[-71.0412,42.34021],[-71.04117,42.34026],[-71.04115,42.34031],[-71.04113,42.34034],[-71.04112,42.34036],[-71.04098,42.34048],[-71.04095,42.34051],[-71.04093,42.34054],[-71.04091,42.34057],[-71.04087,42.34065],[-71.04086,42.34067],[-71.04084,42.3407],[-71.04083,42.34071],[-71.03991,42.34154],[-71.03967,42.34175],[-71.03875,42.34281],[-71.03873,42.34283],[-71.03875,42.34367]]},"properties":{"lts":1,"name":"Northern Avenue","osmId":485261371}},{"type":"Feature","geometry":{"type":"LineString","coordinates":[[-71.04739,42.34176],[-71.04724,42.34188],[-71.04696,42.34213],[-71.04633,42.34266],[-71.04606,42.3429],[-71.04593,42.34301]]},"properties":{"lts":1,"name":"D Street","osmId":485262835}},{"type":"Feature","geometry":{"type":"LineString","coordinates":[[-71.08948,42.35084],[-71.08958,42.35082],[-71.08961,42.35081],[-71.09149,42.3503],[-71.09153,42.35029],[-71.09163,42.35027]]},"properties":{"lts":2,"name":"Beacon Street","osmId":485271439}},{"type":"Feature","geometry":{"type":"LineString","coordinates":[[-71.08976,42.3514],[-71.08974,42.35136]]},"properties":{"lts":2,"name":"Massachusetts Avenue","osmId":485271442}},{"type":"Feature","geometry":{"type":"LineString","coordinates":[[-71.08594,42.34363],[-71.08655,42.34489],[-71.08656,42.34491],[-71.08684,42.34546],[-71.08692,42.34563]]},"properties":{"lts":3,"name":"Massachusetts Avenue","osmId":485286877}},{"type":"Feature","geometry":{"type":"LineString","coordinates":[[-71.054,42.35798],[-71.05392,42.35803],[-71.05338,42.3584],[-71.05334,42.35843],[-71.05328,42.35847],[-71.05322,42.3585],[-71.05318,42.35851],[-71.05312,42.35852],[-71.05235,42.35865],[-71.05229,42.35866],[-71.05218,42.35868]]},"properties":{"lts":2,"name":"Milk Street","osmId":485292837}},{"type":"Feature","geometry":{"type":"LineString","coordinates":[[-71.09668,42.30703],[-71.09656,42.30704]]},"properties":{"lts":1,"name":"Glen Lane","osmId":504665061}},{"type":"Feature","geometry":{"type":"LineString","coordinates":[[-71.08737,42.34655],[-71.08735,42.3465],[-71.08732,42.34643],[-71.08729,42.34637],[-71.08707,42.34594],[-71.08703,42.34586]]},"properties":{"lts":3,"name":"Massachusetts Avenue","osmId":507646761}},{"type":"Feature","geometry":{"type":"LineString","coordinates":[[-71.1491,42.35617],[-71.14925,42.3562],[-71.14929,42.35621],[-71.14947,42.35626],[-71.14983,42.35635],[-71.15036,42.35649],[-71.15058,42.35654],[-71.15076,42.35659],[-71.15098,42.35665],[-71.15109,42.35667],[-71.15157,42.3568],[-71.15216,42.35695],[-71.15228,42.35698],[-71.15235,42.35699],[-71.15253,42.35704],[-71.15278,42.35711],[-71.15298,42.35716]]},"properties":{"lts":2,"name":"North Beacon Street","osmId":508202024}},{"type":"Feature","geometry":{"type":"LineString","coordinates":[[-71.06377,42.36234],[-71.06376,42.36258],[-71.06375,42.36265],[-71.06371,42.36295],[-71.06365,42.36317],[-71.0636,42.36329],[-71.06346,42.36357],[-71.06336,42.36378]]},"properties":{"lts":1,"name":"Connect Historic Boston Bicycle Trail","osmId":508533578}},{"type":"Feature","geometry":{"type":"LineString","coordinates":[[-71.06991,42.36758],[-71.0716,42.36844],[-71.07189,42.36859]]},"properties":{"lts":2,"name":"Charles River Dam Road","osmId":508565737}},{"type":"Feature","geometry":{"type":"LineString","coordinates":[[-71.06991,42.36758],[-71.06982,42.36752],[-71.06978,42.36749],[-71.06974,42.36746],[-71.06969,42.36743],[-71.06963,42.3674],[-71.06941,42.36729],[-71.0694,42.36728],[-71.06929,42.36723]]},"properties":{"lts":2,"name":"Charles River Dam Road","osmId":508567327}},{"type":"Feature","geometry":{"type":"LineString","coordinates":[[-71.12331,42.36374],[-71.12476,42.36362],[-71.12533,42.36356],[-71.12548,42.36355]]},"properties":{"lts":3,"name":"Western Avenue","osmId":508842802}},{"type":"Feature","geometry":{"type":"LineString","coordinates":[[-71.12548,42.36355],[-71.12567,42.36353],[-71.12627,42.36347],[-71.12748,42.36338],[-71.12755,42.36339],[-71.12762,42.36339]]},"properties":{"lts":3,"name":"Western Avenue","osmId":508842803}},{"type":"Feature","geometry":{"type":"LineString","coordinates":[[-71.13105,42.3631],[-71.13111,42.36309],[-71.13117,42.36309],[-71.13123,42.36309],[-71.1313,42.36309],[-71.13137,42.36309],[-71.13143,42.3631],[-71.1315,42.36311],[-71.13154,42.36312],[-71.1316,42.36313],[-71.13176,42.36316],[-71.13207,42.36324],[-71.13209,42.36324],[-71.1322,42.36327],[-71.13221,42.36327]]},"properties":{"lts":2,"name":"Western Avenue","osmId":511364180}},{"type":"Feature","geometry":{"type":"LineString","coordinates":[[-71.11051,42.35057],[-71.11073,42.3506],[-71.11076,42.35061],[-71.11092,42.35063]]},"properties":{"lts":2,"name":"Commonwealth Avenue","osmId":521561072}},{"type":"Feature","geometry":{"type":"LineString","coordinates":[[-71.13666,42.35355],[-71.13683,42.35357],[-71.13694,42.35358],[-71.13698,42.35358],[-71.13701,42.35359],[-71.13708,42.35359],[-71.13731,42.35362]]},"properties":{"lts":2,"name":"Brighton Avenue","osmId":533472081}},{"type":"Feature","geometry":{"type":"LineString","coordinates":[[-71.06749,42.35252],[-71.06751,42.35259],[-71.06755,42.35273],[-71.06758,42.35281]]},"properties":{"lts":3,"name":"Charles Street South","osmId":533515521}},{"type":"Feature","geometry":{"type":"LineString","coordinates":[[-71.06882,42.34711],[-71.06875,42.34724],[-71.06868,42.34739]]},"properties":{"lts":2,"name":"Tremont Street","osmId":533521496}},{"type":"Feature","geometry":{"type":"LineString","coordinates":[[-71.09534,42.34524],[-71.09549,42.3452],[-71.09552,42.34519],[-71.09557,42.34518],[-71.09566,42.34515],[-71.09647,42.34494],[-71.09655,42.34491],[-71.09704,42.34478],[-71.09726,42.34472],[-71.09767,42.34461],[-71.09771,42.3446],[-71.09774,42.34459],[-71.09782,42.34457]]},"properties":{"lts":3,"name":"Boylston Street","osmId":533595683}},{"type":"Feature","geometry":{"type":"LineString","coordinates":[[-71.06286,42.36131],[-71.06305,42.3613],[-71.06316,42.3613]]},"properties":{"lts":2,"name":"Cambridge Street","osmId":533600032}},{"type":"Feature","geometry":{"type":"LineString","coordinates":[[-71.10622,42.3399],[-71.10597,42.34015],[-71.10589,42.34023]]},"properties":{"lts":3,"name":"Brookline Avenue","osmId":533600271}},{"type":"Feature","geometry":{"type":"LineString","coordinates":[[-71.09139,42.28424],[-71.09134,42.28439],[-71.0912,42.28471]]},"properties":{"lts":1,"name":"Blue Hill Avenue","osmId":533624560}},{"type":"Feature","geometry":{"type":"LineString","coordinates":[[-71.11573,42.35094],[-71.1157,42.35094],[-71.11566,42.35093],[-71.11558,42.35092],[-71.11549,42.35093],[-71.11492,42.35086],[-71.11413,42.35076],[-71.11401,42.35074],[-71.11397,42.35074]]},"properties":{"lts":1,"name":"Commonwealth Avenue","osmId":551687730}},{"type":"Feature","geometry":{"type":"LineString","coordinates":[[-71.05652,42.36837],[-71.05648,42.36837],[-71.05644,42.36837],[-71.05635,42.36838],[-71.05628,42.36838],[-71.05622,42.36838],[-71.05618,42.36838],[-71.05612,42.36838],[-71.05609,42.36837],[-71.05604,42.36836],[-71.05599,42.36835],[-71.05596,42.36834],[-71.05587,42.36832],[-71.05579,42.3683],[-71.05571,42.36828],[-71.05554,42.36824],[-71.05546,42.36823]]},"properties":{"lts":1,"name":"Commercial Street","osmId":561666398}},{"type":"Feature","geometry":{"type":"LineString","coordinates":[[-71.07479,42.35481],[-71.07491,42.35478],[-71.07582,42.35453],[-71.07661,42.35432],[-71.07685,42.35425],[-71.07687,42.35424],[-71.07694,42.35422]]},"properties":{"lts":2,"name":"Beacon Street","osmId":563391197}},{"type":"Feature","geometry":{"type":"LineString","coordinates":[[-71.13738,42.36292],[-71.13749,42.3629],[-71.13797,42.36285],[-71.13822,42.36282],[-71.1383,42.36281],[-71.13843,42.36279],[-71.13852,42.36278],[-71.13854,42.36278],[-71.13863,42.36277]]},"properties":{"lts":2,"name":"Western Avenue","osmId":563435946}},{"type":"Feature","geometry":{"type":"LineString","coordinates":[[-71.08453,42.3425],[-71.08468,42.3426],[-71.0847,42.34262],[-71.08474,42.34265],[-71.08483,42.34271]]},"properties":{"lts":3,"name":"Massachusetts Avenue","osmId":566593865}},{"type":"Feature","geometry":{"type":"LineString","coordinates":[[-71.0995,42.31978],[-71.0994,42.31975],[-71.09937,42.31975],[-71.09924,42.31972],[-71.09903,42.31968],[-71.09881,42.31964],[-71.0986,42.31961],[-71.09856,42.3196],[-71.09853,42.3196],[-71.09845,42.31959]]},"properties":{"lts":1,"name":"Dimock Street","osmId":578719499}},{"type":"Feature","geometry":{"type":"LineString","coordinates":[[-71.07266,42.35043],[-71.07269,42.3505],[-71.07282,42.35077],[-71.07301,42.35115],[-71.07302,42.35117],[-71.07306,42.35125]]},"properties":{"lts":2,"name":"Berkeley Street","osmId":579272015}},{"type":"Feature","geometry":{"type":"LineString","coordinates":[[-71.07179,42.34866],[-71.07182,42.34872],[-71.07184,42.34876],[-71.072,42.34909],[-71.07217,42.34944],[-71.07218,42.34947],[-71.07221,42.34953],[-71.07225,42.3496],[-71.07261,42.35034],[-71.07263,42.35037],[-71.07266,42.35043]]},"properties":{"lts":2,"name":"Berkeley Street","osmId":579272019}},{"type":"Feature","geometry":{"type":"LineString","coordinates":[[-71.07734,42.35009],[-71.07738,42.35015],[-71.0774,42.35021],[-71.07755,42.3505],[-71.0777,42.35083],[-71.07774,42.3509]]},"properties":{"lts":1,"name":"Dartmouth Street","osmId":579279782}},{"type":"Feature","geometry":{"type":"LineString","coordinates":[[-71.07774,42.3509],[-71.07778,42.35098],[-71.07793,42.35128],[-71.0781,42.35162],[-71.07812,42.35165],[-71.07814,42.35171]]},"properties":{"lts":1,"name":"Dartmouth Street","osmId":580415495}},{"type":"Feature","geometry":{"type":"LineString","coordinates":[[-71.06198,42.35651],[-71.0622,42.35632],[-71.06226,42.35627],[-71.06251,42.35602]]},"properties":{"lts":2,"name":"Tremont Street","osmId":591136306}},{"type":"Feature","geometry":{"type":"LineString","coordinates":[[-71.0628,42.3516],[-71.06278,42.35167],[-71.06275,42.35178],[-71.06274,42.35184],[-71.06273,42.35186],[-71.06272,42.35192],[-71.06262,42.35228],[-71.06261,42.35231],[-71.06259,42.35239]]},"properties":{"lts":2,"name":"Washington Street","osmId":591136310}},{"type":"Feature","geometry":{"type":"LineString","coordinates":[[-71.08077,42.34917],[-71.07996,42.34939],[-71.07966,42.34947],[-71.0796,42.34949],[-71.0795,42.34952]]},"properties":{"lts":2,"name":"Boylston Street","osmId":591236042}},{"type":"Feature","geometry":{"type":"LineString","coordinates":[[-71.09782,42.34457],[-71.09791,42.34455],[-71.09794,42.34454],[-71.09829,42.34445],[-71.09833,42.34444],[-71.09842,42.34441],[-71.09852,42.34439],[-71.09858,42.34437],[-71.09867,42.34435],[-71.0987,42.34434],[-71.0988,42.34431]]},"properties":{"lts":3,"name":"Boylston Street","osmId":591284904}},{"type":"Feature","geometry":{"type":"LineString","coordinates":[[-71.10001,42.34398],[-71.10008,42.34396],[-71.10012,42.34395],[-71.10114,42.34368]]},"properties":{"lts":3,"name":"Boylston Street","osmId":591284905}},{"type":"Feature","geometry":{"type":"LineString","coordinates":[[-71.07345,42.35206],[-71.07348,42.35213],[-71.07363,42.35244],[-71.0738,42.35278],[-71.07381,42.35281],[-71.07384,42.35287]]},"properties":{"lts":2,"name":"Berkeley Street","osmId":604252821}},{"type":"Feature","geometry":{"type":"LineString","coordinates":[[-71.06052,42.36599],[-71.06048,42.36601],[-71.06026,42.36612],[-71.05999,42.36627],[-71.05993,42.36628]]},"properties":{"lts":1,"name":"Causeway Street","osmId":671635115}},{"type":"Feature","geometry":{"type":"LineString","coordinates":[[-71.06906,42.3941],[-71.069,42.39407],[-71.06888,42.39401],[-71.06875,42.39394],[-71.06874,42.39395],[-71.06873,42.39395],[-71.06872,42.39396],[-71.06871,42.39396],[-71.0687,42.39396],[-71.06869,42.39396],[-71.06868,42.39396],[-71.06867,42.39399],[-71.06866,42.39402],[-71.06864,42.39404],[-71.06863,42.39406],[-71.06861,42.39408],[-71.0686,42.3941],[-71.06857,42.39412],[-71.06854,42.39415],[-71.06852,42.39416],[-71.06848,42.39418],[-71.06848,42.39419],[-71.06845,42.3942],[-71.06843,42.39422],[-71.0684,42.39424],[-71.06837,42.39426],[-71.06834,42.39429],[-71.06832,42.39431],[-71.06831,42.39434],[-71.0683,42.39436],[-71.06828,42.39439]]},"properties":{"lts":1,"name":"Encore Riverwalk","osmId":697978233}},{"type":"Feature","geometry":{"type":"LineString","coordinates":[[-71.06769,42.39455],[-71.06769,42.39455],[-71.06769,42.39454],[-71.06769,42.39453],[-71.06769,42.39452],[-71.06768,42.39452],[-71.06767,42.39451],[-71.06766,42.39451],[-71.06765,42.39451],[-71.06764,42.39451],[-71.06763,42.39451],[-71.06762,42.39452]]},"properties":{"lts":1,"name":"Encore Riverwalk","osmId":697978234}},{"type":"Feature","geometry":{"type":"LineString","coordinates":[[-71.06754,42.3949],[-71.06756,42.39491],[-71.06756,42.39493],[-71.06756,42.39495],[-71.06756,42.39496],[-71.06755,42.39498],[-71.06753,42.39499],[-71.06751,42.395],[-71.06749,42.39501],[-71.06747,42.39501],[-71.06744,42.39501],[-71.06742,42.395],[-71.0674,42.39499],[-71.06739,42.39498]]},"properties":{"lts":1,"name":"Encore Riverwalk","osmId":697978235}},{"type":"Feature","geometry":{"type":"LineString","coordinates":[[-71.06796,42.3947],[-71.06791,42.39467],[-71.06789,42.39466],[-71.06783,42.39462],[-71.06778,42.3946],[-71.06774,42.39458],[-71.06769,42.39455]]},"properties":{"lts":1,"name":"Encore Riverwalk","osmId":697978236}},{"type":"Feature","geometry":{"type":"LineString","coordinates":[[-71.06739,42.39498],[-71.06685,42.39524],[-71.06678,42.39526]]},"properties":{"lts":1,"name":"Encore Riverwalk","osmId":697978237}},{"type":"Feature","geometry":{"type":"LineString","coordinates":[[-71.06762,42.39452],[-71.06748,42.39445]]},"properties":{"lts":1,"name":"Encore Riverwalk","osmId":697978238}},{"type":"Feature","geometry":{"type":"LineString","coordinates":[[-71.06724,42.39482],[-71.06739,42.3949]]},"properties":{"lts":1,"name":"Encore Riverwalk","osmId":697978240}},{"type":"Feature","geometry":{"type":"LineString","coordinates":[[-71.06847,42.39431],[-71.06847,42.39428],[-71.06847,42.39425],[-71.06847,42.39422],[-71.06848,42.39419]]},"properties":{"lts":1,"name":"Encore Riverwalk","osmId":697978244}},{"type":"Feature","geometry":{"type":"LineString","coordinates":[[-71.06842,42.39436],[-71.06833,42.39438],[-71.0683,42.39439],[-71.06828,42.39439],[-71.06822,42.39447],[-71.06817,42.39452],[-71.06814,42.39456],[-71.0681,42.3946],[-71.06804,42.39464],[-71.068,42.39467],[-71.06796,42.3947]]},"properties":{"lts":1,"name":"Encore Riverwalk","osmId":697978245}},{"type":"Feature","geometry":{"type":"LineString","coordinates":[[-71.05947,42.35928],[-71.05951,42.35929],[-71.05955,42.35931],[-71.05961,42.35934],[-71.05965,42.35936],[-71.05968,42.35939],[-71.0597,42.3594],[-71.05972,42.35943],[-71.05973,42.35946],[-71.05975,42.35952]]},"properties":{"lts":2,"name":"Cambridge Street","osmId":747090074}},{"type":"Feature","geometry":{"type":"LineString","coordinates":[[-71.13111,42.36309],[-71.13111,42.36314],[-71.13111,42.36315],[-71.13111,42.36316],[-71.1311,42.36318],[-71.13109,42.3632],[-71.13047,42.36426],[-71.13046,42.36428],[-71.13045,42.3643],[-71.13045,42.36433],[-71.13044,42.36435],[-71.13043,42.36437],[-71.12996,42.36515],[-71.12995,42.36517],[-71.12992,42.36519],[-71.1299,42.3652],[-71.12987,42.3652],[-71.12984,42.36521],[-71.1298,42.3652],[-71.12977,42.3652],[-71.12974,42.36518],[-71.12839,42.36449],[-71.12836,42.36447],[-71.12832,42.36445],[-71.1283,42.36445],[-71.12828,42.36445],[-71.12826,42.36446],[-71.12821,42.36447]]},"properties":{"lts":1,"name":"South Campus Drive","osmId":761854066}},{"type":"Feature","geometry":{"type":"LineString","coordinates":[[-71.06116,42.34599],[-71.06118,42.34594],[-71.0612,42.34573],[-71.06125,42.34551],[-71.06134,42.34529],[-71.06157,42.34468],[-71.06183,42.34408]]},"properties":{"lts":1,"name":"Albany Street","osmId":767990682}},{"type":"Feature","geometry":{"type":"LineString","coordinates":[[-71.06024,42.34878],[-71.06035,42.34851],[-71.0604,42.34838],[-71.06046,42.34819],[-71.06051,42.34799],[-71.06057,42.34775],[-71.06061,42.3476],[-71.06064,42.34746],[-71.06068,42.34733],[-71.06076,42.34705],[-71.0608,42.34689],[-71.06087,42.3467],[-71.06092,42.34656],[-71.06096,42.34647],[-71.06114,42.34602],[-71.06116,42.34599]]},"properties":{"lts":1,"name":"Albany Street","osmId":767990683}},{"type":"Feature","geometry":{"type":"LineString","coordinates":[[-71.06013,42.34896],[-71.06015,42.34892],[-71.06021,42.34883],[-71.06024,42.34878]]},"properties":{"lts":1,"name":"Albany Street","osmId":767990684}},{"type":"Feature","geometry":{"type":"LineString","coordinates":[[-71.07377,42.38513],[-71.07392,42.38485],[-71.07393,42.38483],[-71.07394,42.38482],[-71.07395,42.38481],[-71.07395,42.3848],[-71.07402,42.38475],[-71.07403,42.38475]]},"properties":{"lts":1,"name":"Alford Street","osmId":778940109}},{"type":"Feature","geometry":{"type":"LineString","coordinates":[[-71.07264,42.38545],[-71.07256,42.38588],[-71.07239,42.38686],[-71.07239,42.38691],[-71.07237,42.38702],[-71.07233,42.38731]]},"properties":{"lts":2,"name":"Alford Street","osmId":778940114}},{"type":"Feature","geometry":{"type":"LineString","coordinates":[[-71.06002,42.36008],[-71.06006,42.36013],[-71.06009,42.36017],[-71.06013,42.36022],[-71.06017,42.36027],[-71.06022,42.36031],[-71.06027,42.36036],[-71.06031,42.3604],[-71.06036,42.36044],[-71.06041,42.36048],[-71.06046,42.36053],[-71.06049,42.36056],[-71.06052,42.36058],[-71.06057,42.36062],[-71.06061,42.36065],[-71.06065,42.36068],[-71.06069,42.3607]]},"properties":{"lts":2,"name":"Cambridge Street","osmId":779927697}},{"type":"Feature","geometry":{"type":"LineString","coordinates":[[-71.07931,42.35418],[-71.0793,42.35415],[-71.07925,42.35404],[-71.07913,42.35378],[-71.07913,42.35374],[-71.07912,42.35371],[-71.07912,42.35368],[-71.07912,42.35364]]},"properties":{"lts":1,"name":"Dartmouth Street","osmId":801835116}},{"type":"Feature","geometry":{"type":"LineString","coordinates":[[-71.07091,42.35231],[-71.07086,42.3522],[-71.07085,42.35217]]},"properties":{"lts":2,"name":"Arlington Street","osmId":801839131}},{"type":"Feature","geometry":{"type":"LineString","coordinates":[[-71.07873,42.35286],[-71.07877,42.35294],[-71.07892,42.35325],[-71.07906,42.35352],[-71.07908,42.35356],[-71.07912,42.35364]]},"properties":{"lts":1,"name":"Dartmouth Street","osmId":802333194}},{"type":"Feature","geometry":{"type":"LineString","coordinates":[[-71.07384,42.35287],[-71.07386,42.3529],[-71.07387,42.35293],[-71.07393,42.35304],[-71.07397,42.35313],[-71.07399,42.35316],[-71.074,42.35318],[-71.07401,42.35321]]},"properties":{"lts":2,"name":"Berkeley Street","osmId":806281875}},{"type":"Feature","geometry":{"type":"LineString","coordinates":[[-71.07271,42.35539],[-71.07304,42.3553]]},"properties":{"lts":3,"name":"Beacon Street","osmId":806431512}},{"type":"Feature","geometry":{"type":"LineString","coordinates":[[-71.06068,42.34516],[-71.06056,42.34514],[-71.06045,42.34512],[-71.06039,42.3451],[-71.06028,42.34509],[-71.06021,42.34508],[-71.06017,42.34507],[-71.06013,42.34506],[-71.06007,42.34504],[-71.06002,42.34502],[-71.06,42.34501],[-71.05997,42.34498],[-71.05995,42.34496],[-71.05994,42.34494],[-71.05993,42.34493],[-71.05993,42.34492],[-71.05993,42.34491],[-71.05993,42.3449],[-71.05993,42.34488],[-71.05994,42.34485],[-71.05995,42.34483],[-71.05995,42.34481],[-71.05996,42.3448],[-71.05996,42.34479],[-71.05997,42.34478],[-71.05998,42.34477],[-71.05999,42.34476],[-71.06,42.34475],[-71.06002,42.34474],[-71.06003,42.34473],[-71.06007,42.3447],[-71.06013,42.34465],[-71.0602,42.3446],[-71.06023,42.34457],[-71.06025,42.34455],[-71.06027,42.34453],[-71.06028,42.34451],[-71.0603,42.34449],[-71.06035,42.34441],[-71.06037,42.34437],[-71.0604,42.34435],[-71.06042,42.34434],[-71.06044,42.34433],[-71.06046,42.34433],[-71.0605,42.34432],[-71.06052,42.34431],[-71.06054,42.3443],[-71.06057,42.34428],[-71.06059,42.34427],[-71.06066,42.34422],[-71.06083,42.34405],[-71.06088,42.34398],[-71.06089,42.34394]]},"properties":{"lts":1,"name":"South Bay Harbor Trail","osmId":812975016}},{"type":"Feature","geometry":{"type":"LineString","coordinates":[[-71.06096,42.34356],[-71.06116,42.34316]]},"properties":{"lts":1,"name":"South Bay Harbor Trail","osmId":812975017}},{"type":"Feature","geometry":{"type":"LineString","coordinates":[[-71.07734,42.35009],[-71.0773,42.3501],[-71.07714,42.35015],[-71.07619,42.3504],[-71.07533,42.35064],[-71.07529,42.35065],[-71.0752,42.35067]]},"properties":{"lts":2,"name":"Boylston Street","osmId":814346830}},{"type":"Feature","geometry":{"type":"LineString","coordinates":[[-71.0752,42.35067],[-71.07512,42.35069],[-71.07428,42.35092],[-71.07373,42.35106],[-71.0732,42.35121],[-71.07316,42.35122],[-71.07306,42.35125]]},"properties":{"lts":2,"name":"Boylston Street","osmId":814346831}},{"type":"Feature","geometry":{"type":"LineString","coordinates":[[-71.11092,42.35063],[-71.11115,42.35072],[-71.11119,42.35072],[-71.1112,42.35073],[-71.11122,42.35073],[-71.11125,42.35075],[-71.11128,42.35076],[-71.11131,42.35076],[-71.11215,42.35086]]},"properties":{"lts":1,"name":"Commonwealth Avenue","osmId":815133962}},{"type":"Feature","geometry":{"type":"LineString","coordinates":[[-71.11215,42.35086],[-71.11336,42.35101],[-71.1135,42.35103],[-71.11375,42.35106],[-71.11379,42.35106],[-71.11386,42.35107],[-71.11389,42.35107],[-71.11394,42.35106],[-71.11397,42.35106],[-71.11446,42.35112],[-71.11449,42.35113],[-71.11452,42.35115],[-71.11456,42.35115],[-71.11544,42.35125],[-71.11547,42.35126],[-71.11552,42.35127],[-71.11555,42.35128]]},"properties":{"lts":1,"name":"Commonwealth Avenue","osmId":815133963}},{"type":"Feature","geometry":{"type":"LineString","coordinates":[[-71.0795,42.34952],[-71.0794,42.34954],[-71.07862,42.34975]]},"properties":{"lts":2,"name":"Boylston Street","osmId":815774828}},{"type":"Feature","geometry":{"type":"LineString","coordinates":[[-71.0674,42.36123],[-71.06785,42.36122],[-71.06825,42.36121]]},"properties":{"lts":2,"name":"Cambridge Street","osmId":817361874}},{"type":"Feature","geometry":{"type":"LineString","coordinates":[[-71.06685,42.36124],[-71.06697,42.36124]]},"properties":{"lts":2,"name":"Cambridge Street","osmId":817361876}},{"type":"Feature","geometry":{"type":"LineString","coordinates":[[-71.05252,42.36727],[-71.05243,42.36723],[-71.05239,42.36722],[-71.05227,42.36717],[-71.05216,42.36712],[-71.05212,42.36711],[-71.05208,42.36709],[-71.05204,42.36707],[-71.05201,42.36705],[-71.05195,42.36701],[-71.05191,42.36697],[-71.05188,42.36694],[-71.05185,42.36692],[-71.05178,42.36686],[-71.0517,42.36679],[-71.05167,42.36677],[-71.05161,42.36671],[-71.05149,42.36661],[-71.05143,42.36656],[-71.05141,42.36654],[-71.05135,42.36648],[-71.05134,42.36646],[-71.05131,42.36642],[-71.05127,42.36634],[-71.05126,42.36633],[-71.05105,42.36577],[-71.05104,42.36574],[-71.05101,42.36534],[-71.05096,42.36485],[-71.05096,42.36459],[-71.05097,42.36424],[-71.05097,42.36422]]},"properties":{"lts":1,"name":"Commercial Street","osmId":817426377}},{"type":"Feature","geometry":{"type":"LineString","coordinates":[[-71.07912,42.35364],[-71.07925,42.3536],[-71.08115,42.35309],[-71.08119,42.35308],[-71.08126,42.35306]]},"properties":{"lts":2,"name":"Beacon Street","osmId":822078629}},{"type":"Feature","geometry":{"type":"LineString","coordinates":[[-71.08126,42.35306],[-71.08135,42.35304],[-71.08344,42.35247],[-71.08346,42.35247],[-71.08354,42.35245]]},"properties":{"lts":2,"name":"Beacon Street","osmId":822078630}},{"type":"Feature","geometry":{"type":"LineString","coordinates":[[-71.08354,42.35245],[-71.08361,42.35243],[-71.08537,42.35195],[-71.08541,42.35194],[-71.08549,42.35192]]},"properties":{"lts":2,"name":"Beacon Street","osmId":822078631}},{"type":"Feature","geometry":{"type":"LineString","coordinates":[[-71.08549,42.35192],[-71.08557,42.3519],[-71.08689,42.35154],[-71.08692,42.35153],[-71.08699,42.35151]]},"properties":{"lts":2,"name":"Beacon Street","osmId":822078632}},{"type":"Feature","geometry":{"type":"LineString","coordinates":[[-71.08699,42.35151],[-71.08708,42.35149],[-71.08933,42.35088],[-71.08937,42.35087],[-71.0894,42.35087],[-71.08948,42.35084]]},"properties":{"lts":2,"name":"Beacon Street","osmId":822078633}},{"type":"Feature","geometry":{"type":"LineString","coordinates":[[-71.09163,42.35027],[-71.092,42.35017],[-71.09226,42.3501]]},"properties":{"lts":2,"name":"Beacon Street","osmId":822078635}},{"type":"Feature","geometry":{"type":"LineString","coordinates":[[-71.07206,42.35466],[-71.07188,42.35428],[-71.07173,42.35398],[-71.0717,42.35392],[-71.07166,42.35385]]},"properties":{"lts":2,"name":"Arlington Street","osmId":822078648}},{"type":"Feature","geometry":{"type":"LineString","coordinates":[[-71.10124,42.34365],[-71.10176,42.34351],[-71.10192,42.34346]]},"properties":{"lts":3,"name":"Boylston Street","osmId":822087656}},{"type":"Feature","geometry":{"type":"LineString","coordinates":[[-71.10114,42.34368],[-71.10124,42.34365]]},"properties":{"lts":3,"name":"Boylston Street","osmId":822087657}},{"type":"Feature","geometry":{"type":"LineString","coordinates":[[-71.05133,42.35196],[-71.05102,42.35184]]},"properties":{"lts":1,"name":"Congress Street","osmId":822604874}},{"type":"Feature","geometry":{"type":"LineString","coordinates":[[-71.05102,42.35184],[-71.05044,42.3516]]},"properties":{"lts":1,"name":"Congress Street","osmId":822604875}},{"type":"Feature","geometry":{"type":"LineString","coordinates":[[-71.0714,42.38919],[-71.0723,42.38771]]},"properties":{"lts":2,"name":"Alford Street","osmId":822623865}},{"type":"Feature","geometry":{"type":"LineString","coordinates":[[-71.07127,42.38914],[-71.07094,42.38967]]},"properties":{"lts":2,"name":"Alford Street","osmId":822623866}},{"type":"Feature","geometry":{"type":"LineString","coordinates":[[-71.07094,42.38967],[-71.0708,42.38989],[-71.0707,42.39007],[-71.07064,42.39017],[-71.0706,42.39026]]},"properties":{"lts":2,"name":"Alford Street","osmId":822623867}},{"type":"Feature","geometry":{"type":"LineString","coordinates":[[-71.07108,42.38972],[-71.0714,42.38919]]},"properties":{"lts":2,"name":"Alford Street","osmId":822623868}},{"type":"Feature","geometry":{"type":"LineString","coordinates":[[-71.07227,42.34828],[-71.07188,42.34859],[-71.07179,42.34866]]},"properties":{"lts":3,"name":"Columbus Avenue","osmId":822959766}},{"type":"Feature","geometry":{"type":"LineString","coordinates":[[-71.06243,42.3429],[-71.06195,42.34277]]},"properties":{"lts":1,"name":"South Bay Harbor Trail","osmId":823185049}},{"type":"Feature","geometry":{"type":"LineString","coordinates":[[-71.06266,42.34297],[-71.06264,42.34296],[-71.06259,42.34295],[-71.06246,42.3429],[-71.06243,42.3429]]},"properties":{"lts":1,"name":"South Bay Harbor Trail","osmId":823185050}},{"type":"Feature","geometry":{"type":"LineString","coordinates":[[-71.06195,42.34277],[-71.06186,42.34273],[-71.06171,42.34269],[-71.06169,42.34268]]},"properties":{"lts":1,"name":"South Bay Harbor Trail","osmId":823185052}},{"type":"Feature","geometry":{"type":"LineString","coordinates":[[-71.06169,42.34268],[-71.06164,42.34278],[-71.06158,42.34292]]},"properties":{"lts":1,"name":"South Bay Harbor Trail","osmId":823185053}},{"type":"Feature","geometry":{"type":"LineString","coordinates":[[-71.06105,42.3437],[-71.06102,42.34374],[-71.06099,42.3438],[-71.06097,42.34382],[-71.06094,42.34386],[-71.06089,42.34394]]},"properties":{"lts":1,"name":"South Bay Harbor Trail","osmId":823307746}},{"type":"Feature","geometry":{"type":"LineString","coordinates":[[-71.06577,42.36124],[-71.06633,42.36124],[-71.06662,42.36123]]},"properties":{"lts":2,"name":"Cambridge Street","osmId":823316159}},{"type":"Feature","geometry":{"type":"LineString","coordinates":[[-71.06553,42.36124],[-71.06577,42.36124]]},"properties":{"lts":2,"name":"Cambridge Street","osmId":823316160}},{"type":"Feature","geometry":{"type":"LineString","coordinates":[[-71.06013,42.34896],[-71.06012,42.349],[-71.06009,42.34907],[-71.05991,42.34956],[-71.05971,42.35]]},"properties":{"lts":1,"name":"Albany Street","osmId":823476932}},{"type":"Feature","geometry":{"type":"LineString","coordinates":[[-71.07814,42.35171],[-71.07816,42.35175],[-71.07817,42.35177],[-71.07822,42.35189],[-71.07827,42.35198],[-71.07828,42.352],[-71.07831,42.35206]]},"properties":{"lts":1,"name":"Dartmouth Street","osmId":825263818}},{"type":"Feature","geometry":{"type":"LineString","coordinates":[[-71.08948,42.35084],[-71.08944,42.35078],[-71.08943,42.35076],[-71.08937,42.35063],[-71.08928,42.35045],[-71.08913,42.35015],[-71.08912,42.35013],[-71.08909,42.35007]]},"properties":{"lts":3,"name":"Massachusetts Avenue","osmId":825263829}},{"type":"Feature","geometry":{"type":"LineString","coordinates":[[-71.08179,42.3489],[-71.08093,42.34913],[-71.08088,42.34914],[-71.08077,42.34917]]},"properties":{"lts":2,"name":"Boylston Street","osmId":825263836}},{"type":"Feature","geometry":{"type":"LineString","coordinates":[[-71.07306,42.35125],[-71.07309,42.35132],[-71.07311,42.35135],[-71.07325,42.35166],[-71.0734,42.35196],[-71.07341,42.35198],[-71.07345,42.35206]]},"properties":{"lts":2,"name":"Berkeley Street","osmId":825263837}},{"type":"Feature","geometry":{"type":"LineString","coordinates":[[-71.07306,42.35125],[-71.07296,42.35128],[-71.07145,42.35168],[-71.07085,42.35185],[-71.07081,42.35186],[-71.0707,42.3519]]},"properties":{"lts":2,"name":"Boylston Street","osmId":825263838}},{"type":"Feature","geometry":{"type":"LineString","coordinates":[[-71.06919,42.35227],[-71.06887,42.35235],[-71.06865,42.3524],[-71.06845,42.35245],[-71.06808,42.35252],[-71.06786,42.35256]]},"properties":{"lts":2,"name":"Boylston Street","osmId":825263841}},{"type":"Feature","geometry":{"type":"LineString","coordinates":[[-71.11432,42.30097],[-71.11434,42.30085],[-71.1144,42.30054],[-71.1144,42.30051],[-71.1144,42.30049],[-71.11439,42.30047],[-71.11437,42.3004],[-71.11436,42.30036],[-71.11435,42.30035],[-71.11435,42.30033],[-71.11436,42.3003],[-71.11437,42.30027],[-71.11439,42.30024],[-71.11441,42.30022],[-71.11444,42.3002],[-71.11448,42.30017]]},"properties":{"lts":1,"name":"Washington Street","osmId":825315810}},{"type":"Feature","geometry":{"type":"LineString","coordinates":[[-71.11575,42.29844],[-71.11556,42.29853],[-71.11553,42.29855],[-71.11548,42.29859],[-71.11526,42.29892],[-71.11525,42.29893],[-71.11525,42.29894],[-71.11524,42.29895],[-71.11524,42.29896],[-71.11524,42.29897],[-71.11523,42.29898],[-71.11523,42.29898],[-71.11523,42.29899],[-71.11522,42.299],[-71.11512,42.29916]]},"properties":{"lts":1,"name":"Washington Street","osmId":825315813}},{"type":"Feature","geometry":{"type":"LineString","coordinates":[[-71.08684,42.3475],[-71.08674,42.34753],[-71.08634,42.34764]]},"properties":{"lts":2,"name":"Boylston Street","osmId":826552820}},{"type":"Feature","geometry":{"type":"LineString","coordinates":[[-71.05894,42.3591],[-71.05911,42.35915],[-71.05918,42.35917],[-71.05928,42.35922]]},"properties":{"lts":2,"name":"Court Street","osmId":826634235}},{"type":"Feature","geometry":{"type":"LineString","coordinates":[[-71.07224,42.3329],[-71.07224,42.33292],[-71.07225,42.33295]]},"properties":{"lts":1,"name":"South Bay Harbor Trail","osmId":830564425}},{"type":"Feature","geometry":{"type":"LineString","coordinates":[[-71.07226,42.33297],[-71.07217,42.33298],[-71.07209,42.333],[-71.07097,42.33382],[-71.07038,42.3342],[-71.07015,42.33434],[-71.07003,42.33442],[-71.06941,42.33476],[-71.06894,42.33499],[-71.06858,42.33516],[-71.06821,42.3353],[-71.06778,42.33541],[-71.06722,42.33549],[-71.06661,42.33558],[-71.06645,42.3356],[-71.06636,42.33562],[-71.06632,42.33563],[-71.06626,42.33565],[-71.06619,42.33568],[-71.06615,42.3357],[-71.0661,42.33573],[-71.06605,42.33577],[-71.06601,42.33581],[-71.066,42.33584],[-71.06599,42.33588],[-71.066,42.33604],[-71.06599,42.3362],[-71.06597,42.33644],[-71.06595,42.33654],[-71.06594,42.33664],[-71.06588,42.33678],[-71.06584,42.33693],[-71.06582,42.33703],[-71.06579,42.33713],[-71.06576,42.33722],[-71.06571,42.33732],[-71.06567,42.33742],[-71.06562,42.33753],[-71.06557,42.33763],[-71.0655,42.33774],[-71.06541,42.3379],[-71.06532,42.33804],[-71.06526,42.33814],[-71.06521,42.33822],[-71.06511,42.33837],[-71.06503,42.3385],[-71.06494,42.33865],[-71.06476,42.33893],[-71.06445,42.33944],[-71.06443,42.33948],[-71.06444,42.33952],[-71.06446,42.33956],[-71.0645,42.3396],[-71.06455,42.33962],[-71.0646,42.33963],[-71.06464,42.33964],[-71.0647,42.33963]]},"properties":{"lts":1,"name":"South Bay Harbor Trail","osmId":830564426}},{"type":"Feature","geometry":{"type":"LineString","coordinates":[[-71.06986,42.34998],[-71.06973,42.34966],[-71.06971,42.3496],[-71.06965,42.34943],[-71.06962,42.34935],[-71.06957,42.3492],[-71.06948,42.34895],[-71.06944,42.34882]]},"properties":{"lts":1,"name":"Arlington Street","osmId":830619409}},{"type":"Feature","geometry":{"type":"LineString","coordinates":[[-71.0647,42.33963],[-71.06461,42.33968],[-71.06455,42.33973]]},"properties":{"lts":1,"name":"South Bay Harbor Trail","osmId":830631260}},{"type":"Feature","geometry":{"type":"LineString","coordinates":[[-71.0641,42.34006],[-71.06415,42.34009],[-71.06423,42.34015],[-71.06429,42.34019]]},"properties":{"lts":1,"name":"South Bay Harbor Trail","osmId":830631263}},{"type":"Feature","geometry":{"type":"LineString","coordinates":[[-71.06429,42.34019],[-71.06409,42.34033],[-71.06401,42.3404],[-71.06391,42.3405],[-71.06385,42.34057],[-71.0638,42.34064],[-71.06374,42.34072],[-71.06372,42.34075],[-71.06361,42.34096]]},"properties":{"lts":1,"name":"South Bay Harbor Trail","osmId":830631264}},{"type":"Feature","geometry":{"type":"LineString","coordinates":[[-71.0641,42.34006],[-71.06403,42.34004],[-71.06394,42.34003]]},"properties":{"lts":1,"name":"South Bay Harbor Trail","osmId":830631266}},{"type":"Feature","geometry":{"type":"LineString","coordinates":[[-71.06394,42.34003],[-71.0639,42.34012],[-71.06322,42.33997]]},"properties":{"lts":1,"name":"South Bay Harbor Trail","osmId":830631267}},{"type":"Feature","geometry":{"type":"LineString","coordinates":[[-71.06322,42.33997],[-71.06316,42.33995],[-71.06305,42.33992]]},"properties":{"lts":1,"name":"South Bay Harbor Trail","osmId":830631268}},{"type":"Feature","geometry":{"type":"LineString","coordinates":[[-71.06361,42.34096],[-71.0636,42.341],[-71.06358,42.34105]]},"properties":{"lts":1,"name":"South Bay Harbor Trail","osmId":830631272}},{"type":"Feature","geometry":{"type":"LineString","coordinates":[[-71.06358,42.34105],[-71.06355,42.34111],[-71.06352,42.34118],[-71.06354,42.34124],[-71.06335,42.3416],[-71.06328,42.3417],[-71.06313,42.34197]]},"properties":{"lts":1,"name":"South Bay Harbor Trail","osmId":830631273}},{"type":"Feature","geometry":{"type":"LineString","coordinates":[[-71.06313,42.34197],[-71.06312,42.34201],[-71.06309,42.34207]]},"properties":{"lts":1,"name":"South Bay Harbor Trail","osmId":830631275}},{"type":"Feature","geometry":{"type":"LineString","coordinates":[[-71.06309,42.34207],[-71.06305,42.34214],[-71.06296,42.34234]]},"properties":{"lts":1,"name":"South Bay Harbor Trail","osmId":830631276}},{"type":"Feature","geometry":{"type":"LineString","coordinates":[[-71.06296,42.34234],[-71.06294,42.34238],[-71.06292,42.34243]]},"properties":{"lts":1,"name":"South Bay Harbor Trail","osmId":830631278}},{"type":"Feature","geometry":{"type":"LineString","coordinates":[[-71.06292,42.34243],[-71.06281,42.34266],[-71.06279,42.34269],[-71.06266,42.34297]]},"properties":{"lts":1,"name":"South Bay Harbor Trail","osmId":830631279}},{"type":"Feature","geometry":{"type":"LineString","coordinates":[[-71.09329,42.34636],[-71.09343,42.34624],[-71.09405,42.34564],[-71.09417,42.3455],[-71.09428,42.34535]]},"properties":{"lts":1,"name":"Boylston Street","osmId":831595607}},{"type":"Feature","geometry":{"type":"LineString","coordinates":[[-71.05044,42.3516],[-71.0504,42.35159],[-71.05036,42.35157],[-71.05033,42.35156],[-71.05029,42.35154],[-71.05026,42.35152],[-71.05022,42.3515],[-71.05017,42.35146]]},"properties":{"lts":1,"name":"Congress Street","osmId":832439083}},{"type":"Feature","geometry":{"type":"LineString","coordinates":[[-71.07024,42.36442],[-71.07022,42.36441],[-71.0702,42.36441]]},"properties":{"lts":0,"name":null,"osmId":833402087}},{"type":"Feature","geometry":{"type":"LineString","coordinates":[[-71.0702,42.36441],[-71.07009,42.36464]]},"properties":{"lts":0,"name":null,"osmId":833402088}},{"type":"Feature","geometry":{"type":"LineString","coordinates":[[-71.06944,42.3647],[-71.06941,42.36469]]},"properties":{"lts":0,"name":null,"osmId":833402089}},{"type":"Feature","geometry":{"type":"LineString","coordinates":[[-71.06941,42.36469],[-71.06955,42.36441]]},"properties":{"lts":0,"name":null,"osmId":833402090}},{"type":"Feature","geometry":{"type":"LineString","coordinates":[[-71.06955,42.36441],[-71.06955,42.3644]]},"properties":{"lts":0,"name":null,"osmId":833402092}},{"type":"Feature","geometry":{"type":"LineString","coordinates":[[-71.07012,42.36465],[-71.07024,42.36442]]},"properties":{"lts":0,"name":null,"osmId":833402093}},{"type":"Feature","geometry":{"type":"LineString","coordinates":[[-71.07022,42.3644],[-71.07022,42.36441]]},"properties":{"lts":0,"name":null,"osmId":833580424}},{"type":"Feature","geometry":{"type":"LineString","coordinates":[[-71.07253,42.33258],[-71.07248,42.33263],[-71.07244,42.33263]]},"properties":{"lts":1,"name":"South Bay Harbor Trail","osmId":836464097}},{"type":"Feature","geometry":{"type":"LineString","coordinates":[[-71.06096,42.34356],[-71.06109,42.34361],[-71.06105,42.3437]]},"properties":{"lts":1,"name":"South Bay Harbor Trail","osmId":836464098}},{"type":"Feature","geometry":{"type":"LineString","coordinates":[[-71.06453,42.35247],[-71.06455,42.35241],[-71.06456,42.35237]]},"properties":{"lts":2,"name":"Tremont Street","osmId":840928388}},{"type":"Feature","geometry":{"type":"LineString","coordinates":[[-71.05732,42.35675],[-71.0574,42.35675],[-71.05744,42.35675],[-71.05782,42.35674]]},"properties":{"lts":3,"name":"Milk Street","osmId":844528872}},{"type":"Feature","geometry":{"type":"LineString","coordinates":[[-71.11482,42.29993],[-71.11484,42.29989],[-71.11485,42.29987],[-71.11486,42.29984],[-71.11488,42.29982],[-71.11488,42.2998],[-71.1149,42.29978],[-71.1149,42.29977],[-71.11492,42.29974],[-71.11494,42.29971],[-71.11521,42.29927]]},"properties":{"lts":3,"name":"Washington Street","osmId":844990619}},{"type":"Feature","geometry":{"type":"LineString","coordinates":[[-71.11521,42.29927],[-71.11527,42.29917],[-71.11532,42.29909],[-71.11538,42.299],[-71.11544,42.2989],[-71.11548,42.29884],[-71.11574,42.29845],[-71.11575,42.29844],[-71.1158,42.29837],[-71.11581,42.29834]]},"properties":{"lts":3,"name":"Washington Street","osmId":845382757}},{"type":"Feature","geometry":{"type":"LineString","coordinates":[[-71.07613,42.3858],[-71.07653,42.38613]]},"properties":{"lts":1,"name":"Main Street","osmId":845577278}},{"type":"Feature","geometry":{"type":"LineString","coordinates":[[-71.07029,42.35107],[-71.07027,42.35101],[-71.07007,42.35052]]},"properties":{"lts":1,"name":"Arlington Street","osmId":846620949}},{"type":"Feature","geometry":{"type":"LineString","coordinates":[[-71.03871,42.31666],[-71.03868,42.31665],[-71.03858,42.31664],[-71.03851,42.31663],[-71.03844,42.31663],[-71.03839,42.31662],[-71.03833,42.31662],[-71.03827,42.31661],[-71.03823,42.31661],[-71.03819,42.3166],[-71.03807,42.31659],[-71.03787,42.31655],[-71.03784,42.31654],[-71.0378,42.31654],[-71.03773,42.31652],[-71.03762,42.31649],[-71.03761,42.31648],[-71.03756,42.31647],[-71.03754,42.31646],[-71.03751,42.31645],[-71.0375,42.31645],[-71.03749,42.31644],[-71.03747,42.31644],[-71.03746,42.31643],[-71.03744,42.31642],[-71.03742,42.31641],[-71.03735,42.31638],[-71.03726,42.31633],[-71.03724,42.31632],[-71.03722,42.31631],[-71.03721,42.3163],[-71.03719,42.31629],[-71.03717,42.31628],[-71.03714,42.31626],[-71.03701,42.31618],[-71.03686,42.31608],[-71.03672,42.316],[-71.03645,42.31582],[-71.03623,42.31569]]},"properties":{"lts":1,"name":"University Drive North","osmId":846629534}},{"type":"Feature","geometry":{"type":"LineString","coordinates":[[-71.08526,42.34797],[-71.08514,42.348],[-71.08469,42.34812],[-71.08389,42.34834],[-71.08384,42.34835],[-71.08375,42.34837],[-71.08344,42.34846],[-71.08252,42.3487],[-71.08248,42.34871],[-71.08237,42.34874],[-71.08224,42.34878],[-71.08179,42.3489]]},"properties":{"lts":2,"name":"Boylston Street","osmId":852187438}},{"type":"Feature","geometry":{"type":"LineString","coordinates":[[-71.07862,42.34975],[-71.07766,42.35001],[-71.0775,42.35005],[-71.07747,42.35006],[-71.07734,42.35009]]},"properties":{"lts":2,"name":"Boylston Street","osmId":852187439}},{"type":"Feature","geometry":{"type":"LineString","coordinates":[[-71.05988,42.35963],[-71.05988,42.35959],[-71.05987,42.35958],[-71.05986,42.35953],[-71.05985,42.35949],[-71.05984,42.35945],[-71.05984,42.35941],[-71.05983,42.35936],[-71.05983,42.35933],[-71.05982,42.35928],[-71.05982,42.35918],[-71.05981,42.35911],[-71.05981,42.35909],[-71.05981,42.35907],[-71.05981,42.35904]]},"properties":{"lts":2,"name":"Cambridge Street","osmId":879039476}},{"type":"Feature","geometry":{"type":"LineString","coordinates":[[-71.05975,42.35952],[-71.05977,42.35959],[-71.05978,42.35961],[-71.05978,42.35962],[-71.05979,42.35965]]},"properties":{"lts":2,"name":"Cambridge Street","osmId":879039477}},{"type":"Feature","geometry":{"type":"LineString","coordinates":[[-71.07304,42.3553],[-71.07305,42.3553],[-71.07316,42.35527]]},"properties":{"lts":1,"name":"Beacon Street","osmId":895581938}},{"type":"Feature","geometry":{"type":"LineString","coordinates":[[-71.07006,42.39104],[-71.06972,42.39148],[-71.06965,42.39157],[-71.06898,42.39242],[-71.06891,42.39251],[-71.06785,42.39375],[-71.0678,42.39381]]},"properties":{"lts":2,"name":"Alford Street","osmId":923417551}},{"type":"Feature","geometry":{"type":"LineString","coordinates":[[-71.10435,42.34685],[-71.10443,42.34685],[-71.10449,42.34685],[-71.10454,42.34684],[-71.10461,42.34683],[-71.10466,42.34682]]},"properties":{"lts":1,"name":"Beacon Street","osmId":924355646}},{"type":"Feature","geometry":{"type":"LineString","coordinates":[[-71.14438,42.36175],[-71.14444,42.36174],[-71.14451,42.36173]]},"properties":{"lts":3,"name":"Western Avenue","osmId":924770822}},{"type":"Feature","geometry":{"type":"LineString","coordinates":[[-71.13863,42.36277],[-71.13881,42.36275],[-71.13922,42.36269],[-71.13966,42.36261],[-71.13975,42.3626],[-71.14015,42.36254],[-71.14024,42.36252],[-71.14035,42.3625],[-71.14066,42.36245],[-71.14082,42.36242],[-71.14099,42.36239],[-71.14121,42.36234],[-71.14217,42.36216],[-71.14228,42.36214],[-71.14245,42.36211],[-71.14252,42.3621],[-71.14284,42.36204],[-71.14287,42.36203],[-71.14313,42.36198],[-71.14335,42.36194],[-71.14349,42.36192],[-71.14389,42.36184]]},"properties":{"lts":2,"name":"Western Avenue","osmId":924770823}},{"type":"Feature","geometry":{"type":"LineString","coordinates":[[-71.06853,42.39436],[-71.06853,42.39434],[-71.06852,42.39433],[-71.06852,42.39432],[-71.0685,42.39431],[-71.06848,42.39431],[-71.06847,42.39431],[-71.06845,42.39431],[-71.06843,42.39432],[-71.06842,42.39433],[-71.06842,42.39434],[-71.06841,42.39435],[-71.06842,42.39436]]},"properties":{"lts":1,"name":"Encore Riverwalk","osmId":925758757}},{"type":"Feature","geometry":{"type":"LineString","coordinates":[[-71.06796,42.3947],[-71.06793,42.39472],[-71.06789,42.39474],[-71.06785,42.39476],[-71.06781,42.39478],[-71.06776,42.3948],[-71.06772,42.39481],[-71.06767,42.39483],[-71.06764,42.39484],[-71.0676,42.39487],[-71.06754,42.3949]]},"properties":{"lts":1,"name":"Encore Riverwalk","osmId":925759381}},{"type":"Feature","geometry":{"type":"LineString","coordinates":[[-71.05863,42.359],[-71.05894,42.3591]]},"properties":{"lts":2,"name":"Court Street","osmId":941562893}},{"type":"Feature","geometry":{"type":"LineString","coordinates":[[-71.0724,42.38751],[-71.0725,42.38734],[-71.07258,42.38721],[-71.07267,42.38707]]},"properties":{"lts":2,"name":"Alford Street","osmId":966194888}},{"type":"Feature","geometry":{"type":"LineString","coordinates":[[-71.11171,42.31996],[-71.11174,42.32012],[-71.11185,42.32059],[-71.11194,42.321],[-71.11197,42.32115],[-71.11206,42.32155],[-71.11208,42.32161]]},"properties":{"lts":1,"name":"South Huntington Avenue","osmId":969916086}},{"type":"Feature","geometry":{"type":"LineString","coordinates":[[-71.05257,42.36075],[-71.05262,42.36087],[-71.05263,42.36088],[-71.05263,42.3609],[-71.05264,42.36091],[-71.05264,42.36093],[-71.05264,42.36095],[-71.05264,42.36097],[-71.05264,42.36101]]},"properties":{"lts":1,"name":"Atlantic Avenue","osmId":970425324}},{"type":"Feature","geometry":{"type":"LineString","coordinates":[[-71.06643,42.35103],[-71.0664,42.35103],[-71.06625,42.35107],[-71.06617,42.35108],[-71.06607,42.3511]]},"properties":{"lts":3,"name":"Stuart Street","osmId":970425331}},{"type":"Feature","geometry":{"type":"LineString","coordinates":[[-71.06802,42.348],[-71.06814,42.34801],[-71.06819,42.34801],[-71.06821,42.34801],[-71.0683,42.34802],[-71.06866,42.34805],[-71.06901,42.34808],[-71.06905,42.34808],[-71.06918,42.34809]]},"properties":{"lts":3,"name":"Marginal Road","osmId":970427243}},{"type":"Feature","geometry":{"type":"LineString","coordinates":[[-71.06585,42.34698],[-71.06585,42.34696],[-71.06587,42.3469]]},"properties":{"lts":2,"name":"Shawmut Avenue","osmId":970427244}},{"type":"Feature","geometry":{"type":"LineString","coordinates":[[-71.0723,42.38771],[-71.07235,42.38763],[-71.07238,42.38757],[-71.0724,42.38751]]},"properties":{"lts":2,"name":"Alford Street","osmId":980431770}},{"type":"Feature","geometry":{"type":"LineString","coordinates":[[-71.07233,42.38731],[-71.07226,42.38747],[-71.07222,42.38756],[-71.07218,42.38765]]},"properties":{"lts":2,"name":"Alford Street","osmId":980431771}},{"type":"Feature","geometry":{"type":"LineString","coordinates":[[-71.07283,42.38437],[-71.07283,42.38442],[-71.07282,42.38448]]},"properties":{"lts":2,"name":"Alford Street","osmId":980643128}},{"type":"Feature","geometry":{"type":"LineString","coordinates":[[-71.05733,42.34413],[-71.0573,42.34413],[-71.05724,42.34413],[-71.05717,42.34413],[-71.05715,42.34413]]},"properties":{"lts":1,"name":"South Bay Harbor Trail","osmId":990899881}},{"type":"Feature","geometry":{"type":"LineString","coordinates":[[-71.06134,42.34529],[-71.06126,42.34527],[-71.0612,42.34526],[-71.06116,42.34525],[-71.06101,42.34523],[-71.06095,42.34521],[-71.06092,42.34521],[-71.06068,42.34516]]},"properties":{"lts":1,"name":"South Bay Harbor Trail","osmId":991248722}},{"type":"Feature","geometry":{"type":"LineString","coordinates":[[-71.06085,42.34352],[-71.06096,42.34356]]},"properties":{"lts":1,"name":"South Bay Harbor Trail","osmId":991248723}},{"type":"Feature","geometry":{"type":"LineString","coordinates":[[-71.06132,42.34285],[-71.06116,42.34316]]},"properties":{"lts":1,"name":"South Bay Harbor Trail","osmId":991248724}},{"type":"Feature","geometry":{"type":"LineString","coordinates":[[-71.06158,42.34292],[-71.06156,42.34292],[-71.06152,42.34291],[-71.06132,42.34285]]},"properties":{"lts":1,"name":"South Bay Harbor Trail","osmId":991248725}},{"type":"Feature","geometry":{"type":"LineString","coordinates":[[-71.11587,42.29826],[-71.11592,42.29818],[-71.11594,42.29815],[-71.11609,42.29794],[-71.11625,42.29771],[-71.11627,42.29767],[-71.11631,42.29763],[-71.11635,42.29758],[-71.11639,42.29754],[-71.11644,42.29749],[-71.11656,42.29737],[-71.11669,42.29725],[-71.11676,42.29718],[-71.11697,42.29698],[-71.1171,42.29686]]},"properties":{"lts":3,"name":"Washington Street","osmId":1033100081}},{"type":"Feature","geometry":{"type":"LineString","coordinates":[[-71.08509,42.32893],[-71.08513,42.3288],[-71.08501,42.32877],[-71.08492,42.32874],[-71.08486,42.32873],[-71.08469,42.32869],[-71.08429,42.32863],[-71.08386,42.32857],[-71.08361,42.32853],[-71.08359,42.32853],[-71.08351,42.32848],[-71.08347,42.32841],[-71.08332,42.32817],[-71.08329,42.3281],[-71.08328,42.32806],[-71.08328,42.328],[-71.0833,42.32775],[-71.08332,42.32752],[-71.08331,42.32746],[-71.08332,42.32737],[-71.08327,42.32727]]},"properties":{"lts":1,"name":"Warren Street","osmId":1035858701}},{"type":"Feature","geometry":{"type":"LineString","coordinates":[[-71.11358,42.27676],[-71.11402,42.27699],[-71.11419,42.2771]]},"properties":{"lts":1,"name":"Cummins Highway","osmId":1052347001}},{"type":"Feature","geometry":{"type":"LineString","coordinates":[[-71.12643,42.36183],[-71.12643,42.36185],[-71.12644,42.36188],[-71.12646,42.36191],[-71.12652,42.362],[-71.12677,42.36228],[-71.12682,42.36233],[-71.12689,42.36241],[-71.12694,42.36246],[-71.127,42.36252],[-71.12707,42.36256],[-71.12713,42.36259],[-71.12718,42.36261],[-71.12722,42.36263],[-71.12729,42.36267],[-71.12735,42.36271],[-71.12739,42.36276],[-71.1274,42.36278],[-71.12742,42.36281],[-71.12744,42.36286],[-71.12745,42.36292],[-71.12747,42.36309],[-71.12749,42.36324],[-71.12749,42.36325],[-71.12748,42.36326],[-71.12746,42.36327]]},"properties":{"lts":1,"name":"Academic Way","osmId":1073412480}},{"type":"Feature","geometry":{"type":"LineString","coordinates":[[-71.12749,42.36348],[-71.1275,42.36356],[-71.12753,42.36367],[-71.12755,42.36376],[-71.12758,42.36384],[-71.12762,42.36392],[-71.12766,42.36399],[-71.12772,42.36406],[-71.12778,42.36413],[-71.12793,42.36426],[-71.12806,42.36436]]},"properties":{"lts":1,"name":"Academic Way","osmId":1076915194}},{"type":"Feature","geometry":{"type":"LineString","coordinates":[[-71.08724,42.34355],[-71.08693,42.3435],[-71.08678,42.34348]]},"properties":{"lts":2,"name":"Westland Avenue","osmId":1081022445}},{"type":"Feature","geometry":{"type":"LineString","coordinates":[[-71.11447,42.33193],[-71.11458,42.33194],[-71.11471,42.33195],[-71.11475,42.33195]]},"properties":{"lts":1,"name":"Washington Street","osmId":1084263800}},{"type":"Feature","geometry":{"type":"LineString","coordinates":[[-71.07089,42.39001],[-71.07108,42.38972]]},"properties":{"lts":2,"name":"Alford Street","osmId":1086801845}},{"type":"Feature","geometry":{"type":"LineString","coordinates":[[-71.0706,42.39026],[-71.07055,42.39039]]},"properties":{"lts":2,"name":"Alford Street","osmId":1086801846}},{"type":"Feature","geometry":{"type":"LineString","coordinates":[[-71.06848,42.36689],[-71.06855,42.36693],[-71.06875,42.36704],[-71.06876,42.36705],[-71.06888,42.3671]]},"properties":{"lts":2,"name":"Charles River Dam Road","osmId":1086817278}},{"type":"Feature","geometry":{"type":"LineString","coordinates":[[-71.04793,42.34129],[-71.04784,42.34137],[-71.04781,42.3414],[-71.04755,42.34162]]},"properties":{"lts":3,"name":"D Street","osmId":1086987621}},{"type":"Feature","geometry":{"type":"LineString","coordinates":[[-71.04918,42.34962],[-71.04896,42.34952]]},"properties":{"lts":1,"name":"Summer Street","osmId":1086987628}},{"type":"Feature","geometry":{"type":"LineString","coordinates":[[-71.05093,42.35042],[-71.05089,42.3504],[-71.05086,42.35038],[-71.05082,42.35037],[-71.05042,42.35019],[-71.04997,42.34999],[-71.0496,42.34981],[-71.04947,42.34975],[-71.04936,42.3497],[-71.04918,42.34962]]},"properties":{"lts":1,"name":"Summer Street","osmId":1086987629}},{"type":"Feature","geometry":{"type":"LineString","coordinates":[[-71.04904,42.34979],[-71.04933,42.34993],[-71.04945,42.34998],[-71.04977,42.35012],[-71.05015,42.35029],[-71.05075,42.35056],[-71.05104,42.3507],[-71.0511,42.35073],[-71.0511,42.35073],[-71.05126,42.35073]]},"properties":{"lts":1,"name":"Summer Street","osmId":1086987634}},{"type":"Feature","geometry":{"type":"LineString","coordinates":[[-71.04883,42.34969],[-71.04904,42.34979]]},"properties":{"lts":1,"name":"Summer Street","osmId":1086987635}},{"type":"Feature","geometry":{"type":"LineString","coordinates":[[-71.04768,42.34917],[-71.04799,42.34932],[-71.04844,42.34951],[-71.04861,42.34959],[-71.04883,42.34969]]},"properties":{"lts":1,"name":"Summer Street","osmId":1086987636}},{"type":"Feature","geometry":{"type":"LineString","coordinates":[[-71.03623,42.31569],[-71.03575,42.31539],[-71.03558,42.31528],[-71.03555,42.31526],[-71.03551,42.31524],[-71.03546,42.31521],[-71.0354,42.31517],[-71.03537,42.31515],[-71.03535,42.31513],[-71.03532,42.31512],[-71.03529,42.3151],[-71.03521,42.31504]]},"properties":{"lts":3,"name":"University Drive North","osmId":1087024115}},{"type":"Feature","geometry":{"type":"LineString","coordinates":[[-71.06292,42.33993],[-71.06293,42.33992],[-71.06298,42.33993]]},"properties":{"lts":1,"name":"South Bay Harbor Trail","osmId":1087035543}},{"type":"Feature","geometry":{"type":"LineString","coordinates":[[-71.06153,42.34266],[-71.06205,42.34165],[-71.06207,42.34161]]},"properties":{"lts":1,"name":"South Bay Harbor Trail","osmId":1087035544}},{"type":"Feature","geometry":{"type":"LineString","coordinates":[[-71.06287,42.34003],[-71.0629,42.33998],[-71.06292,42.33993]]},"properties":{"lts":1,"name":"South Bay Harbor Trail","osmId":1087035546}},{"type":"Feature","geometry":{"type":"LineString","coordinates":[[-71.06207,42.34161],[-71.06207,42.34155],[-71.06207,42.34148],[-71.06241,42.34082],[-71.06251,42.34063],[-71.0626,42.34048],[-71.06269,42.34029],[-71.06279,42.34009],[-71.06287,42.34003]]},"properties":{"lts":1,"name":"South Bay Harbor Trail","osmId":1087035547}},{"type":"Feature","geometry":{"type":"LineString","coordinates":[[-71.06169,42.34268],[-71.06166,42.34269],[-71.06162,42.34268],[-71.06153,42.34266]]},"properties":{"lts":1,"name":"South Bay Harbor Trail","osmId":1087035548}},{"type":"Feature","geometry":{"type":"LineString","coordinates":[[-71.09244,42.31],[-71.0924,42.30999],[-71.09238,42.30997],[-71.09211,42.30977],[-71.09209,42.30974],[-71.09206,42.30971],[-71.09188,42.30958]]},"properties":{"lts":1,"name":"Seaver Street","osmId":1087248371}},{"type":"Feature","geometry":{"type":"LineString","coordinates":[[-71.0925,42.31005],[-71.09247,42.31003],[-71.09244,42.31]]},"properties":{"lts":1,"name":"Seaver Street","osmId":1087248373}},{"type":"Feature","geometry":{"type":"LineString","coordinates":[[-71.09504,42.31319],[-71.09491,42.3131],[-71.09482,42.31304],[-71.09472,42.31299],[-71.09461,42.31294],[-71.0945,42.31289],[-71.09436,42.31284],[-71.09425,42.3128],[-71.09418,42.31277],[-71.09411,42.31273],[-71.09403,42.31268],[-71.09397,42.31264],[-71.09391,42.31258],[-71.09387,42.31253],[-71.09385,42.31251],[-71.09379,42.31242],[-71.09374,42.31235],[-71.09369,42.31223],[-71.09368,42.31221],[-71.09365,42.31213],[-71.09362,42.31203],[-71.09359,42.31187],[-71.09355,42.31169],[-71.09351,42.31153],[-71.09348,42.31138],[-71.09343,42.31125],[-71.09338,42.31111],[-71.09333,42.311],[-71.09328,42.3109],[-71.09317,42.31073],[-71.09309,42.31063],[-71.09298,42.31052],[-71.0928,42.31033],[-71.09264,42.3102],[-71.09253,42.3101],[-71.0925,42.31005]]},"properties":{"lts":1,"name":"Seaver Street","osmId":1087248374}},{"type":"Feature","geometry":{"type":"LineString","coordinates":[[-71.11622,42.27874],[-71.11638,42.27886]]},"properties":{"lts":1,"name":"Cummins Highway","osmId":1087278021}},{"type":"Feature","geometry":{"type":"LineString","coordinates":[[-71.11586,42.27845],[-71.11596,42.27853],[-71.11608,42.27863],[-71.11618,42.2787]]},"properties":{"lts":1,"name":"Cummins Highway","osmId":1087278022}},{"type":"Feature","geometry":{"type":"LineString","coordinates":[[-71.10975,42.27474],[-71.11007,42.27491],[-71.11037,42.27508],[-71.11051,42.27516],[-71.11084,42.27536]]},"properties":{"lts":1,"name":"Cummins Highway","osmId":1087278023}},{"type":"Feature","geometry":{"type":"LineString","coordinates":[[-71.1093,42.27445],[-71.10939,42.27452],[-71.10945,42.27457]]},"properties":{"lts":3,"name":"Cummins Highway","osmId":1087278024}},{"type":"Feature","geometry":{"type":"LineString","coordinates":[[-71.1171,42.29686],[-71.11713,42.29683],[-71.11716,42.29681],[-71.11723,42.29674],[-71.1173,42.29667],[-71.11746,42.29652],[-71.11754,42.29644],[-71.11766,42.29633],[-71.11801,42.296],[-71.11807,42.29594],[-71.11817,42.29584],[-71.11826,42.29576],[-71.11829,42.29573],[-71.11835,42.29567]]},"properties":{"lts":2,"name":"Washington Street","osmId":1088529935}},{"type":"Feature","geometry":{"type":"LineString","coordinates":[[-71.12229,42.3596],[-71.12264,42.35941]]},"properties":{"lts":2,"name":"Cambridge Street","osmId":1088539385}},{"type":"Feature","geometry":{"type":"LineString","coordinates":[[-71.13134,42.35605],[-71.1298,42.35664]]},"properties":{"lts":2,"name":"Cambridge Street","osmId":1088539388}},{"type":"Feature","geometry":{"type":"LineString","coordinates":[[-71.13616,42.36307],[-71.13643,42.36304],[-71.13666,42.36301]]},"properties":{"lts":2,"name":"Western Avenue","osmId":1088852926}},{"type":"Feature","geometry":{"type":"LineString","coordinates":[[-71.07376,42.33393],[-71.07404,42.33416]]},"properties":{"lts":2,"name":"Massachusetts Avenue","osmId":1088867215}},{"type":"Feature","geometry":{"type":"LineString","coordinates":[[-71.07402,42.33401],[-71.07386,42.33387]]},"properties":{"lts":2,"name":"Massachusetts Avenue","osmId":1088867216}},{"type":"Feature","geometry":{"type":"LineString","coordinates":[[-71.07475,42.33461],[-71.07454,42.33444]]},"properties":{"lts":2,"name":"Massachusetts Avenue","osmId":1088867217}},{"type":"Feature","geometry":{"type":"LineString","coordinates":[[-71.10346,42.34256],[-71.1034,42.34262],[-71.10337,42.34264],[-71.10334,42.34267],[-71.10325,42.34276]]},"properties":{"lts":3,"name":"Brookline Avenue","osmId":1088867223}},{"type":"Feature","geometry":{"type":"LineString","coordinates":[[-71.0988,42.34431],[-71.09888,42.34429],[-71.09892,42.34428],[-71.09988,42.34402],[-71.09992,42.34401],[-71.10001,42.34398]]},"properties":{"lts":3,"name":"Boylston Street","osmId":1088886553}},{"type":"Feature","geometry":{"type":"LineString","coordinates":[[-71.11068,42.35042],[-71.11025,42.35036],[-71.11009,42.35034]]},"properties":{"lts":2,"name":"Commonwealth Avenue","osmId":1088886561}},{"type":"Feature","geometry":{"type":"LineString","coordinates":[[-71.10969,42.35048],[-71.11051,42.35057]]},"properties":{"lts":2,"name":"Commonwealth Avenue","osmId":1088886562}},{"type":"Feature","geometry":{"type":"LineString","coordinates":[[-71.06554,42.34863],[-71.06555,42.34856],[-71.06567,42.34791],[-71.06569,42.3478]]},"properties":{"lts":2,"name":"Shawmut Avenue","osmId":1089092080}},{"type":"Feature","geometry":{"type":"LineString","coordinates":[[-71.06764,42.35268],[-71.0676,42.35274],[-71.06759,42.35278],[-71.06758,42.35281]]},"properties":{"lts":2,"name":"Boylston Street","osmId":1089092083}},{"type":"Feature","geometry":{"type":"LineString","coordinates":[[-71.05782,42.35674],[-71.05806,42.35675]]},"properties":{"lts":3,"name":"Milk Street","osmId":1089126781}},{"type":"Feature","geometry":{"type":"LineString","coordinates":[[-71.05808,42.35541],[-71.05815,42.35543],[-71.05821,42.35543],[-71.05833,42.35546],[-71.05844,42.3555],[-71.05852,42.35552]]},"properties":{"lts":1,"name":"Franklin Street","osmId":1089126783}},{"type":"Feature","geometry":{"type":"LineString","coordinates":[[-71.03437,42.31312],[-71.03439,42.31313],[-71.03456,42.31325],[-71.03566,42.31393],[-71.03599,42.31414],[-71.03605,42.31418],[-71.03607,42.31419],[-71.03612,42.31423],[-71.0362,42.31428],[-71.03822,42.31554],[-71.03852,42.31573],[-71.03857,42.31577]]},"properties":{"lts":1,"name":"Beacon's Walk","osmId":1089136975}},{"type":"Feature","geometry":{"type":"LineString","coordinates":[[-71.06739,42.3949],[-71.0674,42.39489],[-71.06742,42.39488],[-71.06744,42.39487],[-71.06746,42.39487],[-71.06749,42.39487],[-71.06751,42.39488],[-71.06753,42.39488],[-71.06754,42.3949]]},"properties":{"lts":1,"name":"Encore Riverwalk","osmId":1091048858}},{"type":"Feature","geometry":{"type":"LineString","coordinates":[[-71.06739,42.39498],[-71.06738,42.39496],[-71.06737,42.39495],[-71.06737,42.39493],[-71.06738,42.39491],[-71.06739,42.3949]]},"properties":{"lts":1,"name":"Encore Riverwalk","osmId":1091048859}},{"type":"Feature","geometry":{"type":"LineString","coordinates":[[-71.06842,42.39436],[-71.06843,42.39437],[-71.06844,42.39438],[-71.06846,42.39439],[-71.06848,42.39439],[-71.06849,42.39438],[-71.06851,42.39438],[-71.06851,42.39437],[-71.06852,42.39437],[-71.06853,42.39436]]},"properties":{"lts":1,"name":"Encore Riverwalk","osmId":1091071664}},{"type":"Feature","geometry":{"type":"LineString","coordinates":[[-71.06762,42.39452],[-71.06761,42.39453],[-71.06761,42.39454],[-71.06761,42.39455],[-71.06762,42.39456],[-71.06763,42.39456],[-71.06764,42.39457],[-71.06766,42.39457],[-71.06767,42.39457],[-71.06768,42.39456],[-71.06769,42.39455]]},"properties":{"lts":1,"name":"Encore Riverwalk","osmId":1091073424}},{"type":"Feature","geometry":{"type":"LineString","coordinates":[[-71.13899,42.35379],[-71.13906,42.3538]]},"properties":{"lts":2,"name":"North Beacon Street","osmId":1092380907}},{"type":"Feature","geometry":{"type":"LineString","coordinates":[[-71.11468,42.2999],[-71.11464,42.29997],[-71.11462,42.30001]]},"properties":{"lts":1,"name":"Washington Street","osmId":1092440558}},{"type":"Feature","geometry":{"type":"LineString","coordinates":[[-71.11462,42.30001],[-71.1146,42.30006]]},"properties":{"lts":1,"name":"Washington Street","osmId":1092440559}},{"type":"Feature","geometry":{"type":"LineString","coordinates":[[-71.11455,42.30013],[-71.11458,42.3001],[-71.1146,42.30006]]},"properties":{"lts":1,"name":"Washington Street","osmId":1092440560}},{"type":"Feature","geometry":{"type":"LineString","coordinates":[[-71.11448,42.30017],[-71.11449,42.30016],[-71.11451,42.30015],[-71.11455,42.30013]]},"properties":{"lts":1,"name":"Washington Street","osmId":1092440561}},{"type":"Feature","geometry":{"type":"LineString","coordinates":[[-71.11466,42.3017],[-71.11468,42.30169],[-71.11471,42.30168]]},"properties":{"lts":1,"name":"South Street","osmId":1092483707}},{"type":"Feature","geometry":{"type":"LineString","coordinates":[[-71.11467,42.30186],[-71.11466,42.3018],[-71.11465,42.30174]]},"properties":{"lts":1,"name":"South Street","osmId":1092483708}},{"type":"Feature","geometry":{"type":"LineString","coordinates":[[-71.11467,42.3019],[-71.11467,42.30186]]},"properties":{"lts":1,"name":"South Street","osmId":1092483709}},{"type":"Feature","geometry":{"type":"LineString","coordinates":[[-71.11466,42.3017],[-71.11465,42.30171],[-71.11465,42.30172],[-71.11465,42.30173],[-71.11465,42.30174]]},"properties":{"lts":1,"name":"South Street","osmId":1092483713}},{"type":"Feature","geometry":{"type":"LineString","coordinates":[[-71.11471,42.30168],[-71.11473,42.30166],[-71.11476,42.30165]]},"properties":{"lts":1,"name":"South Street","osmId":1092483719}},{"type":"Feature","geometry":{"type":"LineString","coordinates":[[-71.11424,42.30184],[-71.11424,42.30177],[-71.11425,42.30172]]},"properties":{"lts":1,"name":"South Street","osmId":1092491902}},{"type":"Feature","geometry":{"type":"LineString","coordinates":[[-71.11425,42.30168],[-71.11425,42.30163],[-71.11425,42.30157]]},"properties":{"lts":1,"name":"South Street","osmId":1092491910}},{"type":"Feature","geometry":{"type":"LineString","coordinates":[[-71.11469,42.30204],[-71.11468,42.30197],[-71.11467,42.3019]]},"properties":{"lts":1,"name":"South Street","osmId":1092698137}},{"type":"Feature","geometry":{"type":"LineString","coordinates":[[-71.11425,42.30172],[-71.11425,42.30168]]},"properties":{"lts":1,"name":"South Street","osmId":1092698145}},{"type":"Feature","geometry":{"type":"LineString","coordinates":[[-71.07368,42.3853],[-71.0737,42.38526]]},"properties":{"lts":1,"name":"Alford Street","osmId":1092770567}},{"type":"Feature","geometry":{"type":"LineString","coordinates":[[-71.06456,42.35237],[-71.06446,42.35235],[-71.06438,42.35234],[-71.06432,42.35234],[-71.06428,42.35234]]},"properties":{"lts":2,"name":"Boylston Street","osmId":1096242208}},{"type":"Feature","geometry":{"type":"LineString","coordinates":[[-71.06323,42.35233],[-71.06276,42.35237],[-71.06274,42.35237],[-71.06272,42.35238],[-71.06267,42.35238],[-71.06259,42.35239]]},"properties":{"lts":2,"name":"Boylston Street","osmId":1096242209}},{"type":"Feature","geometry":{"type":"LineString","coordinates":[[-71.05979,42.35965],[-71.0598,42.35968],[-71.05981,42.3597],[-71.05982,42.35972],[-71.05983,42.35973],[-71.05984,42.35977],[-71.05986,42.3598],[-71.05988,42.35984],[-71.0599,42.35988],[-71.05993,42.35994],[-71.05996,42.35999],[-71.05999,42.36004],[-71.06002,42.36008]]},"properties":{"lts":2,"name":"Cambridge Street","osmId":1106843295}},{"type":"Feature","geometry":{"type":"LineString","coordinates":[[-71.06512,42.36124],[-71.06521,42.36124],[-71.06533,42.36124],[-71.06553,42.36124]]},"properties":{"lts":2,"name":"Cambridge Street","osmId":1106843296}},{"type":"Feature","geometry":{"type":"LineString","coordinates":[[-71.06697,42.36124],[-71.06711,42.36123],[-71.0674,42.36123]]},"properties":{"lts":2,"name":"Cambridge Street","osmId":1106843297}},{"type":"Feature","geometry":{"type":"LineString","coordinates":[[-71.06662,42.36123],[-71.06671,42.36123],[-71.06676,42.36124],[-71.06685,42.36124]]},"properties":{"lts":2,"name":"Cambridge Street","osmId":1106843298}},{"type":"Feature","geometry":{"type":"LineString","coordinates":[[-71.07007,42.35052],[-71.06999,42.35031],[-71.06998,42.35028],[-71.06993,42.35015]]},"properties":{"lts":1,"name":"Arlington Street","osmId":1108965708}},{"type":"Feature","geometry":{"type":"LineString","coordinates":[[-71.06765,42.39398],[-71.06744,42.39427]]},"properties":{"lts":2,"name":"Alford Street","osmId":1108983906}},{"type":"Feature","geometry":{"type":"LineString","coordinates":[[-71.08403,42.33204],[-71.08407,42.33212],[-71.08448,42.33243],[-71.0845,42.33244],[-71.08467,42.33255],[-71.08491,42.3327],[-71.085,42.33275],[-71.08511,42.33281],[-71.08573,42.33318],[-71.08581,42.33323],[-71.08591,42.33329],[-71.08662,42.3337],[-71.08674,42.33377],[-71.08687,42.33385],[-71.08702,42.33394],[-71.08734,42.33412],[-71.08742,42.33417],[-71.08751,42.33422],[-71.08753,42.33423],[-71.08766,42.33428],[-71.08817,42.33457],[-71.08821,42.33459],[-71.08824,42.33462],[-71.08828,42.33466],[-71.08831,42.3347],[-71.08833,42.33473],[-71.08837,42.33482],[-71.08838,42.33483],[-71.0884,42.33486]]},"properties":{"lts":1,"name":"Ruggles Street","osmId":1109168897}},{"type":"Feature","geometry":{"type":"LineString","coordinates":[[-71.0978,42.30694],[-71.09757,42.30693]]},"properties":{"lts":1,"name":"Glen Lane","osmId":1114722779}},{"type":"Feature","geometry":{"type":"LineString","coordinates":[[-71.06571,42.34768],[-71.06572,42.34761],[-71.06573,42.34759]]},"properties":{"lts":2,"name":"Shawmut Avenue","osmId":1119776243}},{"type":"Feature","geometry":{"type":"LineString","coordinates":[[-71.06479,42.35149],[-71.06481,42.35141],[-71.06487,42.3512],[-71.06492,42.35109]]},"properties":{"lts":2,"name":"Tremont Street","osmId":1120131787}},{"type":"Feature","geometry":{"type":"LineString","coordinates":[[-71.06437,42.35305],[-71.06442,42.35283],[-71.06446,42.35271]]},"properties":{"lts":2,"name":"Tremont Street","osmId":1121209367}},{"type":"Feature","geometry":{"type":"LineString","coordinates":[[-71.06409,42.35373],[-71.06413,42.35364],[-71.06415,42.35361],[-71.06421,42.35346],[-71.06424,42.35339]]},"properties":{"lts":2,"name":"Tremont Street","osmId":1121209368}},{"type":"Feature","geometry":{"type":"LineString","coordinates":[[-71.06424,42.35339],[-71.06437,42.35306],[-71.06437,42.35305]]},"properties":{"lts":2,"name":"Tremont Street","osmId":1121209369}},{"type":"Feature","geometry":{"type":"LineString","coordinates":[[-71.06304,42.35093],[-71.06299,42.35101],[-71.06294,42.35107],[-71.06292,42.35118],[-71.06285,42.35143],[-71.06284,42.35145],[-71.06283,42.35148],[-71.06283,42.3515],[-71.06282,42.35152],[-71.06282,42.35153],[-71.06281,42.35155],[-71.0628,42.3516]]},"properties":{"lts":2,"name":"Washington Street","osmId":1121981969}},{"type":"Feature","geometry":{"type":"LineString","coordinates":[[-71.13215,42.35581],[-71.13228,42.35576],[-71.13233,42.35574],[-71.13237,42.35572]]},"properties":{"lts":3,"name":"Cambridge Street","osmId":1121986196}},{"type":"Feature","geometry":{"type":"LineString","coordinates":[[-71.06125,42.36099],[-71.06127,42.361],[-71.0613,42.36101],[-71.06133,42.36102],[-71.06136,42.36103],[-71.06138,42.36104],[-71.06141,42.36105],[-71.06144,42.36106],[-71.06148,42.36107],[-71.06152,42.36108],[-71.06157,42.3611],[-71.06168,42.36114],[-71.06177,42.36117]]},"properties":{"lts":2,"name":"Cambridge Street","osmId":1126704040}},{"type":"Feature","geometry":{"type":"LineString","coordinates":[[-71.06536,42.3495],[-71.06539,42.34937],[-71.06552,42.34875],[-71.06552,42.34872],[-71.06554,42.34863]]},"properties":{"lts":2,"name":"Tremont Street","osmId":1126768950}},{"type":"Feature","geometry":{"type":"LineString","coordinates":[[-71.06529,42.3498],[-71.06533,42.34965],[-71.06535,42.34953],[-71.06536,42.3495]]},"properties":{"lts":2,"name":"Tremont Street","osmId":1126768951}},{"type":"Feature","geometry":{"type":"LineString","coordinates":[[-71.05591,42.359],[-71.05632,42.35893]]},"properties":{"lts":2,"name":"State Street","osmId":1147916780}},{"type":"Feature","geometry":{"type":"LineString","coordinates":[[-71.06251,42.35602],[-71.06283,42.35571],[-71.06289,42.35566]]},"properties":{"lts":2,"name":"Tremont Street","osmId":1149777185}},{"type":"Feature","geometry":{"type":"LineString","coordinates":[[-71.06259,42.35239],[-71.06258,42.35248],[-71.06257,42.35259],[-71.06255,42.35284],[-71.06254,42.35304],[-71.06254,42.3531]]},"properties":{"lts":2,"name":"Washington Street","osmId":1154673770}},{"type":"Feature","geometry":{"type":"LineString","coordinates":[[-71.06254,42.3531],[-71.06253,42.35321],[-71.06253,42.35325]]},"properties":{"lts":2,"name":"Washington Street","osmId":1154673771}},{"type":"Feature","geometry":{"type":"LineString","coordinates":[[-71.06219,42.35386],[-71.06204,42.35402],[-71.06199,42.35407]]},"properties":{"lts":2,"name":"Washington Street","osmId":1154673772}},{"type":"Feature","geometry":{"type":"LineString","coordinates":[[-71.06508,42.35242],[-71.06467,42.35239],[-71.06456,42.35237]]},"properties":{"lts":2,"name":"Boylston Street","osmId":1175610614}},{"type":"Feature","geometry":{"type":"LineString","coordinates":[[-71.11373,42.33171],[-71.11372,42.33171],[-71.1137,42.33171],[-71.11369,42.33172],[-71.11364,42.33172],[-71.11342,42.33174],[-71.1134,42.33175]]},"properties":{"lts":1,"name":"Washington Street","osmId":1185338876}},{"type":"Feature","geometry":{"type":"LineString","coordinates":[[-71.116,42.33169],[-71.11594,42.33169],[-71.11592,42.33169],[-71.1158,42.3317],[-71.11559,42.3317],[-71.11555,42.3317],[-71.11549,42.3317],[-71.11542,42.3317],[-71.11533,42.3317],[-71.11499,42.3317]]},"properties":{"lts":1,"name":"Washington Street","osmId":1185338880}},{"type":"Feature","geometry":{"type":"LineString","coordinates":[[-71.11499,42.3317],[-71.11495,42.3317],[-71.11478,42.3317],[-71.1147,42.3317]]},"properties":{"lts":1,"name":"Washington Street","osmId":1185338881}},{"type":"Feature","geometry":{"type":"LineString","coordinates":[[-71.1147,42.3317],[-71.11445,42.3317],[-71.11442,42.3317],[-71.1144,42.3317],[-71.11418,42.3317],[-71.11402,42.33171],[-71.11401,42.33171],[-71.11399,42.33171],[-71.11397,42.3317]]},"properties":{"lts":1,"name":"Washington Street","osmId":1185338882}},{"type":"Feature","geometry":{"type":"LineString","coordinates":[[-71.11397,42.3317],[-71.11384,42.33171],[-71.11373,42.33171]]},"properties":{"lts":1,"name":"Washington Street","osmId":1185338883}},{"type":"Feature","geometry":{"type":"LineString","coordinates":[[-71.11345,42.33196],[-71.11353,42.33195],[-71.11356,42.33195],[-71.11358,42.33194],[-71.1136,42.33195],[-71.11363,42.33195]]},"properties":{"lts":1,"name":"Washington Street","osmId":1185338886}},{"type":"Feature","geometry":{"type":"LineString","coordinates":[[-71.11363,42.33195],[-71.11375,42.33194]]},"properties":{"lts":1,"name":"Washington Street","osmId":1185338887}},{"type":"Feature","geometry":{"type":"LineString","coordinates":[[-71.11375,42.33194],[-71.11375,42.33194],[-71.11377,42.33193],[-71.11378,42.33193],[-71.11379,42.33192],[-71.1138,42.33192],[-71.11381,42.33192],[-71.11382,42.33192],[-71.11388,42.33192],[-71.11398,42.33191],[-71.11401,42.33191],[-71.11407,42.33191],[-71.11411,42.33191],[-71.11414,42.33191],[-71.11423,42.33191],[-71.1143,42.33191],[-71.11435,42.33191],[-71.11439,42.33191],[-71.11441,42.33191],[-71.11442,42.33191],[-71.11443,42.33191],[-71.11444,42.33191],[-71.11444,42.33192],[-71.11445,42.33192],[-71.11446,42.33192],[-71.11447,42.33193],[-71.11447,42.33193]]},"properties":{"lts":1,"name":"Washington Street","osmId":1185338888}},{"type":"Feature","geometry":{"type":"LineString","coordinates":[[-71.11475,42.33195],[-71.11484,42.33196],[-71.11486,42.33196],[-71.11488,42.33197],[-71.1149,42.33197]]},"properties":{"lts":1,"name":"Washington Street","osmId":1185338891}},{"type":"Feature","geometry":{"type":"LineString","coordinates":[[-71.1149,42.33197],[-71.11493,42.33199],[-71.11496,42.33202]]},"properties":{"lts":1,"name":"Washington Street","osmId":1185338894}},{"type":"Feature","geometry":{"type":"LineString","coordinates":[[-71.11462,42.33214],[-71.1148,42.33208],[-71.11485,42.33206],[-71.11488,42.33205],[-71.1149,42.33204],[-71.11493,42.33203],[-71.11496,42.33202],[-71.11498,42.33201],[-71.11502,42.332],[-71.11506,42.33199],[-71.11511,42.33198],[-71.11514,42.33197],[-71.11517,42.33197],[-71.1152,42.33197],[-71.11522,42.33196],[-71.11528,42.33196],[-71.11533,42.33196],[-71.1154,42.33196],[-71.11549,42.33196],[-71.11558,42.33196],[-71.11567,42.33195],[-71.11574,42.33195],[-71.1158,42.33195],[-71.11587,42.33194],[-71.11604,42.33193],[-71.11607,42.33193],[-71.11611,42.33193],[-71.11611,42.33192],[-71.11612,42.33192],[-71.11613,42.33192]]},"properties":{"lts":1,"name":"Washington Street","osmId":1185338896}},{"type":"Feature","geometry":{"type":"LineString","coordinates":[[-71.11613,42.33192],[-71.11623,42.33192],[-71.11633,42.33191]]},"properties":{"lts":1,"name":"Washington Street","osmId":1185338904}},{"type":"Feature","geometry":{"type":"LineString","coordinates":[[-71.11633,42.33191],[-71.11634,42.3319],[-71.11635,42.3319],[-71.11636,42.33189],[-71.11638,42.33189],[-71.1164,42.33189],[-71.11641,42.33189],[-71.11643,42.33189],[-71.11646,42.33189],[-71.11648,42.33189],[-71.1166,42.33191],[-71.11662,42.33191],[-71.11665,42.33191],[-71.11667,42.33191],[-71.1167,42.33191],[-71.11676,42.3319],[-71.11686,42.33189],[-71.11689,42.33189],[-71.11692,42.33188],[-71.11694,42.33188],[-71.11696,42.33187],[-71.11699,42.33186],[-71.11701,42.33186],[-71.11703,42.33185],[-71.11709,42.33185],[-71.11723,42.33183],[-71.11731,42.33182],[-71.11733,42.33182],[-71.11735,42.33182],[-71.11737,42.33182],[-71.11739,42.33183],[-71.11741,42.33183],[-71.11743,42.33183],[-71.11745,42.33183],[-71.11747,42.33183],[-71.11751,42.33184],[-71.11753,42.33185]]},"properties":{"lts":1,"name":"Washington Street","osmId":1185338906}},{"type":"Feature","geometry":{"type":"LineString","coordinates":[[-71.09277,42.26815],[-71.09267,42.26826],[-71.09229,42.2686],[-71.09219,42.26868],[-71.09218,42.26869]]},"properties":{"lts":1,"name":"River Street","osmId":1189830232}},{"type":"Feature","geometry":{"type":"LineString","coordinates":[[-71.09126,42.26798],[-71.09124,42.26801],[-71.09128,42.26802],[-71.09132,42.26804],[-71.09134,42.26806],[-71.09134,42.26808],[-71.09133,42.26811],[-71.09133,42.26816],[-71.09136,42.26821],[-71.09142,42.26825],[-71.0916,42.26836],[-71.09173,42.26843],[-71.09212,42.26866],[-71.09218,42.26869]]},"properties":{"lts":1,"name":"Mattapan North Busway","osmId":1189830234}},{"type":"Feature","geometry":{"type":"LineString","coordinates":[[-71.10589,42.34023],[-71.10584,42.34027],[-71.10582,42.34029],[-71.10505,42.34103],[-71.10346,42.34256]]},"properties":{"lts":3,"name":"Brookline Avenue","osmId":1197159680}},{"type":"Feature","geometry":{"type":"LineString","coordinates":[[-71.07206,42.33243],[-71.07172,42.33222],[-71.07161,42.33214],[-71.07155,42.3321],[-71.07125,42.33189],[-71.07123,42.33186],[-71.07119,42.33183],[-71.07116,42.3318],[-71.07111,42.33174],[-71.07106,42.33168],[-71.07092,42.33151],[-71.07087,42.33146],[-71.0706,42.33113],[-71.07055,42.33107],[-71.07051,42.33102],[-71.07041,42.33089],[-71.07037,42.33086],[-71.0701,42.33055],[-71.07006,42.3305],[-71.06969,42.33006],[-71.06923,42.32951],[-71.06886,42.32907],[-71.06876,42.32896],[-71.06868,42.32886],[-71.06844,42.32857],[-71.06824,42.32834],[-71.06801,42.32806],[-71.06797,42.32801],[-71.06793,42.32796],[-71.06788,42.3279],[-71.06763,42.32761],[-71.06757,42.32754],[-71.0673,42.32721],[-71.0672,42.32709],[-71.06707,42.32695],[-71.06698,42.32683],[-71.06691,42.32675],[-71.06661,42.3264],[-71.06659,42.32637],[-71.06624,42.32596],[-71.06593,42.32557],[-71.06559,42.32517],[-71.06535,42.32488],[-71.06527,42.32479],[-71.06513,42.32461],[-71.06423,42.32355],[-71.06415,42.32345],[-71.06412,42.32342],[-71.06394,42.32321],[-71.06342,42.3226],[-71.063,42.32209],[-71.06248,42.32148],[-71.06228,42.32124],[-71.06217,42.3211],[-71.06205,42.32096],[-71.06202,42.32094],[-71.06174,42.3206],[-71.06152,42.32048]]},"properties":{"lts":1,"name":"Massachusetts Avenue","osmId":1202220115}},{"type":"Feature","geometry":{"type":"LineString","coordinates":[[-71.05546,42.36823],[-71.055,42.3681],[-71.05477,42.36805],[-71.05452,42.36798],[-71.05427,42.36792],[-71.05418,42.36789],[-71.05407,42.36785],[-71.05399,42.36782],[-71.05386,42.36777],[-71.0537,42.36771],[-71.05336,42.36758],[-71.05326,42.36755],[-71.05271,42.36734],[-71.05266,42.36733],[-71.05264,42.36732],[-71.05252,42.36727]]},"properties":{"lts":1,"name":"Commercial Street","osmId":1210189133}},{"type":"Feature","geometry":{"type":"LineString","coordinates":[[-71.06455,42.33973],[-71.06454,42.33973],[-71.06449,42.33977],[-71.06438,42.33984],[-71.06428,42.33989],[-71.06416,42.33999],[-71.0641,42.34006]]},"properties":{"lts":1,"name":"South Bay Harbor Trail","osmId":1210319902}},{"type":"Feature","geometry":{"type":"LineString","coordinates":[[-71.08852,42.34891],[-71.08859,42.3488],[-71.08857,42.34875],[-71.08857,42.34873],[-71.08854,42.34868],[-71.08847,42.34853],[-71.08845,42.34851],[-71.08831,42.34823]]},"properties":{"lts":1,"name":"Massachusetts Avenue","osmId":1217456937}},{"type":"Feature","geometry":{"type":"LineString","coordinates":[[-71.08826,42.34801],[-71.08824,42.34796],[-71.08823,42.34794],[-71.08822,42.34792],[-71.08822,42.34791],[-71.08822,42.34789],[-71.08821,42.34787],[-71.08821,42.34786],[-71.08821,42.34784],[-71.08821,42.34783],[-71.0882,42.34781],[-71.0882,42.3478],[-71.08819,42.34778],[-71.08819,42.34777],[-71.08818,42.34774],[-71.08816,42.34771],[-71.08815,42.34769],[-71.08814,42.34768],[-71.08813,42.34766],[-71.08811,42.34763],[-71.0881,42.34762],[-71.08809,42.3476],[-71.08809,42.34759],[-71.08808,42.34758],[-71.08807,42.34756],[-71.08806,42.34755],[-71.08799,42.34739]]},"properties":{"lts":1,"name":"Massachusetts Avenue","osmId":1217456938}},{"type":"Feature","geometry":{"type":"LineString","coordinates":[[-71.07927,42.36175],[-71.07881,42.36171],[-71.07859,42.36169],[-71.07853,42.36169],[-71.07841,42.36168],[-71.078,42.36166],[-71.07753,42.36162],[-71.07678,42.36156],[-71.07578,42.36149],[-71.07539,42.36145]]},"properties":{"lts":2,"name":"Longfellow Bridge","osmId":1228698551}},{"type":"Feature","geometry":{"type":"LineString","coordinates":[[-71.08802,42.34729],[-71.08805,42.34729],[-71.08806,42.34729],[-71.08807,42.34728],[-71.08807,42.34728],[-71.08808,42.34728],[-71.0881,42.34728],[-71.08811,42.34728],[-71.08811,42.34728],[-71.08861,42.34715]]},"properties":{"lts":1,"name":"Boylston Street","osmId":1239006679}},{"type":"Feature","geometry":{"type":"LineString","coordinates":[[-71.08692,42.34563],[-71.08696,42.3454],[-71.08669,42.34486],[-71.08652,42.34451],[-71.08618,42.34383],[-71.08613,42.34372],[-71.08594,42.34363]]},"properties":{"lts":1,"name":"Massachusetts Avenue","osmId":1242122827}},{"type":"Feature","geometry":{"type":"LineString","coordinates":[[-71.08703,42.34586],[-71.08692,42.34563]]},"properties":{"lts":3,"name":"Massachusetts Avenue","osmId":1242122829}},{"type":"Feature","geometry":{"type":"LineString","coordinates":[[-71.14183,42.35596],[-71.14187,42.35589],[-71.14192,42.35582],[-71.14199,42.35571],[-71.14199,42.3557],[-71.142,42.3557],[-71.142,42.3557],[-71.142,42.35569],[-71.142,42.35569],[-71.142,42.35569],[-71.14197,42.35564]]},"properties":{"lts":1,"name":"Arthur Street","osmId":1247455687}},{"type":"Feature","geometry":{"type":"LineString","coordinates":[[-71.14049,42.35624],[-71.14041,42.35623],[-71.14038,42.35622],[-71.14035,42.35622],[-71.14031,42.35621],[-71.14028,42.35621],[-71.14025,42.3562],[-71.14019,42.35619],[-71.14014,42.35618],[-71.14003,42.35616],[-71.13994,42.35614],[-71.13988,42.35613],[-71.13985,42.35612],[-71.1398,42.35611],[-71.13977,42.3561],[-71.13973,42.35609],[-71.1397,42.35607],[-71.13967,42.35607],[-71.13966,42.35606],[-71.13959,42.35604],[-71.13955,42.35602],[-71.13936,42.35594],[-71.13932,42.35593],[-71.1393,42.35593],[-71.13928,42.35592],[-71.13925,42.35591],[-71.13923,42.3559],[-71.13915,42.35586],[-71.13911,42.35584],[-71.13905,42.35582],[-71.13901,42.3558],[-71.13897,42.35579],[-71.13894,42.35578],[-71.13888,42.35576],[-71.13881,42.35574],[-71.13877,42.35573],[-71.13855,42.35576]]},"properties":{"lts":1,"name":"Guest Street","osmId":1247455701}},{"type":"Feature","geometry":{"type":"LineString","coordinates":[[-71.14197,42.35564],[-71.1419,42.35566],[-71.1419,42.35567],[-71.14189,42.35567],[-71.14189,42.35568],[-71.14188,42.35568],[-71.14177,42.35586],[-71.14169,42.35599],[-71.14158,42.35621],[-71.14156,42.35626],[-71.14155,42.35627],[-71.14155,42.35628],[-71.14154,42.35628],[-71.14154,42.35629],[-71.14154,42.35629],[-71.14153,42.35629],[-71.14153,42.3563],[-71.14153,42.3563],[-71.14152,42.3563],[-71.14151,42.35631],[-71.14149,42.35632],[-71.14148,42.35632],[-71.14147,42.35633],[-71.14146,42.35633],[-71.14144,42.35633],[-71.14143,42.35633],[-71.14142,42.35634],[-71.14141,42.35634],[-71.14139,42.35634]]},"properties":{"lts":1,"name":"Arthur Street","osmId":1247455714}},{"type":"Feature","geometry":{"type":"LineString","coordinates":[[-71.08548,42.32874],[-71.08533,42.32875],[-71.08526,42.32876],[-71.08521,42.32878],[-71.08518,42.3288],[-71.08513,42.3288]]},"properties":{"lts":1,"name":"Washington Street","osmId":1255054902}},{"type":"Feature","geometry":{"type":"LineString","coordinates":[[-71.11716,42.33158],[-71.1171,42.33159],[-71.1171,42.33159],[-71.11709,42.33159],[-71.11708,42.33159],[-71.11707,42.33159],[-71.11706,42.33159],[-71.11704,42.33159],[-71.11703,42.33159],[-71.11699,42.33158],[-71.11694,42.33158],[-71.11693,42.33158],[-71.11691,42.33157],[-71.1169,42.33157],[-71.11688,42.33158],[-71.11685,42.33158],[-71.11683,42.33158],[-71.11678,42.33159],[-71.11664,42.3316],[-71.11659,42.33161],[-71.11645,42.33162]]},"properties":{"lts":1,"name":"Washington Street","osmId":1263132661}},{"type":"Feature","geometry":{"type":"LineString","coordinates":[[-71.13215,42.35581],[-71.13196,42.35584],[-71.13185,42.35588]]},"properties":{"lts":2,"name":"Cambridge Street","osmId":1267768737}},{"type":"Feature","geometry":{"type":"LineString","coordinates":[[-71.10206,42.34957],[-71.10302,42.34968],[-71.10342,42.34973],[-71.10347,42.34974],[-71.10364,42.34976]]},"properties":{"lts":1,"name":"Commonwealth Avenue","osmId":1267795949}},{"type":"Feature","geometry":{"type":"LineString","coordinates":[[-71.06316,42.36444],[-71.0625,42.36479]]},"properties":{"lts":1,"name":"Connect Historic Boston Bicycle Trail","osmId":1278626664}},{"type":"Feature","geometry":{"type":"LineString","coordinates":[[-71.0625,42.36479],[-71.06247,42.3648],[-71.06236,42.36486],[-71.06223,42.36493],[-71.06219,42.36495]]},"properties":{"lts":1,"name":"Connect Historic Boston Bicycle Trail","osmId":1278626665}},{"type":"Feature","geometry":{"type":"LineString","coordinates":[[-71.06219,42.36495],[-71.06191,42.3651]]},"properties":{"lts":1,"name":"Connect Historic Boston Bicycle Trail","osmId":1278626666}},{"type":"Feature","geometry":{"type":"LineString","coordinates":[[-71.06191,42.3651],[-71.06187,42.36512],[-71.0618,42.36516],[-71.0617,42.36521],[-71.06166,42.36523]]},"properties":{"lts":1,"name":"Connect Historic Boston Bicycle Trail","osmId":1278626667}},{"type":"Feature","geometry":{"type":"LineString","coordinates":[[-71.06166,42.36523],[-71.06129,42.36542]]},"properties":{"lts":1,"name":"Connect Historic Boston Bicycle Trail","osmId":1278626668}},{"type":"Feature","geometry":{"type":"LineString","coordinates":[[-71.06129,42.36542],[-71.06125,42.36544],[-71.06118,42.36549],[-71.06107,42.36556],[-71.06104,42.36558]]},"properties":{"lts":1,"name":"Connect Historic Boston Bicycle Trail","osmId":1278626669}},{"type":"Feature","geometry":{"type":"LineString","coordinates":[[-71.06082,42.3657],[-71.06078,42.36571],[-71.06076,42.36572],[-71.06067,42.36576],[-71.06063,42.36578],[-71.06058,42.3658],[-71.06048,42.36585],[-71.06046,42.36586]]},"properties":{"lts":1,"name":"Connect Historic Boston Bicycle Trail","osmId":1278626670}},{"type":"Feature","geometry":{"type":"LineString","coordinates":[[-71.06823,42.36688],[-71.06827,42.36688],[-71.0683,42.36688],[-71.06834,42.36688],[-71.06838,42.36688],[-71.06848,42.36689]]},"properties":{"lts":2,"name":null,"osmId":1278626674}},{"type":"Feature","geometry":{"type":"LineString","coordinates":[[-71.10364,42.34976],[-71.10355,42.34986],[-71.10347,42.35027],[-71.10341,42.35051],[-71.10341,42.35054],[-71.10344,42.35061]]},"properties":{"lts":1,"name":"Granby Street","osmId":1280702434}},{"type":"Feature","geometry":{"type":"LineString","coordinates":[[-71.04894,42.35327],[-71.04873,42.35316],[-71.04862,42.35311],[-71.04847,42.35304],[-71.0483,42.35297],[-71.04826,42.35294],[-71.04823,42.35292],[-71.0482,42.35289],[-71.04796,42.35278],[-71.04776,42.35268],[-71.04767,42.35267],[-71.0476,42.35264],[-71.04754,42.35261],[-71.04749,42.35259],[-71.04741,42.35253],[-71.0474,42.35252],[-71.04705,42.35236],[-71.04694,42.35233],[-71.04683,42.35228],[-71.0467,42.35222],[-71.04657,42.35216],[-71.04652,42.35213],[-71.04646,42.35208],[-71.04589,42.35182],[-71.04581,42.35181],[-71.04573,42.35177],[-71.04557,42.3517],[-71.04545,42.35164],[-71.04537,42.3516],[-71.04529,42.35155],[-71.04504,42.35142],[-71.04493,42.35138],[-71.04484,42.35136],[-71.04474,42.35131],[-71.04469,42.35129],[-71.04466,42.35128],[-71.04455,42.3512],[-71.04431,42.35109],[-71.04417,42.35105],[-71.04397,42.351]]},"properties":{"lts":1,"name":"Seaport Boulevard","osmId":1281809748}},{"type":"Feature","geometry":{"type":"LineString","coordinates":[[-71.0514,42.35465],[-71.05138,42.35463],[-71.05137,42.35462],[-71.05137,42.35461],[-71.05136,42.3546],[-71.05135,42.35458]]},"properties":{"lts":1,"name":"Seaport Boulevard","osmId":1281809749}},{"type":"Feature","geometry":{"type":"LineString","coordinates":[[-71.05135,42.35458],[-71.05119,42.35446],[-71.0511,42.35439],[-71.05102,42.35434],[-71.05092,42.35428],[-71.05073,42.35417],[-71.05016,42.35389],[-71.04968,42.35365],[-71.04927,42.35343],[-71.04894,42.35327]]},"properties":{"lts":1,"name":"Seaport Boulevard","osmId":1281809750}},{"type":"Feature","geometry":{"type":"LineString","coordinates":[[-71.04408,42.35124],[-71.04414,42.35127],[-71.04421,42.35132],[-71.04445,42.35143],[-71.04456,42.35145],[-71.04461,42.35148],[-71.04466,42.3515],[-71.04476,42.35157],[-71.04511,42.35174],[-71.04524,42.35178],[-71.0453,42.3518],[-71.04536,42.35183],[-71.0456,42.35194],[-71.04563,42.35196],[-71.04572,42.35202],[-71.04606,42.35218],[-71.0463,42.35229],[-71.04641,42.35231],[-71.04644,42.35233],[-71.04646,42.35234]]},"properties":{"lts":1,"name":"Seaport Boulevard","osmId":1281809753}},{"type":"Feature","geometry":{"type":"LineString","coordinates":[[-71.04882,42.35342],[-71.04919,42.3536],[-71.04948,42.35375],[-71.0498,42.35392],[-71.0502,42.35412],[-71.05066,42.35435],[-71.05087,42.35435]]},"properties":{"lts":1,"name":"Seaport Boulevard","osmId":1281809754}},{"type":"Feature","geometry":{"type":"LineString","coordinates":[[-71.04896,42.34952],[-71.04881,42.34945],[-71.04862,42.34937],[-71.04841,42.34926],[-71.04825,42.34919],[-71.04814,42.34914],[-71.04782,42.349]]},"properties":{"lts":1,"name":"Summer Street","osmId":1281809771}},{"type":"Feature","geometry":{"type":"LineString","coordinates":[[-71.07149,42.34808],[-71.07153,42.34815],[-71.07161,42.34828]]},"properties":{"lts":2,"name":"Berkeley Street","osmId":1285816844}},{"type":"Feature","geometry":{"type":"LineString","coordinates":[[-71.07237,42.3482],[-71.07232,42.34824],[-71.07227,42.34828]]},"properties":{"lts":3,"name":"Columbus Avenue","osmId":1285819243}},{"type":"Feature","geometry":{"type":"LineString","coordinates":[[-71.06993,42.35015],[-71.07018,42.34996],[-71.07023,42.34992],[-71.07039,42.34979]]},"properties":{"lts":3,"name":"Columbus Avenue","osmId":1285819244}},{"type":"Feature","geometry":{"type":"LineString","coordinates":[[-71.06786,42.35256],[-71.06778,42.35258],[-71.06773,42.35261],[-71.0677,42.35262],[-71.06767,42.35266],[-71.06764,42.35268]]},"properties":{"lts":2,"name":"Boylston Street","osmId":1285819765}},{"type":"Feature","geometry":{"type":"LineString","coordinates":[[-71.06367,42.35098],[-71.06391,42.35101]]},"properties":{"lts":2,"name":"Stuart Street","osmId":1285819768}},{"type":"Feature","geometry":{"type":"LineString","coordinates":[[-71.06304,42.35093],[-71.06318,42.35093],[-71.06321,42.35093],[-71.06338,42.35095],[-71.06346,42.35096],[-71.06367,42.35098]]},"properties":{"lts":2,"name":"Stuart Street","osmId":1285819769}},{"type":"Feature","geometry":{"type":"LineString","coordinates":[[-71.07242,42.33264],[-71.07238,42.33268],[-71.07231,42.33274]]},"properties":{"lts":1,"name":"South Bay Harbor Trail","osmId":1286115826}},{"type":"Feature","geometry":{"type":"LineString","coordinates":[[-71.05861,42.34205],[-71.05948,42.34227],[-71.06031,42.34248]]},"properties":{"lts":1,"name":"West Fourth Street","osmId":1286115831}},{"type":"Feature","geometry":{"type":"LineString","coordinates":[[-71.07221,42.33284],[-71.07219,42.33286],[-71.07224,42.3329]]},"properties":{"lts":1,"name":"South Bay Harbor Trail","osmId":1286115832}},{"type":"Feature","geometry":{"type":"LineString","coordinates":[[-71.11288,42.30129],[-71.11282,42.30135],[-71.11279,42.30139]]},"properties":{"lts":1,"name":"Washington Street","osmId":1287902959}},{"type":"Feature","geometry":{"type":"LineString","coordinates":[[-71.11213,42.30123],[-71.11214,42.30128],[-71.11215,42.3013],[-71.11211,42.30137],[-71.11209,42.30141]]},"properties":{"lts":1,"name":"Washington Street","osmId":1287902968}},{"type":"Feature","geometry":{"type":"LineString","coordinates":[[-71.10692,42.30055],[-71.10689,42.30058],[-71.10681,42.30065]]},"properties":{"lts":1,"name":"Circuit Drive","osmId":1287902973}},{"type":"Feature","geometry":{"type":"LineString","coordinates":[[-71.10633,42.30057],[-71.10637,42.30053],[-71.10643,42.30048]]},"properties":{"lts":1,"name":"Circuit Drive","osmId":1287902984}},{"type":"Feature","geometry":{"type":"LineString","coordinates":[[-71.09601,42.29195],[-71.09608,42.29191],[-71.09616,42.29186],[-71.09626,42.29181],[-71.09644,42.29171],[-71.09662,42.29161],[-71.09684,42.29152],[-71.09717,42.29139],[-71.09758,42.29126],[-71.09812,42.29109],[-71.09877,42.29089],[-71.09959,42.29063],[-71.10001,42.29049],[-71.10003,42.29049],[-71.10067,42.29028],[-71.10142,42.29004],[-71.10206,42.28984],[-71.10281,42.2896],[-71.10311,42.28951],[-71.10336,42.28942],[-71.10385,42.28924],[-71.1043,42.28906],[-71.10449,42.28898],[-71.10473,42.28888],[-71.10515,42.28869],[-71.10562,42.28845],[-71.10607,42.28821],[-71.10642,42.28802],[-71.10664,42.28789],[-71.10667,42.28787],[-71.10681,42.28778],[-71.10696,42.28768],[-71.107,42.28766],[-71.10755,42.28733],[-71.10802,42.28704],[-71.10843,42.2868],[-71.1088,42.28657],[-71.10926,42.2863],[-71.10989,42.28592],[-71.10998,42.28586],[-71.11008,42.2858],[-71.11053,42.28554],[-71.11074,42.28541],[-71.11079,42.28538],[-71.11127,42.28508],[-71.11209,42.28452],[-71.11259,42.28418],[-71.11288,42.28398],[-71.11301,42.28388],[-71.11311,42.28382],[-71.11358,42.2835],[-71.1139,42.28327],[-71.11423,42.28303],[-71.11425,42.28302],[-71.11493,42.28253],[-71.11502,42.28245],[-71.11515,42.28233],[-71.11537,42.28212],[-71.11544,42.28204],[-71.11557,42.2819],[-71.1157,42.28175],[-71.1158,42.2816],[-71.11589,42.28147],[-71.11595,42.28138],[-71.11602,42.28127],[-71.11609,42.28115],[-71.11611,42.28109],[-71.11617,42.28098],[-71.11626,42.28079],[-71.11629,42.2807],[-71.11632,42.28064],[-71.11636,42.2805],[-71.11644,42.28029],[-71.11651,42.28011],[-71.11654,42.28003],[-71.11657,42.27996],[-71.11672,42.27955],[-71.1167,42.27946]]},"properties":{"lts":1,"name":"American Legion Highway","osmId":1288106339}},{"type":"Feature","geometry":{"type":"LineString","coordinates":[[-71.087,42.29823],[-71.08713,42.29829],[-71.08715,42.2983],[-71.08718,42.29829],[-71.08723,42.29827],[-71.08733,42.29824],[-71.08734,42.29824],[-71.08766,42.29816],[-71.08781,42.29813],[-71.08892,42.29785],[-71.08985,42.29763],[-71.08997,42.2976],[-71.0901,42.29756],[-71.09034,42.29749],[-71.09079,42.29734],[-71.0911,42.29723],[-71.09113,42.29723],[-71.09118,42.29721],[-71.09124,42.29719],[-71.09132,42.29716],[-71.09139,42.29712],[-71.09148,42.29708],[-71.0915,42.29706],[-71.09157,42.29702],[-71.0916,42.29699]]},"properties":{"lts":1,"name":"American Legion Highway","osmId":1288106340}},{"type":"Feature","geometry":{"type":"LineString","coordinates":[[-71.09574,42.29213],[-71.09576,42.29212],[-71.09586,42.29205],[-71.09601,42.29195]]},"properties":{"lts":1,"name":"American Legion Highway","osmId":1288106341}},{"type":"Feature","geometry":{"type":"LineString","coordinates":[[-71.09235,42.29606],[-71.09243,42.29595],[-71.09245,42.29592],[-71.09248,42.29588],[-71.09275,42.29552],[-71.09306,42.2951],[-71.09312,42.29501],[-71.09344,42.29459],[-71.09387,42.29402],[-71.09402,42.29383],[-71.09414,42.29371],[-71.09429,42.29355],[-71.09465,42.29317],[-71.09467,42.29316],[-71.09479,42.29304],[-71.09488,42.29294],[-71.09503,42.29278],[-71.09533,42.29247],[-71.0955,42.29233],[-71.09557,42.29227],[-71.09565,42.29221],[-71.09574,42.29213]]},"properties":{"lts":1,"name":"American Legion Highway","osmId":1288106342}},{"type":"Feature","geometry":{"type":"LineString","coordinates":[[-71.0916,42.29699],[-71.09164,42.29696],[-71.0917,42.2969],[-71.0918,42.2968],[-71.09187,42.2967],[-71.09235,42.29606]]},"properties":{"lts":1,"name":"American Legion Highway","osmId":1288106343}},{"type":"Feature","geometry":{"type":"LineString","coordinates":[[-71.11638,42.27886],[-71.11638,42.27899],[-71.11645,42.27909],[-71.11647,42.27914],[-71.11649,42.27918],[-71.1165,42.27924],[-71.1165,42.2793],[-71.1165,42.2794],[-71.11647,42.27951],[-71.11636,42.27981],[-71.11632,42.27993],[-71.11621,42.2802],[-71.11609,42.28054],[-71.11607,42.28059],[-71.11602,42.28071],[-71.11594,42.2809],[-71.11594,42.28091],[-71.11578,42.28121],[-71.11569,42.28135],[-71.11559,42.28148],[-71.11557,42.28151],[-71.11549,42.28162],[-71.11541,42.28172],[-71.1153,42.28186],[-71.11515,42.28203],[-71.11495,42.28222],[-71.11481,42.28233],[-71.1147,42.28243],[-71.11456,42.28254],[-71.11449,42.28258],[-71.11443,42.28263],[-71.11413,42.28284],[-71.11373,42.28311],[-71.11365,42.28316],[-71.11351,42.28326],[-71.11295,42.28365],[-71.11271,42.28382],[-71.11255,42.28393],[-71.11219,42.28418],[-71.11175,42.28448],[-71.11156,42.28461],[-71.11116,42.28489],[-71.11101,42.28498],[-71.11055,42.28526],[-71.11031,42.28542],[-71.10988,42.28568],[-71.10978,42.28575],[-71.10927,42.28605],[-71.10918,42.2861],[-71.10856,42.28647],[-71.10852,42.2865],[-71.10814,42.28673],[-71.1081,42.28675],[-71.10761,42.28705],[-71.10723,42.28727],[-71.10707,42.28737],[-71.10676,42.28755],[-71.10662,42.28764],[-71.10649,42.28771],[-71.10633,42.28781],[-71.10573,42.28814],[-71.10507,42.28849],[-71.10464,42.28869],[-71.10423,42.28886],[-71.1038,42.28904],[-71.10329,42.28922],[-71.10274,42.2894],[-71.10202,42.28963],[-71.10135,42.28984],[-71.10047,42.29013],[-71.10002,42.29027],[-71.0997,42.29037],[-71.09896,42.29061],[-71.09817,42.29086],[-71.09753,42.29106],[-71.09735,42.29112],[-71.09728,42.29114],[-71.09703,42.29124],[-71.09696,42.29126],[-71.09663,42.29141],[-71.09637,42.29154],[-71.09613,42.29167],[-71.09594,42.2918]]},"properties":{"lts":1,"name":"American Legion Highway","osmId":1288106344}},{"type":"Feature","geometry":{"type":"LineString","coordinates":[[-71.09568,42.29197],[-71.09546,42.29212],[-71.09523,42.2923],[-71.09509,42.29242],[-71.09492,42.29258],[-71.09465,42.29284],[-71.09463,42.29287],[-71.09454,42.29296],[-71.09446,42.29304],[-71.09446,42.29304],[-71.09426,42.29324],[-71.09406,42.29344],[-71.09386,42.29366],[-71.09371,42.29383],[-71.09355,42.29404],[-71.09335,42.29429],[-71.09319,42.29451],[-71.09314,42.29458],[-71.09295,42.29483],[-71.09283,42.295],[-71.09277,42.29509],[-71.09275,42.29511],[-71.09262,42.29529],[-71.0925,42.29546],[-71.09235,42.29565],[-71.09222,42.29582],[-71.09218,42.29588],[-71.09213,42.29595],[-71.09216,42.29597],[-71.0923,42.29604],[-71.09235,42.29606]]},"properties":{"lts":1,"name":"American Legion Highway","osmId":1288106346}},{"type":"Feature","geometry":{"type":"LineString","coordinates":[[-71.09594,42.2918],[-71.0958,42.29189],[-71.09568,42.29197]]},"properties":{"lts":1,"name":"American Legion Highway","osmId":1288106347}},{"type":"Feature","geometry":{"type":"LineString","coordinates":[[-71.11472,42.3016],[-71.11471,42.30158],[-71.1147,42.30157],[-71.11469,42.30155],[-71.11468,42.30153],[-71.11468,42.30151],[-71.11467,42.3015],[-71.11467,42.30148],[-71.11467,42.30148],[-71.11467,42.30146],[-71.11466,42.30144],[-71.11466,42.30142],[-71.11467,42.30138],[-71.11467,42.30134],[-71.11467,42.30129],[-71.11468,42.30122],[-71.11469,42.30114],[-71.11469,42.30114],[-71.11469,42.30113],[-71.11469,42.30112],[-71.1147,42.30111],[-71.1147,42.30111],[-71.11471,42.3011],[-71.11471,42.30109],[-71.11471,42.30109],[-71.11472,42.30108],[-71.11473,42.30108],[-71.11473,42.30105],[-71.11473,42.30105]]},"properties":{"lts":1,"name":"South Street","osmId":1288146439}},{"type":"Feature","geometry":{"type":"LineString","coordinates":[[-71.11473,42.30105],[-71.11473,42.301],[-71.11474,42.30096]]},"properties":{"lts":1,"name":"South Street","osmId":1288146441}},{"type":"Feature","geometry":{"type":"LineString","coordinates":[[-71.11474,42.30096],[-71.11474,42.30095],[-71.11473,42.30087],[-71.11474,42.30081],[-71.11474,42.30078],[-71.11474,42.30074],[-71.11475,42.3007],[-71.11476,42.30064],[-71.11477,42.30058]]},"properties":{"lts":1,"name":"Washington Street","osmId":1288146442}},{"type":"Feature","geometry":{"type":"LineString","coordinates":[[-71.11477,42.30058],[-71.11477,42.30056],[-71.11478,42.30053],[-71.11478,42.30051]]},"properties":{"lts":1,"name":"Washington Street","osmId":1288146444}},{"type":"Feature","geometry":{"type":"LineString","coordinates":[[-71.05971,42.35],[-71.05975,42.35014]]},"properties":{"lts":1,"name":"Albany Street","osmId":1288168760}},{"type":"Feature","geometry":{"type":"LineString","coordinates":[[-71.0571,42.34159],[-71.05733,42.34172],[-71.05737,42.34173],[-71.05796,42.34189],[-71.05856,42.34204],[-71.05861,42.34205]]},"properties":{"lts":1,"name":"West Fourth Street","osmId":1290383165}},{"type":"Feature","geometry":{"type":"LineString","coordinates":[[-71.06031,42.34248],[-71.06035,42.34249],[-71.06058,42.34255],[-71.06078,42.3426],[-71.06079,42.34261],[-71.06085,42.34263],[-71.06088,42.34264],[-71.0609,42.34265],[-71.06092,42.34267],[-71.06094,42.34268],[-71.06136,42.34279],[-71.06145,42.34282],[-71.06148,42.34284],[-71.0615,42.34286],[-71.06151,42.34288],[-71.06152,42.34291]]},"properties":{"lts":1,"name":"West Fourth Street","osmId":1290383166}},{"type":"Feature","geometry":{"type":"LineString","coordinates":[[-71.0607,42.34368],[-71.06067,42.34368],[-71.0604,42.34364],[-71.05987,42.34358],[-71.05917,42.3435],[-71.0587,42.34344],[-71.0584,42.34341],[-71.05827,42.34339],[-71.05818,42.34338],[-71.05811,42.34337],[-71.05805,42.34335],[-71.05802,42.34335]]},"properties":{"lts":1,"name":"Traveler Street","osmId":1290383169}},{"type":"Feature","geometry":{"type":"LineString","coordinates":[[-71.06102,42.34374],[-71.06088,42.34372],[-71.06078,42.34369],[-71.0607,42.34368]]},"properties":{"lts":1,"name":"Traveler Street","osmId":1290383170}},{"type":"Feature","geometry":{"type":"LineString","coordinates":[[-71.05802,42.34335],[-71.05798,42.34333],[-71.05792,42.3433],[-71.05784,42.34324],[-71.05781,42.34322],[-71.05778,42.34319],[-71.05772,42.34312],[-71.05767,42.34306],[-71.05763,42.34301],[-71.05757,42.34292],[-71.05754,42.34289],[-71.05753,42.34288],[-71.05748,42.34283],[-71.05745,42.34281],[-71.05742,42.34278],[-71.05738,42.34276],[-71.05734,42.34274],[-71.05731,42.34271],[-71.05728,42.3427],[-71.05726,42.34267]]},"properties":{"lts":1,"name":"Traveler Street","osmId":1290383171}},{"type":"Feature","geometry":{"type":"LineString","coordinates":[[-71.09287,42.34993],[-71.09299,42.3499],[-71.09317,42.34985],[-71.09336,42.3498]]},"properties":{"lts":2,"name":"Beacon Street","osmId":1291588510}},{"type":"Feature","geometry":{"type":"LineString","coordinates":[[-71.0348,42.34651],[-71.03488,42.34655],[-71.03492,42.34657],[-71.03496,42.34659],[-71.035,42.34663],[-71.03503,42.34666],[-71.03507,42.34674],[-71.03512,42.34679],[-71.03517,42.34685]]},"properties":{"lts":1,"name":"Northern Avenue","osmId":1296785184}},{"type":"Feature","geometry":{"type":"LineString","coordinates":[[-71.03564,42.34712],[-71.03557,42.34704],[-71.03556,42.34702],[-71.0355,42.34696],[-71.03547,42.34689],[-71.03544,42.34685],[-71.03536,42.34677],[-71.03533,42.34673],[-71.03528,42.34668],[-71.03522,42.34662],[-71.03515,42.34654]]},"properties":{"lts":1,"name":"Northern Avenue","osmId":1296785201}},{"type":"Feature","geometry":{"type":"LineString","coordinates":[[-71.05112,42.34696],[-71.05124,42.34688],[-71.05137,42.3467],[-71.05144,42.34662],[-71.05155,42.34654],[-71.05161,42.3465],[-71.05166,42.34644],[-71.05172,42.34638],[-71.05195,42.34609],[-71.05222,42.34575],[-71.0525,42.34538],[-71.05254,42.34532],[-71.05255,42.34528],[-71.05257,42.34521],[-71.05259,42.34516],[-71.05262,42.34512],[-71.05275,42.34496],[-71.05304,42.34459],[-71.05312,42.34447],[-71.05316,42.34441],[-71.05321,42.34435],[-71.05324,42.3443],[-71.05342,42.34398],[-71.05361,42.34366],[-71.0537,42.34349],[-71.05375,42.34341],[-71.05379,42.34337],[-71.0539,42.34327],[-71.05423,42.34299],[-71.05425,42.34295],[-71.05429,42.34286]]},"properties":{"lts":1,"name":"A Street","osmId":1297816224}},{"type":"Feature","geometry":{"type":"LineString","coordinates":[[-71.05429,42.34286],[-71.05414,42.34294],[-71.05412,42.34296],[-71.0539,42.34314],[-71.05372,42.3433],[-71.05368,42.34334],[-71.05366,42.34336],[-71.05364,42.34339],[-71.05359,42.34347],[-71.05346,42.34369],[-71.05328,42.344],[-71.05316,42.34423],[-71.05314,42.34425],[-71.0531,42.34427],[-71.05305,42.3443],[-71.05301,42.34437],[-71.05297,42.34444],[-71.05296,42.34445],[-71.05296,42.34448],[-71.05295,42.3445],[-71.05295,42.34451],[-71.05293,42.34453],[-71.05292,42.34455],[-71.05291,42.34457],[-71.05272,42.3448],[-71.05259,42.34498],[-71.05254,42.34505],[-71.05248,42.34511],[-71.05217,42.34552],[-71.05194,42.34582],[-71.05173,42.34609],[-71.05152,42.34636],[-71.05142,42.3465],[-71.05139,42.34654],[-71.05137,42.34656],[-71.05125,42.34672],[-71.05115,42.34684],[-71.05112,42.34696]]},"properties":{"lts":1,"name":"A Street","osmId":1297816225}},{"type":"Feature","geometry":{"type":"LineString","coordinates":[[-71.05148,42.34367],[-71.05132,42.34358],[-71.05088,42.3433],[-71.05079,42.34324],[-71.05072,42.34319],[-71.05065,42.34315],[-71.05027,42.34292],[-71.04994,42.3427],[-71.04945,42.34238]]},"properties":{"lts":1,"name":"New Cypher Street","osmId":1298855968}},{"type":"Feature","geometry":{"type":"LineString","coordinates":[[-71.07267,42.38707],[-71.07276,42.38693]]},"properties":{"lts":2,"name":"Alford Street","osmId":1298910346}},{"type":"Feature","geometry":{"type":"LineString","coordinates":[[-71.07055,42.39039],[-71.07054,42.3904]]},"properties":{"lts":2,"name":"Alford Street","osmId":1298911298}},{"type":"Feature","geometry":{"type":"LineString","coordinates":[[-71.11772,42.33155],[-71.11763,42.33151],[-71.11743,42.33154],[-71.11725,42.33157],[-71.11716,42.33158]]},"properties":{"lts":1,"name":"Washington Street","osmId":1299170319}},{"type":"Feature","geometry":{"type":"LineString","coordinates":[[-71.11266,42.30153],[-71.11266,42.30156],[-71.11266,42.3016],[-71.11266,42.30163]]},"properties":{"lts":1,"name":"Washington Street","osmId":1299581348}},{"type":"Feature","geometry":{"type":"LineString","coordinates":[[-71.0632,42.36428],[-71.0632,42.36429],[-71.06322,42.36433],[-71.06324,42.36436],[-71.06324,42.36437],[-71.06324,42.36438],[-71.06323,42.3644],[-71.06319,42.36442],[-71.06316,42.36444]]},"properties":{"lts":1,"name":"Connect Historic Boston Bicycle Trail","osmId":1302402600}},{"type":"Feature","geometry":{"type":"LineString","coordinates":[[-71.06369,42.36143],[-71.06369,42.36145],[-71.06373,42.36186],[-71.06375,42.36212]]},"properties":{"lts":1,"name":"Connect Historic Boston Bicycle Trail","osmId":1302402602}},{"type":"Feature","geometry":{"type":"LineString","coordinates":[[-71.06375,42.36212],[-71.06376,42.36215],[-71.06376,42.36218],[-71.06376,42.36223],[-71.06377,42.3623],[-71.06377,42.36234]]},"properties":{"lts":1,"name":"Connect Historic Boston Bicycle Trail","osmId":1302402603}},{"type":"Feature","geometry":{"type":"LineString","coordinates":[[-71.06371,42.36112],[-71.0637,42.36112],[-71.06369,42.36113],[-71.06368,42.36113],[-71.06367,42.36114],[-71.06367,42.36114],[-71.06366,42.36117],[-71.06364,42.36129],[-71.06364,42.36133],[-71.06363,42.36135],[-71.06363,42.36136],[-71.06364,42.36137],[-71.06366,42.36139],[-71.06367,42.3614],[-71.06368,42.36141],[-71.06368,42.36142],[-71.06369,42.36143]]},"properties":{"lts":1,"name":"Connect Historic Boston Bicycle Trail","osmId":1302402604}},{"type":"Feature","geometry":{"type":"LineString","coordinates":[[-71.06323,42.36406],[-71.06323,42.36415],[-71.06322,42.36417],[-71.06321,42.3642],[-71.0632,42.36423],[-71.06319,42.36426],[-71.06319,42.36427],[-71.0632,42.36428]]},"properties":{"lts":1,"name":"Connect Historic Boston Bicycle Trail","osmId":1302402606}},{"type":"Feature","geometry":{"type":"LineString","coordinates":[[-71.06336,42.36378],[-71.06335,42.36381],[-71.06331,42.36389],[-71.06327,42.36396],[-71.06324,42.36404],[-71.06323,42.36406]]},"properties":{"lts":1,"name":"Connect Historic Boston Bicycle Trail","osmId":1302402607}},{"type":"Feature","geometry":{"type":"LineString","coordinates":[[-71.06046,42.36586],[-71.06043,42.36587],[-71.06043,42.36588]]},"properties":{"lts":1,"name":"Connect Historic Boston Bicycle Trail","osmId":1302402608}},{"type":"Feature","geometry":{"type":"LineString","coordinates":[[-71.06043,42.36588],[-71.06046,42.36591],[-71.06051,42.36597],[-71.06053,42.36599],[-71.06052,42.36599]]},"properties":{"lts":1,"name":"Connect Historic Boston Bicycle Trail","osmId":1302402609}},{"type":"Feature","geometry":{"type":"LineString","coordinates":[[-71.06752,42.35282],[-71.06758,42.35281]]},"properties":{"lts":1,"name":"Boylston Street","osmId":1306276679}},{"type":"Feature","geometry":{"type":"LineString","coordinates":[[-71.08761,42.34361],[-71.08724,42.34355]]},"properties":{"lts":2,"name":"Westland Avenue","osmId":1309546613}},{"type":"Feature","geometry":{"type":"LineString","coordinates":[[-71.08521,42.34296],[-71.0851,42.34289],[-71.08506,42.34286],[-71.08503,42.34284]]},"properties":{"lts":3,"name":"Massachusetts Avenue","osmId":1309816692}},{"type":"Feature","geometry":{"type":"LineString","coordinates":[[-71.11295,42.33194],[-71.1132,42.33199],[-71.11322,42.33199],[-71.11325,42.33199],[-71.11328,42.33198],[-71.11331,42.33198],[-71.11333,42.33198],[-71.11345,42.33196]]},"properties":{"lts":1,"name":"Huntington Avenue","osmId":1315458788}},{"type":"Feature","geometry":{"type":"LineString","coordinates":[[-71.1134,42.33175],[-71.11335,42.33176],[-71.11333,42.33176],[-71.1133,42.33176],[-71.11327,42.33176],[-71.11323,42.33177],[-71.11312,42.33182]]},"properties":{"lts":1,"name":"Huntington Avenue","osmId":1315458789}},{"type":"Feature","geometry":{"type":"LineString","coordinates":[[-71.09513,42.31321],[-71.0951,42.31321],[-71.09508,42.3132],[-71.09505,42.3132],[-71.09504,42.31319]]},"properties":{"lts":1,"name":"Seaver Street","osmId":1316027352}},{"type":"Feature","geometry":{"type":"LineString","coordinates":[[-71.06316,42.3613],[-71.06334,42.3613]]},"properties":{"lts":2,"name":"Cambridge Street","osmId":1317061159}},{"type":"Feature","geometry":{"type":"LineString","coordinates":[[-71.06711,42.35253],[-71.06727,42.35263],[-71.0673,42.35264],[-71.06732,42.35265],[-71.06733,42.35266],[-71.06735,42.35267],[-71.06736,42.35268],[-71.06738,42.3527],[-71.0674,42.35272],[-71.06741,42.35274],[-71.06742,42.35276],[-71.06744,42.35278],[-71.06745,42.3528],[-71.06746,42.3528],[-71.06747,42.35281],[-71.06748,42.35281],[-71.06749,42.35282],[-71.0675,42.35282],[-71.06751,42.35282],[-71.06752,42.35282]]},"properties":{"lts":1,"name":"Boylston Street","osmId":1317279601}},{"type":"Feature","geometry":{"type":"LineString","coordinates":[[-71.06711,42.35253],[-71.06694,42.35252]]},"properties":{"lts":2,"name":"Boylston Street","osmId":1317279602}},{"type":"Feature","geometry":{"type":"LineString","coordinates":[[-71.10501,42.3466],[-71.1049,42.34664],[-71.10473,42.3467],[-71.10452,42.34679],[-71.10435,42.34685]]},"properties":{"lts":1,"name":"Beacon Street","osmId":1317316050}},{"type":"Feature","geometry":{"type":"LineString","coordinates":[[-71.0737,42.38526],[-71.07373,42.3852]]},"properties":{"lts":1,"name":"Alford Street","osmId":1318451331}},{"type":"Feature","geometry":{"type":"LineString","coordinates":[[-71.0732,42.38622],[-71.07368,42.3853]]},"properties":{"lts":1,"name":"Alford Street","osmId":1318453374}},{"type":"Feature","geometry":{"type":"LineString","coordinates":[[-71.14171,42.35428],[-71.14215,42.3544]]},"properties":{"lts":2,"name":"North Beacon Street","osmId":1322841884}},{"type":"Feature","geometry":{"type":"LineString","coordinates":[[-71.06896,42.34685],[-71.0689,42.34696],[-71.06887,42.34703],[-71.06882,42.34711]]},"properties":{"lts":2,"name":"Tremont Street","osmId":1323778199}},{"type":"Feature","geometry":{"type":"LineString","coordinates":[[-71.06868,42.34739],[-71.06866,42.34741],[-71.06864,42.34745],[-71.06862,42.34749]]},"properties":{"lts":2,"name":"Tremont Street","osmId":1323778200}},{"type":"Feature","geometry":{"type":"LineString","coordinates":[[-71.07978,42.33962],[-71.07967,42.33967],[-71.07959,42.33971],[-71.07952,42.33975],[-71.0789,42.34008],[-71.07882,42.34012],[-71.07876,42.34015],[-71.07815,42.34048],[-71.07811,42.3405],[-71.07807,42.34052],[-71.07801,42.34055],[-71.078,42.34056],[-71.0778,42.34066],[-71.07767,42.34074],[-71.07737,42.3409],[-71.0773,42.34093],[-71.07723,42.34097],[-71.07664,42.34129],[-71.07661,42.34131],[-71.07656,42.34134],[-71.07651,42.34136],[-71.07649,42.34138],[-71.07601,42.34163],[-71.07594,42.34167],[-71.07587,42.34171],[-71.07549,42.34191],[-71.0754,42.34196],[-71.07534,42.342],[-71.07526,42.34204],[-71.07518,42.34208],[-71.07466,42.34236],[-71.07459,42.3424],[-71.07451,42.34244],[-71.07421,42.3426]]},"properties":{"lts":1,"name":"Tremont Street","osmId":1323803043}},{"type":"Feature","geometry":{"type":"LineString","coordinates":[[-71.07421,42.3426],[-71.07391,42.34276],[-71.07384,42.3428],[-71.07377,42.34283]]},"properties":{"lts":2,"name":"Tremont Street","osmId":1323803044}},{"type":"Feature","geometry":{"type":"LineString","coordinates":[[-71.07377,42.34283],[-71.0737,42.34287],[-71.07367,42.34288],[-71.07325,42.34312]]},"properties":{"lts":2,"name":"Tremont Street","osmId":1323806679}},{"type":"Feature","geometry":{"type":"LineString","coordinates":[[-71.05975,42.35014],[-71.05989,42.35019],[-71.06016,42.35027],[-71.0602,42.35028],[-71.06025,42.3503],[-71.06081,42.35045],[-71.06087,42.35047]]},"properties":{"lts":3,"name":"Kneeland Street","osmId":1323824615}},{"type":"Feature","geometry":{"type":"LineString","coordinates":[[-71.06087,42.35047],[-71.06093,42.35049],[-71.06122,42.35056],[-71.06128,42.35058]]},"properties":{"lts":2,"name":"Kneeland Street","osmId":1323824616}},{"type":"Feature","geometry":{"type":"LineString","coordinates":[[-71.08983,42.35155],[-71.08976,42.3514]]},"properties":{"lts":2,"name":"Massachusetts Avenue","osmId":1324666828}},{"type":"Feature","geometry":{"type":"LineString","coordinates":[[-71.08995,42.3518],[-71.08999,42.35187],[-71.09001,42.35191],[-71.09002,42.35194]]},"properties":{"lts":2,"name":"Massachusetts Avenue","osmId":1324666829}},{"type":"Feature","geometry":{"type":"LineString","coordinates":[[-71.0678,42.39381],[-71.06765,42.39398]]},"properties":{"lts":2,"name":"Alford Street","osmId":1326404261}},{"type":"Feature","geometry":{"type":"LineString","coordinates":[[-71.12392,42.35872],[-71.12382,42.35875]]},"properties":{"lts":2,"name":"Cambridge Street","osmId":1327129632}},{"type":"Feature","geometry":{"type":"LineString","coordinates":[[-71.12347,42.35888],[-71.12342,42.3589],[-71.12337,42.35893],[-71.12333,42.35894],[-71.1233,42.35896],[-71.12322,42.359]]},"properties":{"lts":2,"name":"Cambridge Street","osmId":1327129633}},{"type":"Feature","geometry":{"type":"LineString","coordinates":[[-71.13264,42.3556],[-71.13276,42.35554]]},"properties":{"lts":3,"name":"Cambridge Street","osmId":1327129635}},{"type":"Feature","geometry":{"type":"LineString","coordinates":[[-71.07308,42.38636],[-71.07315,42.38627],[-71.0732,42.38622]]},"properties":{"lts":1,"name":"Alford Street","osmId":1329755198}},{"type":"Feature","geometry":{"type":"LineString","coordinates":[[-71.07301,42.38645],[-71.07308,42.38636]]},"properties":{"lts":1,"name":"Alford Street","osmId":1329755199}},{"type":"Feature","geometry":{"type":"LineString","coordinates":[[-71.07085,42.35217],[-71.07078,42.35204],[-71.07076,42.35201],[-71.07071,42.35191],[-71.0707,42.3519]]},"properties":{"lts":2,"name":"Arlington Street","osmId":1329768968}},{"type":"Feature","geometry":{"type":"LineString","coordinates":[[-71.07302,42.34766],[-71.07276,42.34787],[-71.07267,42.34795],[-71.07255,42.34804]]},"properties":{"lts":3,"name":"Columbus Avenue","osmId":1329768972}},{"type":"Feature","geometry":{"type":"LineString","coordinates":[[-71.11506,42.29928],[-71.11471,42.29984],[-71.11468,42.2999]]},"properties":{"lts":1,"name":"Washington Street","osmId":1329963000}},{"type":"Feature","geometry":{"type":"LineString","coordinates":[[-71.10643,42.30048],[-71.10647,42.30045]]},"properties":{"lts":1,"name":"Circuit Drive","osmId":1329969251}},{"type":"Feature","geometry":{"type":"LineString","coordinates":[[-71.10647,42.30045],[-71.1065,42.30042],[-71.10654,42.30038]]},"properties":{"lts":1,"name":"Circuit Drive","osmId":1329969252}},{"type":"Feature","geometry":{"type":"LineString","coordinates":[[-71.10673,42.30073],[-71.10671,42.30075],[-71.10668,42.30078]]},"properties":{"lts":1,"name":"Circuit Drive","osmId":1329969254}},{"type":"Feature","geometry":{"type":"LineString","coordinates":[[-71.10695,42.30051],[-71.10693,42.30053],[-71.10692,42.30055]]},"properties":{"lts":1,"name":"Circuit Drive","osmId":1329969256}},{"type":"Feature","geometry":{"type":"LineString","coordinates":[[-71.10681,42.30065],[-71.10679,42.30067]]},"properties":{"lts":1,"name":"Circuit Drive","osmId":1329969259}},{"type":"Feature","geometry":{"type":"LineString","coordinates":[[-71.10679,42.30067],[-71.10677,42.3007],[-71.10673,42.30073]]},"properties":{"lts":1,"name":"Circuit Drive","osmId":1329969260}},{"type":"Feature","geometry":{"type":"LineString","coordinates":[[-71.05302,42.34428],[-71.05218,42.34399]]},"properties":{"lts":1,"name":"Richards Street","osmId":1329969691}},{"type":"Feature","geometry":{"type":"LineString","coordinates":[[-71.11201,42.30158],[-71.11201,42.3016],[-71.11199,42.30165]]},"properties":{"lts":1,"name":"Washington Street","osmId":1329992061}},{"type":"Feature","geometry":{"type":"LineString","coordinates":[[-71.11209,42.30141],[-71.11209,42.30144]]},"properties":{"lts":1,"name":"Washington Street","osmId":1329992062}},{"type":"Feature","geometry":{"type":"LineString","coordinates":[[-71.11209,42.30144],[-71.11204,42.30152],[-71.11201,42.30158]]},"properties":{"lts":1,"name":"Washington Street","osmId":1329992063}},{"type":"Feature","geometry":{"type":"LineString","coordinates":[[-71.11279,42.30139],[-71.11275,42.30143]]},"properties":{"lts":1,"name":"Washington Street","osmId":1329992064}},{"type":"Feature","geometry":{"type":"LineString","coordinates":[[-71.11275,42.30143],[-71.1127,42.30149],[-71.11266,42.30153]]},"properties":{"lts":1,"name":"Washington Street","osmId":1329992065}},{"type":"Feature","geometry":{"type":"LineString","coordinates":[[-71.08831,42.34823],[-71.0883,42.3482],[-71.08829,42.34818],[-71.08829,42.34813],[-71.08828,42.34808],[-71.08828,42.34806],[-71.08828,42.34806],[-71.08828,42.34805],[-71.08828,42.34805],[-71.08828,42.34804],[-71.08827,42.34804],[-71.08827,42.34803],[-71.08826,42.34801]]},"properties":{"lts":1,"name":"Massachusetts Avenue","osmId":1331846778}},{"type":"Feature","geometry":{"type":"LineString","coordinates":[[-71.12342,42.35195],[-71.12326,42.35187],[-71.1225,42.35178],[-71.12239,42.35176],[-71.12231,42.35175],[-71.12196,42.3517],[-71.12179,42.3517],[-71.12151,42.35167]]},"properties":{"lts":1,"name":"Commonwealth Avenue","osmId":1332061998}},{"type":"Feature","geometry":{"type":"LineString","coordinates":[[-71.12151,42.35167],[-71.12145,42.35166],[-71.12136,42.35165],[-71.12131,42.35164],[-71.12125,42.35163],[-71.12118,42.35162],[-71.12113,42.35161]]},"properties":{"lts":1,"name":"Commonwealth Avenue","osmId":1332061999}},{"type":"Feature","geometry":{"type":"LineString","coordinates":[[-71.12113,42.35161],[-71.12099,42.35157],[-71.12093,42.35156],[-71.12063,42.35153],[-71.12054,42.35152],[-71.12042,42.35152],[-71.12034,42.35151]]},"properties":{"lts":1,"name":"Commonwealth Avenue","osmId":1332062000}},{"type":"Feature","geometry":{"type":"LineString","coordinates":[[-71.12034,42.35151],[-71.12029,42.3515],[-71.12022,42.35149]]},"properties":{"lts":1,"name":"Commonwealth Avenue","osmId":1332062001}},{"type":"Feature","geometry":{"type":"LineString","coordinates":[[-71.12022,42.35149],[-71.11979,42.35144],[-71.11921,42.35137],[-71.11904,42.35135],[-71.11898,42.35133],[-71.11887,42.35131],[-71.11871,42.3513],[-71.1184,42.35126],[-71.11836,42.35125]]},"properties":{"lts":1,"name":"Commonwealth Avenue","osmId":1332062002}},{"type":"Feature","geometry":{"type":"LineString","coordinates":[[-71.11836,42.35125],[-71.1183,42.35125],[-71.11823,42.35124]]},"properties":{"lts":1,"name":"Commonwealth Avenue","osmId":1332062003}},{"type":"Feature","geometry":{"type":"LineString","coordinates":[[-71.11823,42.35124],[-71.11814,42.35123],[-71.11771,42.35118],[-71.11763,42.35118],[-71.11726,42.35114],[-71.11615,42.351],[-71.11608,42.35098],[-71.116,42.35097]]},"properties":{"lts":1,"name":"Commonwealth Avenue","osmId":1332062004}},{"type":"Feature","geometry":{"type":"LineString","coordinates":[[-71.116,42.35097],[-71.11595,42.35097],[-71.11588,42.35096],[-71.11582,42.35095],[-71.11573,42.35094]]},"properties":{"lts":1,"name":"Commonwealth Avenue","osmId":1332062005}},{"type":"Feature","geometry":{"type":"LineString","coordinates":[[-71.11336,42.35066],[-71.11322,42.35066],[-71.11225,42.35054],[-71.1122,42.35053],[-71.11216,42.35053],[-71.11211,42.35052],[-71.11206,42.3505],[-71.11202,42.3505],[-71.11183,42.35047],[-71.11128,42.35041]]},"properties":{"lts":1,"name":"Commonwealth Avenue","osmId":1332062006}},{"type":"Feature","geometry":{"type":"LineString","coordinates":[[-71.11397,42.35074],[-71.11393,42.35073],[-71.11386,42.35072],[-71.11379,42.35071],[-71.11372,42.35071]]},"properties":{"lts":1,"name":"Commonwealth Avenue","osmId":1332062007}},{"type":"Feature","geometry":{"type":"LineString","coordinates":[[-71.12106,42.35195],[-71.1211,42.35195],[-71.12124,42.35197],[-71.12133,42.35198]]},"properties":{"lts":1,"name":"Commonwealth Avenue","osmId":1332083783}},{"type":"Feature","geometry":{"type":"LineString","coordinates":[[-71.1186,42.35164],[-71.11862,42.35164],[-71.11863,42.35163],[-71.11865,42.35163],[-71.11868,42.35163],[-71.11874,42.35163],[-71.11888,42.35165],[-71.11986,42.35177],[-71.11989,42.35177]]},"properties":{"lts":1,"name":"Commonwealth Avenue","osmId":1332083784}},{"type":"Feature","geometry":{"type":"LineString","coordinates":[[-71.11839,42.35161],[-71.11852,42.35163],[-71.1186,42.35164]]},"properties":{"lts":1,"name":"Commonwealth Avenue","osmId":1332083785}},{"type":"Feature","geometry":{"type":"LineString","coordinates":[[-71.11583,42.35132],[-71.11587,42.35132],[-71.11602,42.35134],[-71.11605,42.35134],[-71.11627,42.35136],[-71.1163,42.35135],[-71.11634,42.35135],[-71.11637,42.35135],[-71.11813,42.35156],[-71.11819,42.35157],[-71.11824,42.35158],[-71.11828,42.35159],[-71.11835,42.3516],[-71.11839,42.35161]]},"properties":{"lts":1,"name":"Commonwealth Avenue","osmId":1332083786}},{"type":"Feature","geometry":{"type":"LineString","coordinates":[[-71.11555,42.35128],[-71.1156,42.35129],[-71.11575,42.35131],[-71.11583,42.35132]]},"properties":{"lts":1,"name":"Commonwealth Avenue","osmId":1332083787}},{"type":"Feature","geometry":{"type":"LineString","coordinates":[[-71.10945,42.27457],[-71.10949,42.27459],[-71.10963,42.27468],[-71.10967,42.2747],[-71.10975,42.27474]]},"properties":{"lts":3,"name":"Cummins Highway","osmId":1332530734}},{"type":"Feature","geometry":{"type":"LineString","coordinates":[[-71.03534,42.34703],[-71.03553,42.34724],[-71.03572,42.34745],[-71.03584,42.34758],[-71.03586,42.34759],[-71.03589,42.34761],[-71.0359,42.34762],[-71.03593,42.34764],[-71.03608,42.3477]]},"properties":{"lts":1,"name":"Northern Avenue","osmId":1332902769}},{"type":"Feature","geometry":{"type":"LineString","coordinates":[[-71.03517,42.34685],[-71.03518,42.34686],[-71.03523,42.34691],[-71.03534,42.34703]]},"properties":{"lts":1,"name":"Northern Avenue","osmId":1332902770}},{"type":"Feature","geometry":{"type":"LineString","coordinates":[[-71.03472,42.34647],[-71.0348,42.34651]]},"properties":{"lts":1,"name":"Northern Avenue","osmId":1332902773}},{"type":"Feature","geometry":{"type":"LineString","coordinates":[[-71.03461,42.34643],[-71.03472,42.34647]]},"properties":{"lts":1,"name":"Northern Avenue","osmId":1332902774}},{"type":"Feature","geometry":{"type":"LineString","coordinates":[[-71.03453,42.34639],[-71.03461,42.34643]]},"properties":{"lts":1,"name":"Northern Avenue","osmId":1332902777}},{"type":"Feature","geometry":{"type":"LineString","coordinates":[[-71.0344,42.34633],[-71.03453,42.34639]]},"properties":{"lts":1,"name":"Northern Avenue","osmId":1332902778}},{"type":"Feature","geometry":{"type":"LineString","coordinates":[[-71.0343,42.34628],[-71.0344,42.34633]]},"properties":{"lts":1,"name":"Northern Avenue","osmId":1332902781}},{"type":"Feature","geometry":{"type":"LineString","coordinates":[[-71.03416,42.34623],[-71.03425,42.34626],[-71.0343,42.34628]]},"properties":{"lts":1,"name":"Northern Avenue","osmId":1332902782}},{"type":"Feature","geometry":{"type":"LineString","coordinates":[[-71.03401,42.34617],[-71.03408,42.3462],[-71.03416,42.34623]]},"properties":{"lts":1,"name":"Northern Avenue","osmId":1332902783}},{"type":"Feature","geometry":{"type":"LineString","coordinates":[[-71.03299,42.34571],[-71.03304,42.34573],[-71.03307,42.34574],[-71.03312,42.34575],[-71.03326,42.34582],[-71.0333,42.34586],[-71.03369,42.34604],[-71.03382,42.3461],[-71.03391,42.34611],[-71.03401,42.34617]]},"properties":{"lts":1,"name":"Northern Avenue","osmId":1332902784}},{"type":"Feature","geometry":{"type":"LineString","coordinates":[[-71.03283,42.34563],[-71.03291,42.34567],[-71.03299,42.34571]]},"properties":{"lts":1,"name":"Northern Avenue","osmId":1332902785}},{"type":"Feature","geometry":{"type":"LineString","coordinates":[[-71.03195,42.34522],[-71.03202,42.34526],[-71.03207,42.3453],[-71.03216,42.34534],[-71.03228,42.34539],[-71.03235,42.34542],[-71.03237,42.34544],[-71.03246,42.34546],[-71.03277,42.3456],[-71.03283,42.34563]]},"properties":{"lts":1,"name":"Northern Avenue","osmId":1332902786}},{"type":"Feature","geometry":{"type":"LineString","coordinates":[[-71.03182,42.3451],[-71.03195,42.34522]]},"properties":{"lts":1,"name":"Northern Avenue","osmId":1332902787}},{"type":"Feature","geometry":{"type":"LineString","coordinates":[[-71.03582,42.34733],[-71.03573,42.34723],[-71.03571,42.34721],[-71.03564,42.34712]]},"properties":{"lts":1,"name":"Northern Avenue","osmId":1332906302}},{"type":"Feature","geometry":{"type":"LineString","coordinates":[[-71.03588,42.34742],[-71.03582,42.34733]]},"properties":{"lts":1,"name":"Northern Avenue","osmId":1332906303}},{"type":"Feature","geometry":{"type":"LineString","coordinates":[[-71.03505,42.34647],[-71.03498,42.34644],[-71.0349,42.34642],[-71.03477,42.34636],[-71.03472,42.34631],[-71.03431,42.34612],[-71.0342,42.34611],[-71.03392,42.34598]]},"properties":{"lts":1,"name":"Northern Avenue","osmId":1332906304}},{"type":"Feature","geometry":{"type":"LineString","coordinates":[[-71.03515,42.34654],[-71.03509,42.3465],[-71.03505,42.34647]]},"properties":{"lts":1,"name":"Northern Avenue","osmId":1332906305}},{"type":"Feature","geometry":{"type":"LineString","coordinates":[[-71.03377,42.34591],[-71.03344,42.34577],[-71.03321,42.34566],[-71.03317,42.34564],[-71.03316,42.34563],[-71.0331,42.34561],[-71.03254,42.34536],[-71.03252,42.34534],[-71.03248,42.34531],[-71.03244,42.34529],[-71.03239,42.34526],[-71.03227,42.34521],[-71.03205,42.34511]]},"properties":{"lts":1,"name":"Northern Avenue","osmId":1332906306}},{"type":"Feature","geometry":{"type":"LineString","coordinates":[[-71.03392,42.34598],[-71.03377,42.34591]]},"properties":{"lts":1,"name":"Northern Avenue","osmId":1332906307}},{"type":"Feature","geometry":{"type":"LineString","coordinates":[[-71.03205,42.34511],[-71.03182,42.3451]]},"properties":{"lts":1,"name":"Northern Avenue","osmId":1332906308}},{"type":"Feature","geometry":{"type":"LineString","coordinates":[[-71.04846,42.35326],[-71.04847,42.35327],[-71.04872,42.35338],[-71.04882,42.35342]]},"properties":{"lts":1,"name":"Seaport Boulevard","osmId":1332910954}},{"type":"Feature","geometry":{"type":"LineString","coordinates":[[-71.04821,42.35315],[-71.04835,42.35321],[-71.04846,42.35326]]},"properties":{"lts":1,"name":"Seaport Boulevard","osmId":1332910955}},{"type":"Feature","geometry":{"type":"LineString","coordinates":[[-71.04667,42.35244],[-71.04669,42.35245],[-71.04695,42.35257],[-71.04737,42.35276],[-71.04747,42.35281],[-71.04758,42.35286],[-71.04765,42.35291],[-71.04791,42.35304],[-71.04802,42.35306],[-71.04817,42.35313],[-71.04821,42.35315]]},"properties":{"lts":1,"name":"Seaport Boulevard","osmId":1332910956}},{"type":"Feature","geometry":{"type":"LineString","coordinates":[[-71.04646,42.35234],[-71.04655,42.35238],[-71.04667,42.35244]]},"properties":{"lts":1,"name":"Seaport Boulevard","osmId":1332910957}},{"type":"Feature","geometry":{"type":"LineString","coordinates":[[-71.0439,42.3511],[-71.04408,42.35124]]},"properties":{"lts":1,"name":"Seaport Boulevard","osmId":1332910958}},{"type":"Feature","geometry":{"type":"LineString","coordinates":[[-71.05142,42.35476],[-71.0514,42.35465]]},"properties":{"lts":1,"name":"Seaport Boulevard","osmId":1332914789}},{"type":"Feature","geometry":{"type":"LineString","coordinates":[[-71.13906,42.3538],[-71.13914,42.35381],[-71.13917,42.35381],[-71.13957,42.35386]]},"properties":{"lts":2,"name":"North Beacon Street","osmId":1333099325}},{"type":"Feature","geometry":{"type":"LineString","coordinates":[[-71.08634,42.34764],[-71.08615,42.34769],[-71.08576,42.3478],[-71.08572,42.34781],[-71.08558,42.34788]]},"properties":{"lts":2,"name":"Boylston Street","osmId":1333332903}},{"type":"Feature","geometry":{"type":"LineString","coordinates":[[-71.06934,42.34855],[-71.06932,42.34849],[-71.06931,42.34847],[-71.06923,42.34821],[-71.06922,42.34818],[-71.06918,42.34809]]},"properties":{"lts":1,"name":"Arlington Street","osmId":1333372330}},{"type":"Feature","geometry":{"type":"LineString","coordinates":[[-71.06944,42.34882],[-71.0694,42.34875],[-71.06937,42.34869],[-71.06935,42.34863],[-71.06934,42.34855]]},"properties":{"lts":1,"name":"Arlington Street","osmId":1333372332}},{"type":"Feature","geometry":{"type":"LineString","coordinates":[[-71.11534,42.27804],[-71.11586,42.27845]]},"properties":{"lts":1,"name":"Cummins Highway","osmId":1333418470}},{"type":"Feature","geometry":{"type":"LineString","coordinates":[[-71.11522,42.27794],[-71.11534,42.27804]]},"properties":{"lts":1,"name":"Cummins Highway","osmId":1333418471}},{"type":"Feature","geometry":{"type":"LineString","coordinates":[[-71.14389,42.36184],[-71.14438,42.36175]]},"properties":{"lts":3,"name":"Western Avenue","osmId":1336401888}},{"type":"Feature","geometry":{"type":"LineString","coordinates":[[-71.05205,42.34394],[-71.05194,42.34392],[-71.05184,42.34387],[-71.05165,42.34377],[-71.05148,42.34367]]},"properties":{"lts":1,"name":"Richards Street","osmId":1338082649}},{"type":"Feature","geometry":{"type":"LineString","coordinates":[[-71.11512,42.29916],[-71.11512,42.29917],[-71.11509,42.29923],[-71.11506,42.29928]]},"properties":{"lts":1,"name":"Washington Street","osmId":1338511468}},{"type":"Feature","geometry":{"type":"LineString","coordinates":[[-71.07322,42.38532],[-71.07324,42.38532],[-71.07329,42.38531],[-71.07333,42.38531],[-71.07338,42.38531]]},"properties":{"lts":1,"name":"Alford Street","osmId":1338748626}},{"type":"Feature","geometry":{"type":"LineString","coordinates":[[-71.07269,42.38518],[-71.07276,42.38519],[-71.0728,42.38519],[-71.07284,42.3852],[-71.07288,42.38522],[-71.07292,42.38524],[-71.07297,42.38526],[-71.07298,42.38527]]},"properties":{"lts":1,"name":"Alford Street","osmId":1338748627}},{"type":"Feature","geometry":{"type":"LineString","coordinates":[[-71.15068,42.34896],[-71.15069,42.34892],[-71.15071,42.34888],[-71.15072,42.34886],[-71.15073,42.34884],[-71.15076,42.3488],[-71.1508,42.34873],[-71.15087,42.34862],[-71.15095,42.34849]]},"properties":{"lts":2,"name":"Winship Street","osmId":1338770585}},{"type":"Feature","geometry":{"type":"LineString","coordinates":[[-71.07349,42.38529],[-71.07351,42.38529],[-71.07364,42.38527],[-71.07368,42.38526],[-71.0737,42.38526]]},"properties":{"lts":1,"name":"Alford Street","osmId":1340146853}},{"type":"Feature","geometry":{"type":"LineString","coordinates":[[-71.11372,42.35071],[-71.1135,42.35068]]},"properties":{"lts":1,"name":"Commonwealth Avenue","osmId":1340159576}},{"type":"Feature","geometry":{"type":"LineString","coordinates":[[-71.1135,42.35068],[-71.11345,42.35067],[-71.11336,42.35066]]},"properties":{"lts":1,"name":"Commonwealth Avenue","osmId":1340159577}},{"type":"Feature","geometry":{"type":"LineString","coordinates":[[-71.12013,42.35181],[-71.12024,42.35183],[-71.12094,42.35192],[-71.12098,42.35193],[-71.12102,42.35194],[-71.12106,42.35195]]},"properties":{"lts":1,"name":"Commonwealth Avenue","osmId":1340162414}},{"type":"Feature","geometry":{"type":"LineString","coordinates":[[-71.11989,42.35177],[-71.11994,42.35178],[-71.12013,42.35181]]},"properties":{"lts":1,"name":"Commonwealth Avenue","osmId":1340162415}},{"type":"Feature","geometry":{"type":"LineString","coordinates":[[-71.12762,42.36339],[-71.12747,42.36336],[-71.12731,42.36334],[-71.12725,42.36333],[-71.12619,42.36342],[-71.12574,42.36345],[-71.12565,42.36344],[-71.12555,42.36345]]},"properties":{"lts":1,"name":"Western Avenue","osmId":1340320270}},{"type":"Feature","geometry":{"type":"LineString","coordinates":[[-71.12541,42.36346],[-71.12538,42.36346],[-71.12531,42.36347],[-71.12494,42.3635],[-71.12486,42.36351],[-71.12481,42.36353],[-71.12446,42.36356],[-71.12357,42.36364],[-71.12351,42.36365],[-71.12347,42.36366],[-71.12331,42.36374]]},"properties":{"lts":1,"name":"Western Avenue","osmId":1340320272}},{"type":"Feature","geometry":{"type":"LineString","coordinates":[[-71.08774,42.3473],[-71.08752,42.34732],[-71.08736,42.34736],[-71.0872,42.34741],[-71.08715,42.34742],[-71.08684,42.3475]]},"properties":{"lts":2,"name":"Boylston Street","osmId":1343631696}},{"type":"Feature","geometry":{"type":"LineString","coordinates":[[-71.08755,42.34739],[-71.08767,42.34737],[-71.08773,42.34736],[-71.08781,42.34734],[-71.08788,42.34733],[-71.0879,42.34733],[-71.08795,42.34731],[-71.088,42.3473],[-71.08802,42.34729]]},"properties":{"lts":1,"name":"Boylston Street","osmId":1343631697}},{"type":"Feature","geometry":{"type":"LineString","coordinates":[[-71.06941,42.35605],[-71.06946,42.35607],[-71.06948,42.35608],[-71.0695,42.35609],[-71.06954,42.3561],[-71.0696,42.35609],[-71.06965,42.35609],[-71.0698,42.35607],[-71.06989,42.35607],[-71.07005,42.35606]]},"properties":{"lts":2,"name":"Beacon Street","osmId":1348578796}},{"type":"Feature","geometry":{"type":"LineString","coordinates":[[-71.05428,42.35926],[-71.05456,42.35923],[-71.05465,42.35922]]},"properties":{"lts":2,"name":"State Street","osmId":1351234384}},{"type":"Feature","geometry":{"type":"LineString","coordinates":[[-71.05465,42.35922],[-71.05474,42.3592],[-71.05518,42.35913],[-71.05547,42.35908],[-71.05554,42.35907],[-71.05584,42.35901],[-71.05591,42.359]]},"properties":{"lts":2,"name":"State Street","osmId":1351234386}},{"type":"Feature","geometry":{"type":"LineString","coordinates":[[-71.05409,42.35927],[-71.05428,42.35926]]},"properties":{"lts":2,"name":"State Street","osmId":1351234388}},{"type":"Feature","geometry":{"type":"LineString","coordinates":[[-71.08546,42.34791],[-71.08537,42.34794],[-71.08526,42.34797]]},"properties":{"lts":2,"name":"Boylston Street","osmId":1354961429}},{"type":"Feature","geometry":{"type":"LineString","coordinates":[[-71.13491,42.36326],[-71.13466,42.36324],[-71.13445,42.36326],[-71.13423,42.36329],[-71.13401,42.36332],[-71.13383,42.36334],[-71.13369,42.36335],[-71.13357,42.36335],[-71.13339,42.36335],[-71.13327,42.36335],[-71.13306,42.36333],[-71.13288,42.36332],[-71.1327,42.36329],[-71.13253,42.36326],[-71.13233,42.36323],[-71.13229,42.36323],[-71.13223,42.36323],[-71.13219,42.36323],[-71.13209,42.36324]]},"properties":{"lts":1,"name":"Western Avenue","osmId":1355984612}},{"type":"Feature","geometry":{"type":"LineString","coordinates":[[-71.11618,42.2787],[-71.11622,42.27874]]},"properties":{"lts":1,"name":"Cummins Highway","osmId":1363825874}},{"type":"Feature","geometry":{"type":"LineString","coordinates":[[-71.09957,42.34817],[-71.09848,42.34847]]},"properties":{"lts":3,"name":"Beacon Street","osmId":1364167643}},{"type":"Feature","geometry":{"type":"LineString","coordinates":[[-71.1115,42.32637],[-71.11145,42.32644],[-71.1114,42.32654]]},"properties":{"lts":1,"name":"South Huntington Avenue","osmId":1364221315}},{"type":"Feature","geometry":{"type":"LineString","coordinates":[[-71.1114,42.32654],[-71.11132,42.32669],[-71.11129,42.32676],[-71.11126,42.32682],[-71.11118,42.32699],[-71.11107,42.32723],[-71.11101,42.3274],[-71.11093,42.32762],[-71.11092,42.32766],[-71.11085,42.32787],[-71.11081,42.32799],[-71.11079,42.32809],[-71.11075,42.32825]]},"properties":{"lts":1,"name":"South Huntington Avenue","osmId":1364221316}},{"type":"Feature","geometry":{"type":"LineString","coordinates":[[-71.10185,42.34754],[-71.10172,42.34755],[-71.10157,42.34756],[-71.09981,42.34805],[-71.09957,42.34817]]},"properties":{"lts":1,"name":"Beacon Street","osmId":1364675671}},{"type":"Feature","geometry":{"type":"LineString","coordinates":[[-71.1041,42.34692],[-71.10435,42.34685]]},"properties":{"lts":1,"name":"Beacon Street","osmId":1365066789}},{"type":"Feature","geometry":{"type":"LineString","coordinates":[[-71.15428,42.35809],[-71.15428,42.3581],[-71.15428,42.35815],[-71.15428,42.35819]]},"properties":{"lts":1,"name":"North Beacon Street","osmId":1375111943}},{"type":"Feature","geometry":{"type":"LineString","coordinates":[[-71.15466,42.35819],[-71.15466,42.35815],[-71.15466,42.35809]]},"properties":{"lts":1,"name":"North Beacon Street","osmId":1375111944}},{"type":"Feature","geometry":{"type":"LineString","coordinates":[[-71.15802,42.35868],[-71.15798,42.35866],[-71.15794,42.35863],[-71.1578,42.35856],[-71.15776,42.35855],[-71.1577,42.35852],[-71.15762,42.35849],[-71.15749,42.35846],[-71.15738,42.35844],[-71.15731,42.35842],[-71.15725,42.35841],[-71.15719,42.3584],[-71.15715,42.3584],[-71.15711,42.35839],[-71.15706,42.35839],[-71.157,42.35839],[-71.15693,42.35839],[-71.15684,42.35838],[-71.15676,42.35838],[-71.15666,42.35837],[-71.15647,42.35836],[-71.15616,42.35833],[-71.15596,42.35831],[-71.1558,42.3583],[-71.15564,42.35829],[-71.15554,42.35828],[-71.15542,42.35828],[-71.15522,42.35827],[-71.15466,42.35826],[-71.15428,42.35826]]},"properties":{"lts":1,"name":"North Beacon Street","osmId":1375111946}},{"type":"Feature","geometry":{"type":"LineString","coordinates":[[-71.15466,42.35826],[-71.15466,42.35819]]},"properties":{"lts":1,"name":"North Beacon Street","osmId":1375111947}},{"type":"Feature","geometry":{"type":"LineString","coordinates":[[-71.15466,42.35809],[-71.15459,42.35804],[-71.15455,42.35802]]},"properties":{"lts":1,"name":"North Beacon Street","osmId":1375141691}},{"type":"Feature","geometry":{"type":"LineString","coordinates":[[-71.15431,42.35801],[-71.15431,42.35802],[-71.15432,42.35803],[-71.15433,42.35804],[-71.15433,42.35804],[-71.15433,42.35805],[-71.15433,42.35806],[-71.15432,42.35807],[-71.15432,42.35808],[-71.15431,42.35808],[-71.1543,42.35809],[-71.15428,42.35809]]},"properties":{"lts":1,"name":"North Beacon Street","osmId":1375141694}},{"type":"Feature","geometry":{"type":"LineString","coordinates":[[-71.11645,42.33162],[-71.11641,42.33162],[-71.11635,42.33163],[-71.1162,42.33165],[-71.11603,42.33168],[-71.116,42.33169]]},"properties":{"lts":1,"name":"Washington Street","osmId":1381577378}},{"type":"Feature","geometry":{"type":"LineString","coordinates":[[-71.06983,42.34528],[-71.06978,42.34536],[-71.06977,42.34538],[-71.06963,42.34562],[-71.06949,42.34587],[-71.06916,42.34649],[-71.06913,42.34655],[-71.06904,42.3467],[-71.06896,42.34685]]},"properties":{"lts":2,"name":"Tremont Street","osmId":1384542879}},{"type":"Feature","geometry":{"type":"LineString","coordinates":[[-71.07011,42.34497],[-71.07002,42.34506],[-71.06991,42.34519],[-71.06989,42.34521],[-71.06983,42.34528]]},"properties":{"lts":2,"name":"Tremont Street","osmId":1384542880}},{"type":"Feature","geometry":{"type":"LineString","coordinates":[[-71.06924,42.36729],[-71.06964,42.36749],[-71.06969,42.36751],[-71.06975,42.36753],[-71.0698,42.36755],[-71.06991,42.36758]]},"properties":{"lts":2,"name":"Charles River Dam Road","osmId":1385171654}},{"type":"Feature","geometry":{"type":"LineString","coordinates":[[-71.07244,42.33263],[-71.07242,42.33264]]},"properties":{"lts":1,"name":"South Bay Harbor Trail","osmId":1387080019}},{"type":"Feature","geometry":{"type":"LineString","coordinates":[[-71.07225,42.33295],[-71.07226,42.33297]]},"properties":{"lts":1,"name":"South Bay Harbor Trail","osmId":1387080024}},{"type":"Feature","geometry":{"type":"LineString","coordinates":[[-71.11793,42.33191],[-71.11785,42.33182],[-71.11782,42.3318],[-71.1177,42.33174],[-71.1176,42.33168],[-71.11755,42.33166],[-71.11752,42.33164],[-71.11749,42.33163],[-71.11746,42.33162],[-71.11744,42.33161],[-71.11742,42.3316],[-71.11738,42.3316],[-71.11734,42.33158],[-71.11732,42.33158],[-71.11725,42.33157]]},"properties":{"lts":1,"name":"Washington Street","osmId":1387901895}},{"type":"Feature","geometry":{"type":"LineString","coordinates":[[-71.06104,42.36558],[-71.06082,42.3657]]},"properties":{"lts":1,"name":"Connect Historic Boston Bicycle Trail","osmId":1388567249}},{"type":"Feature","geometry":{"type":"LineString","coordinates":[[-71.11088,42.3508],[-71.11092,42.35063]]},"properties":{"lts":1,"name":"Boston University Bridge","osmId":1388647114}},{"type":"Feature","geometry":{"type":"LineString","coordinates":[[-71.11092,42.35063],[-71.11095,42.35055],[-71.11096,42.35052],[-71.11098,42.35049],[-71.11099,42.35047]]},"properties":{"lts":1,"name":"Essex Street","osmId":1388647116}},{"type":"Feature","geometry":{"type":"LineString","coordinates":[[-71.11092,42.35046],[-71.11092,42.35052],[-71.11092,42.35055],[-71.11092,42.35063]]},"properties":{"lts":1,"name":null,"osmId":1388647119}},{"type":"Feature","geometry":{"type":"LineString","coordinates":[[-71.11099,42.35047],[-71.11099,42.35045],[-71.111,42.35042],[-71.11101,42.3504],[-71.11101,42.35039],[-71.11101,42.35036],[-71.11102,42.35033],[-71.11102,42.35032],[-71.11102,42.35031],[-71.11102,42.35029],[-71.11102,42.35027]]},"properties":{"lts":1,"name":"Essex Street","osmId":1388647120}},{"type":"Feature","geometry":{"type":"LineString","coordinates":[[-71.12133,42.35198],[-71.1214,42.35198],[-71.12155,42.352],[-71.12176,42.35202],[-71.12179,42.35202],[-71.12186,42.35201],[-71.1219,42.35201],[-71.12253,42.35209],[-71.1227,42.35211],[-71.12281,42.35205]]},"properties":{"lts":1,"name":"Commonwealth Avenue","osmId":1389411196}},{"type":"Feature","geometry":{"type":"LineString","coordinates":[[-71.11088,42.3508],[-71.11087,42.35084]]},"properties":{"lts":1,"name":"Boston University Bridge","osmId":1393131249}},{"type":"Feature","geometry":{"type":"LineString","coordinates":[[-71.15488,42.28615],[-71.15476,42.28619],[-71.15472,42.28621]]},"properties":{"lts":1,"name":"Centre Street","osmId":1396492960}},{"type":"Feature","geometry":{"type":"LineString","coordinates":[[-71.15107,42.2874],[-71.15089,42.28737]]},"properties":{"lts":1,"name":"Centre Street","osmId":1396733279}},{"type":"Feature","geometry":{"type":"LineString","coordinates":[[-71.08974,42.35136],[-71.08958,42.35105],[-71.08955,42.35097],[-71.08952,42.35093],[-71.08951,42.35091],[-71.08948,42.35084]]},"properties":{"lts":2,"name":"Massachusetts Avenue","osmId":1410948865}},{"type":"Feature","geometry":{"type":"LineString","coordinates":[[-71.15634,42.28525],[-71.15623,42.28536]]},"properties":{"lts":1,"name":"Centre Street","osmId":1411081045}},{"type":"Feature","geometry":{"type":"LineString","coordinates":[[-71.15653,42.28504],[-71.15647,42.28512]]},"properties":{"lts":1,"name":"Centre Street","osmId":1411081046}},{"type":"Feature","geometry":{"type":"LineString","coordinates":[[-71.16105,42.35887],[-71.16116,42.35892],[-71.16194,42.35927],[-71.16196,42.35928],[-71.16196,42.35928],[-71.16197,42.35928],[-71.16197,42.35929],[-71.16197,42.35929],[-71.16198,42.35929],[-71.16198,42.3593],[-71.16198,42.35931],[-71.16199,42.35932]]},"properties":{"lts":1,"name":"North Beacon Street","osmId":1412407996}},{"type":"Feature","geometry":{"type":"LineString","coordinates":[[-71.16093,42.35885],[-71.16095,42.35885],[-71.16097,42.35885],[-71.16098,42.35885],[-71.16099,42.35885],[-71.16101,42.35885],[-71.16102,42.35886],[-71.16103,42.35886],[-71.16105,42.35887]]},"properties":{"lts":1,"name":"North Beacon Street","osmId":1412407997}},{"type":"Feature","geometry":{"type":"LineString","coordinates":[[-71.16214,42.35915],[-71.16121,42.35873],[-71.16121,42.35873],[-71.1612,42.35872],[-71.16119,42.35872],[-71.16118,42.35871]]},"properties":{"lts":1,"name":"North Beacon Street","osmId":1412408007}},{"type":"Feature","geometry":{"type":"LineString","coordinates":[[-71.16118,42.35871],[-71.16117,42.35871],[-71.16116,42.3587],[-71.16115,42.35869],[-71.16114,42.35868],[-71.16113,42.35867],[-71.16113,42.35866],[-71.16112,42.35865],[-71.16112,42.35864],[-71.16112,42.35863]]},"properties":{"lts":1,"name":"North Beacon Street","osmId":1412408009}},{"type":"Feature","geometry":{"type":"LineString","coordinates":[[-71.15428,42.35819],[-71.15428,42.35826]]},"properties":{"lts":1,"name":"North Beacon Street","osmId":1412408015}},{"type":"Feature","geometry":{"type":"LineString","coordinates":[[-71.15785,42.28189],[-71.15783,42.28192]]},"properties":{"lts":1,"name":"Centre Street","osmId":1412969074}},{"type":"Feature","geometry":{"type":"LineString","coordinates":[[-71.15775,42.28207],[-71.15772,42.28212]]},"properties":{"lts":1,"name":"Centre Street","osmId":1412969075}},{"type":"Feature","geometry":{"type":"LineString","coordinates":[[-71.0723,42.33275],[-71.07225,42.33279],[-71.07221,42.33284]]},"properties":{"lts":1,"name":"South Bay Harbor Trail","osmId":1413355411}},{"type":"Feature","geometry":{"type":"LineString","coordinates":[[-71.07231,42.33274],[-71.0723,42.33275]]},"properties":{"lts":1,"name":"South Bay Harbor Trail","osmId":1413355412}},{"type":"Feature","geometry":{"type":"LineString","coordinates":[[-71.11478,42.30051],[-71.11482,42.30038],[-71.11484,42.3003],[-71.11486,42.30024],[-71.11486,42.30021],[-71.11487,42.30018],[-71.11487,42.30015],[-71.11486,42.30013],[-71.11486,42.3001],[-71.11482,42.29993]]},"properties":{"lts":1,"name":"Washington Street","osmId":1415523451}},{"type":"Feature","geometry":{"type":"LineString","coordinates":[[-71.11581,42.29834],[-71.11587,42.29826]]},"properties":{"lts":3,"name":"Washington Street","osmId":1415523454}},{"type":"Feature","geometry":{"type":"LineString","coordinates":[[-71.09153,42.28429],[-71.09157,42.28416],[-71.09159,42.28411],[-71.09163,42.28398],[-71.09167,42.28387]]},"properties":{"lts":1,"name":"Blue Hill Avenue","osmId":1421950496}},{"type":"Feature","geometry":{"type":"LineString","coordinates":[[-71.11219,42.32313],[-71.11224,42.32383],[-71.11225,42.32392],[-71.11225,42.32402],[-71.11226,42.32405],[-71.11227,42.32432],[-71.11227,42.32437],[-71.11226,42.32457],[-71.11223,42.32474],[-71.11219,42.32496],[-71.11212,42.3252],[-71.11207,42.32534],[-71.11201,42.32548],[-71.11198,42.32556],[-71.11195,42.32561],[-71.11191,42.32569],[-71.11188,42.32575],[-71.11185,42.3258],[-71.11172,42.326],[-71.1115,42.32637]]},"properties":{"lts":1,"name":"South Huntington Avenue","osmId":1423018638}},{"type":"Feature","geometry":{"type":"LineString","coordinates":[[-71.06748,42.39445],[-71.06744,42.39443]]},"properties":{"lts":1,"name":"Encore Riverwalk","osmId":1433170995}},{"type":"Feature","geometry":{"type":"LineString","coordinates":[[-71.07663,42.38622],[-71.07668,42.38627]]},"properties":{"lts":1,"name":"Main Street","osmId":1433174033}},{"type":"Feature","geometry":{"type":"LineString","coordinates":[[-71.07157,42.34402],[-71.07112,42.34425],[-71.07105,42.34429],[-71.07064,42.34451],[-71.07057,42.34455],[-71.0705,42.34459],[-71.07045,42.34464],[-71.07032,42.34475],[-71.07019,42.34489],[-71.07011,42.34497]]},"properties":{"lts":1,"name":"Tremont Street","osmId":1435752103}},{"type":"Feature","geometry":{"type":"LineString","coordinates":[[-71.09139,42.34642],[-71.09153,42.34648],[-71.09164,42.34652]]},"properties":{"lts":1,"name":"Boylston Street","osmId":1442517726}},{"type":"Feature","geometry":{"type":"LineString","coordinates":[[-71.09848,42.34847],[-71.09817,42.34856]]},"properties":{"lts":3,"name":"Beacon Street","osmId":1444496429}},{"type":"Feature","geometry":{"type":"LineString","coordinates":[[-71.05094,42.3636],[-71.05094,42.36358],[-71.05094,42.36332],[-71.05093,42.3632],[-71.05091,42.3627],[-71.0509,42.36259],[-71.05087,42.36249],[-71.05087,42.36241],[-71.05088,42.36238],[-71.0509,42.36233],[-71.05091,42.36232],[-71.05096,42.36226],[-71.051,42.36222],[-71.05107,42.36213],[-71.05109,42.36211],[-71.0511,42.36209],[-71.05117,42.36202],[-71.05121,42.36199],[-71.05124,42.36197],[-71.05131,42.36192],[-71.05135,42.36189],[-71.05142,42.36186],[-71.05147,42.36183],[-71.05156,42.36179],[-71.05178,42.36169],[-71.05185,42.36166],[-71.05187,42.36165],[-71.05192,42.36163],[-71.052,42.36159],[-71.05202,42.36158],[-71.05206,42.36156],[-71.05212,42.36153],[-71.05215,42.36151],[-71.05217,42.36149],[-71.05221,42.36146],[-71.05224,42.36144],[-71.05227,42.36142],[-71.0523,42.36139],[-71.05233,42.36137],[-71.05238,42.36131],[-71.05247,42.36122],[-71.05255,42.36113],[-71.05261,42.36107],[-71.05262,42.36105],[-71.05263,42.36103],[-71.05264,42.36101]]},"properties":{"lts":1,"name":"Atlantic Avenue","osmId":1452081067}},{"type":"Feature","geometry":{"type":"LineString","coordinates":[[-71.0886,42.34906],[-71.08856,42.34898],[-71.08852,42.34891]]},"properties":{"lts":2,"name":"Massachusetts Avenue","osmId":1452174856}},{"type":"Feature","geometry":{"type":"LineString","coordinates":[[-71.08866,42.34918],[-71.0886,42.34906]]},"properties":{"lts":2,"name":"Massachusetts Avenue","osmId":1452174857}},{"type":"Feature","geometry":{"type":"LineString","coordinates":[[-71.11469,42.30204],[-71.11468,42.30206],[-71.11462,42.30207]]},"properties":{"lts":1,"name":"South Street","osmId":1456613171}},{"type":"Feature","geometry":{"type":"LineString","coordinates":[[-71.11415,42.30196],[-71.11421,42.30188],[-71.11422,42.30187],[-71.11423,42.30185],[-71.11424,42.30184]]},"properties":{"lts":1,"name":"South Street","osmId":1456613176}},{"type":"Feature","geometry":{"type":"LineString","coordinates":[[-71.10654,42.30038],[-71.10655,42.30036],[-71.10656,42.30035],[-71.10657,42.30034]]},"properties":{"lts":1,"name":"Circuit Drive","osmId":1456613180}},{"type":"Feature","geometry":{"type":"LineString","coordinates":[[-71.11289,42.30122],[-71.11289,42.30126],[-71.11289,42.30127],[-71.11288,42.30129]]},"properties":{"lts":1,"name":"Washington Street","osmId":1456613184}},{"type":"Feature","geometry":{"type":"LineString","coordinates":[[-71.11425,42.30157],[-71.11426,42.30155],[-71.11426,42.30154],[-71.11427,42.30149],[-71.11427,42.30145],[-71.11427,42.30142],[-71.11429,42.30124],[-71.11429,42.3012],[-71.1143,42.30117],[-71.1143,42.30112],[-71.11432,42.30097]]},"properties":{"lts":1,"name":"South Street","osmId":1456613186}},{"type":"Feature","geometry":{"type":"LineString","coordinates":[[-71.11128,42.35041],[-71.11121,42.3504],[-71.11101,42.35039],[-71.11092,42.35039],[-71.1108,42.35044]]},"properties":{"lts":1,"name":"Commonwealth Avenue","osmId":1460593096}},{"type":"Feature","geometry":{"type":"LineString","coordinates":[[-71.11092,42.35039],[-71.11092,42.35046]]},"properties":{"lts":1,"name":null,"osmId":1460593097}},{"type":"Feature","geometry":{"type":"LineString","coordinates":[[-71.08799,42.34739],[-71.08797,42.34736],[-71.08795,42.34731],[-71.08794,42.34729],[-71.08793,42.34729],[-71.08789,42.34726],[-71.08777,42.34716],[-71.08763,42.34707]]},"properties":{"lts":1,"name":"Massachusetts Avenue","osmId":1460802915}},{"type":"Feature","geometry":{"type":"LineString","coordinates":[[-71.14147,42.35657],[-71.14152,42.35655],[-71.14155,42.35653],[-71.14161,42.3565],[-71.14163,42.35646],[-71.14166,42.35641],[-71.14167,42.35639]]},"properties":{"lts":1,"name":"Arthur Street","osmId":1461356873}},{"type":"Feature","geometry":{"type":"LineString","coordinates":[[-71.14169,42.35647],[-71.14166,42.35641],[-71.14157,42.35637],[-71.14152,42.35635]]},"properties":{"lts":1,"name":"Guest Street","osmId":1461356874}},{"type":"Feature","geometry":{"type":"LineString","coordinates":[[-71.14146,42.35633],[-71.14146,42.35634],[-71.14145,42.35638],[-71.14145,42.35644],[-71.14144,42.35651],[-71.14145,42.35654],[-71.14147,42.35657]]},"properties":{"lts":1,"name":"Arthur Street","osmId":1461356875}},{"type":"Feature","geometry":{"type":"LineString","coordinates":[[-71.07403,42.38464],[-71.074,42.3846],[-71.07401,42.38456],[-71.07404,42.38437]]},"properties":{"lts":1,"name":"Cambridge Street","osmId":1463973350}},{"type":"Feature","geometry":{"type":"LineString","coordinates":[[-71.07054,42.3904],[-71.07047,42.3905],[-71.0704,42.3906],[-71.07006,42.39104]]},"properties":{"lts":2,"name":"Alford Street","osmId":1466485237}},{"type":"Feature","geometry":{"type":"LineString","coordinates":[[-71.14152,42.35635],[-71.14146,42.35634],[-71.14142,42.35634],[-71.14139,42.35634],[-71.14136,42.35633],[-71.14118,42.35632],[-71.14117,42.35631],[-71.1408,42.35627],[-71.14079,42.35627],[-71.14077,42.35627],[-71.14075,42.35627],[-71.14074,42.35627],[-71.14073,42.35627],[-71.14072,42.35627],[-71.14071,42.35627],[-71.1407,42.35627],[-71.14069,42.35627],[-71.14068,42.35627],[-71.14066,42.35626],[-71.14064,42.35626],[-71.1406,42.35626]]},"properties":{"lts":1,"name":"Guest Street","osmId":1474912602}},{"type":"Feature","geometry":{"type":"LineString","coordinates":[[-71.1406,42.35626],[-71.14055,42.35625],[-71.14049,42.35624]]},"properties":{"lts":1,"name":"Guest Street","osmId":1474912603}},{"type":"Feature","geometry":{"type":"LineString","coordinates":[[-71.14167,42.35639],[-71.14168,42.35636],[-71.14169,42.35633],[-71.14169,42.35632],[-71.14172,42.35622],[-71.14173,42.35619],[-71.14173,42.35616],[-71.14174,42.35615],[-71.14174,42.35614],[-71.14174,42.35612],[-71.14175,42.35611],[-71.14175,42.3561],[-71.14176,42.35607],[-71.14178,42.35605]]},"properties":{"lts":1,"name":"Arthur Street","osmId":1474912605}},{"type":"Feature","geometry":{"type":"LineString","coordinates":[[-71.14178,42.35605],[-71.14179,42.35602],[-71.14183,42.35596]]},"properties":{"lts":1,"name":"Arthur Street","osmId":1474912606}},{"type":"Feature","geometry":{"type":"LineString","coordinates":[[-71.15455,42.35802],[-71.15454,42.358],[-71.15453,42.35799],[-71.15452,42.35797],[-71.1545,42.35796],[-71.15449,42.35794],[-71.15447,42.35793],[-71.15396,42.35758],[-71.1538,42.35746],[-71.15376,42.35744],[-71.15373,42.35741],[-71.1537,42.3574],[-71.15367,42.35738],[-71.1536,42.35734],[-71.15352,42.35731],[-71.15346,42.35728],[-71.15339,42.35725],[-71.15332,42.35723],[-71.15323,42.3572],[-71.15316,42.35719],[-71.15298,42.35716]]},"properties":{"lts":1,"name":"North Beacon Street","osmId":1475392634}},{"type":"Feature","geometry":{"type":"LineString","coordinates":[[-71.10377,42.34701],[-71.10372,42.34701],[-71.10368,42.34701],[-71.10363,42.34702],[-71.1036,42.34702],[-71.10342,42.34706],[-71.1034,42.34707],[-71.10338,42.34708],[-71.10337,42.3471],[-71.10335,42.34711],[-71.10333,42.34713]]},"properties":{"lts":1,"name":"Beacon Street","osmId":1482116237}},{"type":"Feature","geometry":{"type":"LineString","coordinates":[[-71.10377,42.34701],[-71.1041,42.34692]]},"properties":{"lts":1,"name":"Beacon Street","osmId":1482116238}},{"type":"Feature","geometry":{"type":"LineString","coordinates":[[-71.10506,42.34671],[-71.10519,42.34668]]},"properties":{"lts":1,"name":"Beacon Street","osmId":1482403883}},{"type":"Feature","geometry":{"type":"LineString","coordinates":[[-71.08878,42.3471],[-71.08879,42.3471],[-71.08881,42.34709],[-71.08882,42.34709],[-71.08884,42.34708],[-71.08886,42.34707],[-71.08918,42.34698],[-71.08922,42.34689]]},"properties":{"lts":1,"name":"Boylston Street","osmId":1483670061}},{"type":"Feature","geometry":{"type":"LineString","coordinates":[[-71.08861,42.34715],[-71.0887,42.34712],[-71.08878,42.3471]]},"properties":{"lts":1,"name":"Boylston Street","osmId":1483670062}},{"type":"Feature","geometry":{"type":"LineString","coordinates":[[-71.07307,42.34763],[-71.07302,42.34766]]},"properties":{"lts":3,"name":"Columbus Avenue","osmId":1483674981}},{"type":"Feature","geometry":{"type":"LineString","coordinates":[[-71.08558,42.34788],[-71.08554,42.34779],[-71.08552,42.34775],[-71.0855,42.34771],[-71.08534,42.34739]]},"properties":{"lts":2,"name":"Dalton Street","osmId":1484173688}},{"type":"Feature","geometry":{"type":"LineString","coordinates":[[-71.0512,42.3506],[-71.05115,42.35056],[-71.05102,42.35047],[-71.05093,42.35042]]},"properties":{"lts":1,"name":"Summer Street","osmId":1487510238}},{"type":"Feature","geometry":{"type":"LineString","coordinates":[[-71.04217,42.34635],[-71.04223,42.34643],[-71.04225,42.34645],[-71.04244,42.34655],[-71.0426,42.34664],[-71.04274,42.34671],[-71.04312,42.34691],[-71.04319,42.34694],[-71.04334,42.34702],[-71.04348,42.34708],[-71.0436,42.34715],[-71.04362,42.34716],[-71.04375,42.34717]]},"properties":{"lts":1,"name":"Summer Street","osmId":1487510239}},{"type":"Feature","geometry":{"type":"LineString","coordinates":[[-71.04759,42.34906],[-71.04768,42.34917]]},"properties":{"lts":1,"name":"Summer Street","osmId":1487510241}},{"type":"Feature","geometry":{"type":"LineString","coordinates":[[-71.04782,42.349],[-71.04758,42.34896]]},"properties":{"lts":1,"name":"Summer Street","osmId":1487510242}},{"type":"Feature","geometry":{"type":"LineString","coordinates":[[-71.07734,42.38579],[-71.0773,42.38572],[-71.07669,42.38547]]},"properties":{"lts":1,"name":"Maffa Way","osmId":1489035314}},{"type":"Feature","geometry":{"type":"LineString","coordinates":[[-71.07669,42.38547],[-71.07656,42.38541],[-71.07638,42.3853],[-71.07618,42.38518],[-71.07615,42.38518],[-71.07606,42.38516]]},"properties":{"lts":1,"name":"Maffa Way","osmId":1489035315}},{"type":"Feature","geometry":{"type":"LineString","coordinates":[[-71.07567,42.38543],[-71.07573,42.38546],[-71.07579,42.3855],[-71.0758,42.38551],[-71.07582,42.38553],[-71.07601,42.38569],[-71.07602,42.3857],[-71.07603,42.38572]]},"properties":{"lts":1,"name":"Main Street","osmId":1489035323}},{"type":"Feature","geometry":{"type":"LineString","coordinates":[[-71.07565,42.38536],[-71.07567,42.38543]]},"properties":{"lts":1,"name":"Main Street","osmId":1489035324}},{"type":"Feature","geometry":{"type":"LineString","coordinates":[[-71.04755,42.34162],[-71.04739,42.34176]]},"properties":{"lts":1,"name":"D Street","osmId":1490428263}},{"type":"Feature","geometry":{"type":"LineString","coordinates":[[-71.04935,42.34232],[-71.04897,42.34208],[-71.04894,42.34205],[-71.04891,42.34203],[-71.04887,42.34201],[-71.04884,42.34199],[-71.04881,42.34196],[-71.04878,42.34194],[-71.04872,42.34189],[-71.04869,42.34186],[-71.04866,42.34184],[-71.04861,42.34179],[-71.04855,42.34173],[-71.04849,42.34169],[-71.04844,42.34164],[-71.04838,42.34159],[-71.04832,42.34153],[-71.04827,42.34148],[-71.04824,42.34146],[-71.0481,42.34133],[-71.04809,42.34131],[-71.04793,42.34129]]},"properties":{"lts":1,"name":"New Cypher Street","osmId":1490428265}},{"type":"Feature","geometry":{"type":"LineString","coordinates":[[-71.04945,42.34238],[-71.0494,42.34235],[-71.04935,42.34232]]},"properties":{"lts":1,"name":"New Cypher Street","osmId":1490428266}},{"type":"Feature","geometry":{"type":"LineString","coordinates":[[-71.05095,42.36369],[-71.05095,42.36365]]},"properties":{"lts":1,"name":"Commercial Street","osmId":1491083780}},{"type":"Feature","geometry":{"type":"LineString","coordinates":[[-71.05095,42.36365],[-71.05094,42.3636]]},"properties":{"lts":1,"name":"Atlantic Avenue","osmId":1491083781}},{"type":"Feature","geometry":{"type":"LineString","coordinates":[[-71.05096,42.36414],[-71.05096,42.36412],[-71.05096,42.3641],[-71.05095,42.36369]]},"properties":{"lts":1,"name":"Commercial Street","osmId":1491084449}},{"type":"Feature","geometry":{"type":"LineString","coordinates":[[-71.05097,42.36422],[-71.05096,42.36419],[-71.05096,42.36414]]},"properties":{"lts":1,"name":"Commercial Street","osmId":1491084450}},{"type":"Feature","geometry":{"type":"LineString","coordinates":[[-71.10466,42.34682],[-71.10488,42.34676],[-71.10493,42.34675],[-71.10494,42.34674],[-71.10506,42.34671]]},"properties":{"lts":1,"name":"Beacon Street","osmId":1495983078}},{"type":"Feature","geometry":{"type":"LineString","coordinates":[[-71.10333,42.34713],[-71.10338,42.34714],[-71.10342,42.34714],[-71.10346,42.34713],[-71.10355,42.34711],[-71.10364,42.34708],[-71.10369,42.34706],[-71.10374,42.34703],[-71.10377,42.34701]]},"properties":{"lts":1,"name":"Beacon Street","osmId":1495983079}},{"type":"Feature","geometry":{"type":"LineString","coordinates":[]},"properties":{"lts":1,"name":"South Huntington Avenue","osmId":1497141088}},{"type":"Feature","geometry":{"type":"LineString","coordinates":[]},"properties":{"lts":1,"name":"Dudley Street","osmId":1497533435}},{"type":"Feature","geometry":{"type":"LineString","coordinates":[]},"properties":{"lts":3,"name":"Poplar Street","osmId":1497540145}},{"type":"Feature","geometry":{"type":"LineString","coordinates":[[-71.1232,42.36896],[-71.12292,42.36929]]},"properties":{"lts":2,"name":"John F. Kennedy Street","osmId":8616047}},{"type":"Feature","geometry":{"type":"LineString","coordinates":[[-71.12974,42.34885],[-71.12978,42.3489],[-71.12989,42.34905],[-71.12991,42.34907],[-71.13003,42.34921],[-71.13011,42.34931],[-71.13021,42.34939],[-71.13036,42.34954],[-71.13052,42.3497],[-71.13058,42.34976],[-71.13064,42.34983],[-71.13067,42.34986],[-71.13081,42.35007],[-71.13084,42.3501],[-71.13087,42.35016]]},"properties":{"lts":2,"name":"Harvard Avenue","osmId":8636516}},{"type":"Feature","geometry":{"type":"LineString","coordinates":[[-71.08906,42.34888],[-71.08873,42.34889],[-71.08868,42.34889],[-71.08863,42.34889],[-71.08858,42.3489],[-71.08852,42.34891]]},"properties":{"lts":3,"name":"Commonwealth Avenue","osmId":8636520}},{"type":"Feature","geometry":{"type":"LineString","coordinates":[[-71.06431,42.37546],[-71.06422,42.37533],[-71.06403,42.37505],[-71.06399,42.37499],[-71.06372,42.37458],[-71.06352,42.37431],[-71.06325,42.37404],[-71.06323,42.37402],[-71.06318,42.37397],[-71.06314,42.37395],[-71.06309,42.37392],[-71.06261,42.37364],[-71.06246,42.37353],[-71.0623,42.37341],[-71.06227,42.37339],[-71.06225,42.37337],[-71.06219,42.37328],[-71.06196,42.37298]]},"properties":{"lts":3,"name":"Main Street","osmId":8636691}},{"type":"Feature","geometry":{"type":"LineString","coordinates":[[-71.08403,42.33204],[-71.08397,42.332],[-71.08367,42.33177],[-71.08352,42.33166],[-71.08334,42.33152],[-71.08312,42.33135],[-71.08283,42.33113],[-71.08274,42.33105]]},"properties":{"lts":3,"name":"Ruggles Street","osmId":8636726}},{"type":"Feature","geometry":{"type":"LineString","coordinates":[[-71.00777,42.387],[-71.00782,42.38702],[-71.00786,42.38704],[-71.00789,42.38705],[-71.00791,42.38707],[-71.00793,42.38708]]},"properties":{"lts":3,"name":"Saratoga Street","osmId":8636852}},{"type":"Feature","geometry":{"type":"LineString","coordinates":[[-71.09716,42.34879],[-71.09695,42.34877],[-71.09686,42.34876],[-71.09673,42.34877]]},"properties":{"lts":3,"name":"Commonwealth Avenue","osmId":8637705}},{"type":"Feature","geometry":{"type":"LineString","coordinates":[[-71.16336,42.3339],[-71.16306,42.33394],[-71.16292,42.33395],[-71.16282,42.33396]]},"properties":{"lts":2,"name":"Beacon Street","osmId":8637707}},{"type":"Feature","geometry":{"type":"LineString","coordinates":[[-71.16232,42.33396],[-71.16224,42.33396],[-71.16213,42.33395],[-71.162,42.33393],[-71.16187,42.33391],[-71.16172,42.33388],[-71.16158,42.33385],[-71.16145,42.33382],[-71.16132,42.33378],[-71.1613,42.33377],[-71.16119,42.33374],[-71.16106,42.33369],[-71.16092,42.33363],[-71.1608,42.33357],[-71.16016,42.33326],[-71.16001,42.33319],[-71.15989,42.33312],[-71.15982,42.33309],[-71.15978,42.33306],[-71.15967,42.333],[-71.15956,42.33293],[-71.15947,42.33286],[-71.15939,42.3328],[-71.1593,42.33273],[-71.15919,42.33264],[-71.1591,42.33255],[-71.159,42.33246],[-71.15887,42.33232],[-71.15882,42.33227],[-71.15865,42.33211],[-71.15857,42.33203],[-71.15849,42.33196],[-71.15842,42.33191],[-71.15833,42.33185],[-71.15824,42.3318],[-71.15816,42.33176],[-71.15806,42.33172],[-71.15804,42.33171],[-71.15795,42.33168],[-71.15784,42.33165],[-71.15773,42.33163],[-71.15763,42.33161]]},"properties":{"lts":2,"name":"Beacon Street","osmId":8637716}},{"type":"Feature","geometry":{"type":"LineString","coordinates":[[-71.05425,42.35408],[-71.05447,42.35397],[-71.05463,42.35389],[-71.05483,42.35378],[-71.05567,42.35333],[-71.05571,42.35331],[-71.05574,42.35329],[-71.05575,42.35328],[-71.05577,42.35326],[-71.05579,42.35325],[-71.05581,42.35323],[-71.05584,42.3532],[-71.05587,42.35317],[-71.05591,42.35313],[-71.05595,42.35311],[-71.05598,42.35308],[-71.05602,42.35305],[-71.05605,42.35303],[-71.0561,42.353],[-71.05613,42.35298],[-71.05618,42.35296],[-71.05626,42.35292]]},"properties":{"lts":3,"name":"Purchase Street","osmId":8638390}},{"type":"Feature","geometry":{"type":"LineString","coordinates":[[-71.0886,42.31997],[-71.08835,42.31987],[-71.0881,42.31977],[-71.08769,42.31959],[-71.08742,42.31948],[-71.08677,42.31925],[-71.08675,42.31925]]},"properties":{"lts":3,"name":"Martin Luther King Jr Boulevard","osmId":8638423}},{"type":"Feature","geometry":{"type":"LineString","coordinates":[[-71.0821,42.31804],[-71.08225,42.31809],[-71.08375,42.31851],[-71.08377,42.31852],[-71.08472,42.31879],[-71.08485,42.31883]]},"properties":{"lts":3,"name":"Martin Luther King Jr Boulevard","osmId":8638427}},{"type":"Feature","geometry":{"type":"LineString","coordinates":[[-71.107,42.31048],[-71.10711,42.31052],[-71.1076,42.31073],[-71.10767,42.31076]]},"properties":{"lts":2,"name":"Green Street","osmId":8638466}},{"type":"Feature","geometry":{"type":"LineString","coordinates":[[-71.03917,42.37714],[-71.03917,42.3772],[-71.03918,42.37759],[-71.03919,42.37783]]},"properties":{"lts":2,"name":"Meridian Street","osmId":8638481}},{"type":"Feature","geometry":{"type":"LineString","coordinates":[[-71.10489,42.31703],[-71.10498,42.31703],[-71.10501,42.31703],[-71.10505,42.31703],[-71.1051,42.31702],[-71.10536,42.31697],[-71.10542,42.31696],[-71.10554,42.31695],[-71.10561,42.31694],[-71.10567,42.31693],[-71.10573,42.31693],[-71.10579,42.31694],[-71.10586,42.31695],[-71.10594,42.31697],[-71.10602,42.31699],[-71.10609,42.31701],[-71.10616,42.31703],[-71.10624,42.31706],[-71.10631,42.31709],[-71.10638,42.31712],[-71.10662,42.31724],[-71.10668,42.31727]]},"properties":{"lts":2,"name":"Boylston Street","osmId":8638967}},{"type":"Feature","geometry":{"type":"LineString","coordinates":[[-71.14313,42.34389],[-71.14318,42.34383],[-71.14325,42.34373],[-71.1435,42.34339],[-71.14361,42.34324],[-71.14365,42.34318],[-71.1437,42.34313],[-71.14388,42.34295],[-71.14405,42.3428],[-71.14422,42.34267],[-71.14445,42.34251],[-71.14464,42.3424],[-71.14489,42.34227],[-71.14514,42.34216],[-71.14539,42.34207],[-71.14563,42.34199],[-71.14576,42.34196],[-71.14593,42.34192],[-71.14605,42.3419],[-71.1462,42.34186],[-71.14643,42.34183],[-71.14669,42.3418],[-71.14682,42.3418],[-71.14701,42.3418],[-71.14711,42.34179],[-71.14729,42.3418],[-71.14759,42.3418],[-71.14807,42.34182],[-71.14835,42.34182],[-71.14853,42.34183],[-71.14862,42.34182],[-71.14868,42.34181],[-71.14881,42.3418],[-71.14885,42.34179],[-71.14902,42.34176],[-71.14929,42.34169],[-71.14966,42.34158],[-71.14997,42.34147],[-71.15026,42.34134],[-71.15039,42.34126],[-71.15042,42.34123],[-71.15046,42.34118],[-71.15048,42.34112],[-71.1505,42.34104]]},"properties":{"lts":2,"name":"Commonwealth Avenue","osmId":8639453}},{"type":"Feature","geometry":{"type":"LineString","coordinates":[[-71.04215,42.3462],[-71.04205,42.34615],[-71.04192,42.34608],[-71.04187,42.34606],[-71.04183,42.34603],[-71.04175,42.34598],[-71.04087,42.34541],[-71.04081,42.34537],[-71.04074,42.34533],[-71.04068,42.34529],[-71.04052,42.34517],[-71.04043,42.34511]]},"properties":{"lts":2,"name":"Summer Street","osmId":8639497}},{"type":"Feature","geometry":{"type":"LineString","coordinates":[[-71.08034,42.27895],[-71.08017,42.27875],[-71.07987,42.27856],[-71.07985,42.27854],[-71.07968,42.27845],[-71.07952,42.27838]]},"properties":{"lts":3,"name":"Morton Street","osmId":8639600}},{"type":"Feature","geometry":{"type":"LineString","coordinates":[[-71.12376,42.36829],[-71.12364,42.36843]]},"properties":{"lts":2,"name":"North Harvard Street","osmId":8640108}},{"type":"Feature","geometry":{"type":"LineString","coordinates":[[-71.05206,42.35525],[-71.0521,42.35521],[-71.05214,42.35518],[-71.05218,42.35515],[-71.05224,42.3551],[-71.05228,42.35507],[-71.05234,42.35502],[-71.05241,42.35498],[-71.05248,42.35494],[-71.05255,42.3549],[-71.05263,42.35486],[-71.05276,42.35481],[-71.05285,42.35476],[-71.05324,42.35458],[-71.05334,42.35453]]},"properties":{"lts":3,"name":"Purchase Street","osmId":8640122}},{"type":"Feature","geometry":{"type":"LineString","coordinates":[[-71.10132,42.33298],[-71.10128,42.33304],[-71.10103,42.33343],[-71.10078,42.33382],[-71.10071,42.33393],[-71.10053,42.33421],[-71.10049,42.33428],[-71.10043,42.33438],[-71.10036,42.33447],[-71.10008,42.33493],[-71.10006,42.33496],[-71.1,42.33505]]},"properties":{"lts":2,"name":"Saint Alphonsus Street","osmId":8640131}},{"type":"Feature","geometry":{"type":"LineString","coordinates":[[-71.0532,42.36055],[-71.05313,42.3605],[-71.05307,42.36045],[-71.05301,42.3604],[-71.05296,42.36036],[-71.05292,42.36032],[-71.05287,42.36028],[-71.05283,42.36023],[-71.05278,42.36018],[-71.05275,42.36014],[-71.05271,42.36009],[-71.05267,42.36004],[-71.05264,42.35999],[-71.0526,42.35994],[-71.05258,42.35991],[-71.05256,42.35987],[-71.05254,42.35983],[-71.05252,42.35979],[-71.0525,42.35974],[-71.05248,42.3597],[-71.05246,42.35964],[-71.05243,42.35954]]},"properties":{"lts":3,"name":"John F. Fitzgerald Surface Road","osmId":8640148}},{"type":"Feature","geometry":{"type":"LineString","coordinates":[[-71.07377,42.34283],[-71.07373,42.34273],[-71.07372,42.34271],[-71.0737,42.34269],[-71.07362,42.34261],[-71.07347,42.34249],[-71.07341,42.34244],[-71.07322,42.34229],[-71.07297,42.34207],[-71.07289,42.342],[-71.07274,42.34188],[-71.07257,42.34174],[-71.07215,42.34139],[-71.07212,42.34136],[-71.07205,42.34131],[-71.07199,42.34126],[-71.07196,42.34123],[-71.07181,42.3411],[-71.0718,42.34109],[-71.07178,42.34109],[-71.07177,42.34108],[-71.07175,42.34107],[-71.07173,42.34107],[-71.07171,42.34106],[-71.07168,42.34105],[-71.07126,42.34095]]},"properties":{"lts":2,"name":"West Dedham Street","osmId":8640321}},{"type":"Feature","geometry":{"type":"LineString","coordinates":[[-71.05172,42.32263],[-71.05175,42.32269],[-71.05176,42.32271],[-71.0518,42.32279],[-71.05181,42.32282],[-71.05185,42.3229],[-71.05186,42.32292],[-71.0519,42.32304],[-71.05194,42.32314],[-71.05201,42.32333],[-71.05207,42.32355],[-71.05208,42.32358],[-71.05209,42.32365],[-71.05211,42.32375],[-71.05215,42.32395]]},"properties":{"lts":3,"name":"Columbia Road","osmId":8640426}},{"type":"Feature","geometry":{"type":"LineString","coordinates":[[-71.05281,42.36093],[-71.05286,42.36097],[-71.05293,42.36101],[-71.05297,42.36104],[-71.05304,42.36108],[-71.05312,42.36112],[-71.05318,42.36116],[-71.05322,42.36118],[-71.0533,42.36123],[-71.05362,42.3614],[-71.05392,42.36156],[-71.05448,42.36184],[-71.05453,42.36186],[-71.05482,42.362],[-71.05492,42.36206],[-71.05503,42.36212],[-71.05518,42.3622],[-71.05564,42.36245],[-71.05571,42.36249],[-71.05581,42.36255]]},"properties":{"lts":3,"name":"Cross Street","osmId":8641399}},{"type":"Feature","geometry":{"type":"LineString","coordinates":[[-71.15134,42.33641],[-71.15129,42.33634],[-71.15124,42.33628],[-71.15114,42.33617],[-71.15111,42.33615],[-71.15101,42.33603],[-71.15089,42.33591]]},"properties":{"lts":3,"name":"Chestnut Hill Avenue","osmId":8641408}},{"type":"Feature","geometry":{"type":"LineString","coordinates":[[-71.15089,42.33591],[-71.15083,42.33591],[-71.15068,42.33589],[-71.15054,42.33588],[-71.1504,42.33587],[-71.15036,42.33586],[-71.15034,42.33586],[-71.15028,42.33586],[-71.15021,42.33586],[-71.15015,42.33587],[-71.15007,42.33589],[-71.14993,42.33592]]},"properties":{"lts":3,"name":"Beacon Street","osmId":8641460}},{"type":"Feature","geometry":{"type":"LineString","coordinates":[[-71.0396,42.34913],[-71.03969,42.349],[-71.03998,42.34862],[-71.0401,42.34845],[-71.04027,42.34823],[-71.04028,42.34822],[-71.04036,42.34811]]},"properties":{"lts":3,"name":"D Street","osmId":8641654}},{"type":"Feature","geometry":{"type":"LineString","coordinates":[[-71.05151,42.35668],[-71.0515,42.35659],[-71.0515,42.35651],[-71.0515,42.35645],[-71.0515,42.3564],[-71.0515,42.35634],[-71.05151,42.35627],[-71.05151,42.35623],[-71.05152,42.35619],[-71.05153,42.35612],[-71.05155,42.35606],[-71.05156,42.35599],[-71.05158,42.35593],[-71.0516,42.35588],[-71.05162,42.35583],[-71.05164,42.35578],[-71.05166,42.35574],[-71.05168,42.35571],[-71.0517,42.35567],[-71.05173,42.35563],[-71.05174,42.35561],[-71.05176,42.35558],[-71.05178,42.35556],[-71.0518,42.35553],[-71.05181,42.35551],[-71.05184,42.35548],[-71.05187,42.35545],[-71.05189,42.35542],[-71.05195,42.35535],[-71.05198,42.35532],[-71.05206,42.35525]]},"properties":{"lts":3,"name":"Purchase Street","osmId":8641806}},{"type":"Feature","geometry":{"type":"LineString","coordinates":[[-71.14457,42.28825],[-71.14436,42.28829],[-71.14433,42.2883],[-71.14407,42.28836],[-71.14386,42.28841],[-71.14371,42.28844],[-71.14346,42.2885],[-71.14326,42.28854],[-71.14316,42.28857],[-71.14308,42.28859],[-71.143,42.28863],[-71.14294,42.28866],[-71.14287,42.28869],[-71.14281,42.28873],[-71.14277,42.28876],[-71.14274,42.28878],[-71.14269,42.28882],[-71.14264,42.28886],[-71.14255,42.28893],[-71.14233,42.28913],[-71.14204,42.28936],[-71.14201,42.28939]]},"properties":{"lts":2,"name":"Centre Street","osmId":8641955}},{"type":"Feature","geometry":{"type":"LineString","coordinates":[[-71.09212,42.30996],[-71.09226,42.31006],[-71.09248,42.31023],[-71.09262,42.31035],[-71.09276,42.31048],[-71.09289,42.31061],[-71.09297,42.3107],[-71.09306,42.31083],[-71.09315,42.31098],[-71.09322,42.31112],[-71.09327,42.31125],[-71.09333,42.31143],[-71.09337,42.31158],[-71.09341,42.31178],[-71.09346,42.31207],[-71.09348,42.31218],[-71.09351,42.31224],[-71.09356,42.31236],[-71.09362,42.31246],[-71.0937,42.31256],[-71.09379,42.31266],[-71.09388,42.31274],[-71.09398,42.3128]]},"properties":{"lts":3,"name":"Seaver Street","osmId":8641994}},{"type":"Feature","geometry":{"type":"LineString","coordinates":[[-71.09403,42.30525],[-71.09442,42.30542],[-71.09464,42.30554],[-71.09503,42.3058]]},"properties":{"lts":1,"name":"Pierpont Road","osmId":8642184}},{"type":"Feature","geometry":{"type":"LineString","coordinates":[[-71.05829,42.36453],[-71.0583,42.36457],[-71.05831,42.36462],[-71.05833,42.36466],[-71.05835,42.3647],[-71.05838,42.36475]]},"properties":{"lts":3,"name":"North Washington Street","osmId":8643638}},{"type":"Feature","geometry":{"type":"LineString","coordinates":[[-71.07867,42.3477],[-71.0786,42.34774],[-71.07851,42.34778],[-71.07846,42.34781],[-71.07839,42.34784],[-71.0783,42.34787],[-71.07817,42.3479],[-71.07806,42.34793],[-71.07794,42.34797]]},"properties":{"lts":3,"name":"Stuart Street","osmId":8643650}},{"type":"Feature","geometry":{"type":"LineString","coordinates":[[-71.12897,42.28568],[-71.12892,42.2856],[-71.12891,42.28558],[-71.12882,42.28533],[-71.12875,42.28509],[-71.12873,42.28504],[-71.12871,42.28498],[-71.12868,42.28486],[-71.12867,42.28481],[-71.12856,42.28443],[-71.1285,42.28421],[-71.1285,42.2842],[-71.12848,42.28415],[-71.12832,42.28367],[-71.12828,42.28356],[-71.12826,42.2835],[-71.12812,42.28306],[-71.12812,42.28306],[-71.12805,42.28289],[-71.12797,42.28273],[-71.12794,42.28267]]},"properties":{"lts":3,"name":"Poplar Street","osmId":8643777}},{"type":"Feature","geometry":{"type":"LineString","coordinates":[[-71.03958,42.37541],[-71.03961,42.37539],[-71.03963,42.37539],[-71.03965,42.37538],[-71.03967,42.37538],[-71.03969,42.37538],[-71.0397,42.37538],[-71.03972,42.37539]]},"properties":{"lts":3,"name":"Central Square North","osmId":8643845}},{"type":"Feature","geometry":{"type":"LineString","coordinates":[[-71.16755,42.3512],[-71.1675,42.35122],[-71.16748,42.35123],[-71.16742,42.35125],[-71.16682,42.35147],[-71.16671,42.35151],[-71.16663,42.35154],[-71.16658,42.35155],[-71.16646,42.35159],[-71.1651,42.35199]]},"properties":{"lts":2,"name":"Faneuil Street","osmId":8643994}},{"type":"Feature","geometry":{"type":"LineString","coordinates":[[-71.13005,42.35663],[-71.13158,42.35606]]},"properties":{"lts":3,"name":"Cambridge Street","osmId":8644374}},{"type":"Feature","geometry":{"type":"LineString","coordinates":[[-71.14815,42.28737],[-71.14818,42.28733],[-71.14821,42.28729],[-71.14825,42.28725],[-71.14828,42.28722],[-71.14829,42.28722],[-71.14832,42.28719],[-71.14836,42.28717],[-71.14842,42.28716],[-71.14848,42.28714]]},"properties":{"lts":3,"name":"Centre Street","osmId":8644546}},{"type":"Feature","geometry":{"type":"LineString","coordinates":[[-71.09177,42.28356],[-71.09181,42.28345],[-71.09186,42.28332],[-71.09189,42.28321],[-71.0921,42.28258],[-71.09213,42.28249],[-71.09246,42.2815],[-71.09251,42.28134],[-71.09265,42.28093]]},"properties":{"lts":3,"name":"Blue Hill Avenue","osmId":8644670}},{"type":"Feature","geometry":{"type":"LineString","coordinates":[[-71.05752,42.32037],[-71.05766,42.32032],[-71.0578,42.32027],[-71.05793,42.32023],[-71.05807,42.32019],[-71.05814,42.32017],[-71.05821,42.32015],[-71.05835,42.32012],[-71.05849,42.3201],[-71.05863,42.32007],[-71.05877,42.32005],[-71.05893,42.32004],[-71.05906,42.32003],[-71.05921,42.32002],[-71.05936,42.32001],[-71.05952,42.32001],[-71.05953,42.32001],[-71.05969,42.32002]]},"properties":{"lts":2,"name":"Columbia Road","osmId":8644673}},{"type":"Feature","geometry":{"type":"LineString","coordinates":[[-71.10733,42.31],[-71.10742,42.31004],[-71.10796,42.31023],[-71.10804,42.31026]]},"properties":{"lts":2,"name":"Gordon Street","osmId":8644690}},{"type":"Feature","geometry":{"type":"LineString","coordinates":[[-71.0936,42.27017],[-71.0936,42.27035],[-71.09359,42.27052],[-71.09356,42.2715],[-71.09356,42.27156],[-71.09356,42.27165],[-71.09355,42.27186]]},"properties":{"lts":3,"name":"Blue Hill Avenue","osmId":8644711}},{"type":"Feature","geometry":{"type":"LineString","coordinates":[[-71.05703,42.33372],[-71.05699,42.33373],[-71.05696,42.33373],[-71.05692,42.33374],[-71.05688,42.33375],[-71.05685,42.33377],[-71.05682,42.33379],[-71.05638,42.33416],[-71.05567,42.33476],[-71.05559,42.33482],[-71.05547,42.33491],[-71.05542,42.33496],[-71.05539,42.33498],[-71.0553,42.33505],[-71.05522,42.33512]]},"properties":{"lts":2,"name":"D Street","osmId":8644715}},{"type":"Feature","geometry":{"type":"LineString","coordinates":[[-71.16212,42.34638],[-71.16202,42.34651],[-71.16171,42.34696],[-71.16168,42.34701],[-71.16166,42.34703],[-71.16154,42.34723],[-71.16132,42.34756],[-71.16129,42.34761],[-71.16084,42.34835],[-71.16055,42.34879],[-71.16053,42.34882],[-71.16046,42.34892]]},"properties":{"lts":3,"name":"Lake Street","osmId":8644753}},{"type":"Feature","geometry":{"type":"LineString","coordinates":[[-71.02887,42.36576],[-71.02912,42.36587],[-71.02923,42.36592],[-71.03022,42.36636],[-71.03055,42.3665],[-71.03066,42.36654],[-71.03156,42.36694],[-71.03202,42.36714],[-71.0322,42.36722],[-71.03266,42.36742],[-71.03325,42.36767],[-71.0334,42.36774],[-71.03399,42.368],[-71.03466,42.36829],[-71.03474,42.36832],[-71.03547,42.36864],[-71.03552,42.36866],[-71.03608,42.36891],[-71.03617,42.36895],[-71.03624,42.36897],[-71.03636,42.36903],[-71.03692,42.36928],[-71.03701,42.36931],[-71.03707,42.36934],[-71.03754,42.36954]]},"properties":{"lts":3,"name":"Maverick Street","osmId":8644864}},{"type":"Feature","geometry":{"type":"LineString","coordinates":[[-71.08379,42.34201],[-71.08375,42.34194],[-71.0837,42.34189],[-71.08363,42.34183],[-71.08342,42.34169],[-71.0833,42.34161]]},"properties":{"lts":3,"name":"Massachusetts Avenue","osmId":8644910}},{"type":"Feature","geometry":{"type":"LineString","coordinates":[[-71.06133,42.36087],[-71.06128,42.36086],[-71.06114,42.36081],[-71.06112,42.3608],[-71.06108,42.36078],[-71.06104,42.36077],[-71.06101,42.36076],[-71.06095,42.36073],[-71.06089,42.3607],[-71.06082,42.36067],[-71.06076,42.36063],[-71.06071,42.3606],[-71.06066,42.36057],[-71.0606,42.36053],[-71.06054,42.36049],[-71.06049,42.36046],[-71.06043,42.36041],[-71.06034,42.36032],[-71.06028,42.36027],[-71.06023,42.36022],[-71.06018,42.36016],[-71.06013,42.3601],[-71.06009,42.36003],[-71.06004,42.35996],[-71.05998,42.35986],[-71.05995,42.3598],[-71.05993,42.35976],[-71.05992,42.35972],[-71.0599,42.35967],[-71.05988,42.35963]]},"properties":{"lts":3,"name":"Cambridge Street","osmId":8644957}},{"type":"Feature","geometry":{"type":"LineString","coordinates":[[-71.11486,42.29798],[-71.115,42.29803],[-71.11541,42.29819]]},"properties":{"lts":3,"name":"Ukraine Way","osmId":8645238}},{"type":"Feature","geometry":{"type":"LineString","coordinates":[[-71.0526,42.32919],[-71.05259,42.32894],[-71.05257,42.32862]]},"properties":{"lts":3,"name":"Old Colony Avenue","osmId":8645270}},{"type":"Feature","geometry":{"type":"LineString","coordinates":[[-71.10668,42.31727],[-71.10673,42.31729],[-71.10708,42.31748],[-71.10711,42.31749],[-71.10716,42.31752],[-71.10731,42.31759],[-71.1074,42.31763],[-71.10766,42.31775],[-71.10786,42.31783],[-71.10798,42.31788],[-71.10802,42.3179],[-71.10806,42.31791],[-71.10838,42.318],[-71.10846,42.31803],[-71.10865,42.31807],[-71.10869,42.31809],[-71.10889,42.31817],[-71.10928,42.31833],[-71.10936,42.31836],[-71.10942,42.31839],[-71.11018,42.31871],[-71.11027,42.31875],[-71.11034,42.31878],[-71.11037,42.3188],[-71.11041,42.31881],[-71.11047,42.31885],[-71.11057,42.3189],[-71.11066,42.31895],[-71.11155,42.31949],[-71.11158,42.3195],[-71.11162,42.31952],[-71.11166,42.31954]]},"properties":{"lts":2,"name":"Boylston Street","osmId":8645297}},{"type":"Feature","geometry":{"type":"LineString","coordinates":[[-71.06123,42.35182],[-71.06117,42.35157],[-71.06117,42.35155],[-71.06119,42.35148]]},"properties":{"lts":2,"name":"Harrison Avenue","osmId":8645303}},{"type":"Feature","geometry":{"type":"LineString","coordinates":[[-71.06765,42.27228],[-71.06748,42.27229],[-71.06747,42.27229],[-71.0674,42.27229],[-71.06735,42.2723],[-71.06724,42.2723],[-71.06715,42.27231],[-71.06712,42.27231],[-71.06701,42.27232],[-71.067,42.27232],[-71.06682,42.27233],[-71.06674,42.27234],[-71.06667,42.27235],[-71.06662,42.27235],[-71.06659,42.27236],[-71.06656,42.27237],[-71.06649,42.27239],[-71.06637,42.27243],[-71.06611,42.27253],[-71.06537,42.27279],[-71.06451,42.27309],[-71.06442,42.27313],[-71.06434,42.27316],[-71.06425,42.27319],[-71.06417,42.27323],[-71.06415,42.27324],[-71.0641,42.27326],[-71.06401,42.27331],[-71.06392,42.27336],[-71.06384,42.2734],[-71.06375,42.27345],[-71.06367,42.27351],[-71.06359,42.27356],[-71.06351,42.27362],[-71.06321,42.27385],[-71.06304,42.27398],[-71.06292,42.27408],[-71.06282,42.27417],[-71.06274,42.27425],[-71.06267,42.27432],[-71.0626,42.2744],[-71.06253,42.27448],[-71.06216,42.27492],[-71.06209,42.275],[-71.06203,42.27506],[-71.06196,42.27513],[-71.06188,42.27521]]},"properties":{"lts":2,"name":"Adams Street","osmId":8645561}},{"type":"Feature","geometry":{"type":"LineString","coordinates":[[-71.11241,42.25821],[-71.11296,42.25797],[-71.11309,42.25791],[-71.11323,42.25784],[-71.11334,42.25777],[-71.11341,42.25773],[-71.11348,42.25769],[-71.11357,42.25763],[-71.11368,42.25756],[-71.11378,42.25748],[-71.11389,42.2574],[-71.114,42.25732],[-71.11409,42.25724],[-71.11418,42.25716],[-71.11427,42.25707],[-71.1151,42.25625],[-71.11518,42.25616],[-71.11526,42.25608],[-71.11627,42.25496]]},"properties":{"lts":3,"name":"Truman Parkway","osmId":8645796}},{"type":"Feature","geometry":{"type":"LineString","coordinates":[[-71.088,42.29494],[-71.08784,42.29491]]},"properties":{"lts":2,"name":"Talbot Avenue","osmId":8646009}},{"type":"Feature","geometry":{"type":"LineString","coordinates":[[-71.06993,42.35015],[-71.06983,42.35016],[-71.06974,42.35018],[-71.06965,42.35021],[-71.06944,42.35027],[-71.06933,42.35031],[-71.06877,42.35047],[-71.06874,42.35048],[-71.06866,42.35051],[-71.06848,42.35056],[-71.06787,42.35072],[-71.06756,42.3508],[-71.06737,42.35083]]},"properties":{"lts":3,"name":"Stuart Street","osmId":8646035}},{"type":"Feature","geometry":{"type":"LineString","coordinates":[[-71.06095,42.37298],[-71.06099,42.37308],[-71.06104,42.37315],[-71.06105,42.37317],[-71.06113,42.37323],[-71.06161,42.37364],[-71.06165,42.37367],[-71.0617,42.37371],[-71.06189,42.37384],[-71.06222,42.37409],[-71.06227,42.37412],[-71.06232,42.37416],[-71.06274,42.37446],[-71.06277,42.37449],[-71.0631,42.37471],[-71.06332,42.37487],[-71.06366,42.37508],[-71.06369,42.3751],[-71.0637,42.37511]]},"properties":{"lts":3,"name":"Warren Street","osmId":8646107}},{"type":"Feature","geometry":{"type":"LineString","coordinates":[[-71.07297,42.38409],[-71.07287,42.38412],[-71.0728,42.38411],[-71.07275,42.38411],[-71.07271,42.3841],[-71.07266,42.38407],[-71.0726,42.38402],[-71.07251,42.38389],[-71.07244,42.38384],[-71.07232,42.38377]]},"properties":{"lts":3,"name":"Main Street","osmId":8646117}},{"type":"Feature","geometry":{"type":"LineString","coordinates":[[-71.08181,42.34542],[-71.08183,42.34545],[-71.08184,42.34548],[-71.08187,42.34552],[-71.08189,42.34554],[-71.08211,42.34568],[-71.08222,42.34574],[-71.08231,42.34578],[-71.08239,42.3458],[-71.08246,42.34581],[-71.08256,42.34583],[-71.08279,42.34585],[-71.08288,42.34584]]},"properties":{"lts":3,"name":"Belvidere Street","osmId":8646304}},{"type":"Feature","geometry":{"type":"LineString","coordinates":[[-71.12179,42.30867],[-71.12176,42.30867],[-71.12173,42.30867],[-71.12171,42.30867],[-71.12168,42.30867],[-71.12166,42.30867],[-71.12162,42.30867],[-71.1216,42.30868],[-71.12157,42.30868],[-71.12154,42.30869],[-71.12152,42.30869],[-71.12149,42.3087]]},"properties":{"lts":2,"name":"Lieutenant Edward J. Murray Memorial Circle","osmId":8646326}},{"type":"Feature","geometry":{"type":"LineString","coordinates":[[-71.05714,42.34287],[-71.05719,42.34303],[-71.05719,42.34306],[-71.0572,42.34308],[-71.0572,42.34313],[-71.0572,42.34314],[-71.05721,42.34326],[-71.05723,42.34352]]},"properties":{"lts":3,"name":"Dorchester Avenue","osmId":8646341}},{"type":"Feature","geometry":{"type":"LineString","coordinates":[[-71.14564,42.29719],[-71.14566,42.29704],[-71.14571,42.29692],[-71.14574,42.29687],[-71.14576,42.29684],[-71.14581,42.29678]]},"properties":{"lts":3,"name":"West Roxbury Parkway","osmId":8646420}},{"type":"Feature","geometry":{"type":"LineString","coordinates":[[-71.05626,42.35292],[-71.0563,42.3529],[-71.05634,42.35288],[-71.05639,42.35286],[-71.05642,42.35285],[-71.05648,42.35283],[-71.05655,42.35281],[-71.05664,42.35278],[-71.05677,42.35275],[-71.05707,42.35266],[-71.05713,42.35265],[-71.05727,42.35261],[-71.05747,42.35256],[-71.05763,42.35251],[-71.05771,42.35248],[-71.05775,42.35247],[-71.05781,42.35245],[-71.0579,42.35242],[-71.058,42.35238]]},"properties":{"lts":3,"name":"John F. Fitzgerald Surface Road","osmId":8646607}},{"type":"Feature","geometry":{"type":"LineString","coordinates":[[-71.16046,42.34892],[-71.16036,42.34891],[-71.16018,42.3489],[-71.16011,42.3489],[-71.15997,42.3489],[-71.1599,42.34889],[-71.15961,42.34889],[-71.15933,42.3489],[-71.15916,42.34892],[-71.159,42.34893],[-71.15883,42.34895],[-71.15865,42.34898],[-71.1585,42.349],[-71.15824,42.34903],[-71.15812,42.34904],[-71.15802,42.34905],[-71.15785,42.34906],[-71.15739,42.34909],[-71.15727,42.34909],[-71.15708,42.34909]]},"properties":{"lts":2,"name":"Washington Street","osmId":8646618}},{"type":"Feature","geometry":{"type":"LineString","coordinates":[[-71.07597,42.38511],[-71.07545,42.3848],[-71.07526,42.38468],[-71.07519,42.38463]]},"properties":{"lts":3,"name":"Maffa Way","osmId":8646720}},{"type":"Feature","geometry":{"type":"LineString","coordinates":[[-71.12396,42.31934],[-71.1241,42.31928],[-71.12414,42.31927],[-71.12422,42.31924],[-71.12429,42.31922],[-71.12435,42.31919],[-71.12454,42.31912],[-71.12457,42.31911],[-71.1246,42.31909],[-71.12463,42.31908],[-71.12465,42.31907],[-71.12468,42.31906],[-71.12469,42.31905],[-71.12477,42.31902],[-71.12507,42.3189],[-71.12512,42.31888],[-71.12518,42.31886],[-71.12522,42.31885],[-71.12528,42.31883],[-71.12534,42.31882],[-71.12539,42.31881]]},"properties":{"lts":3,"name":"Perkins Street","osmId":8646764}},{"type":"Feature","geometry":{"type":"LineString","coordinates":[[-71.12705,42.35891],[-71.12708,42.35896],[-71.1271,42.35899],[-71.12713,42.35901],[-71.1275,42.3593],[-71.12799,42.35968],[-71.12802,42.35971],[-71.12865,42.36021],[-71.12882,42.36034],[-71.12889,42.36039],[-71.12917,42.36062],[-71.12917,42.36062],[-71.1293,42.36072],[-71.1297,42.36104],[-71.12983,42.36114],[-71.12989,42.36119],[-71.12995,42.36125],[-71.13,42.3613],[-71.13005,42.36134],[-71.1301,42.36139],[-71.13014,42.36145],[-71.13019,42.36151],[-71.13023,42.36156],[-71.13027,42.36161],[-71.1303,42.36166],[-71.13033,42.36171],[-71.13035,42.36176],[-71.13037,42.3618],[-71.13038,42.36185],[-71.1304,42.36189],[-71.1304,42.36193],[-71.13041,42.36198]]},"properties":{"lts":2,"name":"North Harvard Street","osmId":8646768}},{"type":"Feature","geometry":{"type":"LineString","coordinates":[[-71.11418,42.31231],[-71.11407,42.31228],[-71.11376,42.31222],[-71.11341,42.31214],[-71.11327,42.31211],[-71.11277,42.31198],[-71.11267,42.31196],[-71.11245,42.31192],[-71.11226,42.3119],[-71.11222,42.3119],[-71.11214,42.3119],[-71.11208,42.3119],[-71.1119,42.31191],[-71.11174,42.31191],[-71.1117,42.31191],[-71.11153,42.31192],[-71.11148,42.31189],[-71.1114,42.31186],[-71.11124,42.31177],[-71.11078,42.31153],[-71.10999,42.31115],[-71.10987,42.31108],[-71.10958,42.31093],[-71.109,42.31067],[-71.10892,42.31063]]},"properties":{"lts":2,"name":"Seaverns Avenue","osmId":8646829}},{"type":"Feature","geometry":{"type":"LineString","coordinates":[[-71.05334,42.35453],[-71.05342,42.35461],[-71.05396,42.35516],[-71.05398,42.35519],[-71.05403,42.35524]]},"properties":{"lts":3,"name":"Pearl Street","osmId":8646861}},{"type":"Feature","geometry":{"type":"LineString","coordinates":[[-71.05783,42.35883],[-71.05791,42.35885],[-71.05859,42.35899],[-71.05863,42.359]]},"properties":{"lts":3,"name":"Court Street","osmId":8646962}},{"type":"Feature","geometry":{"type":"LineString","coordinates":[[-71.14869,42.28591],[-71.14876,42.28591],[-71.14882,42.2859],[-71.14889,42.28591],[-71.14894,42.28591],[-71.14899,42.28592]]},"properties":{"lts":2,"name":"Belgrade Avenue","osmId":8646969}},{"type":"Feature","geometry":{"type":"LineString","coordinates":[[-71.11663,42.279],[-71.11663,42.27917],[-71.11662,42.27919],[-71.11659,42.27934],[-71.11656,42.27944],[-71.11652,42.27951]]},"properties":{"lts":3,"name":"American Legion Highway","osmId":8647069}},{"type":"Feature","geometry":{"type":"LineString","coordinates":[[-71.10036,42.35033],[-71.10046,42.35034],[-71.10327,42.35061],[-71.10332,42.35061],[-71.10344,42.35061]]},"properties":{"lts":2,"name":"Bay State Road","osmId":8647111}},{"type":"Feature","geometry":{"type":"LineString","coordinates":[[-71.15527,42.34042],[-71.15547,42.34029],[-71.15563,42.34026],[-71.1557,42.34024]]},"properties":{"lts":2,"name":"South Street","osmId":8647182}},{"type":"Feature","geometry":{"type":"LineString","coordinates":[[-71.06119,42.35148],[-71.0612,42.35142],[-71.06123,42.35136],[-71.06128,42.35124],[-71.06132,42.35113],[-71.06138,42.35099],[-71.06144,42.35084],[-71.06149,42.35072],[-71.06149,42.3507],[-71.0615,42.35069],[-71.06152,42.35064]]},"properties":{"lts":3,"name":"Harrison Avenue","osmId":8647380}},{"type":"Feature","geometry":{"type":"LineString","coordinates":[[-71.0814,42.31945],[-71.08139,42.31955]]},"properties":{"lts":3,"name":"Warren Street","osmId":8647461}},{"type":"Feature","geometry":{"type":"LineString","coordinates":[[-71.05403,42.35524],[-71.05408,42.35529],[-71.05428,42.35549],[-71.05436,42.35556],[-71.05484,42.35602],[-71.05489,42.35606]]},"properties":{"lts":3,"name":"Pearl Street","osmId":8647491}},{"type":"Feature","geometry":{"type":"LineString","coordinates":[[-71.05817,42.30742],[-71.05782,42.30709],[-71.05781,42.30709],[-71.05778,42.30705],[-71.05774,42.30702],[-71.05772,42.30699],[-71.0577,42.30696],[-71.05768,42.30693],[-71.05766,42.3069],[-71.05764,42.30687],[-71.05763,42.30684],[-71.05762,42.3068],[-71.05761,42.30677],[-71.0576,42.30674],[-71.0576,42.3067],[-71.05759,42.30665],[-71.05758,42.3066],[-71.05758,42.30654],[-71.05757,42.30646],[-71.05757,42.30642],[-71.05757,42.30639],[-71.05757,42.30638],[-71.05758,42.30634],[-71.05758,42.30628],[-71.05761,42.30597],[-71.05761,42.30593],[-71.05761,42.3059],[-71.05761,42.30586],[-71.0576,42.30583],[-71.05759,42.30579],[-71.05758,42.30575],[-71.05756,42.30572],[-71.05748,42.3056],[-71.05742,42.30553],[-71.0574,42.30549],[-71.05737,42.30546],[-71.05733,42.30542],[-71.05729,42.30539],[-71.05691,42.30512],[-71.05663,42.30492],[-71.05653,42.30485],[-71.05645,42.3048],[-71.05636,42.30474],[-71.0563,42.3047],[-71.05624,42.30467],[-71.05619,42.30464],[-71.05612,42.30461],[-71.05605,42.30457],[-71.05599,42.30454],[-71.05594,42.30452],[-71.05589,42.3045],[-71.05583,42.30448],[-71.05568,42.30442],[-71.05559,42.30438],[-71.05525,42.30426],[-71.05517,42.30423],[-71.05507,42.30419],[-71.05495,42.30414],[-71.05481,42.30408],[-71.05468,42.30403],[-71.05455,42.30397],[-71.05439,42.3039],[-71.05431,42.30386],[-71.05422,42.30382],[-71.05414,42.30378],[-71.05369,42.30354],[-71.05359,42.30349],[-71.0535,42.30345],[-71.05335,42.30337],[-71.05313,42.30326],[-71.05304,42.30321],[-71.05296,42.30317],[-71.05289,42.30313],[-71.05282,42.30308]]},"properties":{"lts":2,"name":"Freeport Street","osmId":8647504}},{"type":"Feature","geometry":{"type":"LineString","coordinates":[[-71.13631,42.35403],[-71.13621,42.35407],[-71.13601,42.35415],[-71.1357,42.35428]]},"properties":{"lts":2,"name":"Cambridge Street","osmId":8647553}},{"type":"Feature","geometry":{"type":"LineString","coordinates":[[-71.04202,42.31349],[-71.04199,42.31345],[-71.04196,42.31341],[-71.04195,42.3134],[-71.04194,42.31339],[-71.04193,42.31338],[-71.04192,42.31336],[-71.04191,42.31335],[-71.0419,42.31333],[-71.04188,42.31332],[-71.04187,42.31331],[-71.04186,42.31329],[-71.04185,42.31328],[-71.04183,42.31327],[-71.04182,42.31326],[-71.04181,42.31325],[-71.04179,42.31325],[-71.04178,42.31323],[-71.04177,42.31323],[-71.04176,42.31322],[-71.04171,42.31319],[-71.04166,42.31316],[-71.04145,42.31304],[-71.04127,42.31293],[-71.04126,42.31292],[-71.0412,42.31288],[-71.0411,42.31282]]},"properties":{"lts":3,"name":"University Drive South","osmId":8647689}},{"type":"Feature","geometry":{"type":"LineString","coordinates":[[-71.14704,42.28749],[-71.14676,42.28758],[-71.14651,42.28767],[-71.14644,42.28769],[-71.14617,42.28779],[-71.14592,42.28788],[-71.14575,42.28793],[-71.14563,42.28797],[-71.14551,42.28801],[-71.14535,42.28806],[-71.14519,42.2881],[-71.14515,42.28811]]},"properties":{"lts":2,"name":"Centre Street","osmId":8647841}},{"type":"Feature","geometry":{"type":"LineString","coordinates":[[-71.08179,42.32075],[-71.08168,42.32033],[-71.08159,42.32002],[-71.08156,42.31988],[-71.08155,42.31984],[-71.08154,42.31978],[-71.08153,42.31972],[-71.08153,42.31969],[-71.08154,42.31956]]},"properties":{"lts":3,"name":"Warren Street","osmId":8647878}},{"type":"Feature","geometry":{"type":"LineString","coordinates":[[-71.08526,42.34797],[-71.0853,42.34806],[-71.08546,42.34837],[-71.08561,42.34866],[-71.08562,42.34868],[-71.08565,42.34875]]},"properties":{"lts":3,"name":"Hereford Street","osmId":8647909}},{"type":"Feature","geometry":{"type":"LineString","coordinates":[[-71.10098,42.34489],[-71.10111,42.34496],[-71.10114,42.34498],[-71.10157,42.34522],[-71.10172,42.34531],[-71.10179,42.34535],[-71.10181,42.34537]]},"properties":{"lts":3,"name":"Fullerton Street","osmId":8647919}},{"type":"Feature","geometry":{"type":"LineString","coordinates":[[-71.04169,42.34606],[-71.04191,42.34619],[-71.04194,42.34621],[-71.04199,42.34625],[-71.04204,42.34628]]},"properties":{"lts":3,"name":"Summer Street","osmId":8648022}},{"type":"Feature","geometry":{"type":"LineString","coordinates":[[-71.11679,42.34561],[-71.11679,42.34566],[-71.11665,42.34632],[-71.11662,42.34645],[-71.11658,42.34678],[-71.1166,42.34705],[-71.11661,42.34722],[-71.11661,42.34723],[-71.11661,42.34729],[-71.1166,42.34736],[-71.11653,42.34772],[-71.11651,42.34779],[-71.11649,42.34788],[-71.11645,42.34804],[-71.11636,42.34847],[-71.11635,42.34851],[-71.11634,42.34858],[-71.11619,42.34925],[-71.11618,42.3493],[-71.11616,42.34937],[-71.11604,42.34996],[-71.11602,42.35003],[-71.11601,42.35008],[-71.11599,42.35015],[-71.11583,42.3509],[-71.11583,42.35093],[-71.11582,42.35095],[-71.1158,42.35104]]},"properties":{"lts":2,"name":"Saint Paul Street","osmId":8648038}},{"type":"Feature","geometry":{"type":"LineString","coordinates":[[-71.03891,42.34428],[-71.03901,42.34434],[-71.03943,42.3446],[-71.03949,42.34464]]},"properties":{"lts":3,"name":"Summer Street","osmId":8648094}},{"type":"Feature","geometry":{"type":"LineString","coordinates":[[-71.12525,42.23775],[-71.12522,42.23763],[-71.1252,42.23755],[-71.12518,42.23746]]},"properties":{"lts":3,"name":"Truman Parkway","osmId":8648146}},{"type":"Feature","geometry":{"type":"LineString","coordinates":[[-71.13987,42.27583],[-71.14023,42.27561],[-71.14028,42.27557],[-71.14045,42.27546],[-71.14047,42.27544],[-71.14063,42.27534]]},"properties":{"lts":3,"name":"Washington Street","osmId":8648258}},{"type":"Feature","geometry":{"type":"LineString","coordinates":[[-71.14309,42.35161],[-71.14299,42.35164],[-71.14279,42.35168],[-71.14271,42.3517],[-71.14268,42.35171],[-71.1424,42.35179],[-71.14215,42.35188],[-71.14207,42.35191],[-71.14193,42.35196],[-71.14161,42.35207],[-71.14108,42.35226],[-71.14102,42.35228],[-71.14042,42.3525],[-71.14027,42.35254]]},"properties":{"lts":2,"name":"Cambridge Street","osmId":8648349}},{"type":"Feature","geometry":{"type":"LineString","coordinates":[[-71.17236,42.27689],[-71.17244,42.27668],[-71.17245,42.27665],[-71.17248,42.27658],[-71.17249,42.27654],[-71.17252,42.27649],[-71.17254,42.27643],[-71.17256,42.27641],[-71.17257,42.27637],[-71.17259,42.27633],[-71.17262,42.27629],[-71.17265,42.27622],[-71.17271,42.27612],[-71.1728,42.27598],[-71.17286,42.27589],[-71.17293,42.27577],[-71.173,42.27566],[-71.17307,42.27556],[-71.17313,42.27547],[-71.17319,42.27537],[-71.17325,42.27527],[-71.17332,42.27517],[-71.17338,42.27507],[-71.17344,42.27498],[-71.17351,42.27488],[-71.17357,42.27478],[-71.17363,42.27469],[-71.1737,42.27458],[-71.17375,42.27449],[-71.17378,42.27444],[-71.1738,42.27439],[-71.17382,42.27433],[-71.17384,42.27428],[-71.17386,42.27422],[-71.17388,42.27417],[-71.1739,42.27412],[-71.17391,42.27407],[-71.17392,42.27402],[-71.17393,42.27396],[-71.17394,42.2739],[-71.17395,42.27385],[-71.17396,42.27379],[-71.17396,42.27374],[-71.17397,42.27369],[-71.17397,42.27364],[-71.17397,42.27358],[-71.17397,42.27352],[-71.17397,42.27347],[-71.17396,42.27342],[-71.17396,42.27336],[-71.17395,42.27331],[-71.17394,42.27326],[-71.17393,42.2732],[-71.17392,42.27315],[-71.1739,42.27309],[-71.17389,42.27304],[-71.17387,42.27299],[-71.17385,42.27293],[-71.17383,42.27288],[-71.17381,42.27283],[-71.17378,42.27277],[-71.17376,42.27272],[-71.17373,42.27267],[-71.17371,42.27263],[-71.17368,42.27257],[-71.17365,42.27252],[-71.17361,42.27247],[-71.17358,42.27243],[-71.17354,42.27238],[-71.17351,42.27233],[-71.17347,42.27229],[-71.17338,42.27219],[-71.17322,42.27202]]},"properties":{"lts":3,"name":"Veterans of Foreign Wars Parkway","osmId":8648385}},{"type":"Feature","geometry":{"type":"LineString","coordinates":[[-71.17322,42.27202],[-71.17313,42.27179],[-71.17308,42.27167],[-71.17305,42.27158],[-71.17303,42.27152],[-71.17302,42.27146],[-71.17301,42.2714],[-71.17301,42.27134],[-71.17302,42.27126],[-71.17303,42.27114]]},"properties":{"lts":4,"name":null,"osmId":8648403}},{"type":"Feature","geometry":{"type":"LineString","coordinates":[[-71.04778,42.34905],[-71.04765,42.34899],[-71.04758,42.34896],[-71.04609,42.34827],[-71.04602,42.34824],[-71.04596,42.34821],[-71.04589,42.34818],[-71.04582,42.34814],[-71.04562,42.34803],[-71.04558,42.34801],[-71.04543,42.34793]]},"properties":{"lts":2,"name":"Summer Street","osmId":8648409}},{"type":"Feature","geometry":{"type":"LineString","coordinates":[[-71.03903,42.37267],[-71.03905,42.37324],[-71.03905,42.37332],[-71.03905,42.37339],[-71.03907,42.374],[-71.03907,42.37412],[-71.03907,42.37414],[-71.03907,42.37423]]},"properties":{"lts":2,"name":"Meridian Street","osmId":8648440}},{"type":"Feature","geometry":{"type":"LineString","coordinates":[[-71.05575,42.3569],[-71.05579,42.35694],[-71.0558,42.35696],[-71.05634,42.35751],[-71.05636,42.35753],[-71.05641,42.35758]]},"properties":{"lts":3,"name":"Post Office Square","osmId":8648451}},{"type":"Feature","geometry":{"type":"LineString","coordinates":[[-71.11587,42.29826],[-71.11575,42.29822],[-71.11572,42.29821]]},"properties":{"lts":3,"name":"Ukraine Way","osmId":8648458}},{"type":"Feature","geometry":{"type":"LineString","coordinates":[[-71.03896,42.37019],[-71.03896,42.37026],[-71.03898,42.37082],[-71.03899,42.37109],[-71.03899,42.37122],[-71.03899,42.37137],[-71.039,42.37142],[-71.039,42.37155],[-71.03901,42.37181],[-71.03901,42.37186],[-71.03902,42.37214],[-71.03902,42.37228],[-71.03902,42.37237],[-71.03903,42.37251]]},"properties":{"lts":2,"name":"Meridian Street","osmId":8648485}},{"type":"Feature","geometry":{"type":"LineString","coordinates":[[-71.08701,42.33388],[-71.08691,42.33382],[-71.08665,42.33367],[-71.08584,42.3332],[-71.08577,42.33315],[-71.08575,42.33313],[-71.08515,42.33278],[-71.08503,42.33272]]},"properties":{"lts":3,"name":"Ruggles Street","osmId":8648709}},{"type":"Feature","geometry":{"type":"LineString","coordinates":[[-71.05537,42.35267],[-71.05534,42.3527],[-71.0553,42.35274],[-71.05526,42.35278],[-71.0552,42.35283],[-71.05513,42.35289],[-71.05506,42.35294],[-71.05496,42.35301],[-71.05487,42.35306],[-71.05478,42.35311],[-71.05469,42.35316],[-71.05438,42.35331],[-71.05412,42.35344]]},"properties":{"lts":3,"name":"Atlantic Avenue","osmId":8648788}},{"type":"Feature","geometry":{"type":"LineString","coordinates":[[-71.12244,42.25008],[-71.12249,42.25004],[-71.12254,42.25],[-71.12257,42.24997],[-71.1226,42.24995],[-71.12268,42.24987],[-71.12278,42.24977],[-71.12355,42.24899],[-71.12422,42.24831],[-71.12488,42.24764],[-71.12496,42.24756],[-71.12525,42.24727],[-71.12534,42.24718],[-71.12542,42.24709],[-71.1255,42.24699],[-71.12556,42.2469],[-71.12563,42.2468],[-71.1257,42.2467],[-71.12577,42.24659],[-71.12582,42.2465],[-71.12587,42.24639],[-71.12595,42.24624],[-71.12597,42.2462],[-71.126,42.24613],[-71.12603,42.24606],[-71.12606,42.24599],[-71.1261,42.24589],[-71.12614,42.24578],[-71.12618,42.24567],[-71.12621,42.24555],[-71.12624,42.24546],[-71.12627,42.24535],[-71.12629,42.24524],[-71.12631,42.24513],[-71.12633,42.24502],[-71.12635,42.2449],[-71.12636,42.2448],[-71.12636,42.24474],[-71.12637,42.24463],[-71.12638,42.24451],[-71.12638,42.24441],[-71.12638,42.24404],[-71.1264,42.24323]]},"properties":{"lts":3,"name":"Truman Parkway","osmId":8648844}},{"type":"Feature","geometry":{"type":"LineString","coordinates":[[-71.04323,42.31433],[-71.04323,42.31434],[-71.04331,42.31436],[-71.04345,42.31441],[-71.0436,42.31446],[-71.04371,42.31449],[-71.04375,42.3145],[-71.04379,42.31451],[-71.0439,42.31453],[-71.04394,42.31454],[-71.04405,42.31455],[-71.04408,42.31455],[-71.04413,42.31456],[-71.0442,42.31456],[-71.04424,42.31456],[-71.04427,42.31456],[-71.04431,42.31456],[-71.04433,42.31456],[-71.04435,42.31456],[-71.04439,42.31456],[-71.0445,42.31455],[-71.04454,42.31455],[-71.04466,42.31453],[-71.04469,42.31452],[-71.0448,42.3145],[-71.04483,42.31449],[-71.04494,42.31446],[-71.04497,42.31445],[-71.04507,42.31441],[-71.04511,42.31439],[-71.04588,42.31406],[-71.04601,42.314],[-71.04625,42.3139]]},"properties":{"lts":3,"name":"Dominic J. Bianculli Boulevard","osmId":8648856}},{"type":"Feature","geometry":{"type":"LineString","coordinates":[[-71.08868,42.3357],[-71.08874,42.33566],[-71.08882,42.33559],[-71.08872,42.33534],[-71.08864,42.33515],[-71.08862,42.33508],[-71.0886,42.33505],[-71.0886,42.33503],[-71.0886,42.33502],[-71.08861,42.33499]]},"properties":{"lts":3,"name":"Columbus Avenue","osmId":8648996}},{"type":"Feature","geometry":{"type":"LineString","coordinates":[[-71.0549,42.35734],[-71.05494,42.35737],[-71.05496,42.35738],[-71.05529,42.35765]]},"properties":{"lts":3,"name":"Kilby Street","osmId":8649075}},{"type":"Feature","geometry":{"type":"LineString","coordinates":[[-71.07961,42.34694],[-71.07949,42.34704],[-71.07937,42.34714],[-71.07886,42.34756],[-71.07883,42.34758],[-71.07881,42.3476],[-71.07875,42.34764],[-71.07871,42.34767],[-71.07867,42.3477]]},"properties":{"lts":3,"name":"Huntington Avenue","osmId":8649412}},{"type":"Feature","geometry":{"type":"LineString","coordinates":[[-71.06034,42.34243],[-71.0606,42.3425],[-71.0608,42.34255],[-71.06116,42.34265]]},"properties":{"lts":3,"name":"West Fourth Street","osmId":8649487}},{"type":"Feature","geometry":{"type":"LineString","coordinates":[[-71.11548,42.30968],[-71.11545,42.30974],[-71.11544,42.30976],[-71.11536,42.30986],[-71.11531,42.30993],[-71.11524,42.30999],[-71.11515,42.31009],[-71.11511,42.31013],[-71.11506,42.31018],[-71.11493,42.31032],[-71.11486,42.3104],[-71.11485,42.31041],[-71.11482,42.31046],[-71.11476,42.31055],[-71.11465,42.31075],[-71.11462,42.31084],[-71.11459,42.31093],[-71.11458,42.31095],[-71.11457,42.31098],[-71.1145,42.31123],[-71.11441,42.31158],[-71.11439,42.31164]]},"properties":{"lts":2,"name":"Centre Street","osmId":8649583}},{"type":"Feature","geometry":{"type":"LineString","coordinates":[[-71.15527,42.34042],[-71.15521,42.34051],[-71.15519,42.34054],[-71.15511,42.34067],[-71.15495,42.34091],[-71.15477,42.3412],[-71.15477,42.34121],[-71.15474,42.34125],[-71.15469,42.34133],[-71.15462,42.34145],[-71.15459,42.34149],[-71.15455,42.34156],[-71.15452,42.3416],[-71.15448,42.34166],[-71.15436,42.34185],[-71.15426,42.34198],[-71.15421,42.34207],[-71.15416,42.34214],[-71.1539,42.34253],[-71.15385,42.34261],[-71.15369,42.34285],[-71.15368,42.34288],[-71.15363,42.34295],[-71.1536,42.34299],[-71.15356,42.34306],[-71.15354,42.3431],[-71.15347,42.34321],[-71.15343,42.34331],[-71.15341,42.34348],[-71.15341,42.34364],[-71.15345,42.34383],[-71.15346,42.34387],[-71.15347,42.3439],[-71.15348,42.34395],[-71.15348,42.34399],[-71.15348,42.344],[-71.15348,42.34404],[-71.15348,42.34408],[-71.15348,42.34411],[-71.15347,42.34414],[-71.15347,42.34418],[-71.15343,42.34434],[-71.15339,42.34444],[-71.15337,42.3445],[-71.15335,42.34454],[-71.15332,42.34461],[-71.1533,42.34465],[-71.15307,42.34511],[-71.15302,42.34521],[-71.15296,42.34532],[-71.15293,42.3454],[-71.15291,42.34548],[-71.15291,42.34566],[-71.15292,42.34576]]},"properties":{"lts":2,"name":"Chestnut Hill Avenue","osmId":8649610}},{"type":"Feature","geometry":{"type":"LineString","coordinates":[[-71.10926,42.32218],[-71.1095,42.32212],[-71.10955,42.32211],[-71.10959,42.3221],[-71.10967,42.32207],[-71.10971,42.32206],[-71.10976,42.32205],[-71.10979,42.32205],[-71.10983,42.32204],[-71.10989,42.32204]]},"properties":{"lts":3,"name":"Centre Street","osmId":8649611}},{"type":"Feature","geometry":{"type":"LineString","coordinates":[[-71.11886,42.28493],[-71.11881,42.2849],[-71.11877,42.28489],[-71.11873,42.28487],[-71.11853,42.28475],[-71.11829,42.28459],[-71.11819,42.28453],[-71.11814,42.28449],[-71.11787,42.2843],[-71.11721,42.28386],[-71.11684,42.2836],[-71.11665,42.28348],[-71.11643,42.28334],[-71.1164,42.28332],[-71.1161,42.28314],[-71.11603,42.28309],[-71.11601,42.28308],[-71.11572,42.2829],[-71.11559,42.28281],[-71.11506,42.28247],[-71.11502,42.28245],[-71.11498,42.28242]]},"properties":{"lts":2,"name":"Mount Hope Street","osmId":8649612}},{"type":"Feature","geometry":{"type":"LineString","coordinates":[[-71.11559,42.30931],[-71.11558,42.30939],[-71.11556,42.30947],[-71.11554,42.30954],[-71.11553,42.30958],[-71.11552,42.30959],[-71.11551,42.30963],[-71.11548,42.30968]]},"properties":{"lts":2,"name":"Centre Street","osmId":8649664}},{"type":"Feature","geometry":{"type":"LineString","coordinates":[[-71.12867,42.2869],[-71.12878,42.28693],[-71.12907,42.287],[-71.12914,42.28702],[-71.12916,42.28702],[-71.12921,42.28704],[-71.12928,42.28707],[-71.12948,42.28717],[-71.12957,42.28721],[-71.12962,42.28723]]},"properties":{"lts":3,"name":"South Street","osmId":8649795}},{"type":"Feature","geometry":{"type":"LineString","coordinates":[[-71.09371,42.34078],[-71.09362,42.34076],[-71.09361,42.34075],[-71.09354,42.34072],[-71.09346,42.34067],[-71.09344,42.34065],[-71.09337,42.34058],[-71.09315,42.34036]]},"properties":{"lts":3,"name":"Forsyth Way","osmId":8649818}},{"type":"Feature","geometry":{"type":"LineString","coordinates":[[-71.07166,42.35385],[-71.07177,42.35382],[-71.07267,42.35358],[-71.0739,42.35325],[-71.07393,42.35324],[-71.07401,42.35321]]},"properties":{"lts":3,"name":"Commonwealth Avenue","osmId":8649840}},{"type":"Feature","geometry":{"type":"LineString","coordinates":[[-71.06571,42.34768],[-71.06584,42.34772],[-71.06606,42.34775],[-71.06648,42.34782],[-71.06683,42.34788],[-71.06721,42.34793],[-71.06779,42.34799],[-71.06783,42.34799],[-71.06787,42.34799],[-71.06802,42.348]]},"properties":{"lts":3,"name":"Marginal Road","osmId":8649991}},{"type":"Feature","geometry":{"type":"LineString","coordinates":[[-71.0524,42.29445],[-71.0525,42.29452],[-71.05304,42.2949],[-71.05361,42.29531],[-71.05388,42.2955],[-71.05425,42.29576],[-71.05449,42.29594],[-71.05459,42.29601],[-71.05462,42.29603],[-71.05528,42.2965],[-71.05583,42.2969],[-71.05611,42.29709],[-71.05633,42.29725],[-71.05637,42.29728],[-71.05646,42.29734]]},"properties":{"lts":2,"name":"Neponset Avenue","osmId":8650140}},{"type":"Feature","geometry":{"type":"LineString","coordinates":[[-71.06195,42.37221],[-71.06168,42.37209]]},"properties":{"lts":3,"name":"City Square","osmId":8650269}},{"type":"Feature","geometry":{"type":"LineString","coordinates":[[-71.04581,42.31908],[-71.04591,42.31915],[-71.046,42.3192],[-71.04613,42.31926],[-71.04669,42.31945],[-71.04772,42.31981],[-71.04881,42.32018],[-71.04889,42.32021]]},"properties":{"lts":2,"name":"Mount Vernon Street","osmId":8650322}},{"type":"Feature","geometry":{"type":"LineString","coordinates":[[-71.05641,42.35758],[-71.0564,42.35753],[-71.0564,42.35749],[-71.05639,42.35739]]},"properties":{"lts":3,"name":"Congress Street","osmId":8650619}},{"type":"Feature","geometry":{"type":"LineString","coordinates":[[-71.03967,42.31695],[-71.03974,42.31685],[-71.03974,42.31684],[-71.03976,42.3168],[-71.03979,42.31676],[-71.03984,42.31668],[-71.03988,42.31662],[-71.03992,42.31656],[-71.03995,42.3165],[-71.03999,42.31643],[-71.04001,42.31638],[-71.04004,42.31632],[-71.04007,42.31625],[-71.0401,42.3162],[-71.04015,42.31611],[-71.0402,42.31602],[-71.04024,42.31594],[-71.04025,42.31593],[-71.04026,42.31592],[-71.04026,42.31591],[-71.04026,42.3159],[-71.04027,42.31589],[-71.04027,42.31587],[-71.04028,42.31586],[-71.04028,42.31585],[-71.04029,42.31583],[-71.04029,42.3158],[-71.0403,42.31578],[-71.04031,42.31577],[-71.04031,42.31575],[-71.04032,42.31572],[-71.04033,42.3157],[-71.04033,42.31569],[-71.04034,42.31567],[-71.04035,42.31565],[-71.04036,42.31562],[-71.04037,42.3156],[-71.04038,42.31559],[-71.04039,42.31557],[-71.04042,42.31552],[-71.04043,42.31551],[-71.04044,42.3155],[-71.04045,42.31549],[-71.04045,42.31548],[-71.04046,42.31547],[-71.04048,42.31545],[-71.04049,42.31544],[-71.04053,42.3154],[-71.04057,42.31537],[-71.04062,42.31532],[-71.04066,42.31528],[-71.04071,42.31524],[-71.04072,42.31523],[-71.04088,42.31509],[-71.04094,42.31504],[-71.041,42.31498],[-71.04106,42.31493],[-71.04112,42.31488]]},"properties":{"lts":2,"name":"University Drive West","osmId":8650634}},{"type":"Feature","geometry":{"type":"LineString","coordinates":[[-71.09362,42.26976],[-71.09357,42.26976],[-71.09354,42.26978],[-71.09351,42.2698],[-71.09349,42.26983],[-71.0934,42.26999],[-71.09337,42.27006],[-71.09334,42.2701],[-71.09331,42.27014]]},"properties":{"lts":4,"name":null,"osmId":8650764}},{"type":"Feature","geometry":{"type":"LineString","coordinates":[[-71.13111,42.28672],[-71.13105,42.28672],[-71.13101,42.28672],[-71.13097,42.28673],[-71.13092,42.28674],[-71.13087,42.28675],[-71.13083,42.28675],[-71.1308,42.28675],[-71.13077,42.28675],[-71.13075,42.28675],[-71.13071,42.28675],[-71.13068,42.28674],[-71.13065,42.28673]]},"properties":{"lts":3,"name":"Corinth Street","osmId":8650842}},{"type":"Feature","geometry":{"type":"LineString","coordinates":[[-71.12787,42.28668],[-71.12753,42.28698],[-71.12749,42.28703],[-71.12745,42.28708],[-71.12742,42.28713]]},"properties":{"lts":3,"name":"Washington Street","osmId":8650869}},{"type":"Feature","geometry":{"type":"LineString","coordinates":[[-71.13588,42.29446],[-71.13584,42.29449],[-71.13563,42.29462],[-71.13556,42.29468],[-71.13498,42.29516],[-71.13477,42.29534],[-71.13468,42.2954],[-71.13423,42.29579],[-71.13421,42.29582],[-71.13408,42.29592],[-71.13394,42.29604],[-71.13373,42.29619],[-71.13362,42.29628],[-71.13358,42.29631]]},"properties":{"lts":3,"name":"Centre Street","osmId":8650878}},{"type":"Feature","geometry":{"type":"LineString","coordinates":[[-71.15007,42.33612],[-71.15014,42.3361],[-71.15021,42.33609],[-71.15029,42.33608],[-71.15036,42.33607],[-71.15056,42.33606],[-71.15057,42.33606],[-71.15063,42.33606],[-71.15069,42.33605],[-71.15083,42.33604],[-71.15096,42.33604],[-71.15101,42.33603]]},"properties":{"lts":3,"name":"Beacon Street","osmId":8650997}},{"type":"Feature","geometry":{"type":"LineString","coordinates":[[-71.14541,42.29678],[-71.14548,42.29687],[-71.14557,42.297],[-71.1456,42.29706],[-71.14564,42.29719]]},"properties":{"lts":3,"name":"West Roxbury Parkway","osmId":8651068}},{"type":"Feature","geometry":{"type":"LineString","coordinates":[[-71.0672,42.35176],[-71.0673,42.35181],[-71.06733,42.35182],[-71.06739,42.35183],[-71.06743,42.35182],[-71.06767,42.3518],[-71.06777,42.35179],[-71.06787,42.35178],[-71.06812,42.35174],[-71.06819,42.35173],[-71.06839,42.35169]]},"properties":{"lts":3,"name":"Park Plaza","osmId":8651073}},{"type":"Feature","geometry":{"type":"LineString","coordinates":[[-71.08162,42.32073],[-71.0819,42.32166],[-71.08192,42.32173],[-71.082,42.32199],[-71.08215,42.3224],[-71.08224,42.32268],[-71.08236,42.323],[-71.08245,42.32326],[-71.08255,42.32355]]},"properties":{"lts":3,"name":"Warren Street","osmId":8651121}},{"type":"Feature","geometry":{"type":"LineString","coordinates":[[-71.08038,42.38223],[-71.0803,42.38223]]},"properties":{"lts":2,"name":"Cambridge Street","osmId":8651189}},{"type":"Feature","geometry":{"type":"LineString","coordinates":[[-71.07781,42.28799],[-71.07786,42.28805],[-71.07791,42.28812],[-71.07806,42.28855],[-71.07831,42.28929],[-71.07831,42.28934],[-71.07829,42.28939],[-71.07827,42.28945]]},"properties":{"lts":2,"name":"New England Avenue","osmId":8651201}},{"type":"Feature","geometry":{"type":"LineString","coordinates":[[-71.08527,42.30344],[-71.08534,42.3034],[-71.08537,42.30339],[-71.08539,42.30338],[-71.08542,42.30336],[-71.08624,42.30289],[-71.08632,42.30284],[-71.08639,42.3028],[-71.08687,42.30253],[-71.08699,42.30246],[-71.08715,42.30238]]},"properties":{"lts":3,"name":"Franklin Park Road","osmId":8651321}},{"type":"Feature","geometry":{"type":"LineString","coordinates":[[-71.07216,42.33274],[-71.07225,42.33279],[-71.07238,42.33287],[-71.07247,42.33292],[-71.07247,42.33293],[-71.07254,42.33297],[-71.07262,42.33303]]},"properties":{"lts":2,"name":"Massachusetts Avenue","osmId":8651567}},{"type":"Feature","geometry":{"type":"LineString","coordinates":[[-71.09065,42.33978],[-71.09068,42.33985],[-71.09069,42.33987],[-71.091,42.34047],[-71.0911,42.34066]]},"properties":{"lts":2,"name":"Forsyth Street","osmId":8651581}},{"type":"Feature","geometry":{"type":"LineString","coordinates":[[-71.17156,42.28797],[-71.1716,42.28791],[-71.17163,42.28786],[-71.17169,42.28777],[-71.17174,42.2877],[-71.17179,42.28762],[-71.17185,42.28753],[-71.1719,42.28743],[-71.17195,42.28733],[-71.172,42.28723],[-71.17205,42.28712],[-71.1721,42.28702],[-71.17214,42.28691],[-71.17218,42.28681],[-71.17221,42.2867],[-71.17225,42.2866],[-71.17228,42.28649],[-71.1723,42.28639],[-71.17232,42.28628],[-71.17234,42.28616],[-71.17236,42.28606],[-71.17237,42.28595],[-71.17239,42.28584],[-71.1724,42.28574],[-71.17241,42.28564],[-71.17242,42.28552],[-71.17243,42.28541],[-71.17244,42.2853],[-71.17245,42.28519],[-71.17247,42.28508],[-71.17248,42.28497],[-71.17248,42.28487],[-71.17248,42.28476],[-71.17248,42.28465],[-71.17247,42.28455],[-71.17246,42.28444],[-71.17244,42.28433],[-71.17243,42.28423],[-71.1724,42.28411],[-71.17238,42.28401],[-71.17235,42.2839],[-71.17231,42.2838],[-71.17227,42.28369],[-71.17223,42.28359],[-71.17218,42.28348],[-71.17213,42.28338],[-71.17208,42.28328],[-71.17202,42.28318],[-71.17196,42.28308],[-71.1719,42.28299],[-71.17183,42.28288],[-71.17176,42.28278],[-71.17169,42.28269],[-71.17163,42.2826],[-71.17157,42.2825],[-71.1715,42.2824],[-71.17143,42.28231],[-71.17137,42.28221],[-71.1713,42.28212],[-71.17124,42.28202],[-71.17118,42.28192],[-71.17114,42.28187],[-71.17111,42.28182],[-71.17109,42.28177],[-71.17106,42.28172],[-71.17104,42.28167],[-71.17102,42.28162],[-71.171,42.28157],[-71.17098,42.28151],[-71.17096,42.28146],[-71.17095,42.28141],[-71.17094,42.28136],[-71.17092,42.2813],[-71.17091,42.28125],[-71.17091,42.2812],[-71.1709,42.28114],[-71.17089,42.28109],[-71.17089,42.28103],[-71.17088,42.28098],[-71.17088,42.28089],[-71.17089,42.28083],[-71.17089,42.28075],[-71.1709,42.28068],[-71.17091,42.28062],[-71.17093,42.28052],[-71.17094,42.2805],[-71.17095,42.28045],[-71.17097,42.2804],[-71.17098,42.28036],[-71.17099,42.28033],[-71.171,42.28031],[-71.17102,42.28024],[-71.17107,42.28012],[-71.17111,42.28002],[-71.17115,42.27992],[-71.17122,42.27971],[-71.1713,42.2795],[-71.17134,42.27939],[-71.17138,42.27929],[-71.17142,42.27919],[-71.17146,42.27908],[-71.1715,42.27898],[-71.17154,42.27887],[-71.17158,42.27877],[-71.17162,42.27867],[-71.17166,42.27856],[-71.17171,42.27846],[-71.17173,42.2784],[-71.17175,42.27835],[-71.1718,42.27826],[-71.17184,42.27816],[-71.17187,42.2781],[-71.17188,42.27807],[-71.17204,42.27773],[-71.17207,42.27767],[-71.17208,42.27765],[-71.17209,42.27762],[-71.1721,42.2776],[-71.17212,42.27757],[-71.17214,42.2775],[-71.17217,42.27741]]},"properties":{"lts":3,"name":"Veterans of Foreign Wars Parkway","osmId":8651588}},{"type":"Feature","geometry":{"type":"LineString","coordinates":[[-71.1357,42.35428],[-71.13532,42.35444],[-71.13521,42.35449],[-71.13508,42.35455],[-71.13492,42.35462],[-71.13469,42.35471],[-71.1345,42.35479],[-71.1344,42.35484],[-71.1343,42.35488],[-71.13404,42.35499],[-71.13383,42.35508],[-71.13373,42.35512],[-71.1336,42.35518],[-71.13327,42.35532],[-71.13324,42.35533],[-71.13298,42.35544]]},"properties":{"lts":2,"name":"Cambridge Street","osmId":8651646}},{"type":"Feature","geometry":{"type":"LineString","coordinates":[[-71.09507,42.30504],[-71.09499,42.30509],[-71.09478,42.30517],[-71.09445,42.30523],[-71.09422,42.30525],[-71.09403,42.30525],[-71.09376,42.30522],[-71.09341,42.30516],[-71.09304,42.30504],[-71.09273,42.30491],[-71.09241,42.30474],[-71.092,42.30449],[-71.09183,42.30436],[-71.09164,42.30417],[-71.09151,42.30398],[-71.09131,42.3037],[-71.09114,42.30339],[-71.09097,42.30311],[-71.09087,42.30299],[-71.0908,42.3029],[-71.0907,42.3028],[-71.09057,42.30268],[-71.09038,42.30252],[-71.09024,42.30242],[-71.09005,42.30231],[-71.08974,42.30216],[-71.08946,42.30206],[-71.08935,42.30202],[-71.08923,42.30199],[-71.08913,42.30196],[-71.08903,42.30194],[-71.08894,42.30192],[-71.08886,42.30191]]},"properties":{"lts":2,"name":"Circuit Drive","osmId":8651669}},{"type":"Feature","geometry":{"type":"LineString","coordinates":[[-71.14062,42.27522],[-71.14043,42.27536],[-71.14033,42.27544],[-71.14008,42.27565],[-71.13987,42.27583]]},"properties":{"lts":3,"name":"Washington Street","osmId":8651719}},{"type":"Feature","geometry":{"type":"LineString","coordinates":[[-71.04533,42.34802],[-71.04542,42.34806],[-71.0455,42.34811],[-71.04565,42.34817],[-71.04578,42.34823],[-71.04759,42.34906],[-71.04772,42.34912]]},"properties":{"lts":2,"name":"Summer Street","osmId":8651836}},{"type":"Feature","geometry":{"type":"LineString","coordinates":[[-71.08761,42.30214],[-71.08757,42.30215],[-71.08753,42.30216],[-71.08749,42.30217],[-71.08744,42.30217],[-71.08739,42.30217],[-71.08734,42.30216],[-71.0873,42.30215],[-71.08725,42.30213],[-71.08715,42.30208]]},"properties":{"lts":3,"name":"Circuit Drive","osmId":8651895}},{"type":"Feature","geometry":{"type":"LineString","coordinates":[[-71.11963,42.31379],[-71.1196,42.31378],[-71.11958,42.31376],[-71.11955,42.31373],[-71.11931,42.31348],[-71.11904,42.31319],[-71.11895,42.31309],[-71.11837,42.31252],[-71.11819,42.31234],[-71.11776,42.31194],[-71.11771,42.31189],[-71.11761,42.31179],[-71.11756,42.31174],[-71.11752,42.3117],[-71.11732,42.3115],[-71.11698,42.31116],[-71.11692,42.31109],[-71.11686,42.31103],[-71.11683,42.311],[-71.11675,42.31092],[-71.11643,42.3106],[-71.11639,42.31056],[-71.11636,42.31053],[-71.11612,42.31028],[-71.11576,42.30993],[-71.11564,42.30983],[-71.11559,42.30979],[-71.11548,42.30968]]},"properties":{"lts":2,"name":"Eliot Street","osmId":8651962}},{"type":"Feature","geometry":{"type":"LineString","coordinates":[[-71.15058,42.29621],[-71.15071,42.29619],[-71.15072,42.29618],[-71.15076,42.29618],[-71.1508,42.29617],[-71.15095,42.29614],[-71.15109,42.29611],[-71.15124,42.29609],[-71.15139,42.29606],[-71.15148,42.29604],[-71.15153,42.29603],[-71.15169,42.296],[-71.15182,42.29597],[-71.15196,42.29594],[-71.15211,42.29592],[-71.15226,42.29589],[-71.15233,42.29588],[-71.1524,42.29587],[-71.15254,42.29584],[-71.1527,42.29582],[-71.15284,42.2958],[-71.15299,42.29579],[-71.15314,42.29577],[-71.15328,42.29576],[-71.15344,42.29575],[-71.15359,42.29574],[-71.15374,42.29574],[-71.15389,42.29574],[-71.15404,42.29574],[-71.15418,42.29574],[-71.15434,42.29574],[-71.15448,42.29575],[-71.15464,42.29575],[-71.15479,42.29576],[-71.15493,42.29576],[-71.15508,42.29577],[-71.15524,42.29578],[-71.15539,42.29578],[-71.15547,42.29579],[-71.15553,42.29579],[-71.15568,42.29579],[-71.15584,42.2958],[-71.15599,42.29581],[-71.15613,42.29581],[-71.15621,42.29582],[-71.15629,42.29582],[-71.15643,42.29582],[-71.15648,42.29583],[-71.15654,42.29583],[-71.15659,42.29583],[-71.15665,42.29583],[-71.15677,42.29583],[-71.15692,42.29582],[-71.15707,42.29581],[-71.15721,42.29579],[-71.15727,42.29579],[-71.15733,42.29578],[-71.1574,42.29577],[-71.15747,42.29576],[-71.15751,42.29575],[-71.15755,42.29574],[-71.15767,42.29572]]},"properties":{"lts":3,"name":"Veterans of Foreign Wars Parkway","osmId":8652056}},{"type":"Feature","geometry":{"type":"LineString","coordinates":[[-71.14566,42.29704],[-71.14572,42.29698],[-71.14578,42.29695],[-71.14586,42.29693],[-71.14592,42.29692],[-71.14642,42.29686],[-71.14726,42.29672],[-71.14791,42.29659]]},"properties":{"lts":3,"name":"Veterans of Foreign Wars Parkway","osmId":8652334}},{"type":"Feature","geometry":{"type":"LineString","coordinates":[[-71.1054,42.28672],[-71.10545,42.28668],[-71.10587,42.28632],[-71.10628,42.28604],[-71.10641,42.28595],[-71.10662,42.28584],[-71.10684,42.28571],[-71.10741,42.28543],[-71.10797,42.28519],[-71.10804,42.28517],[-71.10859,42.28499],[-71.1087,42.28495]]},"properties":{"lts":2,"name":"Paine Street","osmId":8652395}},{"type":"Feature","geometry":{"type":"LineString","coordinates":[[-71.0953,42.30493],[-71.09516,42.30513],[-71.09508,42.30527],[-71.09502,42.30545],[-71.09501,42.30563],[-71.09503,42.3058]]},"properties":{"lts":1,"name":"Pierpont Road","osmId":8652397}},{"type":"Feature","geometry":{"type":"LineString","coordinates":[[-71.06377,42.36129],[-71.06389,42.36129],[-71.06395,42.36128],[-71.06438,42.36127],[-71.06454,42.36127],[-71.06461,42.36127],[-71.06476,42.36126],[-71.0649,42.36125],[-71.06498,42.36125],[-71.06502,42.36125],[-71.06505,42.36125],[-71.06512,42.36124]]},"properties":{"lts":3,"name":"Cambridge Street","osmId":8652409}},{"type":"Feature","geometry":{"type":"LineString","coordinates":[[-71.00679,42.38664],[-71.0067,42.38663],[-71.00666,42.38663],[-71.00662,42.38663],[-71.00658,42.38662],[-71.00656,42.38661],[-71.00653,42.3866],[-71.00626,42.38651]]},"properties":{"lts":3,"name":"Saratoga Street","osmId":8652527}},{"type":"Feature","geometry":{"type":"LineString","coordinates":[[-71.0679,42.367],[-71.06793,42.36698],[-71.06795,42.36697],[-71.06798,42.36695],[-71.06802,42.36694],[-71.06806,42.36692],[-71.06808,42.36692],[-71.06811,42.36691],[-71.06813,42.3669],[-71.06816,42.36689],[-71.06819,42.36689],[-71.06823,42.36688]]},"properties":{"lts":2,"name":null,"osmId":8694869}},{"type":"Feature","geometry":{"type":"LineString","coordinates":[[-71.14596,42.29795],[-71.14601,42.29805],[-71.14608,42.29816],[-71.14616,42.29829],[-71.14625,42.29843],[-71.14636,42.29861],[-71.14647,42.29876],[-71.14653,42.29884],[-71.1466,42.29894],[-71.14673,42.29911],[-71.14686,42.29928],[-71.14711,42.29956],[-71.14729,42.29974],[-71.14737,42.29982],[-71.14749,42.29993],[-71.14766,42.30006],[-71.14785,42.30021],[-71.14799,42.30031],[-71.14814,42.30043],[-71.14846,42.30067],[-71.14873,42.30087],[-71.14897,42.30106],[-71.14923,42.30127],[-71.14951,42.30151],[-71.1497,42.30167],[-71.14993,42.30188],[-71.1502,42.30214],[-71.15021,42.30216],[-71.1504,42.30234],[-71.15043,42.30237],[-71.15051,42.30245],[-71.15057,42.30252],[-71.15063,42.30257],[-71.15067,42.30261],[-71.15081,42.30275]]},"properties":{"lts":3,"name":"West Roxbury Parkway","osmId":8814159}},{"type":"Feature","geometry":{"type":"LineString","coordinates":[[-71.13515,42.34602],[-71.13497,42.34594],[-71.13492,42.34592],[-71.1347,42.34583],[-71.13427,42.34568],[-71.13396,42.34559],[-71.13303,42.34535],[-71.13241,42.34518],[-71.13199,42.34507],[-71.13134,42.34489],[-71.13099,42.34479],[-71.13098,42.34479],[-71.13093,42.34478],[-71.13081,42.34474],[-71.13061,42.34469],[-71.13035,42.34461],[-71.13007,42.34447],[-71.12968,42.34429],[-71.12895,42.34391],[-71.12886,42.34386],[-71.12875,42.3438],[-71.12867,42.34375],[-71.12695,42.34284],[-71.12686,42.34279],[-71.12678,42.34275],[-71.12669,42.3427],[-71.12572,42.34219],[-71.12562,42.34214],[-71.12556,42.3421],[-71.12491,42.34176],[-71.12456,42.34158],[-71.12453,42.34156],[-71.1245,42.34155],[-71.12448,42.34154],[-71.12436,42.34149]]},"properties":{"lts":2,"name":"Winchester Street","osmId":8814192}},{"type":"Feature","geometry":{"type":"LineString","coordinates":[[-71.11988,42.32289],[-71.11991,42.32286],[-71.11992,42.32282],[-71.11989,42.32278],[-71.11984,42.32273],[-71.11978,42.3227],[-71.11974,42.32266],[-71.1197,42.32265],[-71.11963,42.32265],[-71.11958,42.32267],[-71.11955,42.3227],[-71.11952,42.32274],[-71.1195,42.32278],[-71.11948,42.32282],[-71.11947,42.32284],[-71.11947,42.32286],[-71.11948,42.32288],[-71.11949,42.32291],[-71.1195,42.32293],[-71.11953,42.32295],[-71.11955,42.32296],[-71.11959,42.32297],[-71.11963,42.32297],[-71.11971,42.32296],[-71.11973,42.32295],[-71.11974,42.32295],[-71.11979,42.32293],[-71.11984,42.32292],[-71.11988,42.32289]]},"properties":{"lts":2,"name":"Riverdale Parkway Rotary","osmId":8814242}},{"type":"Feature","geometry":{"type":"LineString","coordinates":[[-71.05978,42.35495],[-71.05926,42.35458],[-71.05922,42.35455],[-71.05915,42.35449]]},"properties":{"lts":3,"name":"Summer Street","osmId":8866323}},{"type":"Feature","geometry":{"type":"LineString","coordinates":[[-71.05915,42.35449],[-71.05903,42.3544],[-71.05868,42.35413],[-71.05862,42.35409]]},"properties":{"lts":3,"name":"Summer Street","osmId":8866326}},{"type":"Feature","geometry":{"type":"LineString","coordinates":[[-71.06698,42.39468],[-71.06672,42.39493],[-71.06656,42.39509],[-71.06643,42.39523],[-71.06641,42.39525],[-71.06639,42.39526],[-71.06634,42.39534]]},"properties":{"lts":3,"name":"Broadway","osmId":9080332}},{"type":"Feature","geometry":{"type":"LineString","coordinates":[[-71.1258,42.23946],[-71.12561,42.23889],[-71.12534,42.23808],[-71.1253,42.23795],[-71.12527,42.23784],[-71.12525,42.23775]]},"properties":{"lts":3,"name":"Truman Parkway","osmId":9113661}},{"type":"Feature","geometry":{"type":"LineString","coordinates":[]},"properties":{"lts":2,"name":"Beacon Street","osmId":9123970}},{"type":"Feature","geometry":{"type":"LineString","coordinates":[[-70.99467,42.38272],[-70.99394,42.38265]]},"properties":{"lts":2,"name":"Main Street","osmId":9577576}},{"type":"Feature","geometry":{"type":"LineString","coordinates":[[-71.13792,42.35768],[-71.13741,42.35869],[-71.13737,42.35876],[-71.13734,42.35882],[-71.13729,42.35886],[-71.13725,42.3589]]},"properties":{"lts":2,"name":"Everett Street","osmId":26428913}},{"type":"Feature","geometry":{"type":"LineString","coordinates":[[-71.13836,42.35655],[-71.13828,42.3568],[-71.13826,42.35686],[-71.13824,42.35691],[-71.13822,42.35697],[-71.13819,42.35704],[-71.13817,42.35711],[-71.13813,42.3572],[-71.1381,42.35729],[-71.13807,42.35735],[-71.13804,42.35741],[-71.13801,42.35748],[-71.13798,42.35755],[-71.13795,42.35762],[-71.13792,42.35768]]},"properties":{"lts":2,"name":"Everett Street","osmId":26428915}},{"type":"Feature","geometry":{"type":"LineString","coordinates":[[-71.04928,42.34015],[-71.04921,42.3402],[-71.04873,42.3406],[-71.0487,42.34063],[-71.0486,42.34071]]},"properties":{"lts":3,"name":"D Street","osmId":28615813}},{"type":"Feature","geometry":{"type":"LineString","coordinates":[[-71.05687,42.32536],[-71.05688,42.32594]]},"properties":{"lts":2,"name":"Dorchester Avenue","osmId":28640225}},{"type":"Feature","geometry":{"type":"LineString","coordinates":[[-71.05688,42.32602],[-71.05688,42.32606],[-71.05689,42.32613]]},"properties":{"lts":2,"name":"Dorchester Avenue","osmId":28640227}},{"type":"Feature","geometry":{"type":"LineString","coordinates":[[-71.05689,42.32613],[-71.0569,42.32667]]},"properties":{"lts":1,"name":"Dorchester Avenue","osmId":28640239}},{"type":"Feature","geometry":{"type":"LineString","coordinates":[[-71.0842,42.2831],[-71.08413,42.28312],[-71.08401,42.28317],[-71.08383,42.28323],[-71.08373,42.28327],[-71.08362,42.28332]]},"properties":{"lts":1,"name":"Norfolk Street","osmId":34729460}},{"type":"Feature","geometry":{"type":"LineString","coordinates":[[-71.08362,42.28332],[-71.08344,42.2834],[-71.08327,42.28346],[-71.08313,42.28351],[-71.08308,42.28353],[-71.08301,42.28356],[-71.08294,42.28358],[-71.08232,42.28383],[-71.08169,42.28406],[-71.08137,42.28417],[-71.08133,42.28419],[-71.08127,42.28421],[-71.08115,42.28426],[-71.08111,42.28427],[-71.08105,42.28431],[-71.08092,42.28441],[-71.08087,42.2845],[-71.08079,42.2847],[-71.08068,42.28501],[-71.08057,42.28524],[-71.08049,42.28536],[-71.08043,42.28544],[-71.08033,42.28556],[-71.08023,42.28566],[-71.08003,42.28587],[-71.08003,42.28587],[-71.07982,42.28609],[-71.07965,42.28625],[-71.07957,42.28633],[-71.07954,42.28637],[-71.07944,42.28649],[-71.07919,42.28677],[-71.0789,42.28707],[-71.07883,42.28715],[-71.07878,42.28721]]},"properties":{"lts":2,"name":"Norfolk Street","osmId":34729461}},{"type":"Feature","geometry":{"type":"LineString","coordinates":[[-71.09339,42.27711],[-71.09338,42.27739],[-71.09337,42.27774],[-71.09337,42.27783],[-71.09336,42.27791],[-71.09336,42.278],[-71.09335,42.27808],[-71.09334,42.27816],[-71.09333,42.27826],[-71.09331,42.27837],[-71.09329,42.27847],[-71.09326,42.27857],[-71.09323,42.27867],[-71.0932,42.27877]]},"properties":{"lts":3,"name":"Blue Hill Avenue","osmId":34729471}},{"type":"Feature","geometry":{"type":"LineString","coordinates":[[-71.09369,42.27318],[-71.09371,42.27264]]},"properties":{"lts":3,"name":"Blue Hill Avenue","osmId":34729472}},{"type":"Feature","geometry":{"type":"LineString","coordinates":[[-71.09371,42.27264],[-71.09372,42.27259],[-71.09372,42.27245],[-71.09374,42.2717],[-71.09374,42.27165],[-71.09376,42.27117]]},"properties":{"lts":3,"name":"Blue Hill Avenue","osmId":34729473}},{"type":"Feature","geometry":{"type":"LineString","coordinates":[[-71.17399,42.29126],[-71.17404,42.29132],[-71.17411,42.2914],[-71.17418,42.29147],[-71.17426,42.29155],[-71.17432,42.29161],[-71.17439,42.29167],[-71.17447,42.29172],[-71.17454,42.29177],[-71.17463,42.29183],[-71.17517,42.29216],[-71.17522,42.2922],[-71.17526,42.29222],[-71.17534,42.29228],[-71.17541,42.29234],[-71.17548,42.29239],[-71.17556,42.29245],[-71.17562,42.2925],[-71.17567,42.29255],[-71.17571,42.2926],[-71.17575,42.29265],[-71.17602,42.293],[-71.17607,42.29307],[-71.17613,42.29313],[-71.17618,42.2932],[-71.17624,42.29326],[-71.1763,42.29332],[-71.17637,42.29338],[-71.17644,42.29344],[-71.17651,42.29349],[-71.17657,42.29354],[-71.17663,42.29358],[-71.17669,42.29363],[-71.17674,42.29366],[-71.17676,42.29367],[-71.17682,42.29371],[-71.17689,42.29375],[-71.17696,42.29378],[-71.17703,42.29383],[-71.17713,42.29387],[-71.17721,42.29391],[-71.17736,42.29398],[-71.17799,42.29426],[-71.17813,42.29432],[-71.17825,42.29438],[-71.17828,42.29439]]},"properties":{"lts":2,"name":"Baker Street","osmId":34921170}},{"type":"Feature","geometry":{"type":"LineString","coordinates":[[-71.14793,42.35805],[-71.14766,42.35849]]},"properties":{"lts":3,"name":"Market Street","osmId":34963601}},{"type":"Feature","geometry":{"type":"LineString","coordinates":[[-71.14745,42.35884],[-71.14736,42.35898],[-71.14713,42.35935],[-71.14705,42.35949],[-71.1468,42.35988],[-71.14654,42.3603],[-71.14652,42.36033],[-71.14645,42.36044],[-71.14639,42.36054]]},"properties":{"lts":3,"name":"Leo M. Birmingham Parkway","osmId":41826175}},{"type":"Feature","geometry":{"type":"LineString","coordinates":[[-71.10069,42.34517],[-71.10036,42.34549],[-71.10019,42.34565],[-71.09982,42.346]]},"properties":{"lts":2,"name":"Brookline Avenue","osmId":43100851}},{"type":"Feature","geometry":{"type":"LineString","coordinates":[[-71.08763,42.34707],[-71.08756,42.34692],[-71.08745,42.3467],[-71.08743,42.34665],[-71.08741,42.34662],[-71.08737,42.34655]]},"properties":{"lts":3,"name":"Massachusetts Avenue","osmId":43100852}},{"type":"Feature","geometry":{"type":"LineString","coordinates":[[-71.10689,42.34859],[-71.10679,42.34857],[-71.10675,42.34856],[-71.10605,42.34841],[-71.10604,42.34841],[-71.10603,42.34841],[-71.10602,42.3484],[-71.10601,42.3484],[-71.106,42.34839],[-71.106,42.34839],[-71.10599,42.34839],[-71.10599,42.34838]]},"properties":{"lts":2,"name":"Mountfort Street","osmId":48917526}},{"type":"Feature","geometry":{"type":"LineString","coordinates":[[-71.13257,42.29702],[-71.13271,42.29696],[-71.13294,42.29685]]},"properties":{"lts":3,"name":"Centre Street","osmId":48919790}},{"type":"Feature","geometry":{"type":"LineString","coordinates":[[-71.05864,42.342],[-71.06034,42.34243]]},"properties":{"lts":3,"name":"West Fourth Street","osmId":48938074}},{"type":"Feature","geometry":{"type":"LineString","coordinates":[[-71.05839,42.36524],[-71.05839,42.3653],[-71.05839,42.36546],[-71.05847,42.36626],[-71.05848,42.36637]]},"properties":{"lts":3,"name":"North Washington Street","osmId":48982020}},{"type":"Feature","geometry":{"type":"LineString","coordinates":[[-71.05142,42.35476],[-71.05151,42.3549],[-71.05172,42.35507],[-71.05175,42.35509],[-71.05178,42.3551],[-71.0518,42.35511],[-71.05182,42.35513],[-71.05187,42.35515]]},"properties":{"lts":3,"name":"Seaport Boulevard","osmId":48982055}},{"type":"Feature","geometry":{"type":"LineString","coordinates":[[-71.04287,42.34658],[-71.04242,42.34634],[-71.04239,42.34633],[-71.04227,42.34626]]},"properties":{"lts":3,"name":"Summer Street","osmId":48983952}},{"type":"Feature","geometry":{"type":"LineString","coordinates":[[-71.05506,42.33526],[-71.05513,42.3352],[-71.05516,42.33518],[-71.05522,42.33512]]},"properties":{"lts":3,"name":"D Street","osmId":49175299}},{"type":"Feature","geometry":{"type":"LineString","coordinates":[[-71.07397,42.38448],[-71.07404,42.38437],[-71.07419,42.38415],[-71.07424,42.3841],[-71.07431,42.38404]]},"properties":{"lts":3,"name":"Cambridge Street","osmId":50447265}},{"type":"Feature","geometry":{"type":"LineString","coordinates":[[-71.07633,42.38324],[-71.07625,42.38326]]},"properties":{"lts":2,"name":"Cambridge Street","osmId":51811519}},{"type":"Feature","geometry":{"type":"LineString","coordinates":[[-71.04078,42.34755],[-71.04085,42.34747],[-71.04086,42.34746],[-71.04092,42.3474],[-71.04098,42.34734],[-71.04105,42.34727],[-71.04112,42.34721],[-71.04134,42.34704]]},"properties":{"lts":3,"name":"D Street","osmId":51812124}},{"type":"Feature","geometry":{"type":"LineString","coordinates":[[-71.00626,42.38651],[-71.00593,42.38638]]},"properties":{"lts":3,"name":"Saratoga Street","osmId":75801523}},{"type":"Feature","geometry":{"type":"LineString","coordinates":[[-71.00529,42.38616],[-71.00462,42.38591],[-71.00304,42.38533],[-71.00295,42.3853],[-71.00289,42.38528],[-71.0021,42.385],[-71.00103,42.38462],[-71.00082,42.38454],[-71.00076,42.38451],[-71.00012,42.38427],[-71.00004,42.38424],[-70.99995,42.38421],[-70.99984,42.38417],[-70.99931,42.38398],[-70.99828,42.38361]]},"properties":{"lts":2,"name":"Saratoga Street","osmId":75801543}},{"type":"Feature","geometry":{"type":"LineString","coordinates":[[-71.07723,42.38293],[-71.0767,42.38311]]},"properties":{"lts":2,"name":"Cambridge Street","osmId":82332100}},{"type":"Feature","geometry":{"type":"LineString","coordinates":[[-71.07176,42.38347],[-71.0718,42.38341],[-71.07181,42.38338],[-71.07189,42.38319],[-71.0719,42.3831],[-71.07189,42.38301],[-71.07178,42.38271]]},"properties":{"lts":3,"name":"Main Street","osmId":82576281}},{"type":"Feature","geometry":{"type":"LineString","coordinates":[[-71.07178,42.38271],[-71.0718,42.38295],[-71.07179,42.38305],[-71.07178,42.38315]]},"properties":{"lts":3,"name":"Main Street","osmId":82576282}},{"type":"Feature","geometry":{"type":"LineString","coordinates":[[-71.04872,42.35328],[-71.04857,42.35321],[-71.04854,42.35319],[-71.04841,42.35313]]},"properties":{"lts":3,"name":"Seaport Boulevard","osmId":85891007}},{"type":"Feature","geometry":{"type":"LineString","coordinates":[[-71.12364,42.36843],[-71.12362,42.36846],[-71.1236,42.36848],[-71.12357,42.36851],[-71.12354,42.36855],[-71.12353,42.36857],[-71.12351,42.3686],[-71.12349,42.36862],[-71.12347,42.36864]]},"properties":{"lts":2,"name":"North Harvard Street","osmId":86295762}},{"type":"Feature","geometry":{"type":"LineString","coordinates":[[-71.12347,42.36864],[-71.1232,42.36896]]},"properties":{"lts":3,"name":"North Harvard Street","osmId":86295763}},{"type":"Feature","geometry":{"type":"LineString","coordinates":[[-71.11788,42.36418],[-71.1181,42.36416]]},"properties":{"lts":3,"name":"Western Avenue","osmId":86340453}},{"type":"Feature","geometry":{"type":"LineString","coordinates":[[-71.09046,42.34886],[-71.09039,42.34887],[-71.09034,42.34887],[-71.09029,42.34888],[-71.09024,42.34889],[-71.08993,42.34896],[-71.08985,42.34897],[-71.08978,42.34899],[-71.08971,42.349],[-71.08963,42.34901],[-71.08956,42.34901],[-71.08948,42.34902],[-71.0894,42.34903],[-71.08933,42.34903],[-71.08925,42.34903],[-71.08911,42.34904],[-71.08903,42.34904],[-71.08895,42.34904],[-71.08887,42.34905],[-71.0888,42.34906],[-71.08873,42.34907],[-71.08867,42.34907],[-71.08861,42.34908]]},"properties":{"lts":2,"name":"Commonwealth Avenue","osmId":86479795}},{"type":"Feature","geometry":{"type":"LineString","coordinates":[[-71.063,42.34698],[-71.06321,42.34644]]},"properties":{"lts":3,"name":"Harrison Avenue","osmId":87109181}},{"type":"Feature","geometry":{"type":"LineString","coordinates":[[-71.06321,42.34644],[-71.06324,42.3464],[-71.06326,42.34635]]},"properties":{"lts":3,"name":"Harrison Avenue","osmId":87109187}},{"type":"Feature","geometry":{"type":"LineString","coordinates":[[-71.13158,42.35606],[-71.1318,42.35598],[-71.132,42.35591],[-71.13215,42.35581]]},"properties":{"lts":3,"name":"Cambridge Street","osmId":88477190}},{"type":"Feature","geometry":{"type":"LineString","coordinates":[[-71.09997,42.33578],[-71.09986,42.33563],[-71.09983,42.33558],[-71.09982,42.33552],[-71.09982,42.33546],[-71.09982,42.33538]]},"properties":{"lts":3,"name":null,"osmId":89535468}},{"type":"Feature","geometry":{"type":"LineString","coordinates":[[-71.08995,42.3518],[-71.08983,42.35155]]},"properties":{"lts":2,"name":"Massachusetts Avenue","osmId":89636663}},{"type":"Feature","geometry":{"type":"LineString","coordinates":[[-71.07693,42.34926],[-71.07697,42.3494],[-71.07728,42.34996],[-71.07729,42.34999],[-71.07734,42.35009]]},"properties":{"lts":3,"name":"Dartmouth Street","osmId":89639665}},{"type":"Feature","geometry":{"type":"LineString","coordinates":[[-71.10555,42.34753],[-71.10561,42.34766],[-71.10573,42.3479],[-71.10593,42.34831],[-71.10594,42.34833],[-71.10595,42.34834],[-71.10595,42.34835],[-71.10596,42.34835],[-71.10596,42.34836],[-71.10597,42.34837],[-71.10598,42.34837],[-71.10599,42.34838]]},"properties":{"lts":2,"name":"Park Drive","osmId":91996461}},{"type":"Feature","geometry":{"type":"LineString","coordinates":[[-71.07156,42.36109],[-71.0715,42.36109],[-71.07145,42.36108],[-71.07141,42.36107],[-71.07136,42.36107],[-71.07132,42.36106],[-71.07127,42.36105],[-71.07122,42.36103],[-71.07116,42.36102],[-71.07112,42.36101],[-71.07086,42.36094]]},"properties":{"lts":3,"name":"Cambridge Street","osmId":91996567}},{"type":"Feature","geometry":{"type":"LineString","coordinates":[[-71.08852,42.34891],[-71.08849,42.34883],[-71.08847,42.3488],[-71.08832,42.34848],[-71.0882,42.34824],[-71.08819,42.34821],[-71.08815,42.34814]]},"properties":{"lts":3,"name":"Massachusetts Avenue","osmId":91998191}},{"type":"Feature","geometry":{"type":"LineString","coordinates":[[-71.14564,42.29719],[-71.14565,42.29725],[-71.14567,42.2973],[-71.1457,42.29739],[-71.14575,42.29752],[-71.1458,42.29762],[-71.14587,42.29777],[-71.14596,42.29795]]},"properties":{"lts":3,"name":"West Roxbury Parkway","osmId":93120182}},{"type":"Feature","geometry":{"type":"LineString","coordinates":[[-71.10437,42.3012],[-71.10432,42.30119],[-71.10423,42.30119],[-71.10413,42.30118],[-71.10403,42.30117],[-71.10394,42.30115],[-71.10385,42.30113],[-71.10377,42.30111],[-71.10307,42.30092],[-71.103,42.3009],[-71.10292,42.30088],[-71.10288,42.30088],[-71.10284,42.30087],[-71.10275,42.30086],[-71.10266,42.30085],[-71.10257,42.30084],[-71.10251,42.30084],[-71.10245,42.30084],[-71.10238,42.30084],[-71.10232,42.30085]]},"properties":{"lts":2,"name":"Circuit Drive","osmId":93123246}},{"type":"Feature","geometry":{"type":"LineString","coordinates":[[-71.0751,42.3082],[-71.07482,42.30841],[-71.07459,42.30857],[-71.07458,42.30857],[-71.07449,42.30863],[-71.07403,42.30893],[-71.07398,42.30897],[-71.07386,42.30905],[-71.07381,42.30908],[-71.07361,42.30921],[-71.07349,42.30929]]},"properties":{"lts":3,"name":"Columbia Road","osmId":93124328}},{"type":"Feature","geometry":{"type":"LineString","coordinates":[[-71.07841,42.30615],[-71.0786,42.30612],[-71.07865,42.30611],[-71.07928,42.30598],[-71.07944,42.30594],[-71.07971,42.30587],[-71.07989,42.3058],[-71.07992,42.30579],[-71.07996,42.30577],[-71.08016,42.30566]]},"properties":{"lts":3,"name":"Columbia Road","osmId":93124332}},{"type":"Feature","geometry":{"type":"LineString","coordinates":[[-71.06997,42.38029],[-71.06995,42.38027],[-71.06958,42.37991],[-71.06951,42.37984],[-71.0693,42.37962],[-71.06908,42.37941],[-71.06881,42.37912],[-71.06875,42.37906],[-71.06869,42.37901],[-71.06846,42.37879],[-71.06821,42.37855],[-71.06814,42.37848],[-71.06789,42.37827],[-71.06784,42.37822],[-71.06766,42.37806],[-71.0676,42.378],[-71.06753,42.37795],[-71.06738,42.37782],[-71.06732,42.37777],[-71.06722,42.37768],[-71.06719,42.37765],[-71.0671,42.37758],[-71.06677,42.37729],[-71.06669,42.37722],[-71.06652,42.37708],[-71.06624,42.37687],[-71.06605,42.37673],[-71.06585,42.37658],[-71.06581,42.37655]]},"properties":{"lts":2,"name":"Main Street","osmId":95609072}},{"type":"Feature","geometry":{"type":"LineString","coordinates":[[-71.05979,42.27827],[-71.05965,42.27858]]},"properties":{"lts":1,"name":"Adams Street","osmId":100393445}},{"type":"Feature","geometry":{"type":"LineString","coordinates":[[-71.05879,42.28041],[-71.05877,42.28047],[-71.05877,42.28053],[-71.05877,42.28058],[-71.05877,42.28064],[-71.0588,42.28087],[-71.05882,42.2811],[-71.05886,42.28149],[-71.0589,42.28177]]},"properties":{"lts":2,"name":"Adams Street","osmId":100393446}},{"type":"Feature","geometry":{"type":"LineString","coordinates":[[-71.08306,42.32762],[-71.08294,42.32801]]},"properties":{"lts":3,"name":"Harrison Avenue","osmId":101439779}},{"type":"Feature","geometry":{"type":"LineString","coordinates":[[-71.08291,42.32818],[-71.08277,42.32854],[-71.08275,42.32861]]},"properties":{"lts":2,"name":"Harrison Avenue","osmId":101439780}},{"type":"Feature","geometry":{"type":"LineString","coordinates":[[-71.07798,42.3374],[-71.07805,42.33745],[-71.07825,42.33763],[-71.07856,42.33788],[-71.07923,42.33843],[-71.07969,42.33882],[-71.07976,42.33888],[-71.07996,42.33905]]},"properties":{"lts":3,"name":"Massachusetts Avenue","osmId":101912043}},{"type":"Feature","geometry":{"type":"LineString","coordinates":[[-71.06503,42.317],[-71.0649,42.31707],[-71.06481,42.31712],[-71.06469,42.31719],[-71.06458,42.31726],[-71.06447,42.31734],[-71.06437,42.31742],[-71.06428,42.3175],[-71.06419,42.31759],[-71.06411,42.31768],[-71.06403,42.31778],[-71.06396,42.31787],[-71.06361,42.31836],[-71.06349,42.31851],[-71.06345,42.31857],[-71.06341,42.31862],[-71.06296,42.31925],[-71.06289,42.31935],[-71.06281,42.31944],[-71.06272,42.31953],[-71.06263,42.31962],[-71.06254,42.3197],[-71.06241,42.31981]]},"properties":{"lts":3,"name":"Columbia Road","osmId":102474870}},{"type":"Feature","geometry":{"type":"LineString","coordinates":[[-71.06169,42.32046],[-71.06171,42.32045],[-71.06173,42.32045],[-71.06177,42.32042],[-71.06196,42.32029],[-71.06223,42.32011],[-71.06236,42.32002],[-71.06244,42.31996],[-71.06253,42.31989]]},"properties":{"lts":3,"name":"Columbia Road","osmId":102474889}},{"type":"Feature","geometry":{"type":"LineString","coordinates":[[-71.05536,42.3578],[-71.05538,42.35784],[-71.05544,42.35798],[-71.05552,42.35815],[-71.05558,42.35828],[-71.05587,42.3589],[-71.05588,42.35893],[-71.05591,42.359]]},"properties":{"lts":2,"name":"Kilby Street","osmId":103553906}},{"type":"Feature","geometry":{"type":"LineString","coordinates":[[-71.07009,42.33592],[-71.07002,42.33597],[-71.07,42.33599],[-71.06943,42.33639],[-71.06938,42.33643],[-71.06928,42.3365],[-71.06907,42.33665],[-71.06902,42.33669],[-71.06838,42.33714],[-71.06833,42.33717],[-71.06827,42.33722],[-71.06766,42.33765],[-71.06713,42.33803],[-71.06709,42.33806],[-71.06681,42.33825],[-71.06649,42.33849],[-71.06565,42.33909],[-71.06562,42.3391],[-71.06552,42.33918]]},"properties":{"lts":2,"name":"Albany Street","osmId":115591994}},{"type":"Feature","geometry":{"type":"LineString","coordinates":[[-71.03903,42.37251],[-71.03903,42.37267]]},"properties":{"lts":2,"name":"Meridian Street","osmId":126838471}},{"type":"Feature","geometry":{"type":"LineString","coordinates":[[-71.07176,42.38347],[-71.07181,42.3835],[-71.07207,42.38363]]},"properties":{"lts":2,"name":"Main Street","osmId":132174475}},{"type":"Feature","geometry":{"type":"LineString","coordinates":[[-71.10312,42.31661],[-71.10313,42.31663],[-71.10315,42.31665],[-71.10316,42.31665],[-71.10318,42.31667],[-71.10336,42.31675],[-71.10343,42.31679],[-71.10349,42.31681],[-71.10355,42.31684],[-71.10361,42.31686],[-71.10368,42.31688],[-71.10376,42.3169],[-71.10387,42.31693],[-71.10399,42.31697],[-71.10407,42.31698],[-71.10414,42.31699],[-71.10421,42.317],[-71.10428,42.31701],[-71.10438,42.31702],[-71.10447,42.31703],[-71.10455,42.31703],[-71.10478,42.31703],[-71.10489,42.31703]]},"properties":{"lts":3,"name":"Boylston Street","osmId":133112918}},{"type":"Feature","geometry":{"type":"LineString","coordinates":[[-71.12256,42.32001],[-71.12236,42.32014],[-71.1222,42.32029],[-71.12204,42.32045],[-71.12195,42.32058],[-71.12184,42.32068],[-71.12169,42.32078],[-71.12155,42.32086],[-71.1214,42.32097],[-71.12126,42.32112],[-71.12114,42.32124]]},"properties":{"lts":2,"name":"Perkins Street","osmId":133175135}},{"type":"Feature","geometry":{"type":"LineString","coordinates":[[-71.11572,42.29821],[-71.11547,42.29811]]},"properties":{"lts":3,"name":"Ukraine Way","osmId":139333577}},{"type":"Feature","geometry":{"type":"LineString","coordinates":[[-71.11541,42.29819],[-71.11567,42.29828]]},"properties":{"lts":3,"name":"Ukraine Way","osmId":139333581}},{"type":"Feature","geometry":{"type":"LineString","coordinates":[[-71.11547,42.29811],[-71.11511,42.29798],[-71.11507,42.29796],[-71.11492,42.2979]]},"properties":{"lts":3,"name":"Ukraine Way","osmId":139333583}},{"type":"Feature","geometry":{"type":"LineString","coordinates":[[-71.13053,42.2937],[-71.13051,42.29361],[-71.13049,42.29354],[-71.13047,42.29343],[-71.13046,42.29331],[-71.13046,42.29321],[-71.13047,42.29284],[-71.13047,42.29276],[-71.13048,42.29246],[-71.13049,42.29228],[-71.13049,42.29219],[-71.13051,42.29212],[-71.13054,42.29203],[-71.13059,42.29194],[-71.13064,42.29188],[-71.13071,42.29181],[-71.1308,42.29173],[-71.1309,42.29166],[-71.13123,42.2915],[-71.1316,42.29133],[-71.13198,42.29114],[-71.13209,42.29108],[-71.13223,42.29099],[-71.13249,42.29077],[-71.13261,42.29064],[-71.13296,42.29025],[-71.13312,42.29004],[-71.13347,42.28966],[-71.13365,42.28946],[-71.13396,42.28914],[-71.13401,42.28908],[-71.13407,42.28899],[-71.13416,42.28891]]},"properties":{"lts":2,"name":"Walter Street","osmId":139333587}},{"type":"Feature","geometry":{"type":"LineString","coordinates":[[-71.12962,42.28723],[-71.12974,42.28719],[-71.12978,42.28717]]},"properties":{"lts":2,"name":"Belgrade Avenue","osmId":139439560}},{"type":"Feature","geometry":{"type":"LineString","coordinates":[[-71.11858,42.29544],[-71.11878,42.29525],[-71.11943,42.29463],[-71.11979,42.29429],[-71.11992,42.29417],[-71.12025,42.29385],[-71.12032,42.29379],[-71.12042,42.29369],[-71.12084,42.2933],[-71.12091,42.29323],[-71.12135,42.29281],[-71.12139,42.29277],[-71.12144,42.29273],[-71.12169,42.29248],[-71.12191,42.29226],[-71.12217,42.29202],[-71.12243,42.29178],[-71.12252,42.2917],[-71.12307,42.2912],[-71.12359,42.29071],[-71.12414,42.2902],[-71.12465,42.28971]]},"properties":{"lts":2,"name":"Washington Street","osmId":139439567}},{"type":"Feature","geometry":{"type":"LineString","coordinates":[[-71.16754,42.35057],[-71.16722,42.35054],[-71.16694,42.35051],[-71.16684,42.3505]]},"properties":{"lts":2,"name":"Washington Street","osmId":149700924}},{"type":"Feature","geometry":{"type":"LineString","coordinates":[[-71.14927,42.34933],[-71.149,42.34943],[-71.14851,42.34962],[-71.14846,42.34964],[-71.14843,42.34965],[-71.14805,42.3498],[-71.14762,42.34996]]},"properties":{"lts":2,"name":"Cambridge Street","osmId":149701301}},{"type":"Feature","geometry":{"type":"LineString","coordinates":[[-71.07106,42.29015],[-71.0708,42.29013],[-71.07052,42.2901],[-71.07027,42.29007],[-71.06985,42.29],[-71.06978,42.28999],[-71.06963,42.28996],[-71.06903,42.28982],[-71.0687,42.28973],[-71.0685,42.28967],[-71.06835,42.28961],[-71.06772,42.28938],[-71.06732,42.28921],[-71.06718,42.28914],[-71.06702,42.28907],[-71.06693,42.28902],[-71.06683,42.28897],[-71.06671,42.2889],[-71.06634,42.28867],[-71.06608,42.28848],[-71.06586,42.28829],[-71.06577,42.2882],[-71.06572,42.28815],[-71.06557,42.28802],[-71.06557,42.28801],[-71.06555,42.288],[-71.06538,42.28779],[-71.06528,42.28768],[-71.0651,42.28745],[-71.06503,42.28732],[-71.06476,42.2868],[-71.06461,42.28647],[-71.06459,42.28645],[-71.06458,42.28642],[-71.06456,42.28639],[-71.06455,42.28638]]},"properties":{"lts":2,"name":"Talbot Avenue","osmId":172456499}},{"type":"Feature","geometry":{"type":"LineString","coordinates":[[-71.10505,42.34972],[-71.10492,42.34971],[-71.10387,42.34958],[-71.10381,42.34958],[-71.10368,42.34956],[-71.10353,42.34954],[-71.10286,42.34946]]},"properties":{"lts":2,"name":"Commonwealth Avenue","osmId":196203206}},{"type":"Feature","geometry":{"type":"LineString","coordinates":[[-71.08323,42.34167],[-71.08355,42.34191],[-71.08363,42.34195],[-71.08371,42.34198],[-71.08379,42.34201]]},"properties":{"lts":3,"name":"Massachusetts Avenue","osmId":201664548}},{"type":"Feature","geometry":{"type":"LineString","coordinates":[[-71.06173,42.35435],[-71.06164,42.35443],[-71.06123,42.3548]]},"properties":{"lts":3,"name":"Washington Street","osmId":201667420}},{"type":"Feature","geometry":{"type":"LineString","coordinates":[[-71.08041,42.33928],[-71.08032,42.3392],[-71.0803,42.33918],[-71.0798,42.33875],[-71.07962,42.33861],[-71.07913,42.33819],[-71.0788,42.33792],[-71.07853,42.33771],[-71.07816,42.33741],[-71.07814,42.33739],[-71.07807,42.33733],[-71.07802,42.33728],[-71.07765,42.33698],[-71.07744,42.3368]]},"properties":{"lts":3,"name":"Massachusetts Avenue","osmId":201707698}},{"type":"Feature","geometry":{"type":"LineString","coordinates":[[-71.12518,42.23746],[-71.12517,42.2374],[-71.12504,42.23665],[-71.12502,42.23655],[-71.125,42.23644],[-71.12499,42.23633],[-71.12498,42.23621],[-71.12497,42.23611],[-71.12497,42.23599],[-71.12497,42.23589],[-71.12497,42.23571]]},"properties":{"lts":3,"name":"Truman Parkway","osmId":211849566}},{"type":"Feature","geometry":{"type":"LineString","coordinates":[[-71.09393,42.26723],[-71.09395,42.26695]]},"properties":{"lts":3,"name":"Blue Hills Parkway","osmId":211852999}},{"type":"Feature","geometry":{"type":"LineString","coordinates":[[-71.11832,42.25261],[-71.11838,42.25254],[-71.11844,42.25248],[-71.11849,42.25243],[-71.11862,42.25233],[-71.1187,42.25227],[-71.11881,42.25219],[-71.11892,42.25213],[-71.11904,42.25205],[-71.11907,42.25204],[-71.11981,42.25161],[-71.12046,42.25123],[-71.12118,42.25082],[-71.12189,42.25042],[-71.12201,42.25035],[-71.12235,42.25015],[-71.12239,42.25012],[-71.12244,42.25008]]},"properties":{"lts":3,"name":"Truman Parkway","osmId":213190126}},{"type":"Feature","geometry":{"type":"LineString","coordinates":[[-71.04915,42.30064],[-71.04929,42.30074],[-71.04944,42.30083]]},"properties":{"lts":3,"name":"Freeport Street","osmId":215726054}},{"type":"Feature","geometry":{"type":"LineString","coordinates":[[-71.05231,42.32701],[-71.05231,42.3271],[-71.05234,42.32777],[-71.05235,42.328],[-71.05235,42.32821],[-71.05235,42.32834],[-71.05234,42.32843],[-71.05233,42.32854],[-71.0523,42.32866],[-71.05227,42.32878],[-71.05222,42.32887],[-71.0522,42.32891]]},"properties":{"lts":3,"name":"Old Colony Avenue","osmId":215950474}},{"type":"Feature","geometry":{"type":"LineString","coordinates":[[-71.04338,42.33023],[-71.04354,42.33025],[-71.04366,42.33025],[-71.04396,42.33024]]},"properties":{"lts":2,"name":"William J. Day Boulevard","osmId":216267539}},{"type":"Feature","geometry":{"type":"LineString","coordinates":[[-71.04502,42.32987],[-71.0449,42.32989],[-71.04484,42.32991],[-71.04481,42.32991],[-71.04472,42.32994],[-71.04451,42.33001],[-71.04435,42.33005],[-71.0442,42.3301],[-71.04416,42.33011],[-71.044,42.33015],[-71.0439,42.33017],[-71.04377,42.33019],[-71.04364,42.33019],[-71.04351,42.33021],[-71.04338,42.33023]]},"properties":{"lts":2,"name":"William J. Day Boulevard","osmId":216267545}},{"type":"Feature","geometry":{"type":"LineString","coordinates":[[-71.03726,42.31079],[-71.03723,42.31079],[-71.03719,42.3108],[-71.03715,42.31081],[-71.03708,42.31082],[-71.03703,42.31084],[-71.03697,42.31086],[-71.03693,42.31088],[-71.03687,42.3109],[-71.03682,42.31093],[-71.03678,42.31096],[-71.03673,42.311],[-71.03666,42.31106],[-71.03656,42.31114],[-71.03652,42.31118],[-71.03648,42.31122],[-71.03643,42.31128],[-71.03638,42.31134],[-71.03635,42.3114],[-71.03633,42.31144],[-71.03632,42.31148],[-71.03631,42.31155],[-71.0363,42.31163],[-71.03631,42.3117],[-71.03635,42.31183],[-71.0364,42.31196],[-71.03643,42.31203],[-71.03645,42.3121],[-71.03645,42.31216]]},"properties":{"lts":3,"name":"University Drive East","osmId":216538346}},{"type":"Feature","geometry":{"type":"LineString","coordinates":[[-71.03554,42.33988],[-71.03555,42.34023],[-71.03555,42.34033],[-71.03557,42.34091],[-71.03557,42.34094],[-71.03558,42.34104]]},"properties":{"lts":3,"name":"Summer Street","osmId":217381796}},{"type":"Feature","geometry":{"type":"LineString","coordinates":[[-71.0357,42.34174],[-71.03572,42.34178],[-71.03574,42.34181],[-71.03575,42.34184],[-71.03579,42.3419],[-71.03583,42.34198],[-71.03588,42.34205],[-71.03593,42.34213],[-71.03599,42.3422],[-71.03605,42.34227],[-71.03612,42.34233],[-71.03619,42.3424],[-71.03626,42.34246],[-71.03634,42.34252],[-71.03641,42.34257],[-71.0365,42.34263],[-71.03658,42.34268],[-71.03725,42.34312],[-71.0379,42.34354],[-71.03813,42.34369]]},"properties":{"lts":3,"name":"Summer Street","osmId":217382371}},{"type":"Feature","geometry":{"type":"LineString","coordinates":[[-71.0362,42.34465],[-71.03589,42.34465],[-71.03518,42.34466]]},"properties":{"lts":2,"name":"Drydock Avenue","osmId":217387620}},{"type":"Feature","geometry":{"type":"LineString","coordinates":[[-71.06168,42.37209],[-71.0616,42.37206],[-71.06125,42.3719],[-71.06122,42.37188],[-71.0612,42.37187],[-71.06117,42.37185],[-71.06114,42.37183],[-71.06111,42.3718]]},"properties":{"lts":3,"name":"City Square","osmId":217801044}},{"type":"Feature","geometry":{"type":"LineString","coordinates":[[-71.04396,42.33024],[-71.044,42.33022],[-71.04412,42.33018],[-71.0445,42.33007],[-71.04462,42.33003],[-71.04477,42.32999],[-71.04486,42.32995],[-71.04493,42.32992],[-71.04502,42.32987]]},"properties":{"lts":2,"name":"William J. Day Boulevard","osmId":239477699}},{"type":"Feature","geometry":{"type":"LineString","coordinates":[[-71.09695,42.34899],[-71.09701,42.34899],[-71.09706,42.34899],[-71.09711,42.34899],[-71.09717,42.34899],[-71.0972,42.34899],[-71.09725,42.349],[-71.09733,42.349],[-71.0974,42.34901],[-71.0975,42.34902],[-71.09755,42.34903],[-71.09759,42.34903]]},"properties":{"lts":2,"name":"Commonwealth Avenue","osmId":240745677}},{"type":"Feature","geometry":{"type":"LineString","coordinates":[[-71.09716,42.34879],[-71.09716,42.34862],[-71.09717,42.34859],[-71.09717,42.34859],[-71.09717,42.34857],[-71.09718,42.34855],[-71.09719,42.34854],[-71.09719,42.34853],[-71.0972,42.34851],[-71.09722,42.34849],[-71.09723,42.34847],[-71.09725,42.34845],[-71.09726,42.34844],[-71.09727,42.34842],[-71.09744,42.34827]]},"properties":{"lts":3,"name":"Brookline Avenue","osmId":240745678}},{"type":"Feature","geometry":{"type":"LineString","coordinates":[[-71.09336,42.3498],[-71.09485,42.34941],[-71.09489,42.3494],[-71.095,42.34937]]},"properties":{"lts":3,"name":"Beacon Street","osmId":241028354}},{"type":"Feature","geometry":{"type":"LineString","coordinates":[[-71.06685,42.35094],[-71.06671,42.35096],[-71.06643,42.35103]]},"properties":{"lts":2,"name":"Stuart Street","osmId":242633874}},{"type":"Feature","geometry":{"type":"LineString","coordinates":[[-71.06607,42.3511],[-71.06507,42.35109],[-71.06492,42.35109]]},"properties":{"lts":3,"name":"Stuart Street","osmId":242652627}},{"type":"Feature","geometry":{"type":"LineString","coordinates":[[-71.07437,42.34896],[-71.07429,42.34898],[-71.07418,42.349],[-71.07351,42.34918],[-71.07319,42.34927],[-71.07241,42.34948],[-71.07236,42.34949],[-71.07232,42.3495],[-71.07221,42.34953],[-71.07209,42.34956],[-71.07131,42.34977]]},"properties":{"lts":3,"name":"Stuart Street","osmId":242998461}},{"type":"Feature","geometry":{"type":"LineString","coordinates":[[-71.12976,42.3632],[-71.12969,42.36326],[-71.12962,42.36331],[-71.12938,42.36349],[-71.12921,42.36361]]},"properties":{"lts":3,"name":"North Harvard Street","osmId":261142519}},{"type":"Feature","geometry":{"type":"LineString","coordinates":[[-71.12449,42.36753],[-71.12387,42.36817],[-71.12384,42.3682],[-71.12381,42.36823],[-71.12379,42.36826]]},"properties":{"lts":3,"name":"North Harvard Street","osmId":261310440}},{"type":"Feature","geometry":{"type":"LineString","coordinates":[[-71.11779,42.36092],[-71.11772,42.36095]]},"properties":{"lts":3,"name":"River Street","osmId":261606376}},{"type":"Feature","geometry":{"type":"LineString","coordinates":[[-71.10727,42.3225],[-71.10706,42.32252],[-71.10704,42.32252],[-71.10688,42.32253],[-71.10682,42.32254],[-71.10667,42.32255],[-71.10656,42.32256],[-71.10649,42.32257],[-71.10583,42.32264],[-71.10517,42.3227],[-71.10498,42.32272],[-71.10488,42.32273],[-71.1048,42.32274],[-71.10404,42.32283],[-71.10391,42.32284],[-71.10369,42.32287],[-71.10358,42.32288],[-71.10346,42.3229],[-71.10335,42.32291],[-71.10326,42.32292],[-71.10319,42.32292],[-71.10313,42.32293],[-71.10308,42.32293],[-71.10303,42.32293],[-71.10298,42.32293],[-71.10289,42.32293],[-71.10249,42.32292],[-71.10234,42.32292],[-71.10207,42.32291],[-71.10193,42.32291],[-71.10185,42.3229],[-71.10176,42.3229],[-71.10158,42.32288],[-71.10136,42.32287],[-71.10071,42.32283],[-71.10067,42.32283],[-71.10058,42.32282]]},"properties":{"lts":2,"name":"Centre Street","osmId":262440553}},{"type":"Feature","geometry":{"type":"LineString","coordinates":[[-71.11962,42.32146],[-71.11958,42.32163],[-71.11956,42.32171],[-71.11955,42.32178],[-71.11954,42.32182],[-71.11952,42.32198],[-71.11952,42.32213],[-71.11954,42.32227],[-71.11957,42.32242]]},"properties":{"lts":2,"name":"Chestnut Street","osmId":276561829}},{"type":"Feature","geometry":{"type":"LineString","coordinates":[[-71.11963,42.32265],[-71.11959,42.32256],[-71.11958,42.32247],[-71.11957,42.32242]]},"properties":{"lts":2,"name":"Chestnut Street","osmId":276561830}},{"type":"Feature","geometry":{"type":"LineString","coordinates":[[-71.11548,42.30968],[-71.11558,42.30968],[-71.11562,42.30968],[-71.11566,42.30967],[-71.11571,42.30966],[-71.11575,42.30964],[-71.11579,42.30962],[-71.11583,42.3096],[-71.11605,42.30943],[-71.11611,42.30938]]},"properties":{"lts":3,"name":"Centre Street","osmId":283882659}},{"type":"Feature","geometry":{"type":"LineString","coordinates":[[-71.08532,42.30552],[-71.0854,42.30556],[-71.0855,42.30561],[-71.08563,42.30568],[-71.08676,42.30635],[-71.08735,42.30671],[-71.08741,42.30675]]},"properties":{"lts":3,"name":"Seaver Street","osmId":284675053}},{"type":"Feature","geometry":{"type":"LineString","coordinates":[[-71.09946,42.33574],[-71.09927,42.33601]]},"properties":{"lts":2,"name":"Saint Alphonsus Street","osmId":284698577}},{"type":"Feature","geometry":{"type":"LineString","coordinates":[[-71.1,42.33505],[-71.09995,42.33508],[-71.09991,42.33511],[-71.09987,42.33516],[-71.0997,42.3354]]},"properties":{"lts":3,"name":"Saint Alphonsus Street","osmId":284698578}},{"type":"Feature","geometry":{"type":"LineString","coordinates":[[-71.08546,42.30183],[-71.08543,42.30183],[-71.0854,42.30184],[-71.08536,42.30185],[-71.08533,42.30187],[-71.08518,42.30199],[-71.08514,42.30202],[-71.08511,42.30205],[-71.08507,42.3021]]},"properties":{"lts":3,"name":"Old Road","osmId":285001939}},{"type":"Feature","geometry":{"type":"LineString","coordinates":[[-71.08909,42.35007],[-71.08906,42.35001],[-71.08905,42.34998],[-71.08892,42.34972],[-71.0889,42.34968],[-71.08878,42.34943],[-71.08876,42.3494],[-71.0887,42.34927]]},"properties":{"lts":3,"name":"Massachusetts Avenue","osmId":286489353}},{"type":"Feature","geometry":{"type":"LineString","coordinates":[[-71.0887,42.34927],[-71.08887,42.34927],[-71.08967,42.34925]]},"properties":{"lts":3,"name":"Commonwealth Avenue","osmId":286489354}},{"type":"Feature","geometry":{"type":"LineString","coordinates":[[-71.05466,42.35465],[-71.05459,42.35472],[-71.05431,42.35498],[-71.05411,42.35516],[-71.05408,42.35518],[-71.05403,42.35524],[-71.05397,42.35529],[-71.05333,42.35591],[-71.05331,42.35593],[-71.05327,42.35597],[-71.05324,42.356],[-71.05322,42.35603],[-71.0532,42.35607],[-71.05318,42.3561],[-71.05317,42.35613],[-71.05313,42.35618],[-71.0531,42.35621],[-71.05302,42.3563],[-71.05292,42.35636],[-71.05281,42.35643],[-71.05269,42.35647],[-71.05259,42.3565],[-71.05235,42.35655],[-71.05175,42.35667],[-71.05165,42.35668],[-71.05163,42.35668],[-71.05151,42.35668]]},"properties":{"lts":3,"name":"High Street","osmId":289424188}},{"type":"Feature","geometry":{"type":"LineString","coordinates":[[-71.058,42.34975],[-71.05836,42.34983]]},"properties":{"lts":3,"name":"Kneeland Street","osmId":289654498}},{"type":"Feature","geometry":{"type":"LineString","coordinates":[[-71.05078,42.35692],[-71.05079,42.35698],[-71.05079,42.35703],[-71.0508,42.35709],[-71.05081,42.35713],[-71.05082,42.35717],[-71.05083,42.3572],[-71.05084,42.35723],[-71.05085,42.35726],[-71.05087,42.35729],[-71.05089,42.35733],[-71.05091,42.35736],[-71.05093,42.35739],[-71.05095,42.35741],[-71.05099,42.35746],[-71.05103,42.35751],[-71.05115,42.35762],[-71.05118,42.35765],[-71.05121,42.35767],[-71.05123,42.35769],[-71.05124,42.35771],[-71.05126,42.35774],[-71.05127,42.35776],[-71.05129,42.35778],[-71.0513,42.3578],[-71.05132,42.35784],[-71.05134,42.35789]]},"properties":{"lts":3,"name":"Atlantic Avenue","osmId":290074778}},{"type":"Feature","geometry":{"type":"LineString","coordinates":[[-71.04372,42.34491],[-71.04346,42.3451],[-71.04342,42.34513],[-71.04338,42.34516],[-71.04334,42.34519],[-71.04309,42.34541],[-71.04306,42.34543],[-71.04295,42.34553],[-71.04287,42.34559],[-71.04256,42.34586]]},"properties":{"lts":3,"name":"D Street","osmId":290281676}},{"type":"Feature","geometry":{"type":"LineString","coordinates":[[-71.04144,42.34697],[-71.04158,42.34685],[-71.04165,42.3468]]},"properties":{"lts":3,"name":"D Street","osmId":290281677}},{"type":"Feature","geometry":{"type":"LineString","coordinates":[[-71.0426,42.34597],[-71.04293,42.34567],[-71.04295,42.34565],[-71.04303,42.34558]]},"properties":{"lts":3,"name":"D Street","osmId":290281727}},{"type":"Feature","geometry":{"type":"LineString","coordinates":[[-71.04167,42.34658],[-71.04141,42.34681]]},"properties":{"lts":3,"name":"D Street","osmId":290281729}},{"type":"Feature","geometry":{"type":"LineString","coordinates":[[-71.03896,42.37019],[-71.03905,42.37021],[-71.0391,42.37023],[-71.03917,42.37025],[-71.03923,42.37027],[-71.03955,42.37042],[-71.03962,42.37045],[-71.03968,42.37047],[-71.03993,42.37058],[-71.04021,42.37071],[-71.04028,42.37074]]},"properties":{"lts":3,"name":"Maverick Street","osmId":290292472}},{"type":"Feature","geometry":{"type":"LineString","coordinates":[[-71.03754,42.36954],[-71.03772,42.36962]]},"properties":{"lts":3,"name":"Maverick Street","osmId":290293559}},{"type":"Feature","geometry":{"type":"LineString","coordinates":[[-71.03772,42.36962],[-71.03786,42.36968],[-71.03794,42.36972],[-71.03803,42.36976],[-71.03855,42.37],[-71.03863,42.37004]]},"properties":{"lts":3,"name":"Maverick Street","osmId":290293560}},{"type":"Feature","geometry":{"type":"LineString","coordinates":[[-71.13175,42.35185],[-71.13181,42.35201],[-71.13192,42.35237]]},"properties":{"lts":2,"name":"Harvard Avenue","osmId":290701541}},{"type":"Feature","geometry":{"type":"LineString","coordinates":[[-71.13192,42.35237],[-71.13193,42.3524],[-71.13198,42.35257],[-71.132,42.35264]]},"properties":{"lts":2,"name":"Harvard Avenue","osmId":290701542}},{"type":"Feature","geometry":{"type":"LineString","coordinates":[[-71.13211,42.35306],[-71.13213,42.35313],[-71.13213,42.35317],[-71.13217,42.35337],[-71.13219,42.35346],[-71.13225,42.35376],[-71.13234,42.35407],[-71.13237,42.35414],[-71.13239,42.35422],[-71.13251,42.35461],[-71.13253,42.35468],[-71.13264,42.35504],[-71.1327,42.35522],[-71.1327,42.35523]]},"properties":{"lts":2,"name":"Harvard Avenue","osmId":290701544}},{"type":"Feature","geometry":{"type":"LineString","coordinates":[[-71.03554,42.37269],[-71.03592,42.37237],[-71.03617,42.37215],[-71.0371,42.37134],[-71.03715,42.3713],[-71.03721,42.37125],[-71.03778,42.37076],[-71.03783,42.37072],[-71.03808,42.3705],[-71.03856,42.3701],[-71.03863,42.37004]]},"properties":{"lts":2,"name":"Chelsea Street","osmId":291408608}},{"type":"Feature","geometry":{"type":"LineString","coordinates":[[-71.0428,42.35041],[-71.04268,42.35036]]},"properties":{"lts":3,"name":"Seaport Boulevard","osmId":292809927}},{"type":"Feature","geometry":{"type":"LineString","coordinates":[[-71.04415,42.35218],[-71.04425,42.35222],[-71.04466,42.35241],[-71.04523,42.35268],[-71.04528,42.3527],[-71.04538,42.35275],[-71.04545,42.35278],[-71.04592,42.353],[-71.04599,42.35304]]},"properties":{"lts":3,"name":"Northern Avenue","osmId":292967031}},{"type":"Feature","geometry":{"type":"LineString","coordinates":[[-71.06364,42.34076],[-71.06381,42.34055],[-71.06388,42.34047],[-71.06398,42.34038],[-71.06404,42.34031],[-71.06412,42.34024],[-71.06423,42.34015],[-71.06431,42.34009],[-71.06444,42.34],[-71.065,42.3396],[-71.06525,42.33943],[-71.06534,42.33935],[-71.06546,42.33924],[-71.06552,42.33918]]},"properties":{"lts":3,"name":"Albany Street","osmId":294582917}},{"type":"Feature","geometry":{"type":"LineString","coordinates":[[-71.07447,42.38391],[-71.07448,42.3839],[-71.07476,42.3838]]},"properties":{"lts":2,"name":"Cambridge Street","osmId":295037237}},{"type":"Feature","geometry":{"type":"LineString","coordinates":[[-71.06196,42.37298],[-71.06194,42.37293],[-71.06194,42.37288],[-71.06194,42.37255],[-71.06194,42.37231],[-71.06194,42.37228],[-71.06195,42.37221]]},"properties":{"lts":3,"name":"Main Street","osmId":295037245}},{"type":"Feature","geometry":{"type":"LineString","coordinates":[[-71.04238,42.35033],[-71.0426,42.35042],[-71.04264,42.35044],[-71.04274,42.35048]]},"properties":{"lts":3,"name":"Seaport Boulevard","osmId":295175437}},{"type":"Feature","geometry":{"type":"LineString","coordinates":[[-71.06152,42.35064],[-71.06156,42.35053],[-71.06185,42.3498],[-71.06188,42.34974],[-71.06208,42.34923],[-71.0621,42.34919],[-71.0622,42.34895],[-71.06232,42.34866],[-71.06249,42.34823],[-71.06251,42.34818],[-71.06253,42.34814],[-71.06266,42.34781],[-71.06284,42.34738],[-71.06288,42.34727]]},"properties":{"lts":3,"name":"Harrison Avenue","osmId":295875086}},{"type":"Feature","geometry":{"type":"LineString","coordinates":[[-71.06152,42.35064],[-71.0616,42.35066],[-71.06213,42.3508],[-71.0622,42.35082]]},"properties":{"lts":3,"name":"Kneeland Street","osmId":295875087}},{"type":"Feature","geometry":{"type":"LineString","coordinates":[[-71.0571,42.34159],[-71.05715,42.34153],[-71.05716,42.34151],[-71.05717,42.3415],[-71.05718,42.34149],[-71.05718,42.34148],[-71.05717,42.34072],[-71.05717,42.3407],[-71.05717,42.34054]]},"properties":{"lts":2,"name":"Dorchester Avenue","osmId":296770186}},{"type":"Feature","geometry":{"type":"LineString","coordinates":[[-71.05713,42.33924],[-71.05714,42.33945],[-71.05714,42.3397],[-71.05714,42.34004],[-71.05714,42.34019]]},"properties":{"lts":3,"name":"Dorchester Avenue","osmId":296770539}},{"type":"Feature","geometry":{"type":"LineString","coordinates":[[-71.04134,42.34704],[-71.04144,42.34697]]},"properties":{"lts":3,"name":"D Street","osmId":297218449}},{"type":"Feature","geometry":{"type":"LineString","coordinates":[[-71.10306,42.33698],[-71.10294,42.33694],[-71.10264,42.33682],[-71.10237,42.33672],[-71.10208,42.33661],[-71.10163,42.33644],[-71.10098,42.33619],[-71.10095,42.33617],[-71.1009,42.33615],[-71.10046,42.33599],[-71.10042,42.33597],[-71.10033,42.33593]]},"properties":{"lts":2,"name":"Longwood Avenue","osmId":301420928}},{"type":"Feature","geometry":{"type":"LineString","coordinates":[[-71.09956,42.3356],[-71.09976,42.33544],[-71.09982,42.33538],[-71.09995,42.33518],[-71.09998,42.33512],[-71.1,42.33505]]},"properties":{"lts":3,"name":"Saint Alphonsus Street","osmId":301468440}},{"type":"Feature","geometry":{"type":"LineString","coordinates":[[-71.09065,42.33978],[-71.09061,42.3397],[-71.0906,42.33967],[-71.09056,42.33959]]},"properties":{"lts":2,"name":"Forsyth Street","osmId":301735933}},{"type":"Feature","geometry":{"type":"LineString","coordinates":[[-71.09023,42.33542],[-71.09029,42.33549],[-71.09031,42.33551],[-71.09034,42.33554],[-71.09036,42.33556],[-71.09038,42.33558],[-71.09039,42.33559],[-71.09041,42.33561],[-71.09042,42.33562],[-71.09044,42.33563],[-71.09047,42.33565],[-71.0905,42.33567],[-71.09053,42.3357],[-71.09056,42.33572],[-71.09058,42.33573],[-71.0906,42.33574],[-71.09061,42.33575],[-71.09062,42.33576],[-71.09065,42.33577]]},"properties":{"lts":3,"name":"Ruggles Street","osmId":301814872}},{"type":"Feature","geometry":{"type":"LineString","coordinates":[[-71.08447,42.30606],[-71.08443,42.30621],[-71.08436,42.30644],[-71.08425,42.30674],[-71.08415,42.30694],[-71.08406,42.30712],[-71.08396,42.30726],[-71.08389,42.30735],[-71.08383,42.30743],[-71.08375,42.30754],[-71.08372,42.30757],[-71.08329,42.30815],[-71.08327,42.30817],[-71.08322,42.30824]]},"properties":{"lts":3,"name":"Blue Hill Avenue","osmId":301814877}},{"type":"Feature","geometry":{"type":"LineString","coordinates":[[-71.08462,42.30612],[-71.08465,42.30593],[-71.08471,42.30559]]},"properties":{"lts":3,"name":"Blue Hill Avenue","osmId":301820171}},{"type":"Feature","geometry":{"type":"LineString","coordinates":[[-71.11059,42.3358],[-71.11019,42.33617],[-71.11016,42.3362],[-71.11004,42.33633]]},"properties":{"lts":3,"name":"Brookline Avenue","osmId":307333282}},{"type":"Feature","geometry":{"type":"LineString","coordinates":[[-71.10779,42.33843],[-71.10756,42.33864]]},"properties":{"lts":3,"name":"Brookline Avenue","osmId":307333285}},{"type":"Feature","geometry":{"type":"LineString","coordinates":[[-71.08347,42.32593],[-71.08347,42.32588],[-71.08346,42.32575],[-71.08343,42.32561],[-71.08333,42.32532],[-71.08331,42.32527],[-71.0833,42.32526],[-71.08308,42.32467],[-71.08306,42.32461],[-71.08295,42.32432],[-71.08292,42.32422],[-71.08285,42.32403]]},"properties":{"lts":3,"name":"Warren Street","osmId":312004518}},{"type":"Feature","geometry":{"type":"LineString","coordinates":[[-71.1471,42.286],[-71.14716,42.286]]},"properties":{"lts":2,"name":"Belgrade Avenue","osmId":312345417}},{"type":"Feature","geometry":{"type":"LineString","coordinates":[[-71.14698,42.28601],[-71.1471,42.286]]},"properties":{"lts":2,"name":"Belgrade Avenue","osmId":312345418}},{"type":"Feature","geometry":{"type":"LineString","coordinates":[[-71.13975,42.28614],[-71.13987,42.28614],[-71.14034,42.28613]]},"properties":{"lts":2,"name":"Belgrade Avenue","osmId":312345420}},{"type":"Feature","geometry":{"type":"LineString","coordinates":[[-71.14641,42.28602],[-71.1465,42.28601]]},"properties":{"lts":2,"name":"Belgrade Avenue","osmId":312345421}},{"type":"Feature","geometry":{"type":"LineString","coordinates":[[-71.14619,42.28602],[-71.14641,42.28602]]},"properties":{"lts":2,"name":"Belgrade Avenue","osmId":312345422}},{"type":"Feature","geometry":{"type":"LineString","coordinates":[[-71.13579,42.28629],[-71.13593,42.28628]]},"properties":{"lts":2,"name":"Belgrade Avenue","osmId":312345423}},{"type":"Feature","geometry":{"type":"LineString","coordinates":[[-71.14729,42.286],[-71.14735,42.286]]},"properties":{"lts":2,"name":"Belgrade Avenue","osmId":312345424}},{"type":"Feature","geometry":{"type":"LineString","coordinates":[[-71.1482,42.28597],[-71.14833,42.28596],[-71.14847,42.28594],[-71.14869,42.28591]]},"properties":{"lts":2,"name":"Belgrade Avenue","osmId":312345426}},{"type":"Feature","geometry":{"type":"LineString","coordinates":[[-71.13593,42.28628],[-71.13596,42.28628],[-71.13646,42.28627],[-71.13654,42.28627]]},"properties":{"lts":2,"name":"Belgrade Avenue","osmId":312345428}},{"type":"Feature","geometry":{"type":"LineString","coordinates":[[-71.1465,42.28601],[-71.14663,42.28601]]},"properties":{"lts":2,"name":"Belgrade Avenue","osmId":312345429}},{"type":"Feature","geometry":{"type":"LineString","coordinates":[[-71.1372,42.28626],[-71.13734,42.28626],[-71.13747,42.28625],[-71.13763,42.28624],[-71.13817,42.28622]]},"properties":{"lts":2,"name":"Belgrade Avenue","osmId":312345430}},{"type":"Feature","geometry":{"type":"LineString","coordinates":[[-71.13299,42.28638],[-71.13326,42.28636]]},"properties":{"lts":2,"name":"Belgrade Avenue","osmId":312345431}},{"type":"Feature","geometry":{"type":"LineString","coordinates":[[-71.13536,42.2863],[-71.13544,42.28629],[-71.13579,42.28629]]},"properties":{"lts":2,"name":"Belgrade Avenue","osmId":312345432}},{"type":"Feature","geometry":{"type":"LineString","coordinates":[[-71.13326,42.28636],[-71.13347,42.28635]]},"properties":{"lts":2,"name":"Belgrade Avenue","osmId":312345433}},{"type":"Feature","geometry":{"type":"LineString","coordinates":[[-71.13846,42.28621],[-71.13904,42.28618]]},"properties":{"lts":2,"name":"Belgrade Avenue","osmId":312345434}},{"type":"Feature","geometry":{"type":"LineString","coordinates":[[-71.14282,42.28608],[-71.14322,42.28608],[-71.14347,42.28607],[-71.1445,42.28605]]},"properties":{"lts":2,"name":"Belgrade Avenue","osmId":312345435}},{"type":"Feature","geometry":{"type":"LineString","coordinates":[[-71.13904,42.28618],[-71.13924,42.28616],[-71.13931,42.28616],[-71.13955,42.28615],[-71.13959,42.28615],[-71.13975,42.28614]]},"properties":{"lts":2,"name":"Belgrade Avenue","osmId":312345436}},{"type":"Feature","geometry":{"type":"LineString","coordinates":[[-71.13477,42.28631],[-71.1349,42.28631]]},"properties":{"lts":2,"name":"Belgrade Avenue","osmId":312345438}},{"type":"Feature","geometry":{"type":"LineString","coordinates":[[-71.14528,42.28604],[-71.14539,42.28604]]},"properties":{"lts":2,"name":"Belgrade Avenue","osmId":312345443}},{"type":"Feature","geometry":{"type":"LineString","coordinates":[[-71.14716,42.286],[-71.14729,42.286]]},"properties":{"lts":2,"name":"Belgrade Avenue","osmId":312345448}},{"type":"Feature","geometry":{"type":"LineString","coordinates":[[-71.13469,42.28631],[-71.13477,42.28631]]},"properties":{"lts":2,"name":"Belgrade Avenue","osmId":312345463}},{"type":"Feature","geometry":{"type":"LineString","coordinates":[[-71.12991,42.28713],[-71.12998,42.2871],[-71.13005,42.28708],[-71.13009,42.28706],[-71.13014,42.28705]]},"properties":{"lts":3,"name":"Belgrade Avenue","osmId":312345469}},{"type":"Feature","geometry":{"type":"LineString","coordinates":[[-71.14034,42.28613],[-71.14043,42.28613],[-71.14051,42.28613],[-71.1411,42.28612],[-71.14179,42.2861],[-71.14191,42.2861],[-71.14203,42.2861],[-71.14256,42.28609]]},"properties":{"lts":2,"name":"Belgrade Avenue","osmId":312345473}},{"type":"Feature","geometry":{"type":"LineString","coordinates":[[-71.14735,42.286],[-71.14743,42.286]]},"properties":{"lts":2,"name":"Belgrade Avenue","osmId":312345477}},{"type":"Feature","geometry":{"type":"LineString","coordinates":[[-71.12978,42.28717],[-71.12991,42.28713]]},"properties":{"lts":2,"name":"Belgrade Avenue","osmId":312345481}},{"type":"Feature","geometry":{"type":"LineString","coordinates":[[-71.13347,42.28635],[-71.13365,42.28634]]},"properties":{"lts":2,"name":"Belgrade Avenue","osmId":312345490}},{"type":"Feature","geometry":{"type":"LineString","coordinates":[[-71.14663,42.28601],[-71.1468,42.28601]]},"properties":{"lts":2,"name":"Belgrade Avenue","osmId":312345498}},{"type":"Feature","geometry":{"type":"LineString","coordinates":[[-71.1349,42.28631],[-71.13509,42.2863]]},"properties":{"lts":2,"name":"Belgrade Avenue","osmId":312345500}},{"type":"Feature","geometry":{"type":"LineString","coordinates":[[-71.14539,42.28604],[-71.1455,42.28603]]},"properties":{"lts":2,"name":"Belgrade Avenue","osmId":312345509}},{"type":"Feature","geometry":{"type":"LineString","coordinates":[[-71.14256,42.28609],[-71.14282,42.28608]]},"properties":{"lts":2,"name":"Belgrade Avenue","osmId":312345510}},{"type":"Feature","geometry":{"type":"LineString","coordinates":[[-71.13817,42.28622],[-71.13824,42.28622],[-71.13846,42.28621]]},"properties":{"lts":2,"name":"Belgrade Avenue","osmId":312345513}},{"type":"Feature","geometry":{"type":"LineString","coordinates":[[-71.13509,42.2863],[-71.13515,42.2863],[-71.13524,42.2863],[-71.13536,42.2863]]},"properties":{"lts":2,"name":"Belgrade Avenue","osmId":312345521}},{"type":"Feature","geometry":{"type":"LineString","coordinates":[[-71.1468,42.28601],[-71.14692,42.28601],[-71.14698,42.28601]]},"properties":{"lts":2,"name":"Belgrade Avenue","osmId":312345522}},{"type":"Feature","geometry":{"type":"LineString","coordinates":[[-71.1319,42.28653],[-71.13211,42.28649],[-71.13224,42.28647],[-71.13238,42.28645],[-71.13248,42.28644],[-71.13258,42.28643]]},"properties":{"lts":2,"name":"Belgrade Avenue","osmId":312345523}},{"type":"Feature","geometry":{"type":"LineString","coordinates":[[-71.1455,42.28603],[-71.1459,42.28603],[-71.14619,42.28602]]},"properties":{"lts":2,"name":"Belgrade Avenue","osmId":312345524}},{"type":"Feature","geometry":{"type":"LineString","coordinates":[[-71.13654,42.28627],[-71.13671,42.28627],[-71.1372,42.28626]]},"properties":{"lts":2,"name":"Belgrade Avenue","osmId":312345525}},{"type":"Feature","geometry":{"type":"LineString","coordinates":[[-71.13365,42.28634],[-71.13376,42.28633],[-71.13402,42.28632],[-71.13469,42.28631]]},"properties":{"lts":2,"name":"Belgrade Avenue","osmId":312345529}},{"type":"Feature","geometry":{"type":"LineString","coordinates":[[-71.13111,42.28672],[-71.13117,42.2867],[-71.13123,42.28667]]},"properties":{"lts":3,"name":"Belgrade Avenue","osmId":312345530}},{"type":"Feature","geometry":{"type":"LineString","coordinates":[[-71.13258,42.28643],[-71.13273,42.28641],[-71.13284,42.2864],[-71.13299,42.28638]]},"properties":{"lts":2,"name":"Belgrade Avenue","osmId":312345531}},{"type":"Feature","geometry":{"type":"LineString","coordinates":[[-71.14778,42.28599],[-71.14787,42.28599],[-71.14793,42.28599],[-71.14808,42.28598],[-71.1482,42.28597]]},"properties":{"lts":2,"name":"Belgrade Avenue","osmId":312345532}},{"type":"Feature","geometry":{"type":"LineString","coordinates":[[-71.1445,42.28605],[-71.14486,42.28605],[-71.1451,42.28604],[-71.14518,42.28604],[-71.14524,42.28604],[-71.14528,42.28604]]},"properties":{"lts":2,"name":"Belgrade Avenue","osmId":312345533}},{"type":"Feature","geometry":{"type":"LineString","coordinates":[[-71.14704,42.28749],[-71.14709,42.28748],[-71.14714,42.28748],[-71.14719,42.28747],[-71.14723,42.28747],[-71.14724,42.28747],[-71.14727,42.28747],[-71.1473,42.28747],[-71.14734,42.28748],[-71.14738,42.28748],[-71.14741,42.28749]]},"properties":{"lts":2,"name":"Centre Street","osmId":312345535}},{"type":"Feature","geometry":{"type":"LineString","coordinates":[[-71.14201,42.28939],[-71.14196,42.28943],[-71.14172,42.28964],[-71.14115,42.29012],[-71.14101,42.29023],[-71.14064,42.29054],[-71.14038,42.29077],[-71.13979,42.29126],[-71.13975,42.2913],[-71.13916,42.29179],[-71.1387,42.29218],[-71.13851,42.29233],[-71.1379,42.29284],[-71.13783,42.2929],[-71.13736,42.29331],[-71.1373,42.29336],[-71.13711,42.29351],[-71.13694,42.29364]]},"properties":{"lts":2,"name":"Centre Street","osmId":312345537}},{"type":"Feature","geometry":{"type":"LineString","coordinates":[[-71.14898,42.28717],[-71.14873,42.28715],[-71.1486,42.28714],[-71.14858,42.28714],[-71.14853,42.28714],[-71.14848,42.28714]]},"properties":{"lts":3,"name":"Centre Street","osmId":312345596}},{"type":"Feature","geometry":{"type":"LineString","coordinates":[[-71.14733,42.28729],[-71.14732,42.28733],[-71.1473,42.28735],[-71.14727,42.28737],[-71.14723,42.28739],[-71.14718,42.28742],[-71.14711,42.28745],[-71.14704,42.28749]]},"properties":{"lts":2,"name":"Centre Street","osmId":312345601}},{"type":"Feature","geometry":{"type":"LineString","coordinates":[[-71.1534,42.33821],[-71.15347,42.33819],[-71.15349,42.33819],[-71.15351,42.33818],[-71.15354,42.33818],[-71.15361,42.33817],[-71.15369,42.33818],[-71.15377,42.33818],[-71.15389,42.33819],[-71.15403,42.33822],[-71.15417,42.33827],[-71.15431,42.33831],[-71.15444,42.33836],[-71.15468,42.33846],[-71.15483,42.33852],[-71.15485,42.33853],[-71.15495,42.33858],[-71.155,42.3386],[-71.15508,42.33864],[-71.15521,42.3387],[-71.15546,42.33883],[-71.15559,42.33889],[-71.15571,42.33895],[-71.15597,42.33907],[-71.15622,42.33918],[-71.15649,42.33928],[-71.15676,42.33938],[-71.15704,42.33948],[-71.15727,42.33955],[-71.15756,42.33964],[-71.15761,42.33965],[-71.15776,42.3397],[-71.15795,42.33974],[-71.15824,42.33981],[-71.15852,42.33987],[-71.15882,42.33993],[-71.15912,42.33998],[-71.15941,42.34002],[-71.15973,42.34006],[-71.16001,42.34009],[-71.1603,42.34011],[-71.16058,42.34012],[-71.16094,42.34014],[-71.16106,42.34014],[-71.16123,42.34015],[-71.16143,42.34015],[-71.16161,42.34016],[-71.16324,42.34021],[-71.16354,42.34022],[-71.16384,42.34022],[-71.16415,42.34023],[-71.16444,42.34022],[-71.16474,42.34021],[-71.16504,42.3402],[-71.1653,42.34018],[-71.1654,42.34017]]},"properties":{"lts":3,"name":"Commonwealth Avenue","osmId":323899188}},{"type":"Feature","geometry":{"type":"LineString","coordinates":[[-71.15101,42.33603],[-71.15115,42.33602],[-71.15118,42.33602],[-71.15126,42.33601],[-71.15133,42.336],[-71.1514,42.33599],[-71.15148,42.33598]]},"properties":{"lts":3,"name":"Beacon Street","osmId":323902725}},{"type":"Feature","geometry":{"type":"LineString","coordinates":[[-71.15148,42.33598],[-71.1514,42.33597],[-71.15132,42.33596],[-71.15125,42.33595],[-71.15119,42.33595],[-71.15113,42.33594]]},"properties":{"lts":3,"name":"Beacon Street","osmId":323902734}},{"type":"Feature","geometry":{"type":"LineString","coordinates":[[-71.15527,42.34042],[-71.15537,42.34028],[-71.15538,42.34025],[-71.15539,42.3402],[-71.15538,42.34017],[-71.15538,42.34012],[-71.15538,42.34007],[-71.15536,42.34002],[-71.15534,42.33998],[-71.15529,42.33993]]},"properties":{"lts":2,"name":"Chestnut Hill Avenue","osmId":325828459}},{"type":"Feature","geometry":{"type":"LineString","coordinates":[[-71.1215,42.35084],[-71.12145,42.3511],[-71.12144,42.35118],[-71.12134,42.35157],[-71.12133,42.3516],[-71.12131,42.35164],[-71.1213,42.35169]]},"properties":{"lts":2,"name":"Babcock Street","osmId":326292564}},{"type":"Feature","geometry":{"type":"LineString","coordinates":[[-71.10878,42.31124],[-71.10885,42.31127],[-71.10975,42.31165],[-71.11071,42.31207],[-71.11087,42.31214],[-71.1109,42.31215],[-71.11099,42.31219],[-71.11154,42.31242],[-71.11159,42.31245],[-71.11164,42.31247],[-71.11185,42.31255],[-71.11192,42.31258],[-71.11199,42.31261],[-71.11222,42.31269],[-71.11251,42.31278],[-71.11292,42.3129],[-71.11344,42.31305],[-71.114,42.3132],[-71.1141,42.31323]]},"properties":{"lts":2,"name":"Green Street","osmId":327596889}},{"type":"Feature","geometry":{"type":"LineString","coordinates":[[-71.05085,42.33882],[-71.05093,42.33874],[-71.05096,42.33872],[-71.05128,42.33844],[-71.05141,42.33833],[-71.0516,42.33816],[-71.05165,42.33812],[-71.05171,42.33807],[-71.05203,42.3378],[-71.05235,42.33753],[-71.05239,42.33749],[-71.05244,42.33745],[-71.0526,42.33732],[-71.05277,42.33718],[-71.05309,42.33691],[-71.05312,42.33688]]},"properties":{"lts":2,"name":"D Street","osmId":328393245}},{"type":"Feature","geometry":{"type":"LineString","coordinates":[[-71.15171,42.35197],[-71.15167,42.35203],[-71.1516,42.35215],[-71.15157,42.3522],[-71.15138,42.3525],[-71.15135,42.35255],[-71.15085,42.35335],[-71.1507,42.3536],[-71.15051,42.3539],[-71.15033,42.3542],[-71.15018,42.35444],[-71.15007,42.35461],[-71.15005,42.35465],[-71.15,42.35472],[-71.14995,42.35481]]},"properties":{"lts":2,"name":"Market Street","osmId":328839935}},{"type":"Feature","geometry":{"type":"LineString","coordinates":[[-71.10266,42.3433],[-71.10244,42.34354],[-71.10242,42.34356],[-71.10239,42.34359],[-71.10176,42.34417],[-71.10136,42.34454]]},"properties":{"lts":2,"name":"Brookline Avenue","osmId":337846436}},{"type":"Feature","geometry":{"type":"LineString","coordinates":[[-71.13832,42.36058],[-71.13829,42.36064],[-71.13811,42.36108],[-71.13808,42.36115],[-71.13804,42.36123],[-71.13787,42.36158],[-71.13784,42.36164],[-71.13747,42.3623],[-71.13735,42.36253]]},"properties":{"lts":2,"name":"Telford Street Extension","osmId":345143765}},{"type":"Feature","geometry":{"type":"LineString","coordinates":[[-71.13863,42.36277],[-71.1386,42.36269],[-71.13852,42.36234],[-71.1385,42.36226],[-71.13853,42.36214],[-71.13863,42.36194],[-71.13866,42.36189],[-71.13868,42.36184],[-71.13892,42.36141],[-71.13895,42.36136],[-71.13897,42.36132],[-71.13924,42.36085],[-71.13927,42.36079]]},"properties":{"lts":3,"name":"Antwerp Street Extension","osmId":345144318}},{"type":"Feature","geometry":{"type":"LineString","coordinates":[[-71.06079,42.3633],[-71.06078,42.36341],[-71.06078,42.36342],[-71.06079,42.36344],[-71.06079,42.36346],[-71.0608,42.36347],[-71.06081,42.36348],[-71.06097,42.36362],[-71.06101,42.36365]]},"properties":{"lts":3,"name":"Portland Street","osmId":347303564}},{"type":"Feature","geometry":{"type":"LineString","coordinates":[[-71.13725,42.3589],[-71.13713,42.35901],[-71.13707,42.35907],[-71.13703,42.35915],[-71.13695,42.35933],[-71.13691,42.35941],[-71.13676,42.35978],[-71.13662,42.36013],[-71.1366,42.36016],[-71.13658,42.36021],[-71.13641,42.3606],[-71.13635,42.36075],[-71.13631,42.36082],[-71.1363,42.36086],[-71.13628,42.3609],[-71.13604,42.36147],[-71.13602,42.3615],[-71.13584,42.36194],[-71.1358,42.36204],[-71.13577,42.36211],[-71.13571,42.36226],[-71.1355,42.36277]]},"properties":{"lts":2,"name":"Everett Street","osmId":348449109}},{"type":"Feature","geometry":{"type":"LineString","coordinates":[[-71.13836,42.35655],[-71.13844,42.35628],[-71.13845,42.35624],[-71.13845,42.35623],[-71.13846,42.3562],[-71.13847,42.35618],[-71.13847,42.35615],[-71.1385,42.35599],[-71.13852,42.35591],[-71.13853,42.35588],[-71.13854,42.35582],[-71.13855,42.35579],[-71.13855,42.35576]]},"properties":{"lts":2,"name":"Everett Street","osmId":348449114}},{"type":"Feature","geometry":{"type":"LineString","coordinates":[[-71.12271,42.31232],[-71.12273,42.31223],[-71.12274,42.31216],[-71.12275,42.31211],[-71.12275,42.31204],[-71.12276,42.31196],[-71.12275,42.31188],[-71.12275,42.31182],[-71.12274,42.31175],[-71.12274,42.31166],[-71.12272,42.31157],[-71.12271,42.31148],[-71.12268,42.31134],[-71.12265,42.31119],[-71.12263,42.31108],[-71.12261,42.31098],[-71.12257,42.31086],[-71.12254,42.31075],[-71.12251,42.31065],[-71.12248,42.31054],[-71.12244,42.31043],[-71.1224,42.31033],[-71.12236,42.31022],[-71.12231,42.31012],[-71.12227,42.31001],[-71.12222,42.30991],[-71.12217,42.30981],[-71.12214,42.30975],[-71.12212,42.3097],[-71.1221,42.30965],[-71.12209,42.3096],[-71.12208,42.30955],[-71.12207,42.3095],[-71.12207,42.30946],[-71.12207,42.30945],[-71.12208,42.30939],[-71.12208,42.30938],[-71.12209,42.30933],[-71.12209,42.30929],[-71.12209,42.30926],[-71.12211,42.30914]]},"properties":{"lts":2,"name":"Arborway","osmId":367214447}},{"type":"Feature","geometry":{"type":"LineString","coordinates":[[-71.07982,42.34215],[-71.07976,42.3422],[-71.07922,42.34263],[-71.07917,42.34267]]},"properties":{"lts":2,"name":"Columbus Avenue","osmId":383058042}},{"type":"Feature","geometry":{"type":"LineString","coordinates":[[-71.07584,42.34538],[-71.07578,42.34543],[-71.07531,42.34581],[-71.07525,42.34586]]},"properties":{"lts":3,"name":"Columbus Avenue","osmId":383058044}},{"type":"Feature","geometry":{"type":"LineString","coordinates":[[-71.075,42.34605],[-71.07517,42.34592],[-71.07525,42.34586]]},"properties":{"lts":3,"name":"Columbus Avenue","osmId":383058045}},{"type":"Feature","geometry":{"type":"LineString","coordinates":[[-71.05751,42.36278],[-71.05742,42.36271],[-71.05727,42.36261],[-71.057,42.36244],[-71.05671,42.36227],[-71.05662,42.36222],[-71.05656,42.36219],[-71.0565,42.36215]]},"properties":{"lts":3,"name":"John F. Fitzgerald Surface Road","osmId":401265367}},{"type":"Feature","geometry":{"type":"LineString","coordinates":[[-71.08288,42.34584],[-71.08302,42.34586],[-71.08338,42.34591],[-71.0842,42.34603],[-71.08435,42.34605],[-71.08449,42.34608],[-71.08461,42.34612],[-71.08466,42.34614],[-71.0847,42.34617],[-71.08474,42.3462]]},"properties":{"lts":2,"name":"Belvidere Street","osmId":405119216}},{"type":"Feature","geometry":{"type":"LineString","coordinates":[[-71.11891,42.3641],[-71.11955,42.36405],[-71.11994,42.36402],[-71.12001,42.36401],[-71.1201,42.364],[-71.1202,42.36399],[-71.12026,42.36399],[-71.1203,42.36399],[-71.12031,42.36399],[-71.12043,42.36398],[-71.12055,42.36397]]},"properties":{"lts":2,"name":"Western Avenue","osmId":406227995}},{"type":"Feature","geometry":{"type":"LineString","coordinates":[[-71.14723,42.35728],[-71.14571,42.35706],[-71.14567,42.35705],[-71.14556,42.35704]]},"properties":{"lts":2,"name":"Guest Street","osmId":408045206}},{"type":"Feature","geometry":{"type":"LineString","coordinates":[[-71.08122,42.34101],[-71.08115,42.34107],[-71.08111,42.34111]]},"properties":{"lts":3,"name":"Columbus Avenue","osmId":420501710}},{"type":"Feature","geometry":{"type":"LineString","coordinates":[[-71.11198,42.3321],[-71.11203,42.33205],[-71.11205,42.33203],[-71.11206,42.33201],[-71.11207,42.332],[-71.11208,42.33198],[-71.11208,42.33197],[-71.11208,42.33195]]},"properties":{"lts":3,"name":null,"osmId":420516880}},{"type":"Feature","geometry":{"type":"LineString","coordinates":[[-71.09377,42.27073],[-71.09379,42.27027]]},"properties":{"lts":3,"name":"Blue Hill Avenue","osmId":420751705}},{"type":"Feature","geometry":{"type":"LineString","coordinates":[[-71.04338,42.33023],[-71.04274,42.33024],[-71.04212,42.33025],[-71.04197,42.33025],[-71.04183,42.33025],[-71.04168,42.33025],[-71.04153,42.33025],[-71.04148,42.33025],[-71.0414,42.33024],[-71.04125,42.33024],[-71.04111,42.33023],[-71.04095,42.33022],[-71.04081,42.33021],[-71.04067,42.3302],[-71.04053,42.33019],[-71.04037,42.33017],[-71.04023,42.33016],[-71.04008,42.33014],[-71.0399,42.33012],[-71.03981,42.3301]]},"properties":{"lts":2,"name":"William J. Day Boulevard","osmId":420753198}},{"type":"Feature","geometry":{"type":"LineString","coordinates":[[-71.05194,42.35789],[-71.05193,42.35787],[-71.05192,42.35784],[-71.05191,42.35781],[-71.0519,42.35778],[-71.05189,42.35775],[-71.05188,42.35771],[-71.05186,42.35768],[-71.05185,42.35765],[-71.05183,42.35761],[-71.05181,42.35757],[-71.05173,42.35741],[-71.05168,42.35732],[-71.05166,42.35728],[-71.05164,42.35722],[-71.05162,42.35717],[-71.05161,42.35713],[-71.0516,42.3571],[-71.05158,42.35706],[-71.05157,42.35702],[-71.05156,42.35697],[-71.05155,42.35693],[-71.05153,42.35681],[-71.05152,42.35677],[-71.05151,42.35668]]},"properties":{"lts":3,"name":"John F. Fitzgerald Surface Road","osmId":420774507}},{"type":"Feature","geometry":{"type":"LineString","coordinates":[[-71.09617,42.29288],[-71.0962,42.29294],[-71.09623,42.29298],[-71.09624,42.293],[-71.09624,42.29301],[-71.09626,42.29304],[-71.09629,42.29308],[-71.0963,42.29311],[-71.09631,42.29313],[-71.09633,42.29315],[-71.09633,42.29316],[-71.09635,42.29319],[-71.09638,42.29323],[-71.09641,42.29327],[-71.09646,42.29331],[-71.09649,42.29335],[-71.09654,42.2934],[-71.09658,42.29344],[-71.09663,42.29348],[-71.09668,42.29352],[-71.09672,42.29356],[-71.09676,42.2936],[-71.09681,42.29364],[-71.09685,42.29368],[-71.09689,42.29373],[-71.09698,42.29381],[-71.09707,42.2939],[-71.09715,42.29398],[-71.09724,42.29406],[-71.09732,42.29414],[-71.09918,42.29594],[-71.10025,42.29697],[-71.10085,42.29756],[-71.10105,42.29775],[-71.10155,42.2982],[-71.10164,42.29829],[-71.10173,42.29837],[-71.10182,42.29846],[-71.10199,42.29861],[-71.10211,42.29872],[-71.1022,42.2988],[-71.10229,42.29888],[-71.10237,42.29896],[-71.10246,42.29904],[-71.10256,42.29913],[-71.10264,42.29921],[-71.10273,42.29929],[-71.10282,42.29936],[-71.10291,42.29945],[-71.103,42.29953],[-71.10309,42.29961],[-71.10317,42.29969],[-71.10321,42.29973],[-71.10324,42.29976],[-71.10326,42.29977],[-71.10328,42.29979],[-71.10331,42.29981],[-71.10333,42.29983],[-71.10336,42.29985],[-71.10339,42.29987],[-71.10341,42.29989],[-71.10344,42.2999],[-71.10347,42.29992],[-71.10349,42.29994],[-71.10353,42.29996],[-71.10355,42.29997],[-71.10358,42.29999],[-71.10362,42.30001],[-71.10365,42.30002],[-71.10368,42.30004],[-71.10371,42.30005],[-71.10374,42.30007],[-71.10377,42.30008],[-71.1038,42.30009],[-71.10383,42.3001],[-71.10386,42.30011],[-71.10389,42.30012],[-71.10392,42.30013],[-71.10395,42.30015],[-71.10399,42.30016],[-71.10402,42.30017],[-71.10405,42.30018],[-71.10409,42.30019],[-71.10413,42.3002],[-71.10417,42.30021],[-71.10419,42.30021],[-71.10422,42.30022],[-71.10426,42.30022],[-71.10429,42.30023],[-71.10431,42.30023],[-71.10436,42.30024],[-71.10439,42.30025],[-71.10441,42.30025],[-71.10444,42.30025],[-71.10447,42.30025],[-71.1045,42.30026],[-71.10467,42.30027]]},"properties":{"lts":3,"name":"Morton Street","osmId":422445959}},{"type":"Feature","geometry":{"type":"LineString","coordinates":[[-71.12897,42.28568],[-71.12884,42.28579],[-71.12855,42.28606]]},"properties":{"lts":3,"name":"Washington Street","osmId":426442091}},{"type":"Feature","geometry":{"type":"LineString","coordinates":[[-71.12855,42.28606],[-71.12853,42.28609],[-71.12837,42.28623],[-71.12817,42.28641],[-71.12813,42.28645]]},"properties":{"lts":3,"name":"Washington Street","osmId":426442093}},{"type":"Feature","geometry":{"type":"LineString","coordinates":[[-71.06745,42.31425],[-71.06729,42.31452],[-71.06727,42.31456],[-71.06723,42.31462]]},"properties":{"lts":3,"name":"Columbia Road","osmId":426442405}},{"type":"Feature","geometry":{"type":"LineString","coordinates":[[-71.0687,42.31234],[-71.06865,42.31238],[-71.06852,42.31251],[-71.0685,42.31254],[-71.06836,42.31268]]},"properties":{"lts":3,"name":"Columbia Road","osmId":426442407}},{"type":"Feature","geometry":{"type":"LineString","coordinates":[[-71.0698,42.31159],[-71.06994,42.31149],[-71.0701,42.3114],[-71.07013,42.31138],[-71.07022,42.31133]]},"properties":{"lts":3,"name":"Columbia Road","osmId":426442408}},{"type":"Feature","geometry":{"type":"LineString","coordinates":[[-71.07052,42.31103],[-71.07042,42.31108],[-71.07017,42.31119],[-71.07015,42.31121],[-71.07013,42.31122],[-71.07002,42.31128]]},"properties":{"lts":3,"name":"Columbia Road","osmId":426442409}},{"type":"Feature","geometry":{"type":"LineString","coordinates":[[-71.06743,42.3146],[-71.06747,42.31453],[-71.06791,42.31377],[-71.06824,42.31319],[-71.06834,42.31302]]},"properties":{"lts":3,"name":"Columbia Road","osmId":426442410}},{"type":"Feature","geometry":{"type":"LineString","coordinates":[[-71.06464,42.31739],[-71.06475,42.31731],[-71.06484,42.31725],[-71.06493,42.3172],[-71.06503,42.31715],[-71.06508,42.31713],[-71.06521,42.31706]]},"properties":{"lts":3,"name":"Columbia Road","osmId":426442411}},{"type":"Feature","geometry":{"type":"LineString","coordinates":[[-71.06834,42.31302],[-71.06844,42.31283],[-71.06845,42.31281],[-71.0685,42.31273]]},"properties":{"lts":3,"name":"Columbia Road","osmId":426442412}},{"type":"Feature","geometry":{"type":"LineString","coordinates":[[-71.06836,42.31268],[-71.06829,42.3128],[-71.0682,42.31293],[-71.06809,42.31312],[-71.06785,42.31356],[-71.06776,42.31373],[-71.06745,42.31425]]},"properties":{"lts":3,"name":"Columbia Road","osmId":426442415}},{"type":"Feature","geometry":{"type":"LineString","coordinates":[[-71.07002,42.31128],[-71.06993,42.31133],[-71.06963,42.31153],[-71.0695,42.31163],[-71.06932,42.31178],[-71.0693,42.3118],[-71.06917,42.31192],[-71.06913,42.31195],[-71.0687,42.31234]]},"properties":{"lts":3,"name":"Columbia Road","osmId":426442416}},{"type":"Feature","geometry":{"type":"LineString","coordinates":[[-71.0685,42.31273],[-71.06858,42.31263],[-71.06863,42.31257],[-71.06884,42.31239],[-71.0693,42.31199],[-71.06955,42.31178],[-71.06958,42.31175],[-71.06972,42.31164],[-71.0698,42.31159]]},"properties":{"lts":3,"name":"Columbia Road","osmId":426442418}},{"type":"Feature","geometry":{"type":"LineString","coordinates":[[-71.14515,42.28811],[-71.14512,42.28812],[-71.14457,42.28825]]},"properties":{"lts":3,"name":"Centre Street","osmId":426443649}},{"type":"Feature","geometry":{"type":"LineString","coordinates":[[-71.15343,42.34911],[-71.15341,42.34922],[-71.15341,42.34924],[-71.15337,42.34945],[-71.15336,42.34947],[-71.15336,42.34949]]},"properties":{"lts":3,"name":"Market Street","osmId":426445338}},{"type":"Feature","geometry":{"type":"LineString","coordinates":[[-71.15708,42.34909],[-71.15695,42.34909],[-71.15668,42.3491],[-71.15666,42.3491]]},"properties":{"lts":3,"name":"Washington Street","osmId":426445341}},{"type":"Feature","geometry":{"type":"LineString","coordinates":[[-71.15666,42.3491],[-71.15647,42.34911],[-71.15589,42.34911],[-71.15575,42.34911],[-71.15553,42.34912],[-71.15531,42.34912],[-71.15522,42.34913],[-71.15477,42.34913]]},"properties":{"lts":2,"name":"Washington Street","osmId":426445358}},{"type":"Feature","geometry":{"type":"LineString","coordinates":[[-71.07826,42.30604],[-71.07814,42.30608],[-71.07796,42.30614],[-71.07756,42.30632],[-71.07754,42.30633],[-71.0774,42.3064],[-71.07724,42.30649],[-71.07687,42.30674],[-71.0768,42.30679]]},"properties":{"lts":3,"name":"Columbia Road","osmId":426446102}},{"type":"Feature","geometry":{"type":"LineString","coordinates":[[-71.07299,42.30979],[-71.07309,42.30973],[-71.07323,42.30962]]},"properties":{"lts":3,"name":"Columbia Road","osmId":426446110}},{"type":"Feature","geometry":{"type":"LineString","coordinates":[[-71.07584,42.30777],[-71.07601,42.30762],[-71.07603,42.30761],[-71.07608,42.30757]]},"properties":{"lts":3,"name":"Columbia Road","osmId":426446116}},{"type":"Feature","geometry":{"type":"LineString","coordinates":[[-71.0768,42.30679],[-71.07652,42.30699]]},"properties":{"lts":3,"name":"Columbia Road","osmId":426446120}},{"type":"Feature","geometry":{"type":"LineString","coordinates":[[-71.08084,42.30511],[-71.08066,42.30522],[-71.08057,42.30528],[-71.08054,42.3053],[-71.08045,42.30535]]},"properties":{"lts":3,"name":"Columbia Road","osmId":426446131}},{"type":"Feature","geometry":{"type":"LineString","coordinates":[[-71.07349,42.30929],[-71.07323,42.30944],[-71.07322,42.30944],[-71.07316,42.30948],[-71.07308,42.30953]]},"properties":{"lts":3,"name":"Columbia Road","osmId":426446136}},{"type":"Feature","geometry":{"type":"LineString","coordinates":[[-71.07479,42.3086],[-71.075,42.30846],[-71.07508,42.30839],[-71.07517,42.30832]]},"properties":{"lts":3,"name":"Columbia Road","osmId":426446142}},{"type":"Feature","geometry":{"type":"LineString","coordinates":[[-71.0755,42.30786],[-71.07542,42.30793],[-71.07539,42.30795],[-71.07522,42.3081],[-71.07519,42.30812],[-71.0751,42.3082]]},"properties":{"lts":3,"name":"Columbia Road","osmId":426446147}},{"type":"Feature","geometry":{"type":"LineString","coordinates":[[-71.07652,42.30699],[-71.07621,42.30724],[-71.076,42.30742],[-71.07598,42.30744],[-71.07594,42.30748],[-71.07589,42.30752],[-71.0755,42.30786]]},"properties":{"lts":3,"name":"Columbia Road","osmId":426446151}},{"type":"Feature","geometry":{"type":"LineString","coordinates":[[-71.07517,42.30832],[-71.07533,42.30819],[-71.07553,42.30804],[-71.07569,42.3079],[-71.07584,42.30777]]},"properties":{"lts":3,"name":"Columbia Road","osmId":426446156}},{"type":"Feature","geometry":{"type":"LineString","coordinates":[[-71.07664,42.30708],[-71.07701,42.3068],[-71.07727,42.30664]]},"properties":{"lts":3,"name":"Columbia Road","osmId":426446161}},{"type":"Feature","geometry":{"type":"LineString","coordinates":[[-71.07233,42.31021],[-71.07299,42.30979]]},"properties":{"lts":3,"name":"Columbia Road","osmId":426446166}},{"type":"Feature","geometry":{"type":"LineString","coordinates":[[-71.07308,42.30953],[-71.07229,42.31007]]},"properties":{"lts":3,"name":"Columbia Road","osmId":426446171}},{"type":"Feature","geometry":{"type":"LineString","coordinates":[[-71.07727,42.30664],[-71.07735,42.30658],[-71.07763,42.30644],[-71.0777,42.30641],[-71.07792,42.30631],[-71.07815,42.30623],[-71.07821,42.30621],[-71.07828,42.30619],[-71.07841,42.30615]]},"properties":{"lts":3,"name":"Columbia Road","osmId":426446177}},{"type":"Feature","geometry":{"type":"LineString","coordinates":[[-71.07323,42.30962],[-71.07332,42.30957],[-71.0736,42.30937],[-71.07395,42.30916],[-71.07416,42.30902],[-71.07433,42.30891],[-71.07434,42.3089],[-71.0746,42.30873],[-71.07479,42.3086]]},"properties":{"lts":3,"name":"Columbia Road","osmId":426446183}},{"type":"Feature","geometry":{"type":"LineString","coordinates":[[-71.15306,42.3499],[-71.15295,42.35005],[-71.15283,42.35021],[-71.15281,42.35023],[-71.15276,42.3503],[-71.15271,42.35038],[-71.15253,42.35067],[-71.15238,42.3509],[-71.15197,42.35156],[-71.15191,42.35164]]},"properties":{"lts":2,"name":"Market Street","osmId":426450127}},{"type":"Feature","geometry":{"type":"LineString","coordinates":[[-71.15191,42.35164],[-71.15187,42.35172],[-71.15171,42.35197]]},"properties":{"lts":3,"name":"Market Street","osmId":426450128}},{"type":"Feature","geometry":{"type":"LineString","coordinates":[[-71.08245,42.30422],[-71.0825,42.30418],[-71.08271,42.30401],[-71.08296,42.30381],[-71.08299,42.30379],[-71.08319,42.30368],[-71.08339,42.30361],[-71.08347,42.30358],[-71.08355,42.30357],[-71.08363,42.30355],[-71.08371,42.30354],[-71.0838,42.30354],[-71.08391,42.30353],[-71.08406,42.30353]]},"properties":{"lts":3,"name":"Columbia Road","osmId":426450157}},{"type":"Feature","geometry":{"type":"LineString","coordinates":[[-71.08215,42.30444],[-71.08236,42.30429],[-71.08241,42.30425],[-71.08245,42.30422]]},"properties":{"lts":3,"name":"Columbia Road","osmId":426450158}},{"type":"Feature","geometry":{"type":"LineString","coordinates":[[-71.08265,42.30387],[-71.08259,42.30392],[-71.0824,42.30405],[-71.08236,42.30408],[-71.08231,42.30412]]},"properties":{"lts":3,"name":"Columbia Road","osmId":426450160}},{"type":"Feature","geometry":{"type":"LineString","coordinates":[[-71.08231,42.30412],[-71.08227,42.30415],[-71.08215,42.30425],[-71.08191,42.30443],[-71.08173,42.30455],[-71.08164,42.30462],[-71.08126,42.30485],[-71.08121,42.30488],[-71.08084,42.30511]]},"properties":{"lts":3,"name":"Columbia Road","osmId":426450162}},{"type":"Feature","geometry":{"type":"LineString","coordinates":[[-71.08674,42.3019],[-71.08672,42.3019],[-71.08668,42.30189],[-71.08661,42.30188],[-71.08655,42.30187],[-71.08649,42.30187],[-71.08642,42.30187],[-71.08634,42.30188],[-71.08627,42.30189],[-71.08621,42.3019],[-71.08616,42.30192],[-71.08605,42.30196],[-71.08601,42.30197],[-71.08596,42.30198],[-71.08592,42.30198],[-71.08589,42.30198],[-71.08586,42.30197],[-71.0858,42.30196],[-71.08575,42.30194]]},"properties":{"lts":3,"name":"Franklin Park Road","osmId":426450163}},{"type":"Feature","geometry":{"type":"LineString","coordinates":[[-71.08452,42.30647],[-71.08455,42.30638],[-71.08462,42.30612]]},"properties":{"lts":3,"name":"Blue Hill Avenue","osmId":426454632}},{"type":"Feature","geometry":{"type":"LineString","coordinates":[[-71.08454,42.3056],[-71.08447,42.30606]]},"properties":{"lts":3,"name":"Blue Hill Avenue","osmId":426454639}},{"type":"Feature","geometry":{"type":"LineString","coordinates":[[-71.0844,42.3068],[-71.08447,42.30661],[-71.08452,42.30647]]},"properties":{"lts":3,"name":"Blue Hill Avenue","osmId":426454647}},{"type":"Feature","geometry":{"type":"LineString","coordinates":[[-71.08424,42.3071],[-71.0843,42.30702],[-71.08432,42.30696],[-71.0844,42.3068]]},"properties":{"lts":3,"name":"Blue Hill Avenue","osmId":426454650}},{"type":"Feature","geometry":{"type":"LineString","coordinates":[[-71.0846,42.30525],[-71.08458,42.30533],[-71.08454,42.3056]]},"properties":{"lts":3,"name":"Blue Hill Avenue","osmId":426454663}},{"type":"Feature","geometry":{"type":"LineString","coordinates":[[-71.08475,42.30449],[-71.08471,42.30464],[-71.08468,42.30476],[-71.08466,42.30487],[-71.08464,42.30498],[-71.08462,42.3051],[-71.08462,42.30513],[-71.0846,42.30525]]},"properties":{"lts":3,"name":"Blue Hill Avenue","osmId":426454665}},{"type":"Feature","geometry":{"type":"LineString","coordinates":[[-71.08337,42.30831],[-71.08343,42.30824],[-71.08369,42.30789],[-71.08389,42.3076],[-71.08394,42.30754],[-71.08396,42.30751],[-71.08403,42.30742],[-71.08419,42.30719],[-71.08424,42.3071]]},"properties":{"lts":3,"name":"Blue Hill Avenue","osmId":426454669}},{"type":"Feature","geometry":{"type":"LineString","coordinates":[[-71.06408,42.36495],[-71.06392,42.36479],[-71.06372,42.36459]]},"properties":{"lts":3,"name":"Lomasney Way","osmId":426456715}},{"type":"Feature","geometry":{"type":"LineString","coordinates":[[-71.088,42.2944],[-71.08794,42.29459]]},"properties":{"lts":3,"name":"Blue Hill Avenue","osmId":426459460}},{"type":"Feature","geometry":{"type":"LineString","coordinates":[[-71.088,42.29494],[-71.08804,42.29482],[-71.08804,42.2948]]},"properties":{"lts":3,"name":"Blue Hill Avenue","osmId":426459463}},{"type":"Feature","geometry":{"type":"LineString","coordinates":[[-71.08786,42.29537],[-71.08795,42.29509],[-71.08796,42.29506],[-71.088,42.29494]]},"properties":{"lts":3,"name":"Blue Hill Avenue","osmId":426459465}},{"type":"Feature","geometry":{"type":"LineString","coordinates":[[-71.08776,42.29574],[-71.08786,42.29537]]},"properties":{"lts":3,"name":"Blue Hill Avenue","osmId":426459470}},{"type":"Feature","geometry":{"type":"LineString","coordinates":[[-71.08804,42.2948],[-71.08812,42.29459],[-71.08813,42.29455]]},"properties":{"lts":3,"name":"Blue Hill Avenue","osmId":426459475}},{"type":"Feature","geometry":{"type":"LineString","coordinates":[[-71.08816,42.29387],[-71.08802,42.29435],[-71.088,42.2944]]},"properties":{"lts":3,"name":"Blue Hill Avenue","osmId":426459477}},{"type":"Feature","geometry":{"type":"LineString","coordinates":[[-71.05551,42.34184],[-71.05544,42.3419],[-71.05527,42.34204]]},"properties":{"lts":3,"name":"A Street","osmId":426460357}},{"type":"Feature","geometry":{"type":"LineString","coordinates":[[-71.05703,42.34108],[-71.05704,42.34142],[-71.05704,42.34146],[-71.05704,42.34147],[-71.05704,42.34148],[-71.05705,42.34149],[-71.05705,42.34151],[-71.0571,42.34159]]},"properties":{"lts":3,"name":"Dorchester Avenue","osmId":426460362}},{"type":"Feature","geometry":{"type":"LineString","coordinates":[[-71.05761,42.34174],[-71.05822,42.34189],[-71.05864,42.342]]},"properties":{"lts":3,"name":"West Fourth Street","osmId":426460376}},{"type":"Feature","geometry":{"type":"LineString","coordinates":[[-71.08315,42.32701],[-71.08314,42.32715],[-71.08314,42.32718],[-71.08313,42.3272],[-71.08312,42.32727]]},"properties":{"lts":3,"name":"Warren Street","osmId":426461144}},{"type":"Feature","geometry":{"type":"LineString","coordinates":[[-71.08341,42.32635],[-71.08345,42.32609],[-71.08346,42.32607],[-71.08346,42.32605],[-71.08347,42.32593]]},"properties":{"lts":3,"name":"Warren Street","osmId":426461151}},{"type":"Feature","geometry":{"type":"LineString","coordinates":[[-71.08169,42.34063],[-71.08163,42.34068],[-71.08162,42.34069],[-71.08122,42.34101]]},"properties":{"lts":3,"name":"Columbus Avenue","osmId":426462210}},{"type":"Feature","geometry":{"type":"LineString","coordinates":[[-71.08178,42.34056],[-71.08169,42.34063]]},"properties":{"lts":2,"name":"Columbus Avenue","osmId":426462212}},{"type":"Feature","geometry":{"type":"LineString","coordinates":[[-71.08178,42.34056],[-71.08181,42.34053],[-71.08183,42.34052],[-71.08185,42.3405],[-71.08195,42.34042]]},"properties":{"lts":3,"name":"Columbus Avenue","osmId":426462215}},{"type":"Feature","geometry":{"type":"LineString","coordinates":[[-71.07659,42.33625],[-71.07678,42.33641],[-71.07681,42.33643],[-71.07693,42.33653]]},"properties":{"lts":3,"name":"Massachusetts Avenue","osmId":426462217}},{"type":"Feature","geometry":{"type":"LineString","coordinates":[[-71.07463,42.33462],[-71.07474,42.33471]]},"properties":{"lts":3,"name":"Massachusetts Avenue","osmId":426462221}},{"type":"Feature","geometry":{"type":"LineString","coordinates":[[-71.07551,42.33522],[-71.07526,42.33501],[-71.07523,42.33499],[-71.07515,42.33494]]},"properties":{"lts":3,"name":"Massachusetts Avenue","osmId":426462224}},{"type":"Feature","geometry":{"type":"LineString","coordinates":[[-71.07703,42.33646],[-71.07691,42.33635],[-71.07654,42.33604],[-71.07551,42.33522]]},"properties":{"lts":3,"name":"Massachusetts Avenue","osmId":426462226}},{"type":"Feature","geometry":{"type":"LineString","coordinates":[[-71.07764,42.33713],[-71.07789,42.33733],[-71.07792,42.33735],[-71.07798,42.3374]]},"properties":{"lts":3,"name":"Massachusetts Avenue","osmId":426462228}},{"type":"Feature","geometry":{"type":"LineString","coordinates":[[-71.07744,42.3368],[-71.07717,42.33659],[-71.07715,42.33657],[-71.07708,42.3365],[-71.07703,42.33646]]},"properties":{"lts":3,"name":"Massachusetts Avenue","osmId":426462231}},{"type":"Feature","geometry":{"type":"LineString","coordinates":[[-71.08218,42.34084],[-71.08191,42.34066],[-71.08188,42.34063],[-71.08178,42.34056]]},"properties":{"lts":3,"name":"Massachusetts Avenue","osmId":426462236}},{"type":"Feature","geometry":{"type":"LineString","coordinates":[[-71.08133,42.34038],[-71.08159,42.34055],[-71.08162,42.34057],[-71.08169,42.34063]]},"properties":{"lts":3,"name":"Massachusetts Avenue","osmId":426462240}},{"type":"Feature","geometry":{"type":"LineString","coordinates":[[-71.08073,42.33961],[-71.08053,42.33941],[-71.08051,42.33938],[-71.08048,42.33936],[-71.08041,42.33928]]},"properties":{"lts":3,"name":"Massachusetts Avenue","osmId":426462243}},{"type":"Feature","geometry":{"type":"LineString","coordinates":[[-71.07509,42.33499],[-71.07516,42.33504],[-71.07659,42.33625]]},"properties":{"lts":3,"name":"Massachusetts Avenue","osmId":426462247}},{"type":"Feature","geometry":{"type":"LineString","coordinates":[[-71.08169,42.34063],[-71.0818,42.3407],[-71.08312,42.34159],[-71.08323,42.34167]]},"properties":{"lts":3,"name":"Massachusetts Avenue","osmId":426462252}},{"type":"Feature","geometry":{"type":"LineString","coordinates":[[-71.07996,42.33905],[-71.08011,42.33917],[-71.08019,42.33924],[-71.08022,42.33926],[-71.0803,42.33934]]},"properties":{"lts":3,"name":"Massachusetts Avenue","osmId":426462258}},{"type":"Feature","geometry":{"type":"LineString","coordinates":[[-71.07693,42.33653],[-71.07698,42.33657],[-71.07705,42.33664],[-71.0772,42.33677],[-71.0775,42.33701],[-71.07764,42.33713]]},"properties":{"lts":3,"name":"Massachusetts Avenue","osmId":426462264}},{"type":"Feature","geometry":{"type":"LineString","coordinates":[[-71.08178,42.34056],[-71.0817,42.34051],[-71.08149,42.34035],[-71.08143,42.34031],[-71.08139,42.34027],[-71.08131,42.3402],[-71.08073,42.33961]]},"properties":{"lts":3,"name":"Massachusetts Avenue","osmId":426462269}},{"type":"Feature","geometry":{"type":"LineString","coordinates":[[-71.0803,42.33934],[-71.08038,42.33942],[-71.08061,42.33964],[-71.08109,42.34014],[-71.08123,42.34029],[-71.08128,42.34034],[-71.08133,42.34038]]},"properties":{"lts":3,"name":"Massachusetts Avenue","osmId":426462275}},{"type":"Feature","geometry":{"type":"LineString","coordinates":[[-71.08971,42.28978],[-71.08979,42.28951],[-71.08992,42.28916],[-71.08998,42.28898],[-71.09002,42.28884],[-71.0901,42.28855],[-71.0903,42.28799],[-71.09031,42.28798],[-71.09033,42.28789],[-71.09052,42.28733],[-71.09055,42.28723],[-71.09066,42.28691]]},"properties":{"lts":3,"name":"Blue Hill Avenue","osmId":426467413}},{"type":"Feature","geometry":{"type":"LineString","coordinates":[[-71.09066,42.28691],[-71.09074,42.28667],[-71.09075,42.28663]]},"properties":{"lts":3,"name":"Blue Hill Avenue","osmId":426467416}},{"type":"Feature","geometry":{"type":"LineString","coordinates":[[-71.09069,42.28622],[-71.09057,42.28657]]},"properties":{"lts":3,"name":"Blue Hill Avenue","osmId":426467418}},{"type":"Feature","geometry":{"type":"LineString","coordinates":[[-71.09057,42.28657],[-71.09056,42.28662],[-71.0904,42.28709],[-71.09037,42.28721],[-71.09022,42.28765],[-71.09015,42.28785],[-71.0901,42.28801],[-71.08992,42.28857],[-71.08979,42.28896],[-71.08961,42.28948]]},"properties":{"lts":3,"name":"Blue Hill Avenue","osmId":426467422}},{"type":"Feature","geometry":{"type":"LineString","coordinates":[[-71.09376,42.27117],[-71.09377,42.27073]]},"properties":{"lts":3,"name":"Blue Hill Avenue","osmId":426469237}},{"type":"Feature","geometry":{"type":"LineString","coordinates":[[-71.09342,42.27624],[-71.0934,42.27692],[-71.0934,42.277],[-71.0934,42.27704],[-71.09339,42.27711]]},"properties":{"lts":3,"name":"Blue Hill Avenue","osmId":426469239}},{"type":"Feature","geometry":{"type":"LineString","coordinates":[[-71.09346,42.27483],[-71.09343,42.27594],[-71.09342,42.27612]]},"properties":{"lts":3,"name":"Blue Hill Avenue","osmId":426469241}},{"type":"Feature","geometry":{"type":"LineString","coordinates":[[-71.09354,42.27779],[-71.09355,42.27769],[-71.09355,42.27761],[-71.09356,42.27757],[-71.09356,42.27753],[-71.09356,42.27749],[-71.09356,42.27746],[-71.09356,42.27744],[-71.09356,42.27742],[-71.09357,42.27723]]},"properties":{"lts":3,"name":"Blue Hill Avenue","osmId":426469243}},{"type":"Feature","geometry":{"type":"LineString","coordinates":[[-71.09357,42.27723],[-71.09357,42.27702],[-71.09358,42.27694],[-71.09359,42.27652],[-71.09359,42.27641],[-71.0936,42.27619],[-71.0936,42.2761]]},"properties":{"lts":3,"name":"Blue Hill Avenue","osmId":426469246}},{"type":"Feature","geometry":{"type":"LineString","coordinates":[[-71.07036,42.33574],[-71.07028,42.3358],[-71.0702,42.33585],[-71.07013,42.3359],[-71.07009,42.33592]]},"properties":{"lts":3,"name":"Albany Street","osmId":426470671}},{"type":"Feature","geometry":{"type":"LineString","coordinates":[[-71.07288,42.33323],[-71.07295,42.33328],[-71.07311,42.33341],[-71.07324,42.33352],[-71.07327,42.33354],[-71.07335,42.33361]]},"properties":{"lts":3,"name":"Massachusetts Avenue","osmId":426470883}},{"type":"Feature","geometry":{"type":"LineString","coordinates":[[-71.09128,42.28503],[-71.09131,42.28495],[-71.09147,42.28448],[-71.09147,42.28446],[-71.09148,42.28443],[-71.09153,42.28429]]},"properties":{"lts":3,"name":"Blue Hill Avenue","osmId":426473709}},{"type":"Feature","geometry":{"type":"LineString","coordinates":[[-71.09181,42.28293],[-71.09175,42.28313],[-71.09171,42.28327],[-71.09168,42.28336],[-71.09165,42.28347],[-71.09161,42.28358],[-71.09158,42.28369],[-71.09154,42.28381],[-71.09145,42.28406]]},"properties":{"lts":3,"name":"Blue Hill Avenue","osmId":426473712}},{"type":"Feature","geometry":{"type":"LineString","coordinates":[[-71.09075,42.28663],[-71.0909,42.28618],[-71.09093,42.28609]]},"properties":{"lts":3,"name":"Blue Hill Avenue","osmId":426473714}},{"type":"Feature","geometry":{"type":"LineString","coordinates":[[-71.09116,42.28481],[-71.09114,42.28489],[-71.09113,42.2849],[-71.09099,42.28532],[-71.09093,42.2855],[-71.09092,42.28553],[-71.09091,42.28556],[-71.09088,42.28564],[-71.09085,42.28574],[-71.09074,42.28606],[-71.09069,42.28622]]},"properties":{"lts":3,"name":"Blue Hill Avenue","osmId":426473716}},{"type":"Feature","geometry":{"type":"LineString","coordinates":[[-71.07642,42.34831],[-71.07647,42.34839],[-71.0766,42.34863]]},"properties":{"lts":3,"name":"Dartmouth Street","osmId":426477473}},{"type":"Feature","geometry":{"type":"LineString","coordinates":[[-71.0766,42.34863],[-71.07662,42.34866],[-71.07669,42.34878]]},"properties":{"lts":3,"name":"Dartmouth Street","osmId":426477476}},{"type":"Feature","geometry":{"type":"LineString","coordinates":[[-71.07669,42.34878],[-71.07688,42.34916],[-71.07689,42.34919],[-71.07693,42.34926]]},"properties":{"lts":3,"name":"Dartmouth Street","osmId":426477485}},{"type":"Feature","geometry":{"type":"LineString","coordinates":[[-71.07539,42.34861],[-71.07531,42.34864],[-71.07446,42.34894],[-71.07437,42.34896]]},"properties":{"lts":3,"name":"Stuart Street","osmId":426477506}},{"type":"Feature","geometry":{"type":"LineString","coordinates":[[-71.05838,42.36475],[-71.05839,42.36524]]},"properties":{"lts":3,"name":"North Washington Street","osmId":426481845}},{"type":"Feature","geometry":{"type":"LineString","coordinates":[[-71.05854,42.3669],[-71.05853,42.36686],[-71.05853,42.36683],[-71.05852,42.3668],[-71.05852,42.36679],[-71.05851,42.36677],[-71.05851,42.36674],[-71.05851,42.36671],[-71.05849,42.36656],[-71.05848,42.36637]]},"properties":{"lts":3,"name":"North Washington Street","osmId":426481851}},{"type":"Feature","geometry":{"type":"LineString","coordinates":[[-71.14661,42.36052],[-71.1467,42.36038],[-71.14711,42.35972],[-71.14733,42.35936]]},"properties":{"lts":3,"name":"Leo M. Birmingham Parkway","osmId":426484630}},{"type":"Feature","geometry":{"type":"LineString","coordinates":[[-71.05257,42.36075],[-71.05264,42.36081],[-71.05267,42.36083],[-71.05272,42.36087]]},"properties":{"lts":3,"name":"Atlantic Avenue","osmId":426488102}},{"type":"Feature","geometry":{"type":"LineString","coordinates":[[-71.05295,42.36077],[-71.05297,42.36075],[-71.05301,42.36071],[-71.05305,42.36067],[-71.0531,42.36063],[-71.05313,42.3606],[-71.05316,42.36058],[-71.0532,42.36055]]},"properties":{"lts":3,"name":"Mercantile Street","osmId":426488103}},{"type":"Feature","geometry":{"type":"LineString","coordinates":[[-71.06116,42.34265],[-71.06125,42.34268],[-71.06152,42.34275]]},"properties":{"lts":3,"name":"West Fourth Street","osmId":426488480}},{"type":"Feature","geometry":{"type":"LineString","coordinates":[[-71.05188,42.35453],[-71.05154,42.3547],[-71.05149,42.35472],[-71.05146,42.35474],[-71.05142,42.35476]]},"properties":{"lts":3,"name":"Atlantic Avenue","osmId":426488939}},{"type":"Feature","geometry":{"type":"LineString","coordinates":[[-71.05363,42.35368],[-71.05344,42.35377],[-71.05296,42.354],[-71.05287,42.35405],[-71.05278,42.35409],[-71.05204,42.35445],[-71.05188,42.35453]]},"properties":{"lts":3,"name":"Atlantic Avenue","osmId":426488940}},{"type":"Feature","geometry":{"type":"LineString","coordinates":[[-71.08379,42.34201],[-71.08401,42.34215],[-71.08407,42.3422]]},"properties":{"lts":3,"name":"Massachusetts Avenue","osmId":426489145}},{"type":"Feature","geometry":{"type":"LineString","coordinates":[[-71.08445,42.34245],[-71.08415,42.34225],[-71.08407,42.3422]]},"properties":{"lts":3,"name":"Massachusetts Avenue","osmId":426489150}},{"type":"Feature","geometry":{"type":"LineString","coordinates":[[-71.05031,42.3013],[-71.04994,42.30111]]},"properties":{"lts":3,"name":"Freeport Street","osmId":426489197}},{"type":"Feature","geometry":{"type":"LineString","coordinates":[[-71.09133,42.33606],[-71.09118,42.336],[-71.091,42.33593],[-71.09097,42.33592],[-71.09093,42.3359],[-71.0909,42.33589],[-71.09085,42.33587],[-71.09081,42.33585],[-71.0908,42.33585],[-71.09075,42.33583],[-71.09071,42.3358],[-71.09065,42.33577]]},"properties":{"lts":3,"name":"Ruggles Street","osmId":426489218}},{"type":"Feature","geometry":{"type":"LineString","coordinates":[[-71.05063,42.30148],[-71.05058,42.30145],[-71.05054,42.30143],[-71.05048,42.3014],[-71.05031,42.3013]]},"properties":{"lts":2,"name":"Freeport Street","osmId":426489267}},{"type":"Feature","geometry":{"type":"LineString","coordinates":[[-71.09977,42.32276],[-71.09953,42.32274],[-71.09922,42.3227],[-71.09912,42.32268]]},"properties":{"lts":3,"name":"Centre Street","osmId":426489280}},{"type":"Feature","geometry":{"type":"LineString","coordinates":[[-71.08146,42.31913],[-71.0814,42.31942],[-71.0814,42.31945]]},"properties":{"lts":3,"name":"Warren Street","osmId":426489453}},{"type":"Feature","geometry":{"type":"LineString","coordinates":[[-71.08182,42.31829],[-71.08168,42.31857],[-71.08157,42.31879],[-71.08148,42.31906],[-71.08146,42.31913]]},"properties":{"lts":3,"name":"Warren Street","osmId":426489454}},{"type":"Feature","geometry":{"type":"LineString","coordinates":[[-71.05137,42.30203],[-71.05132,42.302],[-71.05112,42.30184]]},"properties":{"lts":2,"name":"Freeport Street","osmId":426489980}},{"type":"Feature","geometry":{"type":"LineString","coordinates":[[-71.08282,42.31812],[-71.0823,42.31797],[-71.08215,42.31793]]},"properties":{"lts":3,"name":"Martin Luther King Jr Boulevard","osmId":426490099}},{"type":"Feature","geometry":{"type":"LineString","coordinates":[[-71.1327,42.35523],[-71.13274,42.35542],[-71.13275,42.35548],[-71.13276,42.35554]]},"properties":{"lts":3,"name":"Harvard Avenue","osmId":426490113}},{"type":"Feature","geometry":{"type":"LineString","coordinates":[[-71.12815,42.35735],[-71.13005,42.35663]]},"properties":{"lts":3,"name":"Cambridge Street","osmId":426490570}},{"type":"Feature","geometry":{"type":"LineString","coordinates":[[-71.12649,42.35796],[-71.12662,42.35792],[-71.12747,42.35761]]},"properties":{"lts":3,"name":"Cambridge Street","osmId":426490572}},{"type":"Feature","geometry":{"type":"LineString","coordinates":[[-71.05587,42.35186],[-71.05582,42.35194],[-71.05565,42.35227],[-71.05561,42.35234],[-71.05556,42.35242],[-71.05551,42.35249],[-71.05548,42.35253],[-71.05544,42.35259]]},"properties":{"lts":3,"name":"Atlantic Avenue","osmId":426490574}},{"type":"Feature","geometry":{"type":"LineString","coordinates":[[-71.09198,42.32151],[-71.09172,42.32139],[-71.0913,42.3212],[-71.09082,42.32099],[-71.09053,42.32086],[-71.09024,42.32072],[-71.09001,42.32061],[-71.08942,42.32036],[-71.0893,42.32031]]},"properties":{"lts":3,"name":"Martin Luther King Jr Boulevard","osmId":426490585}},{"type":"Feature","geometry":{"type":"LineString","coordinates":[[-71.08675,42.31925],[-71.08625,42.31909],[-71.08621,42.31908],[-71.08604,42.31903]]},"properties":{"lts":3,"name":"Martin Luther King Jr Boulevard","osmId":426490586}},{"type":"Feature","geometry":{"type":"LineString","coordinates":[[-71.08545,42.319],[-71.08582,42.31911],[-71.08587,42.31912],[-71.08602,42.31916]]},"properties":{"lts":3,"name":"Martin Luther King Jr Boulevard","osmId":426490587}},{"type":"Feature","geometry":{"type":"LineString","coordinates":[[-71.08788,42.31981],[-71.08813,42.31992],[-71.0882,42.31995],[-71.08825,42.31997],[-71.0884,42.32003]]},"properties":{"lts":3,"name":"Martin Luther King Jr Boulevard","osmId":426490588}},{"type":"Feature","geometry":{"type":"LineString","coordinates":[[-71.0893,42.32031],[-71.0891,42.32021]]},"properties":{"lts":3,"name":"Martin Luther King Jr Boulevard","osmId":426490589}},{"type":"Feature","geometry":{"type":"LineString","coordinates":[[-71.08892,42.32013],[-71.0888,42.32007],[-71.08876,42.32005],[-71.0886,42.31997]]},"properties":{"lts":3,"name":"Martin Luther King Jr Boulevard","osmId":426490590}},{"type":"Feature","geometry":{"type":"LineString","coordinates":[[-71.09135,42.32136],[-71.09164,42.3215],[-71.09178,42.32157],[-71.09184,42.32162]]},"properties":{"lts":3,"name":"Martin Luther King Jr Boulevard","osmId":426490591}},{"type":"Feature","geometry":{"type":"LineString","coordinates":[[-71.08602,42.31916],[-71.0862,42.31922],[-71.08677,42.31939],[-71.08735,42.31959],[-71.08768,42.31973],[-71.08788,42.31981]]},"properties":{"lts":3,"name":"Martin Luther King Jr Boulevard","osmId":426490592}},{"type":"Feature","geometry":{"type":"LineString","coordinates":[[-71.08604,42.31903],[-71.08587,42.31898],[-71.08515,42.31879],[-71.0844,42.31857],[-71.08435,42.31855]]},"properties":{"lts":3,"name":"Martin Luther King Jr Boulevard","osmId":426490593}},{"type":"Feature","geometry":{"type":"LineString","coordinates":[[-71.0884,42.32003],[-71.08866,42.32015],[-71.08873,42.32018],[-71.08952,42.32054],[-71.09032,42.3209],[-71.09041,42.32094],[-71.09119,42.32129]]},"properties":{"lts":3,"name":"Martin Luther King Jr Boulevard","osmId":426490594}},{"type":"Feature","geometry":{"type":"LineString","coordinates":[[-71.08147,42.32018],[-71.08151,42.32033],[-71.08158,42.32059],[-71.08162,42.32073]]},"properties":{"lts":3,"name":"Warren Street","osmId":426490595}},{"type":"Feature","geometry":{"type":"LineString","coordinates":[[-71.08224,42.32219],[-71.08215,42.32192],[-71.08207,42.3217]]},"properties":{"lts":3,"name":"Warren Street","osmId":426490596}},{"type":"Feature","geometry":{"type":"LineString","coordinates":[[-71.08255,42.32355],[-71.08258,42.32362],[-71.08266,42.32387],[-71.08266,42.3239],[-71.0827,42.32401]]},"properties":{"lts":3,"name":"Warren Street","osmId":426490597}},{"type":"Feature","geometry":{"type":"LineString","coordinates":[[-71.08207,42.3217],[-71.08191,42.32112],[-71.08184,42.3209],[-71.08179,42.32075]]},"properties":{"lts":3,"name":"Warren Street","osmId":426490598}},{"type":"Feature","geometry":{"type":"LineString","coordinates":[[-71.08326,42.32557],[-71.08327,42.32561],[-71.0833,42.32575],[-71.08331,42.32581],[-71.0833,42.32594]]},"properties":{"lts":3,"name":"Warren Street","osmId":426490599}},{"type":"Feature","geometry":{"type":"LineString","coordinates":[[-71.0833,42.32594],[-71.08329,42.32602],[-71.08328,42.32607],[-71.08327,42.32612],[-71.08318,42.32661],[-71.08318,42.3267],[-71.08316,42.3269],[-71.08315,42.32701]]},"properties":{"lts":3,"name":"Warren Street","osmId":426490600}},{"type":"Feature","geometry":{"type":"LineString","coordinates":[[-71.0827,42.32401],[-71.08277,42.32421],[-71.08293,42.32469],[-71.08297,42.32483],[-71.08304,42.32499],[-71.08309,42.32514],[-71.08315,42.32529],[-71.08316,42.32533],[-71.08326,42.32557]]},"properties":{"lts":3,"name":"Warren Street","osmId":426490601}},{"type":"Feature","geometry":{"type":"LineString","coordinates":[[-71.05412,42.35344],[-71.05376,42.35361]]},"properties":{"lts":3,"name":"Atlantic Avenue","osmId":426490741}},{"type":"Feature","geometry":{"type":"LineString","coordinates":[[-71.0597,42.35027],[-71.05975,42.35014]]},"properties":{"lts":3,"name":"John F. Fitzgerald Surface Road","osmId":426491162}},{"type":"Feature","geometry":{"type":"LineString","coordinates":[[-71.05642,42.3535],[-71.05633,42.35355],[-71.0563,42.35357],[-71.05619,42.35363]]},"properties":{"lts":3,"name":"High Street","osmId":426491214}},{"type":"Feature","geometry":{"type":"LineString","coordinates":[[-71.05687,42.35323],[-71.05685,42.35326],[-71.05681,42.35329],[-71.05676,42.35333],[-71.05642,42.3535]]},"properties":{"lts":3,"name":"High Street","osmId":426491215}},{"type":"Feature","geometry":{"type":"LineString","coordinates":[[-71.14597,42.35065],[-71.14573,42.35076],[-71.14562,42.3508]]},"properties":{"lts":2,"name":"Cambridge Street","osmId":426491735}},{"type":"Feature","geometry":{"type":"LineString","coordinates":[[-71.14562,42.3508],[-71.14554,42.35083],[-71.14551,42.35085],[-71.14531,42.35093],[-71.14512,42.35101]]},"properties":{"lts":2,"name":"Cambridge Street","osmId":426491736}},{"type":"Feature","geometry":{"type":"LineString","coordinates":[[-71.05709,42.34955],[-71.05712,42.34957],[-71.05716,42.34959],[-71.05721,42.34961],[-71.05726,42.34962],[-71.05731,42.34964],[-71.0575,42.34968],[-71.05765,42.34971]]},"properties":{"lts":2,"name":"Kneeland Street","osmId":426492008}},{"type":"Feature","geometry":{"type":"LineString","coordinates":[[-71.0768,42.28823],[-71.07662,42.28827],[-71.07651,42.28829],[-71.07627,42.28835],[-71.07619,42.28837],[-71.07603,42.28841],[-71.07581,42.28851],[-71.07557,42.28863],[-71.07547,42.28867],[-71.07543,42.28869],[-71.0753,42.28873],[-71.07513,42.28878],[-71.07487,42.28884],[-71.07474,42.28887],[-71.07389,42.28906],[-71.07358,42.28913],[-71.07326,42.28921],[-71.07317,42.28923],[-71.07311,42.28925],[-71.07306,42.28927],[-71.07299,42.2893],[-71.07292,42.28935],[-71.07279,42.28946],[-71.07262,42.28967],[-71.07258,42.28971],[-71.07254,42.28975],[-71.07245,42.28984],[-71.07242,42.28987],[-71.07223,42.29004],[-71.07213,42.29016],[-71.07212,42.29018],[-71.07208,42.29024]]},"properties":{"lts":2,"name":"Norfolk Street","osmId":426492023}},{"type":"Feature","geometry":{"type":"LineString","coordinates":[[-71.07817,42.28775],[-71.07802,42.28786],[-71.07799,42.28788],[-71.07791,42.28793],[-71.07781,42.28799]]},"properties":{"lts":3,"name":"Norfolk Street","osmId":426492024}},{"type":"Feature","geometry":{"type":"LineString","coordinates":[[-71.07781,42.28799],[-71.07769,42.28803],[-71.07747,42.2881],[-71.07737,42.28812]]},"properties":{"lts":3,"name":"Norfolk Street","osmId":426492025}},{"type":"Feature","geometry":{"type":"LineString","coordinates":[[-71.0716,42.29019],[-71.07146,42.29018],[-71.07129,42.29017],[-71.07114,42.29016],[-71.07106,42.29015]]},"properties":{"lts":3,"name":"Talbot Avenue","osmId":426492026}},{"type":"Feature","geometry":{"type":"LineString","coordinates":[[-71.05939,42.35006],[-71.05911,42.34999],[-71.05907,42.34998],[-71.05894,42.34995]]},"properties":{"lts":3,"name":"Kneeland Street","osmId":426492389}},{"type":"Feature","geometry":{"type":"LineString","coordinates":[[-71.05975,42.35014],[-71.05971,42.35013],[-71.05967,42.35012],[-71.05963,42.35011],[-71.05939,42.35006]]},"properties":{"lts":3,"name":"Kneeland Street","osmId":426492390}},{"type":"Feature","geometry":{"type":"LineString","coordinates":[[-71.1057,42.35001],[-71.10636,42.35009],[-71.10641,42.3501],[-71.10644,42.3501],[-71.10655,42.35012]]},"properties":{"lts":3,"name":"Commonwealth Avenue","osmId":426494693}},{"type":"Feature","geometry":{"type":"LineString","coordinates":[[-71.10655,42.35012],[-71.10668,42.35013],[-71.10832,42.35034],[-71.10853,42.35036],[-71.10871,42.35037]]},"properties":{"lts":2,"name":"Commonwealth Avenue","osmId":426494697}},{"type":"Feature","geometry":{"type":"LineString","coordinates":[[-71.08567,42.34327],[-71.08579,42.34337]]},"properties":{"lts":3,"name":"Massachusetts Avenue","osmId":426497265}},{"type":"Feature","geometry":{"type":"LineString","coordinates":[[-71.08521,42.34296],[-71.08557,42.3432]]},"properties":{"lts":3,"name":"Massachusetts Avenue","osmId":426497269}},{"type":"Feature","geometry":{"type":"LineString","coordinates":[[-71.04382,42.34708],[-71.0437,42.34701]]},"properties":{"lts":3,"name":"Summer Street","osmId":426497575}},{"type":"Feature","geometry":{"type":"LineString","coordinates":[[-71.04444,42.34741],[-71.04403,42.34719],[-71.04401,42.34718]]},"properties":{"lts":3,"name":"Summer Street","osmId":426497577}},{"type":"Feature","geometry":{"type":"LineString","coordinates":[[-71.04466,42.34767],[-71.04519,42.34795],[-71.04523,42.34797],[-71.04533,42.34802]]},"properties":{"lts":3,"name":"Summer Street","osmId":426497578}},{"type":"Feature","geometry":{"type":"LineString","coordinates":[[-71.04392,42.34726],[-71.04406,42.34734],[-71.04466,42.34767]]},"properties":{"lts":3,"name":"Summer Street","osmId":426497579}},{"type":"Feature","geometry":{"type":"LineString","coordinates":[[-71.09299,42.2799],[-71.09309,42.27961],[-71.09311,42.27955],[-71.09315,42.27942]]},"properties":{"lts":3,"name":"Blue Hill Avenue","osmId":426497602}},{"type":"Feature","geometry":{"type":"LineString","coordinates":[[-71.0932,42.27877],[-71.09316,42.27888],[-71.09312,42.27899],[-71.0931,42.27908],[-71.09306,42.2792],[-71.09305,42.27922],[-71.09302,42.2793]]},"properties":{"lts":3,"name":"Blue Hill Avenue","osmId":426497603}},{"type":"Feature","geometry":{"type":"LineString","coordinates":[[-71.09315,42.27942],[-71.0932,42.27927],[-71.09328,42.27904],[-71.09331,42.27894],[-71.09335,42.27884],[-71.09338,42.27873],[-71.09341,42.27863],[-71.09344,42.27853],[-71.09346,42.27842],[-71.09349,42.27832],[-71.0935,42.27821],[-71.09352,42.27811],[-71.09353,42.278],[-71.09353,42.2779],[-71.09354,42.27779]]},"properties":{"lts":3,"name":"Blue Hill Avenue","osmId":426497604}},{"type":"Feature","geometry":{"type":"LineString","coordinates":[[-71.09249,42.2809],[-71.09247,42.28096],[-71.09244,42.28105],[-71.09241,42.28115],[-71.09237,42.28126],[-71.09223,42.28166],[-71.09199,42.28241],[-71.09188,42.28272],[-71.09181,42.28293]]},"properties":{"lts":3,"name":"Blue Hill Avenue","osmId":426497605}},{"type":"Feature","geometry":{"type":"LineString","coordinates":[[-71.03841,42.34395],[-71.03869,42.34413],[-71.03872,42.34415],[-71.03883,42.34422]]},"properties":{"lts":3,"name":"Summer Street","osmId":426500510}},{"type":"Feature","geometry":{"type":"LineString","coordinates":[[-71.03972,42.34479],[-71.04014,42.34506],[-71.04017,42.34508],[-71.04034,42.34519]]},"properties":{"lts":3,"name":"Summer Street","osmId":426500511}},{"type":"Feature","geometry":{"type":"LineString","coordinates":[[-71.03813,42.34369],[-71.03818,42.34375],[-71.03824,42.34381],[-71.03831,42.34388],[-71.03841,42.34395]]},"properties":{"lts":3,"name":"Summer Street","osmId":426500512}},{"type":"Feature","geometry":{"type":"LineString","coordinates":[[-71.04256,42.34586],[-71.04227,42.34611],[-71.04224,42.34613],[-71.04221,42.34615],[-71.04218,42.34618],[-71.04215,42.3462]]},"properties":{"lts":3,"name":"D Street","osmId":426501275}},{"type":"Feature","geometry":{"type":"LineString","coordinates":[[-71.04215,42.3462],[-71.04204,42.34628]]},"properties":{"lts":3,"name":"D Street","osmId":426501276}},{"type":"Feature","geometry":{"type":"LineString","coordinates":[[-71.04227,42.34626],[-71.04215,42.3462]]},"properties":{"lts":3,"name":"Summer Street","osmId":426501277}},{"type":"Feature","geometry":{"type":"LineString","coordinates":[[-71.04115,42.34571],[-71.04129,42.3458],[-71.04169,42.34606]]},"properties":{"lts":3,"name":"Summer Street","osmId":426501278}},{"type":"Feature","geometry":{"type":"LineString","coordinates":[[-71.04034,42.34519],[-71.0408,42.34548],[-71.04115,42.34571]]},"properties":{"lts":3,"name":"Summer Street","osmId":426501279}},{"type":"Feature","geometry":{"type":"LineString","coordinates":[[-71.0437,42.34701],[-71.04367,42.347],[-71.04287,42.34658]]},"properties":{"lts":2,"name":"Summer Street","osmId":426501280}},{"type":"Feature","geometry":{"type":"LineString","coordinates":[[-71.12379,42.36826],[-71.12376,42.36829]]},"properties":{"lts":2,"name":"North Harvard Street","osmId":426594003}},{"type":"Feature","geometry":{"type":"LineString","coordinates":[[-71.12641,42.24273],[-71.12641,42.24257],[-71.1264,42.24239],[-71.1264,42.24228],[-71.12639,42.24218],[-71.12639,42.24207],[-71.12638,42.24196],[-71.12637,42.24184],[-71.12635,42.24165],[-71.12633,42.24152],[-71.12632,42.2414],[-71.1263,42.2413],[-71.12628,42.24119],[-71.12626,42.24107],[-71.12623,42.24091],[-71.12619,42.24075],[-71.12616,42.24064],[-71.12614,42.24053],[-71.1261,42.24043],[-71.12607,42.24032],[-71.12604,42.24021],[-71.12601,42.2401],[-71.12593,42.23985],[-71.1258,42.23946]]},"properties":{"lts":3,"name":"Truman Parkway","osmId":426600198}},{"type":"Feature","geometry":{"type":"LineString","coordinates":[[-71.1264,42.24323],[-71.1264,42.24292],[-71.1264,42.24289],[-71.12641,42.24273]]},"properties":{"lts":3,"name":"Truman Parkway","osmId":426600199}},{"type":"Feature","geometry":{"type":"LineString","coordinates":[[-71.1167,42.27946],[-71.11674,42.27932],[-71.11676,42.27924],[-71.11676,42.27921],[-71.11678,42.27909]]},"properties":{"lts":3,"name":"American Legion Highway","osmId":426602275}},{"type":"Feature","geometry":{"type":"LineString","coordinates":[[-71.13004,42.36293],[-71.13,42.36298],[-71.12995,42.36303],[-71.12989,42.36309],[-71.12976,42.3632]]},"properties":{"lts":3,"name":"North Harvard Street","osmId":426609634}},{"type":"Feature","geometry":{"type":"LineString","coordinates":[[-71.08991,42.34396],[-71.09001,42.34398],[-71.09002,42.34398],[-71.09012,42.344],[-71.09019,42.34402],[-71.09024,42.34403],[-71.09028,42.34404],[-71.09034,42.34406],[-71.09039,42.34408]]},"properties":{"lts":3,"name":"Westland Avenue","osmId":426623435}},{"type":"Feature","geometry":{"type":"LineString","coordinates":[[-71.09053,42.34415],[-71.09056,42.34418],[-71.09058,42.34419],[-71.09061,42.34422],[-71.09064,42.34424]]},"properties":{"lts":2,"name":"Westland Avenue","osmId":426623439}},{"type":"Feature","geometry":{"type":"LineString","coordinates":[[-71.17322,42.27202],[-71.17281,42.27156],[-71.17279,42.27153],[-71.17272,42.27146]]},"properties":{"lts":3,"name":"Veterans of Foreign Wars Parkway","osmId":426624638}},{"type":"Feature","geometry":{"type":"LineString","coordinates":[[-71.123,42.36377],[-71.12315,42.36376],[-71.12331,42.36374]]},"properties":{"lts":2,"name":"Western Avenue","osmId":426625721}},{"type":"Feature","geometry":{"type":"LineString","coordinates":[[-71.12055,42.36397],[-71.12074,42.36395],[-71.12127,42.36391],[-71.12219,42.36384],[-71.12227,42.36383]]},"properties":{"lts":2,"name":"Western Avenue","osmId":426625722}},{"type":"Feature","geometry":{"type":"LineString","coordinates":[[-71.12584,42.31861],[-71.12563,42.31865],[-71.12555,42.31866],[-71.12548,42.31868],[-71.12543,42.31869],[-71.12535,42.31872],[-71.12529,42.31873],[-71.12522,42.31876],[-71.12512,42.3188],[-71.12413,42.31919],[-71.1241,42.3192],[-71.12405,42.31922],[-71.12391,42.31927],[-71.12388,42.31929],[-71.12386,42.31929],[-71.12382,42.31931],[-71.12378,42.31932],[-71.12375,42.31934],[-71.12372,42.31935],[-71.12371,42.31936],[-71.12369,42.31936],[-71.12367,42.31938],[-71.12364,42.31939],[-71.12362,42.3194],[-71.12359,42.31942],[-71.12357,42.31943],[-71.12352,42.31946],[-71.12346,42.3195],[-71.12341,42.31953],[-71.12336,42.31956],[-71.12332,42.31958],[-71.1233,42.31959],[-71.12327,42.31961],[-71.12323,42.31963],[-71.12299,42.31974],[-71.12294,42.3198]]},"properties":{"lts":3,"name":"Perkins Street","osmId":426626897}},{"type":"Feature","geometry":{"type":"LineString","coordinates":[[-71.11996,42.32147],[-71.11982,42.32147],[-71.11962,42.32146]]},"properties":{"lts":2,"name":"Perkins Street","osmId":426626898}},{"type":"Feature","geometry":{"type":"LineString","coordinates":[[-71.11706,42.32105],[-71.11682,42.32104],[-71.11678,42.32104],[-71.11659,42.32103]]},"properties":{"lts":2,"name":"Perkins Street","osmId":426626899}},{"type":"Feature","geometry":{"type":"LineString","coordinates":[[-71.11962,42.32146],[-71.11954,42.32145],[-71.11922,42.32139],[-71.11919,42.32139],[-71.11891,42.32134],[-71.11782,42.32113],[-71.11749,42.32109],[-71.11712,42.32106],[-71.11706,42.32105]]},"properties":{"lts":2,"name":"Perkins Street","osmId":426626900}},{"type":"Feature","geometry":{"type":"LineString","coordinates":[[-71.11909,42.27249],[-71.11883,42.27249],[-71.11866,42.2725],[-71.11846,42.27255],[-71.11816,42.27268],[-71.11786,42.27285],[-71.11759,42.27305],[-71.11731,42.27334],[-71.11715,42.27353],[-71.11714,42.27355],[-71.11685,42.27396],[-71.1167,42.27417]]},"properties":{"lts":3,"name":"American Legion Highway","osmId":426627157}},{"type":"Feature","geometry":{"type":"LineString","coordinates":[[-71.11647,42.2747],[-71.11656,42.27458],[-71.11701,42.27396],[-71.11743,42.2734],[-71.11752,42.2733],[-71.11761,42.27321],[-71.11772,42.2731],[-71.11788,42.27299],[-71.11799,42.27291],[-71.11823,42.27278],[-71.11843,42.27268],[-71.11861,42.27262],[-71.11879,42.27259],[-71.11907,42.27259]]},"properties":{"lts":3,"name":"American Legion Highway","osmId":426627158}},{"type":"Feature","geometry":{"type":"LineString","coordinates":[[-71.11587,42.2762],[-71.1159,42.27598],[-71.11592,42.27574]]},"properties":{"lts":3,"name":"American Legion Highway","osmId":426627160}},{"type":"Feature","geometry":{"type":"LineString","coordinates":[[-71.11616,42.2751],[-71.11625,42.27498],[-71.11647,42.2747]]},"properties":{"lts":3,"name":"American Legion Highway","osmId":426627161}},{"type":"Feature","geometry":{"type":"LineString","coordinates":[[-71.11592,42.27574],[-71.11594,42.27558],[-71.11598,42.27542],[-71.11608,42.27522],[-71.11616,42.2751]]},"properties":{"lts":3,"name":"American Legion Highway","osmId":426627163}},{"type":"Feature","geometry":{"type":"LineString","coordinates":[[-71.16263,42.29347],[-71.16277,42.2934],[-71.16345,42.29306],[-71.16509,42.29225],[-71.16671,42.29146]]},"properties":{"lts":3,"name":"Veterans of Foreign Wars Parkway","osmId":426634963}},{"type":"Feature","geometry":{"type":"LineString","coordinates":[[-71.16828,42.29066],[-71.16837,42.2906],[-71.16855,42.29048],[-71.16869,42.29038],[-71.16888,42.29025],[-71.169,42.29016],[-71.16913,42.29007],[-71.16923,42.29],[-71.16933,42.28992],[-71.16944,42.28985],[-71.16954,42.28977],[-71.16963,42.2897],[-71.16981,42.28957],[-71.17006,42.28939],[-71.17016,42.28931],[-71.17031,42.28919],[-71.17044,42.28908],[-71.17056,42.28899],[-71.17065,42.28891],[-71.17075,42.28883],[-71.17084,42.28875],[-71.17095,42.28866],[-71.17101,42.28861],[-71.17107,42.28856],[-71.17113,42.2885],[-71.17116,42.28847],[-71.17119,42.28844]]},"properties":{"lts":3,"name":"Veterans of Foreign Wars Parkway","osmId":426635448}},{"type":"Feature","geometry":{"type":"LineString","coordinates":[[-71.07468,42.38423],[-71.07466,42.38422],[-71.07454,42.38415],[-71.07448,42.38411],[-71.07444,42.38409],[-71.07443,42.38409]]},"properties":{"lts":3,"name":"Maffa Way","osmId":426638832}},{"type":"Feature","geometry":{"type":"LineString","coordinates":[[-71.00805,42.38691],[-71.00803,42.38688],[-71.00799,42.38687],[-71.00796,42.38686],[-71.00739,42.38674]]},"properties":{"lts":3,"name":"Saratoga Street","osmId":426638926}},{"type":"Feature","geometry":{"type":"LineString","coordinates":[[-71.10726,42.33891],[-71.10719,42.33897],[-71.10717,42.33899],[-71.10715,42.33902],[-71.1065,42.33964]]},"properties":{"lts":3,"name":"Brookline Avenue","osmId":426642614}},{"type":"Feature","geometry":{"type":"LineString","coordinates":[[-71.10756,42.33864],[-71.10735,42.33883],[-71.10732,42.33885],[-71.10726,42.33891]]},"properties":{"lts":3,"name":"Brookline Avenue","osmId":426642616}},{"type":"Feature","geometry":{"type":"LineString","coordinates":[[-71.10564,42.33799],[-71.10585,42.33812]]},"properties":{"lts":2,"name":"Longwood Avenue","osmId":426642618}},{"type":"Feature","geometry":{"type":"LineString","coordinates":[[-71.10515,42.3378],[-71.10523,42.33783],[-71.10555,42.33795],[-71.10559,42.33797],[-71.10564,42.33799]]},"properties":{"lts":3,"name":"Longwood Avenue","osmId":426642626}},{"type":"Feature","geometry":{"type":"LineString","coordinates":[[-71.10831,42.33797],[-71.10826,42.33802],[-71.10821,42.33806],[-71.10818,42.33809],[-71.10809,42.33817]]},"properties":{"lts":3,"name":"Brookline Avenue","osmId":426645900}},{"type":"Feature","geometry":{"type":"LineString","coordinates":[[-71.10481,42.33767],[-71.10508,42.33777],[-71.10515,42.3378]]},"properties":{"lts":3,"name":"Longwood Avenue","osmId":426645909}},{"type":"Feature","geometry":{"type":"LineString","coordinates":[[-71.1034,42.33712],[-71.10322,42.33705],[-71.10306,42.33698]]},"properties":{"lts":2,"name":"Longwood Avenue","osmId":426645910}},{"type":"Feature","geometry":{"type":"LineString","coordinates":[[-71.08088,42.38215],[-71.08068,42.38218]]},"properties":{"lts":2,"name":"Washington Street","osmId":426653648}},{"type":"Feature","geometry":{"type":"LineString","coordinates":[[-71.16538,42.33369],[-71.16533,42.33369],[-71.16517,42.33371],[-71.16485,42.33375]]},"properties":{"lts":3,"name":"Beacon Street","osmId":426655721}},{"type":"Feature","geometry":{"type":"LineString","coordinates":[[-71.16282,42.33396],[-71.16272,42.33397],[-71.16261,42.33397],[-71.16247,42.33397],[-71.16236,42.33397],[-71.16232,42.33396]]},"properties":{"lts":3,"name":"Beacon Street","osmId":426655723}},{"type":"Feature","geometry":{"type":"LineString","coordinates":[[-71.16757,42.33345],[-71.16744,42.33345],[-71.16732,42.33346],[-71.16678,42.33352],[-71.16598,42.33361]]},"properties":{"lts":2,"name":"Beacon Street","osmId":426655724}},{"type":"Feature","geometry":{"type":"LineString","coordinates":[[-71.04326,42.35064],[-71.04302,42.35052],[-71.04299,42.35051],[-71.0429,42.35046]]},"properties":{"lts":3,"name":"Seaport Boulevard","osmId":426659551}},{"type":"Feature","geometry":{"type":"LineString","coordinates":[[-71.04325,42.35074],[-71.04336,42.35079],[-71.04348,42.35087],[-71.04352,42.3509],[-71.04368,42.35098],[-71.04372,42.351],[-71.04381,42.35105],[-71.0439,42.3511]]},"properties":{"lts":3,"name":"Seaport Boulevard","osmId":426659552}},{"type":"Feature","geometry":{"type":"LineString","coordinates":[[-71.04397,42.351],[-71.04388,42.35096],[-71.04379,42.35091],[-71.04349,42.35075],[-71.04343,42.35072],[-71.04326,42.35064]]},"properties":{"lts":3,"name":"Seaport Boulevard","osmId":426659557}},{"type":"Feature","geometry":{"type":"LineString","coordinates":[[-71.16862,42.35106],[-71.16873,42.35106],[-71.16879,42.35106],[-71.16885,42.35107],[-71.16891,42.35108],[-71.16911,42.35113],[-71.16918,42.35115],[-71.16926,42.35117],[-71.16933,42.35119]]},"properties":{"lts":3,"name":"Washington Street","osmId":426662007}},{"type":"Feature","geometry":{"type":"LineString","coordinates":[[-71.08016,42.30566],[-71.08045,42.3055],[-71.0805,42.30548],[-71.08056,42.30544]]},"properties":{"lts":3,"name":"Columbia Road","osmId":426676386}},{"type":"Feature","geometry":{"type":"LineString","coordinates":[[-71.07904,42.30589],[-71.07886,42.30593],[-71.07861,42.30597],[-71.07857,42.30598],[-71.07826,42.30604]]},"properties":{"lts":3,"name":"Columbia Road","osmId":426676390}},{"type":"Feature","geometry":{"type":"LineString","coordinates":[[-71.08056,42.30544],[-71.08065,42.30539],[-71.08071,42.30535],[-71.08119,42.30505],[-71.0814,42.30493],[-71.08185,42.30465],[-71.08215,42.30444]]},"properties":{"lts":3,"name":"Columbia Road","osmId":426676391}},{"type":"Feature","geometry":{"type":"LineString","coordinates":[[-71.08045,42.30535],[-71.08039,42.30539],[-71.08003,42.30559],[-71.07978,42.30571],[-71.07958,42.30578],[-71.07934,42.30584],[-71.07925,42.30586],[-71.07904,42.30589]]},"properties":{"lts":3,"name":"Columbia Road","osmId":426676392}},{"type":"Feature","geometry":{"type":"LineString","coordinates":[[-71.07111,42.33522],[-71.07102,42.33528],[-71.07098,42.33531]]},"properties":{"lts":2,"name":"Albany Street","osmId":426679568}},{"type":"Feature","geometry":{"type":"LineString","coordinates":[[-71.07144,42.33498],[-71.07138,42.33502],[-71.07131,42.33507],[-71.07111,42.33522]]},"properties":{"lts":3,"name":"Albany Street","osmId":426679569}},{"type":"Feature","geometry":{"type":"LineString","coordinates":[[-71.07078,42.33544],[-71.07075,42.33547],[-71.07036,42.33574]]},"properties":{"lts":2,"name":"Albany Street","osmId":426679570}},{"type":"Feature","geometry":{"type":"LineString","coordinates":[[-71.07098,42.33531],[-71.07093,42.33534],[-71.07078,42.33544]]},"properties":{"lts":3,"name":"Albany Street","osmId":426679571}},{"type":"Feature","geometry":{"type":"LineString","coordinates":[[-71.09119,42.32129],[-71.09135,42.32136]]},"properties":{"lts":3,"name":"Martin Luther King Jr Boulevard","osmId":426828628}},{"type":"Feature","geometry":{"type":"LineString","coordinates":[[-71.09215,42.34884],[-71.09192,42.34884]]},"properties":{"lts":3,"name":"Commonwealth Avenue","osmId":426831435}},{"type":"Feature","geometry":{"type":"LineString","coordinates":[[-71.11751,42.36102],[-71.11746,42.36103]]},"properties":{"lts":3,"name":"River Street","osmId":426839719}},{"type":"Feature","geometry":{"type":"LineString","coordinates":[[-71.10809,42.33817],[-71.10779,42.33843]]},"properties":{"lts":3,"name":"Brookline Avenue","osmId":426843087}},{"type":"Feature","geometry":{"type":"LineString","coordinates":[[-71.09252,42.33945],[-71.09257,42.33953],[-71.09299,42.34013],[-71.09315,42.34036]]},"properties":{"lts":2,"name":"Forsyth Way","osmId":426843746}},{"type":"Feature","geometry":{"type":"LineString","coordinates":[[-71.14618,42.36087],[-71.14588,42.36136],[-71.14577,42.36151]]},"properties":{"lts":3,"name":"Leo M. Birmingham Parkway","osmId":427628715}},{"type":"Feature","geometry":{"type":"LineString","coordinates":[[-71.10937,42.34996],[-71.10937,42.35],[-71.10938,42.35004],[-71.10938,42.35007],[-71.10939,42.35011],[-71.10939,42.35012],[-71.10939,42.35013],[-71.1094,42.35014],[-71.1094,42.35015],[-71.1094,42.35016],[-71.10941,42.35018],[-71.10942,42.3502],[-71.10943,42.35022],[-71.10944,42.35024],[-71.10945,42.35026]]},"properties":{"lts":3,"name":"Carlton Street","osmId":429053400}},{"type":"Feature","geometry":{"type":"LineString","coordinates":[[-71.06139,42.35251],[-71.06137,42.35244],[-71.06132,42.35221],[-71.06126,42.35197]]},"properties":{"lts":3,"name":"Harrison Avenue","osmId":448441075}},{"type":"Feature","geometry":{"type":"LineString","coordinates":[[-71.00593,42.38638],[-71.00584,42.38635]]},"properties":{"lts":2,"name":"Saratoga Street","osmId":448610072}},{"type":"Feature","geometry":{"type":"LineString","coordinates":[[-71.00553,42.38624],[-71.00544,42.38621],[-71.00529,42.38616]]},"properties":{"lts":2,"name":"Saratoga Street","osmId":448610078}},{"type":"Feature","geometry":{"type":"LineString","coordinates":[[-71.08754,42.29644],[-71.08769,42.29597],[-71.08776,42.29574]]},"properties":{"lts":3,"name":"Blue Hill Avenue","osmId":485257991}},{"type":"Feature","geometry":{"type":"LineString","coordinates":[[-71.08247,42.2933],[-71.0822,42.29322],[-71.08144,42.29299],[-71.08107,42.29289]]},"properties":{"lts":2,"name":"Talbot Avenue","osmId":485257993}},{"type":"Feature","geometry":{"type":"LineString","coordinates":[[-71.04284,42.35053],[-71.04292,42.35057],[-71.04325,42.35074]]},"properties":{"lts":3,"name":"Seaport Boulevard","osmId":485262838}},{"type":"Feature","geometry":{"type":"LineString","coordinates":[[-71.05636,42.35699],[-71.05635,42.35691],[-71.05634,42.3569],[-71.05634,42.35688],[-71.05633,42.35682]]},"properties":{"lts":3,"name":"Congress Street","osmId":485269332}},{"type":"Feature","geometry":{"type":"LineString","coordinates":[[-71.05639,42.35739],[-71.05638,42.35732],[-71.05636,42.35699]]},"properties":{"lts":3,"name":"Congress Street","osmId":485269333}},{"type":"Feature","geometry":{"type":"LineString","coordinates":[[-71.08695,42.34972],[-71.08705,42.34969],[-71.08713,42.34965],[-71.08721,42.34961],[-71.08728,42.34957],[-71.0874,42.34951],[-71.08746,42.34948],[-71.08752,42.34945],[-71.08759,42.34942],[-71.08765,42.3494],[-71.08772,42.34937],[-71.08778,42.34935],[-71.08785,42.34933],[-71.08792,42.3493],[-71.08799,42.34928],[-71.08806,42.34926],[-71.08812,42.34925],[-71.08819,42.34923],[-71.08827,42.34921],[-71.08834,42.3492],[-71.08841,42.34918],[-71.08847,42.34917],[-71.08853,42.34916],[-71.08859,42.34915],[-71.08865,42.34915]]},"properties":{"lts":2,"name":"Commonwealth Avenue","osmId":485271434}},{"type":"Feature","geometry":{"type":"LineString","coordinates":[[-71.08673,42.3494],[-71.08618,42.34954],[-71.08614,42.34955],[-71.08605,42.34958]]},"properties":{"lts":2,"name":"Commonwealth Avenue","osmId":485271435}},{"type":"Feature","geometry":{"type":"LineString","coordinates":[[-71.08852,42.34891],[-71.08845,42.34892],[-71.08839,42.34893],[-71.08764,42.34914]]},"properties":{"lts":3,"name":"Commonwealth Avenue","osmId":485271436}},{"type":"Feature","geometry":{"type":"LineString","coordinates":[[-71.09378,42.34884],[-71.09366,42.34884],[-71.09357,42.34884],[-71.09346,42.34884],[-71.09319,42.34883],[-71.09306,42.34883],[-71.09299,42.34883],[-71.09294,42.34883],[-71.09284,42.34883]]},"properties":{"lts":3,"name":"Commonwealth Avenue","osmId":485271437}},{"type":"Feature","geometry":{"type":"LineString","coordinates":[[-71.08976,42.3514],[-71.08974,42.35136]]},"properties":{"lts":2,"name":"Massachusetts Avenue","osmId":485271442}},{"type":"Feature","geometry":{"type":"LineString","coordinates":[[-71.0833,42.34161],[-71.0831,42.34147],[-71.08218,42.34084]]},"properties":{"lts":3,"name":"Massachusetts Avenue","osmId":485286878}},{"type":"Feature","geometry":{"type":"LineString","coordinates":[[-71.08247,42.34],[-71.08243,42.34003],[-71.08238,42.34008]]},"properties":{"lts":2,"name":"Columbus Avenue","osmId":485286880}},{"type":"Feature","geometry":{"type":"LineString","coordinates":[[-71.07982,42.34215],[-71.07985,42.34212],[-71.08041,42.34167],[-71.08047,42.34162],[-71.08051,42.34159],[-71.08107,42.34115],[-71.08111,42.34111]]},"properties":{"lts":2,"name":"Columbus Avenue","osmId":485292826}},{"type":"Feature","geometry":{"type":"LineString","coordinates":[[-71.05218,42.35868],[-71.05214,42.35857],[-71.05211,42.35846],[-71.05207,42.35833],[-71.05199,42.35805],[-71.05197,42.35798],[-71.05196,42.35794],[-71.05194,42.35789]]},"properties":{"lts":3,"name":"John F. Fitzgerald Surface Road","osmId":485292836}},{"type":"Feature","geometry":{"type":"LineString","coordinates":[[-71.05489,42.35606],[-71.05495,42.35611],[-71.05509,42.35625],[-71.05548,42.35664]]},"properties":{"lts":3,"name":"Pearl Street","osmId":485292839}},{"type":"Feature","geometry":{"type":"LineString","coordinates":[[-71.05489,42.35606],[-71.05494,42.35604],[-71.05555,42.35568],[-71.05559,42.35567],[-71.05561,42.35566],[-71.05569,42.35563],[-71.05576,42.35561],[-71.05578,42.35561],[-71.05585,42.35559],[-71.05631,42.35553],[-71.05643,42.35551],[-71.05653,42.3555]]},"properties":{"lts":3,"name":"Franklin Street","osmId":485292840}},{"type":"Feature","geometry":{"type":"LineString","coordinates":[[-71.10325,42.34276],[-71.10321,42.34272],[-71.10319,42.34271],[-71.10318,42.3427],[-71.10317,42.34269],[-71.10316,42.34268],[-71.10307,42.34259],[-71.10254,42.34204],[-71.1023,42.34179],[-71.10224,42.34173],[-71.1022,42.34169],[-71.1018,42.3413],[-71.10169,42.34119],[-71.10158,42.34109]]},"properties":{"lts":3,"name":"Fenway","osmId":494808064}},{"type":"Feature","geometry":{"type":"LineString","coordinates":[[-71.10472,42.30019],[-71.10469,42.30019],[-71.10467,42.30019],[-71.10465,42.30019],[-71.10463,42.30019],[-71.1046,42.30019],[-71.10456,42.30018],[-71.10452,42.30018],[-71.10449,42.30018],[-71.10445,42.30017],[-71.10439,42.30017],[-71.10433,42.30016],[-71.10425,42.30014],[-71.10418,42.30013],[-71.10411,42.30011],[-71.10408,42.3001],[-71.10405,42.30009],[-71.10401,42.30008],[-71.10398,42.30007],[-71.10394,42.30006],[-71.10391,42.30004],[-71.10387,42.30003],[-71.10383,42.30001],[-71.10377,42.29999],[-71.1037,42.29995],[-71.10364,42.29992],[-71.10358,42.29989],[-71.10353,42.29986],[-71.10347,42.29982],[-71.10341,42.29978],[-71.10335,42.29973],[-71.1033,42.29969],[-71.1032,42.2996],[-71.10311,42.29951],[-71.10286,42.29929],[-71.10207,42.29856],[-71.10172,42.29824],[-71.10112,42.29769],[-71.10044,42.29704],[-71.09945,42.29607],[-71.09704,42.29374],[-71.09696,42.29366],[-71.09687,42.29357],[-71.09679,42.29349],[-71.09671,42.29341],[-71.09663,42.29332],[-71.09656,42.29325],[-71.09655,42.29323],[-71.09653,42.29321],[-71.09651,42.29318],[-71.09647,42.29314],[-71.09645,42.29311],[-71.09643,42.29309],[-71.09642,42.29307],[-71.09641,42.29305],[-71.09638,42.29299]]},"properties":{"lts":3,"name":"Morton Street","osmId":494969947}},{"type":"Feature","geometry":{"type":"LineString","coordinates":[[-71.12149,42.3087],[-71.12126,42.30873],[-71.12124,42.30873],[-71.12123,42.30873],[-71.12117,42.30873],[-71.12113,42.30873],[-71.1211,42.30873],[-71.12107,42.30873],[-71.12104,42.30873],[-71.12101,42.30873],[-71.12097,42.30872],[-71.12093,42.30872],[-71.1209,42.30871],[-71.12086,42.30871],[-71.12083,42.3087],[-71.12079,42.30869],[-71.12076,42.30868],[-71.12073,42.30867],[-71.12071,42.30867],[-71.12068,42.30866],[-71.12066,42.30865],[-71.12063,42.30864],[-71.1206,42.30863],[-71.12057,42.30861],[-71.12055,42.3086],[-71.12053,42.30859],[-71.12051,42.30858],[-71.12049,42.30857],[-71.12047,42.30856],[-71.12045,42.30854],[-71.12043,42.30852],[-71.1204,42.3085],[-71.12039,42.3085],[-71.12036,42.30847],[-71.12032,42.30844],[-71.12029,42.3084],[-71.12025,42.30837],[-71.12022,42.30834],[-71.12019,42.30831],[-71.12016,42.30827],[-71.12013,42.30824],[-71.1201,42.30821],[-71.12007,42.30817],[-71.12005,42.30814],[-71.12002,42.3081],[-71.11999,42.30807],[-71.11996,42.30803],[-71.11994,42.308],[-71.11991,42.30796],[-71.11988,42.30792],[-71.11986,42.30789],[-71.11984,42.30786],[-71.11983,42.30783],[-71.11981,42.3078],[-71.11979,42.30776],[-71.11976,42.30771],[-71.11974,42.30768],[-71.11973,42.30764],[-71.11971,42.30761],[-71.11969,42.30757],[-71.11967,42.30753],[-71.11965,42.30748],[-71.11963,42.30744],[-71.11963,42.30743],[-71.11961,42.30739],[-71.11959,42.30735],[-71.11958,42.3073],[-71.11957,42.30727],[-71.11955,42.30723],[-71.11954,42.3072],[-71.11954,42.30717],[-71.11953,42.30714],[-71.11952,42.30711],[-71.11951,42.30706],[-71.1195,42.30703],[-71.1195,42.307],[-71.11949,42.30696],[-71.11949,42.30693],[-71.11948,42.3069],[-71.11948,42.30687],[-71.11948,42.30684],[-71.11948,42.3068],[-71.11948,42.30677],[-71.11948,42.30675],[-71.11948,42.30669],[-71.11948,42.30664],[-71.11949,42.30659],[-71.11949,42.30653],[-71.1195,42.30648],[-71.11952,42.30642],[-71.11953,42.30638],[-71.11954,42.30632],[-71.11956,42.30627],[-71.11958,42.30621],[-71.1196,42.30616],[-71.11961,42.30613],[-71.11963,42.30609],[-71.11965,42.30604],[-71.11968,42.30599],[-71.11971,42.30593],[-71.11976,42.30583],[-71.11981,42.30572],[-71.11987,42.30559],[-71.11989,42.30554],[-71.11991,42.3055],[-71.11993,42.30546],[-71.11994,42.30543],[-71.11995,42.3054],[-71.11996,42.30537],[-71.11997,42.30535],[-71.11998,42.30532],[-71.11999,42.30529],[-71.12,42.30527],[-71.12,42.30524],[-71.12001,42.30521],[-71.12001,42.30518],[-71.12002,42.30515],[-71.12002,42.30512],[-71.12002,42.30509],[-71.12002,42.30505],[-71.12002,42.30502],[-71.12002,42.305],[-71.12002,42.30496],[-71.12002,42.30492],[-71.12001,42.30488],[-71.12001,42.30484],[-71.12,42.30479],[-71.11999,42.30475],[-71.11998,42.30471],[-71.11997,42.30467],[-71.11995,42.30462],[-71.11994,42.30458],[-71.11993,42.30455],[-71.11991,42.30449],[-71.11988,42.30442],[-71.11984,42.30433],[-71.11982,42.30426],[-71.1198,42.30422],[-71.11978,42.30418],[-71.11977,42.30414],[-71.11975,42.3041],[-71.11973,42.30406],[-71.11971,42.30402],[-71.11968,42.30398],[-71.11966,42.30394],[-71.11964,42.30391],[-71.11961,42.30387],[-71.11959,42.30383],[-71.11956,42.30379],[-71.11953,42.30376],[-71.11951,42.30372],[-71.11948,42.30368],[-71.11945,42.30365],[-71.11942,42.30361],[-71.11939,42.30357],[-71.11936,42.30354],[-71.11933,42.3035],[-71.11929,42.30347],[-71.11926,42.30344],[-71.11922,42.3034],[-71.11919,42.30337],[-71.11915,42.30334],[-71.11911,42.30331],[-71.11907,42.30328],[-71.11903,42.30325],[-71.11899,42.30322],[-71.11895,42.30319],[-71.11891,42.30316],[-71.11887,42.30313],[-71.11883,42.3031],[-71.11879,42.30307],[-71.11875,42.30304],[-71.11871,42.30301],[-71.11866,42.30299],[-71.11861,42.30296],[-71.11857,42.30294],[-71.11853,42.30291],[-71.11848,42.30289],[-71.11843,42.30286],[-71.11838,42.30284],[-71.11834,42.30282],[-71.11827,42.30279],[-71.11822,42.30276],[-71.11815,42.30274],[-71.11808,42.30271],[-71.11804,42.30269]]},"properties":{"lts":2,"name":"Arborway","osmId":495554429}},{"type":"Feature","geometry":{"type":"LineString","coordinates":[[-71.11678,42.30257],[-71.11693,42.30258],[-71.11701,42.30259],[-71.11705,42.30259],[-71.11716,42.3026],[-71.1173,42.30262],[-71.11745,42.30264],[-71.11759,42.30267],[-71.11773,42.3027],[-71.11787,42.30274],[-71.11801,42.30278],[-71.11814,42.30283],[-71.11827,42.30289],[-71.1184,42.30295],[-71.11853,42.30302],[-71.11864,42.30308],[-71.11875,42.30316],[-71.11886,42.30324],[-71.11897,42.30332],[-71.11906,42.3034],[-71.11916,42.30348],[-71.11925,42.30357],[-71.11933,42.30366],[-71.11941,42.30376],[-71.11943,42.30379],[-71.11946,42.30384],[-71.11949,42.30388],[-71.11953,42.30394],[-71.11954,42.30396],[-71.11956,42.30399],[-71.11959,42.30404],[-71.11962,42.30409],[-71.11965,42.30414],[-71.11967,42.3042],[-71.11969,42.30425],[-71.11982,42.30457],[-71.11983,42.30461],[-71.11984,42.30464],[-71.11985,42.30467],[-71.11987,42.30474],[-71.11989,42.3048],[-71.11989,42.30482],[-71.1199,42.30485],[-71.1199,42.30488],[-71.1199,42.3049],[-71.1199,42.30493],[-71.11991,42.30496],[-71.11991,42.30498],[-71.11991,42.30501],[-71.11991,42.30504],[-71.11991,42.30507],[-71.11991,42.3051],[-71.1199,42.30513],[-71.1199,42.30516],[-71.1199,42.30518],[-71.11989,42.3052],[-71.11989,42.30522],[-71.11988,42.30525],[-71.11988,42.30527],[-71.11988,42.30529],[-71.11987,42.30531],[-71.11986,42.30532],[-71.11986,42.30535],[-71.11985,42.30538],[-71.11983,42.3054],[-71.11983,42.30542],[-71.11982,42.30545],[-71.1198,42.30548],[-71.11979,42.3055],[-71.11957,42.30597],[-71.11952,42.30608],[-71.11949,42.30614],[-71.11947,42.30619],[-71.11945,42.30625],[-71.11943,42.3063],[-71.11941,42.30636],[-71.1194,42.30641],[-71.11939,42.30647],[-71.11938,42.30652],[-71.11937,42.30658],[-71.11937,42.30663],[-71.11936,42.30669],[-71.11936,42.30675],[-71.11936,42.3068],[-71.11936,42.30686],[-71.11936,42.30691],[-71.11937,42.30697],[-71.11938,42.30702],[-71.11938,42.30707],[-71.11939,42.3071],[-71.1194,42.30714],[-71.11941,42.30719],[-71.11942,42.30721],[-71.11943,42.30724],[-71.11943,42.30727],[-71.11944,42.30729],[-71.11945,42.30731],[-71.11945,42.30733],[-71.11946,42.30735],[-71.11947,42.30739],[-71.11949,42.30742],[-71.1195,42.30746],[-71.11952,42.30749],[-71.11953,42.30751],[-71.11954,42.30754],[-71.11957,42.30759],[-71.11958,42.30763],[-71.1196,42.30766],[-71.11963,42.3077],[-71.11966,42.30775],[-71.11968,42.3078],[-71.11972,42.30785],[-71.11975,42.30791],[-71.11978,42.30796],[-71.11981,42.30801],[-71.11985,42.30806],[-71.11988,42.3081],[-71.11992,42.30815],[-71.11996,42.3082],[-71.12,42.30825],[-71.12004,42.3083],[-71.12008,42.30835],[-71.12012,42.30839],[-71.12016,42.30844],[-71.1202,42.30849],[-71.12025,42.30854],[-71.12028,42.30858],[-71.12032,42.30862],[-71.12038,42.30867],[-71.12041,42.30871],[-71.12045,42.30875],[-71.12049,42.30879],[-71.12054,42.30883]]},"properties":{"lts":3,"name":"Arborway","osmId":495555868}},{"type":"Feature","geometry":{"type":"LineString","coordinates":[[-71.1067,42.34604],[-71.1065,42.34612],[-71.10612,42.34625],[-71.10601,42.34628],[-71.10581,42.34633],[-71.10565,42.34638],[-71.10553,42.34641],[-71.10545,42.34644],[-71.10527,42.3465],[-71.10523,42.34652],[-71.10513,42.34655]]},"properties":{"lts":3,"name":"Beacon Street","osmId":497069776}},{"type":"Feature","geometry":{"type":"LineString","coordinates":[[-71.11627,42.25496],[-71.11704,42.25409],[-71.11772,42.25332]]},"properties":{"lts":3,"name":"Truman Parkway","osmId":503099012}},{"type":"Feature","geometry":{"type":"LineString","coordinates":[[-71.08704,42.28157],[-71.0871,42.28151],[-71.08712,42.28149],[-71.08721,42.28141],[-71.08727,42.28135],[-71.08732,42.28129],[-71.08742,42.28118],[-71.0876,42.28099],[-71.08801,42.28056],[-71.08845,42.2801],[-71.0885,42.28004],[-71.08859,42.27996],[-71.08885,42.2797],[-71.08916,42.27938],[-71.08947,42.27906],[-71.08961,42.27891],[-71.08969,42.27881],[-71.08994,42.27858],[-71.09012,42.27844],[-71.09039,42.27824],[-71.09044,42.2782],[-71.09058,42.27811],[-71.09097,42.27785],[-71.09105,42.2778],[-71.0917,42.27739],[-71.09188,42.27724],[-71.09197,42.27717],[-71.09206,42.27709],[-71.09207,42.27708],[-71.09219,42.27695],[-71.09229,42.27683]]},"properties":{"lts":2,"name":"Norfolk Street","osmId":503099013}},{"type":"Feature","geometry":{"type":"LineString","coordinates":[[-71.11199,42.2917],[-71.11181,42.29157],[-71.11114,42.29105],[-71.11088,42.29085],[-71.11033,42.29044],[-71.10946,42.28977],[-71.10943,42.28975],[-71.10805,42.28869],[-71.10795,42.28862],[-71.10691,42.28785],[-71.10688,42.28782],[-71.10681,42.28778],[-71.10677,42.28775],[-71.10667,42.28767],[-71.10662,42.28764],[-71.10659,42.28761],[-71.10656,42.28759],[-71.10631,42.28741],[-71.1061,42.28726],[-71.10568,42.28694],[-71.1054,42.28672]]},"properties":{"lts":2,"name":"Walk Hill Street","osmId":503099015}},{"type":"Feature","geometry":{"type":"LineString","coordinates":[[-71.06114,42.32024],[-71.06106,42.32021],[-71.06097,42.32019],[-71.0609,42.32017],[-71.06081,42.32016],[-71.06072,42.32014],[-71.06064,42.32013],[-71.06055,42.32013]]},"properties":{"lts":3,"name":"Columbia Road","osmId":503384979}},{"type":"Feature","geometry":{"type":"LineString","coordinates":[[-71.08471,42.30559],[-71.08473,42.30554],[-71.08476,42.30551],[-71.0848,42.30547],[-71.08483,42.30545],[-71.08487,42.30544],[-71.08492,42.30542],[-71.085,42.30542],[-71.0851,42.30543]]},"properties":{"lts":3,"name":null,"osmId":504646628}},{"type":"Feature","geometry":{"type":"LineString","coordinates":[[-71.13095,42.25222],[-71.13091,42.25229],[-71.13084,42.25236],[-71.13073,42.25246],[-71.13059,42.25258],[-71.13048,42.25267],[-71.13012,42.25297],[-71.12998,42.25309],[-71.12965,42.25338],[-71.12957,42.25344],[-71.12947,42.25356],[-71.12927,42.25374],[-71.12918,42.25383],[-71.12899,42.25403],[-71.12884,42.25419],[-71.1288,42.25424],[-71.1287,42.25437],[-71.12859,42.25455],[-71.12849,42.25468],[-71.12833,42.25484],[-71.12813,42.25498]]},"properties":{"lts":2,"name":"River Street","osmId":505041712}},{"type":"Feature","geometry":{"type":"LineString","coordinates":[[-71.08737,42.34655],[-71.08735,42.3465],[-71.08732,42.34643],[-71.08729,42.34637],[-71.08707,42.34594],[-71.08703,42.34586]]},"properties":{"lts":3,"name":"Massachusetts Avenue","osmId":507646761}},{"type":"Feature","geometry":{"type":"LineString","coordinates":[[-71.1141,42.31323],[-71.1141,42.31329],[-71.11409,42.31344],[-71.1141,42.31367],[-71.1141,42.31372],[-71.11411,42.31409],[-71.11411,42.31414],[-71.11411,42.3142],[-71.11412,42.31456],[-71.11412,42.31462],[-71.11412,42.31462],[-71.11412,42.31464],[-71.11411,42.31477],[-71.11409,42.31532]]},"properties":{"lts":2,"name":"Centre Street","osmId":507849816}},{"type":"Feature","geometry":{"type":"LineString","coordinates":[[-71.11439,42.31164],[-71.11436,42.31173],[-71.11423,42.31216],[-71.11421,42.31223],[-71.11419,42.31227],[-71.11418,42.31231],[-71.11415,42.31252],[-71.11412,42.31283],[-71.11411,42.31302],[-71.1141,42.31318],[-71.1141,42.31323]]},"properties":{"lts":2,"name":"Centre Street","osmId":507849817}},{"type":"Feature","geometry":{"type":"LineString","coordinates":[[-71.11555,42.30847],[-71.11556,42.30852],[-71.11556,42.30856],[-71.11558,42.30893],[-71.11559,42.30909],[-71.11559,42.30911],[-71.11559,42.3092],[-71.11559,42.30923],[-71.11559,42.30931]]},"properties":{"lts":2,"name":"South Street","osmId":507849818}},{"type":"Feature","geometry":{"type":"LineString","coordinates":[[-71.11487,42.30591],[-71.1149,42.30596],[-71.11497,42.30609],[-71.11508,42.3063],[-71.11515,42.30644],[-71.11522,42.30659],[-71.11525,42.30665],[-71.11529,42.30674],[-71.11533,42.30685],[-71.11537,42.30697],[-71.1154,42.30708],[-71.11544,42.30722],[-71.11545,42.30727],[-71.11548,42.30739],[-71.1155,42.30762],[-71.1155,42.30765],[-71.1155,42.3077],[-71.11553,42.30807],[-71.11555,42.30843],[-71.11555,42.30847]]},"properties":{"lts":2,"name":"South Street","osmId":507849819}},{"type":"Feature","geometry":{"type":"LineString","coordinates":[[-71.12294,42.3198],[-71.12288,42.31983]]},"properties":{"lts":2,"name":"Perkins Street","osmId":508019233}},{"type":"Feature","geometry":{"type":"LineString","coordinates":[[-71.08603,42.32059],[-71.08602,42.32075],[-71.086,42.32081],[-71.08597,42.32089],[-71.08595,42.32093],[-71.08591,42.321],[-71.08583,42.3211],[-71.08566,42.32132],[-71.08543,42.32166],[-71.08542,42.32169],[-71.08527,42.32191],[-71.08487,42.32247],[-71.08464,42.32278],[-71.0846,42.32286],[-71.08444,42.32307],[-71.08417,42.32344]]},"properties":{"lts":2,"name":"Walnut Avenue","osmId":508315060}},{"type":"Feature","geometry":{"type":"LineString","coordinates":[[-71.11772,42.36095],[-71.11751,42.36102]]},"properties":{"lts":3,"name":"River Street","osmId":508540843}},{"type":"Feature","geometry":{"type":"LineString","coordinates":[[-71.09182,42.30963],[-71.09109,42.30905],[-71.09071,42.30878],[-71.08991,42.30817],[-71.08935,42.30773],[-71.0893,42.30769],[-71.08921,42.30763]]},"properties":{"lts":3,"name":"Seaver Street","osmId":508802029}},{"type":"Feature","geometry":{"type":"LineString","coordinates":[[-71.12094,42.28086],[-71.12106,42.28093],[-71.12113,42.28098],[-71.12167,42.28133],[-71.12178,42.28141],[-71.12201,42.28155],[-71.12223,42.2817],[-71.12239,42.2818],[-71.12243,42.28183],[-71.12249,42.28186],[-71.12296,42.28216],[-71.12318,42.2823],[-71.12347,42.28249],[-71.12349,42.2825],[-71.12376,42.2827],[-71.12398,42.28292],[-71.12404,42.283],[-71.12416,42.28321],[-71.12425,42.28345],[-71.12437,42.2837],[-71.12448,42.28388],[-71.12449,42.28391],[-71.12468,42.28411],[-71.12476,42.28419],[-71.12506,42.28444],[-71.1251,42.28448],[-71.12515,42.28451],[-71.12569,42.28491],[-71.12602,42.28513],[-71.1261,42.28518],[-71.12617,42.28522],[-71.12666,42.28552],[-71.12707,42.28577],[-71.12726,42.28589],[-71.12743,42.286],[-71.12805,42.2864],[-71.12813,42.28645]]},"properties":{"lts":2,"name":"Cummins Highway","osmId":508807134}},{"type":"Feature","geometry":{"type":"LineString","coordinates":[[-71.11585,42.2772],[-71.11584,42.27703],[-71.11583,42.27687],[-71.11585,42.27645],[-71.11587,42.2762]]},"properties":{"lts":3,"name":"American Legion Highway","osmId":508839215}},{"type":"Feature","geometry":{"type":"LineString","coordinates":[[-71.05069,42.29285],[-71.05072,42.29289],[-71.05077,42.29295],[-71.05089,42.2931],[-71.05115,42.29344],[-71.05131,42.2936],[-71.05149,42.29378],[-71.05153,42.29381],[-71.05156,42.29384],[-71.05159,42.29387],[-71.05163,42.2939],[-71.05189,42.29408],[-71.0524,42.29445]]},"properties":{"lts":2,"name":"Neponset Avenue","osmId":508840881}},{"type":"Feature","geometry":{"type":"LineString","coordinates":[[-71.04846,42.29011],[-71.04852,42.29019],[-71.04871,42.29042],[-71.04885,42.29059],[-71.0491,42.2909],[-71.04942,42.2913],[-71.04977,42.29173],[-71.0506,42.29274],[-71.05062,42.29276],[-71.05064,42.29279],[-71.05069,42.29285]]},"properties":{"lts":2,"name":"Neponset Avenue","osmId":508840882}},{"type":"Feature","geometry":{"type":"LineString","coordinates":[[-71.04387,42.28636],[-71.04404,42.28643],[-71.04422,42.28651],[-71.04434,42.28656],[-71.04439,42.28658],[-71.04444,42.2866],[-71.04455,42.28665],[-71.04481,42.28675],[-71.04505,42.28685],[-71.04538,42.28698],[-71.04549,42.28703],[-71.04562,42.28708],[-71.04569,42.28711],[-71.04582,42.28716],[-71.04595,42.28722],[-71.04607,42.2873],[-71.0462,42.28738],[-71.04636,42.2875],[-71.04655,42.28772],[-71.04663,42.28782],[-71.04685,42.2881],[-71.04687,42.28812],[-71.04699,42.28827],[-71.04721,42.28854],[-71.04729,42.28866],[-71.04733,42.2887],[-71.04775,42.28923],[-71.04786,42.28936],[-71.0484,42.29004],[-71.04846,42.29011]]},"properties":{"lts":2,"name":"Neponset Avenue","osmId":508840883}},{"type":"Feature","geometry":{"type":"LineString","coordinates":[[-71.08327,42.32727],[-71.08328,42.32721],[-71.08333,42.32678],[-71.08336,42.32663],[-71.08341,42.32635]]},"properties":{"lts":3,"name":"Warren Street","osmId":508841761}},{"type":"Feature","geometry":{"type":"LineString","coordinates":[[-71.08218,42.31757],[-71.08214,42.31764],[-71.08205,42.31783],[-71.08202,42.3179],[-71.08197,42.318]]},"properties":{"lts":3,"name":"Warren Street","osmId":508841763}},{"type":"Feature","geometry":{"type":"LineString","coordinates":[[-71.08417,42.32344],[-71.08415,42.32346],[-71.0841,42.32353],[-71.08407,42.32356],[-71.084,42.32363],[-71.08384,42.32377],[-71.08366,42.32388],[-71.08356,42.32394]]},"properties":{"lts":2,"name":"Walnut Avenue","osmId":508841921}},{"type":"Feature","geometry":{"type":"LineString","coordinates":[[-71.13769,42.2777],[-71.13776,42.27764],[-71.13816,42.27731],[-71.13832,42.27718],[-71.13862,42.27693],[-71.13865,42.2769]]},"properties":{"lts":2,"name":"Washington Street","osmId":510035801}},{"type":"Feature","geometry":{"type":"LineString","coordinates":[[-71.07503,42.38451],[-71.0749,42.3844]]},"properties":{"lts":3,"name":"Maffa Way","osmId":519812479}},{"type":"Feature","geometry":{"type":"LineString","coordinates":[[-71.10057,42.34938],[-71.10072,42.3494],[-71.10206,42.34957]]},"properties":{"lts":3,"name":"Commonwealth Avenue","osmId":519868599}},{"type":"Feature","geometry":{"type":"LineString","coordinates":[[-71.10364,42.34976],[-71.10375,42.34977],[-71.10388,42.34979],[-71.10484,42.34991],[-71.10489,42.34991],[-71.105,42.34993],[-71.1057,42.35001]]},"properties":{"lts":3,"name":"Commonwealth Avenue","osmId":519868604}},{"type":"Feature","geometry":{"type":"LineString","coordinates":[[-71.10184,42.34934],[-71.1008,42.34921],[-71.10074,42.3492],[-71.10061,42.34919]]},"properties":{"lts":2,"name":"Commonwealth Avenue","osmId":519869878}},{"type":"Feature","geometry":{"type":"LineString","coordinates":[[-71.09918,42.34903],[-71.09908,42.34902],[-71.09852,42.34895],[-71.09813,42.3489]]},"properties":{"lts":2,"name":"Commonwealth Avenue","osmId":519869879}},{"type":"Feature","geometry":{"type":"LineString","coordinates":[[-71.10904,42.35021],[-71.10882,42.35018],[-71.10874,42.35017],[-71.10679,42.34994],[-71.10674,42.34993],[-71.10659,42.34991]]},"properties":{"lts":3,"name":"Commonwealth Avenue","osmId":521561075}},{"type":"Feature","geometry":{"type":"LineString","coordinates":[[-71.13144,42.35117],[-71.13147,42.35122],[-71.1316,42.35144],[-71.13167,42.35162],[-71.13173,42.35179],[-71.13175,42.35185]]},"properties":{"lts":2,"name":"Harvard Avenue","osmId":521563940}},{"type":"Feature","geometry":{"type":"LineString","coordinates":[[-71.0589,42.28177],[-71.05888,42.28185],[-71.0589,42.28194],[-71.05892,42.28201]]},"properties":{"lts":3,"name":"Adams Street","osmId":526440073}},{"type":"Feature","geometry":{"type":"LineString","coordinates":[[-71.05902,42.28199],[-71.05899,42.28191],[-71.05896,42.28184],[-71.0589,42.28177]]},"properties":{"lts":3,"name":"Adams Street","osmId":526440074}},{"type":"Feature","geometry":{"type":"LineString","coordinates":[[-71.0589,42.28177],[-71.05879,42.2819],[-71.05873,42.28197],[-71.05869,42.282],[-71.05854,42.28211]]},"properties":{"lts":3,"name":null,"osmId":526440075}},{"type":"Feature","geometry":{"type":"LineString","coordinates":[[-71.11659,42.32103],[-71.11647,42.32102],[-71.11643,42.32102],[-71.11632,42.32101],[-71.11599,42.32103],[-71.11581,42.32106]]},"properties":{"lts":3,"name":"Perkins Street","osmId":526441714}},{"type":"Feature","geometry":{"type":"LineString","coordinates":[[-71.09069,42.34922],[-71.09145,42.34921],[-71.09146,42.34921],[-71.09159,42.3492]]},"properties":{"lts":3,"name":"Commonwealth Avenue","osmId":531920581}},{"type":"Feature","geometry":{"type":"LineString","coordinates":[[-71.09158,42.34884],[-71.09147,42.34884],[-71.09046,42.34886]]},"properties":{"lts":3,"name":"Commonwealth Avenue","osmId":531920582}},{"type":"Feature","geometry":{"type":"LineString","coordinates":[[-71.07917,42.34267],[-71.0791,42.34273],[-71.07857,42.34316],[-71.07853,42.34319]]},"properties":{"lts":2,"name":"Columbus Avenue","osmId":533474631}},{"type":"Feature","geometry":{"type":"LineString","coordinates":[[-71.07853,42.34319],[-71.07846,42.34325],[-71.07834,42.34335],[-71.07793,42.34368],[-71.07787,42.34373],[-71.07782,42.34377],[-71.07724,42.34424],[-71.07719,42.34429],[-71.07714,42.34433],[-71.07656,42.3448],[-71.07651,42.34483],[-71.07646,42.34487],[-71.0759,42.34533],[-71.07584,42.34538]]},"properties":{"lts":2,"name":"Columbus Avenue","osmId":533474632}},{"type":"Feature","geometry":{"type":"LineString","coordinates":[[-71.08745,42.30666],[-71.08742,42.30665],[-71.08724,42.30654],[-71.08656,42.30613]]},"properties":{"lts":3,"name":"Seaver Street","osmId":533513526}},{"type":"Feature","geometry":{"type":"LineString","coordinates":[[-71.09265,42.28093],[-71.09288,42.28023],[-71.09299,42.2799]]},"properties":{"lts":3,"name":"Blue Hill Avenue","osmId":533625183}},{"type":"Feature","geometry":{"type":"LineString","coordinates":[[-71.09275,42.28013],[-71.09261,42.28054],[-71.09251,42.28083],[-71.09249,42.2809]]},"properties":{"lts":3,"name":"Blue Hill Avenue","osmId":533625185}},{"type":"Feature","geometry":{"type":"LineString","coordinates":[[-71.09302,42.2793],[-71.09298,42.27941],[-71.09295,42.27952],[-71.09291,42.27962],[-71.09288,42.27972],[-71.09285,42.27982],[-71.09281,42.27992],[-71.09275,42.28013]]},"properties":{"lts":3,"name":"Blue Hill Avenue","osmId":533625186}},{"type":"Feature","geometry":{"type":"LineString","coordinates":[[-71.09368,42.27338],[-71.09369,42.27326]]},"properties":{"lts":3,"name":"Blue Hill Avenue","osmId":533641953}},{"type":"Feature","geometry":{"type":"LineString","coordinates":[[-71.04823,42.31987],[-71.04778,42.31972],[-71.04678,42.31937],[-71.04663,42.31932],[-71.04628,42.31921],[-71.04616,42.31916],[-71.04607,42.31914],[-71.04595,42.31911],[-71.04581,42.31908]]},"properties":{"lts":2,"name":"Mount Vernon Street","osmId":541034254}},{"type":"Feature","geometry":{"type":"LineString","coordinates":[[-71.03925,42.38055],[-71.03925,42.38061],[-71.03926,42.38091],[-71.03927,42.38131],[-71.03927,42.38138],[-71.03928,42.38144],[-71.03929,42.38193],[-71.0393,42.38199],[-71.0393,42.38206],[-71.03931,42.38254],[-71.03932,42.38261]]},"properties":{"lts":2,"name":"Meridian Street","osmId":564068740}},{"type":"Feature","geometry":{"type":"LineString","coordinates":[[-71.08453,42.3425],[-71.08468,42.3426],[-71.0847,42.34262],[-71.08474,42.34265],[-71.08483,42.34271]]},"properties":{"lts":3,"name":"Massachusetts Avenue","osmId":566593865}},{"type":"Feature","geometry":{"type":"LineString","coordinates":[[-71.0992,42.34516],[-71.09916,42.34508],[-71.09915,42.34505],[-71.099,42.34475]]},"properties":{"lts":2,"name":"Richard B. Ross Way","osmId":566649590}},{"type":"Feature","geometry":{"type":"LineString","coordinates":[[-71.13106,42.3505],[-71.1311,42.35056],[-71.13111,42.35059],[-71.13128,42.35087],[-71.13144,42.35117]]},"properties":{"lts":2,"name":"Harvard Avenue","osmId":570156796}},{"type":"Feature","geometry":{"type":"LineString","coordinates":[[-71.13098,42.35036],[-71.13102,42.35042],[-71.13103,42.35045],[-71.13106,42.3505]]},"properties":{"lts":2,"name":"Harvard Avenue","osmId":570156798}},{"type":"Feature","geometry":{"type":"LineString","coordinates":[[-71.13094,42.35028],[-71.13098,42.35036]]},"properties":{"lts":2,"name":"Harvard Avenue","osmId":570156800}},{"type":"Feature","geometry":{"type":"LineString","coordinates":[[-71.13431,42.29588],[-71.13478,42.29547],[-71.13483,42.29544],[-71.13523,42.29511],[-71.13562,42.29477],[-71.13565,42.29474],[-71.13569,42.29471]]},"properties":{"lts":3,"name":"Centre Street","osmId":570161107}},{"type":"Feature","geometry":{"type":"LineString","coordinates":[[-71.07138,42.28954],[-71.07147,42.28976],[-71.07151,42.28987]]},"properties":{"lts":2,"name":"Washington Street","osmId":570169673}},{"type":"Feature","geometry":{"type":"LineString","coordinates":[[-71.08672,42.29455],[-71.08639,42.29446],[-71.08606,42.29436],[-71.08597,42.29433],[-71.08579,42.29428],[-71.0847,42.29396],[-71.08467,42.29395],[-71.08446,42.29389],[-71.08357,42.29362],[-71.08316,42.2935],[-71.08309,42.29348],[-71.08304,42.29346],[-71.08247,42.2933]]},"properties":{"lts":2,"name":"Talbot Avenue","osmId":570200605}},{"type":"Feature","geometry":{"type":"LineString","coordinates":[[-71.08784,42.29491],[-71.0878,42.29504],[-71.08772,42.2953],[-71.08759,42.29572],[-71.08759,42.29574],[-71.08742,42.29626],[-71.08731,42.29663]]},"properties":{"lts":3,"name":"Blue Hill Avenue","osmId":570200606}},{"type":"Feature","geometry":{"type":"LineString","coordinates":[[-71.08794,42.29459],[-71.08789,42.29475],[-71.08788,42.29478],[-71.08784,42.29491]]},"properties":{"lts":3,"name":"Blue Hill Avenue","osmId":570200607}},{"type":"Feature","geometry":{"type":"LineString","coordinates":[[-71.13087,42.35016],[-71.13094,42.35028]]},"properties":{"lts":2,"name":"Harvard Avenue","osmId":571190609}},{"type":"Feature","geometry":{"type":"LineString","coordinates":[[-71.03992,42.3747],[-71.03974,42.37531],[-71.03973,42.37537],[-71.03972,42.37539]]},"properties":{"lts":2,"name":"Border Street","osmId":575422180}},{"type":"Feature","geometry":{"type":"LineString","coordinates":[[-71.08622,42.34992],[-71.08626,42.35001],[-71.0864,42.3503],[-71.08643,42.35035],[-71.08658,42.35065],[-71.08659,42.35067],[-71.08662,42.35073]]},"properties":{"lts":3,"name":"Hereford Street","osmId":580417128}},{"type":"Feature","geometry":{"type":"LineString","coordinates":[[-71.05544,42.35259],[-71.05541,42.35263],[-71.05537,42.35267]]},"properties":{"lts":3,"name":"Atlantic Avenue","osmId":591136308}},{"type":"Feature","geometry":{"type":"LineString","coordinates":[[-71.03434,42.34468],[-71.03433,42.34468],[-71.03393,42.34469],[-71.03349,42.34469],[-71.0323,42.34471],[-71.0322,42.34471],[-71.03214,42.34471]]},"properties":{"lts":2,"name":"Drydock Avenue","osmId":591136325}},{"type":"Feature","geometry":{"type":"LineString","coordinates":[[-71.0565,42.36215],[-71.05644,42.36212],[-71.05638,42.3621],[-71.05608,42.36196],[-71.05577,42.36183],[-71.05557,42.36174],[-71.05535,42.36165],[-71.0553,42.36163],[-71.05524,42.3616],[-71.05517,42.36157]]},"properties":{"lts":3,"name":"John F. Fitzgerald Surface Road","osmId":591217313}},{"type":"Feature","geometry":{"type":"LineString","coordinates":[[-71.03883,42.34422],[-71.03891,42.34428]]},"properties":{"lts":3,"name":"Summer Street","osmId":591217315}},{"type":"Feature","geometry":{"type":"LineString","coordinates":[[-71.05334,42.35453],[-71.05345,42.35448],[-71.05368,42.35437]]},"properties":{"lts":3,"name":"Purchase Street","osmId":591217318}},{"type":"Feature","geometry":{"type":"LineString","coordinates":[[-71.05527,42.34204],[-71.05504,42.34223],[-71.05501,42.34226],[-71.05465,42.34256],[-71.0546,42.34261],[-71.05454,42.34266],[-71.05438,42.3428],[-71.05429,42.34286]]},"properties":{"lts":2,"name":"A Street","osmId":591235968}},{"type":"Feature","geometry":{"type":"LineString","coordinates":[[-71.05312,42.33688],[-71.05317,42.33684],[-71.05336,42.33669],[-71.05351,42.33656],[-71.05381,42.3363],[-71.05387,42.33625]]},"properties":{"lts":2,"name":"D Street","osmId":591235993}},{"type":"Feature","geometry":{"type":"LineString","coordinates":[[-71.07685,42.34821],[-71.0765,42.34829],[-71.07642,42.34831]]},"properties":{"lts":3,"name":"Stuart Street","osmId":591236030}},{"type":"Feature","geometry":{"type":"LineString","coordinates":[[-71.05674,42.34078],[-71.05678,42.34077],[-71.05682,42.34077],[-71.05687,42.34075],[-71.05688,42.34075],[-71.05692,42.34073],[-71.05697,42.34071],[-71.05701,42.34069]]},"properties":{"lts":3,"name":"A Street","osmId":591236078}},{"type":"Feature","geometry":{"type":"LineString","coordinates":[[-71.10066,42.34025],[-71.10063,42.34022],[-71.10059,42.34019],[-71.10036,42.34],[-71.10031,42.33997],[-71.10027,42.33994],[-71.10022,42.3399],[-71.10017,42.33987],[-71.1001,42.33982],[-71.09993,42.33971]]},"properties":{"lts":3,"name":"Fenway","osmId":591236222}},{"type":"Feature","geometry":{"type":"LineString","coordinates":[[-71.03851,42.31125],[-71.03802,42.31095],[-71.03789,42.31088],[-71.03787,42.31087],[-71.03783,42.31086],[-71.03781,42.31085],[-71.03779,42.31084],[-71.03776,42.31083],[-71.03774,42.31083],[-71.03771,42.31082],[-71.03768,42.31081],[-71.03765,42.3108],[-71.0376,42.31079],[-71.03757,42.31079],[-71.03754,42.31079],[-71.03751,42.31078],[-71.03748,42.31078],[-71.03745,42.31078],[-71.03741,42.31078],[-71.03739,42.31078],[-71.03736,42.31078],[-71.03733,42.31078],[-71.0373,42.31078],[-71.03726,42.31079]]},"properties":{"lts":3,"name":"University Drive South","osmId":591236283}},{"type":"Feature","geometry":{"type":"LineString","coordinates":[[-71.08509,42.3034],[-71.08493,42.3034],[-71.08474,42.30341],[-71.08458,42.30341],[-71.08446,42.30342],[-71.08436,42.30342]]},"properties":{"lts":3,"name":"Columbia Road","osmId":591252047}},{"type":"Feature","geometry":{"type":"LineString","coordinates":[[-71.11207,42.30179],[-71.11218,42.30167],[-71.1122,42.30164],[-71.11223,42.30161],[-71.11233,42.3015]]},"properties":{"lts":3,"name":"Washington Street","osmId":591252050}},{"type":"Feature","geometry":{"type":"LineString","coordinates":[[-71.13065,42.28673],[-71.13048,42.28661],[-71.13044,42.28659],[-71.13039,42.28655]]},"properties":{"lts":3,"name":"Corinth Street","osmId":591252062}},{"type":"Feature","geometry":{"type":"LineString","coordinates":[[-71.12742,42.28713],[-71.12749,42.2871],[-71.12753,42.28708],[-71.12765,42.28704],[-71.12776,42.287],[-71.12789,42.28696],[-71.12809,42.28689]]},"properties":{"lts":3,"name":"South Street","osmId":591252063}},{"type":"Feature","geometry":{"type":"LineString","coordinates":[[-71.11072,42.32868],[-71.11073,42.32879],[-71.11073,42.32882],[-71.11074,42.32885],[-71.11074,42.32888],[-71.11075,42.32891],[-71.11076,42.32894],[-71.11078,42.32897]]},"properties":{"lts":2,"name":"South Huntington Avenue","osmId":591252068}},{"type":"Feature","geometry":{"type":"LineString","coordinates":[[-71.15767,42.29572],[-71.15781,42.29569],[-71.15783,42.29568],[-71.15797,42.29564],[-71.15806,42.29562],[-71.15814,42.29559],[-71.15822,42.29557],[-71.15829,42.29554],[-71.15836,42.29552],[-71.15844,42.29549],[-71.1585,42.29546],[-71.15857,42.29543],[-71.1587,42.29537],[-71.15881,42.29532],[-71.15907,42.29519],[-71.15932,42.29507],[-71.15945,42.29501],[-71.15957,42.29495],[-71.1597,42.29488],[-71.15982,42.29483],[-71.15994,42.29477],[-71.16007,42.2947],[-71.16019,42.29465],[-71.16032,42.29458],[-71.16044,42.29452],[-71.16058,42.29446],[-71.1607,42.2944],[-71.16081,42.29434],[-71.16095,42.29428],[-71.16109,42.29421],[-71.1612,42.29416],[-71.16127,42.29413]]},"properties":{"lts":3,"name":"Veterans of Foreign Wars Parkway","osmId":591277989}},{"type":"Feature","geometry":{"type":"LineString","coordinates":[[-71.12932,42.29654],[-71.12932,42.29651],[-71.12932,42.29648],[-71.12932,42.29646],[-71.12932,42.29642],[-71.12933,42.29639],[-71.12933,42.29635],[-71.12935,42.29623],[-71.12937,42.29612],[-71.12942,42.296],[-71.1295,42.29587],[-71.12959,42.29574],[-71.1298,42.29548],[-71.13013,42.29513],[-71.13027,42.29498],[-71.13039,42.29485],[-71.13041,42.29484]]},"properties":{"lts":2,"name":"Walter Street","osmId":591277994}},{"type":"Feature","geometry":{"type":"LineString","coordinates":[[-71.08715,42.30208],[-71.08699,42.30199],[-71.08693,42.30196],[-71.08687,42.30194],[-71.0868,42.30192],[-71.08674,42.3019]]},"properties":{"lts":3,"name":"Franklin Park Road","osmId":591278007}},{"type":"Feature","geometry":{"type":"LineString","coordinates":[[-71.08715,42.30238],[-71.08729,42.30232],[-71.08737,42.30228],[-71.08743,42.30225],[-71.08761,42.30214]]},"properties":{"lts":3,"name":"Circuit Drive","osmId":591278008}},{"type":"Feature","geometry":{"type":"LineString","coordinates":[[-71.08741,42.30675],[-71.08776,42.30693],[-71.08811,42.3071],[-71.08835,42.30722],[-71.08857,42.30734],[-71.08871,42.30742],[-71.08885,42.30751],[-71.08892,42.30756],[-71.08903,42.30764]]},"properties":{"lts":3,"name":"Seaver Street","osmId":591278011}},{"type":"Feature","geometry":{"type":"LineString","coordinates":[[-71.08285,42.32403],[-71.0828,42.32387],[-71.08273,42.32368],[-71.08259,42.32323],[-71.08255,42.3231],[-71.08239,42.32264],[-71.08234,42.32249],[-71.08224,42.32219]]},"properties":{"lts":3,"name":"Warren Street","osmId":591278013}},{"type":"Feature","geometry":{"type":"LineString","coordinates":[[-71.14743,42.286],[-71.14766,42.28599],[-71.14778,42.28599]]},"properties":{"lts":2,"name":"Belgrade Avenue","osmId":591278030}},{"type":"Feature","geometry":{"type":"LineString","coordinates":[[-71.12809,42.28689],[-71.12821,42.28688],[-71.12824,42.28687],[-71.12831,42.28687],[-71.1284,42.28687],[-71.1285,42.28688],[-71.12851,42.28688],[-71.12857,42.28689],[-71.12867,42.2869]]},"properties":{"lts":3,"name":"South Street","osmId":591278077}},{"type":"Feature","geometry":{"type":"LineString","coordinates":[[-71.08905,42.29119],[-71.08902,42.29127],[-71.089,42.29135],[-71.08885,42.29179],[-71.08874,42.29213],[-71.08873,42.29218],[-71.08852,42.29282],[-71.08842,42.2931],[-71.08829,42.2935],[-71.08824,42.29365],[-71.08816,42.29387]]},"properties":{"lts":3,"name":"Blue Hill Avenue","osmId":591278095}},{"type":"Feature","geometry":{"type":"LineString","coordinates":[[-71.08696,42.28166],[-71.08694,42.28168],[-71.08689,42.28173],[-71.08687,42.28175],[-71.08653,42.28206],[-71.08638,42.28218],[-71.0863,42.28223],[-71.0862,42.2823],[-71.08602,42.28239],[-71.08576,42.28249],[-71.08545,42.28261],[-71.08541,42.28263],[-71.08536,42.28265],[-71.08527,42.28268],[-71.0849,42.28281],[-71.0842,42.2831]]},"properties":{"lts":2,"name":"Norfolk Street","osmId":591278125}},{"type":"Feature","geometry":{"type":"LineString","coordinates":[[-71.13208,42.35294],[-71.13211,42.35306]]},"properties":{"lts":2,"name":"Harvard Avenue","osmId":591284839}},{"type":"Feature","geometry":{"type":"LineString","coordinates":[[-71.15246,42.3461],[-71.15249,42.34604],[-71.15261,42.34586],[-71.15267,42.3458],[-71.15274,42.34578],[-71.15277,42.34578],[-71.15292,42.34576]]},"properties":{"lts":2,"name":"Winship Street","osmId":591284843}},{"type":"Feature","geometry":{"type":"LineString","coordinates":[[-71.1181,42.36416],[-71.11814,42.36416],[-71.11818,42.36416]]},"properties":{"lts":3,"name":"Western Avenue","osmId":591284854}},{"type":"Feature","geometry":{"type":"LineString","coordinates":[[-71.08922,42.34689],[-71.08913,42.34692],[-71.08909,42.34693],[-71.08866,42.34705],[-71.08836,42.34713]]},"properties":{"lts":3,"name":"Boylston Street","osmId":591284906}},{"type":"Feature","geometry":{"type":"LineString","coordinates":[[-71.05831,42.36352],[-71.05827,42.36347],[-71.05822,42.36342],[-71.05813,42.36333],[-71.05805,42.36324],[-71.05795,42.36315],[-71.05773,42.36296],[-71.05764,42.36288]]},"properties":{"lts":3,"name":"John F. Fitzgerald Surface Road","osmId":591310039}},{"type":"Feature","geometry":{"type":"LineString","coordinates":[[-71.0584,42.36372],[-71.05839,42.36366],[-71.05837,42.36362],[-71.05835,42.36359],[-71.05833,42.36355],[-71.05831,42.36352]]},"properties":{"lts":3,"name":"John F. Fitzgerald Surface Road","osmId":591310040}},{"type":"Feature","geometry":{"type":"LineString","coordinates":[[-71.05696,42.36322],[-71.05702,42.36326],[-71.0571,42.36331],[-71.0572,42.36338],[-71.05726,42.36343],[-71.05731,42.36347],[-71.05737,42.36352],[-71.05744,42.36359],[-71.0575,42.36364],[-71.05756,42.3637],[-71.05762,42.36376],[-71.05767,42.36381],[-71.05772,42.36386],[-71.05775,42.3639],[-71.0578,42.36395],[-71.05784,42.364],[-71.05788,42.36405],[-71.05792,42.3641],[-71.05797,42.36415],[-71.05801,42.3642],[-71.05805,42.36424],[-71.05809,42.36428],[-71.05812,42.36431],[-71.05819,42.36437],[-71.05823,42.36441],[-71.05824,42.36443],[-71.05826,42.36446],[-71.05827,42.36449],[-71.05829,42.36453]]},"properties":{"lts":3,"name":"Cross Street","osmId":591310041}},{"type":"Feature","geometry":{"type":"LineString","coordinates":[[-71.03911,42.37558],[-71.03911,42.37566],[-71.03914,42.37638],[-71.03914,42.37645],[-71.03917,42.37709],[-71.03917,42.37714]]},"properties":{"lts":2,"name":"Meridian Street","osmId":591493017}},{"type":"Feature","geometry":{"type":"LineString","coordinates":[[-71.03863,42.37004],[-71.03871,42.37004]]},"properties":{"lts":3,"name":"Maverick Street","osmId":591493101}},{"type":"Feature","geometry":{"type":"LineString","coordinates":[[-71.05764,42.36288],[-71.05762,42.36286],[-71.05751,42.36278]]},"properties":{"lts":3,"name":"John F. Fitzgerald Surface Road","osmId":591493144}},{"type":"Feature","geometry":{"type":"LineString","coordinates":[[-71.06041,42.37213],[-71.06048,42.37223]]},"properties":{"lts":2,"name":"Warren Street","osmId":591493318}},{"type":"Feature","geometry":{"type":"LineString","coordinates":[[-71.0584,42.35219],[-71.05849,42.35213],[-71.05854,42.3521],[-71.05858,42.35206],[-71.05864,42.35202],[-71.05869,42.35198],[-71.05874,42.35194],[-71.0588,42.35189],[-71.05884,42.35186],[-71.05888,42.35182],[-71.05892,42.35178],[-71.05895,42.35174],[-71.05899,42.35171],[-71.05902,42.35167],[-71.05905,42.35163],[-71.05909,42.35159],[-71.05914,42.35151],[-71.05919,42.35145],[-71.05922,42.35139],[-71.05925,42.35134],[-71.05928,42.35128],[-71.0593,42.35123],[-71.05933,42.35118],[-71.05935,42.35114],[-71.05937,42.3511]]},"properties":{"lts":3,"name":"John F. Fitzgerald Surface Road","osmId":591677195}},{"type":"Feature","geometry":{"type":"LineString","coordinates":[[-71.0537,42.36082],[-71.05358,42.36076],[-71.05354,42.36074],[-71.05347,42.3607],[-71.05339,42.36066],[-71.05333,42.36062],[-71.0533,42.36061],[-71.05326,42.36059],[-71.05323,42.36057],[-71.0532,42.36055]]},"properties":{"lts":3,"name":"John F. Fitzgerald Surface Road","osmId":591908556}},{"type":"Feature","geometry":{"type":"LineString","coordinates":[[-71.05243,42.35954],[-71.0524,42.35944],[-71.05225,42.35895],[-71.0522,42.35878],[-71.05218,42.35868]]},"properties":{"lts":3,"name":"John F. Fitzgerald Surface Road","osmId":591908557}},{"type":"Feature","geometry":{"type":"LineString","coordinates":[[-71.0429,42.35046],[-71.04285,42.35043],[-71.0428,42.35041]]},"properties":{"lts":3,"name":"Seaport Boulevard","osmId":592009798}},{"type":"Feature","geometry":{"type":"LineString","coordinates":[[-70.99675,42.38307],[-70.99666,42.38304],[-70.99657,42.38302],[-70.99649,42.383],[-70.9964,42.38297],[-70.99631,42.38295],[-70.99622,42.38293],[-70.99613,42.38291],[-70.99607,42.3829],[-70.99602,42.38289],[-70.99597,42.38289],[-70.99592,42.38288],[-70.99573,42.38285]]},"properties":{"lts":2,"name":"Saratoga Street","osmId":609388882}},{"type":"Feature","geometry":{"type":"LineString","coordinates":[[-71.05548,42.35664],[-71.05569,42.35685],[-71.05575,42.3569]]},"properties":{"lts":3,"name":"Pearl Street","osmId":620770779}},{"type":"Feature","geometry":{"type":"LineString","coordinates":[[-71.03612,42.31423],[-71.0361,42.31425],[-71.03591,42.31442],[-71.03584,42.31448],[-71.03577,42.31454],[-71.03569,42.31461],[-71.03562,42.31467],[-71.03551,42.31477],[-71.03545,42.31483],[-71.03543,42.31484],[-71.03541,42.31486],[-71.03539,42.31487],[-71.03538,42.31489],[-71.03536,42.3149],[-71.03536,42.3149],[-71.03535,42.31492],[-71.0353,42.31495],[-71.03528,42.31498],[-71.03521,42.31504]]},"properties":{"lts":2,"name":null,"osmId":623468253}},{"type":"Feature","geometry":{"type":"LineString","coordinates":[[-71.03773,42.31652],[-71.03776,42.31647],[-71.03778,42.31645],[-71.03779,42.31643],[-71.0378,42.3164],[-71.03783,42.31636],[-71.03786,42.31632],[-71.03789,42.3163],[-71.03794,42.31625],[-71.03799,42.3162],[-71.03807,42.31614],[-71.0382,42.31601],[-71.03834,42.31589],[-71.0385,42.31575],[-71.03852,42.31573]]},"properties":{"lts":2,"name":null,"osmId":623468254}},{"type":"Feature","geometry":{"type":"LineString","coordinates":[[-71.03967,42.31695],[-71.03977,42.31698],[-71.04007,42.31709]]},"properties":{"lts":2,"name":"Mount Vernon Street","osmId":623468270}},{"type":"Feature","geometry":{"type":"LineString","coordinates":[[-71.04041,42.31241],[-71.04033,42.31236],[-71.04019,42.31227],[-71.03973,42.31199],[-71.03965,42.31194],[-71.03956,42.31189],[-71.03942,42.3118],[-71.03934,42.31175],[-71.03929,42.31172],[-71.03914,42.31163],[-71.03902,42.31156],[-71.03894,42.31151],[-71.03858,42.31129],[-71.03851,42.31125]]},"properties":{"lts":3,"name":"University Drive South","osmId":626919316}},{"type":"Feature","geometry":{"type":"LineString","coordinates":[[-71.0434,42.35183],[-71.04333,42.35192],[-71.04296,42.3524],[-71.04294,42.35243],[-71.04289,42.35249]]},"properties":{"lts":2,"name":"Pier Four Boulevard","osmId":632602969}},{"type":"Feature","geometry":{"type":"LineString","coordinates":[[-71.0434,42.35183],[-71.0435,42.35187],[-71.04352,42.35188],[-71.04405,42.35213],[-71.04415,42.35218]]},"properties":{"lts":3,"name":"Northern Avenue","osmId":633904936}},{"type":"Feature","geometry":{"type":"LineString","coordinates":[[-71.05703,42.33372],[-71.05703,42.33388],[-71.05704,42.33472],[-71.05705,42.33491],[-71.05705,42.33509],[-71.05705,42.33526],[-71.05706,42.33563],[-71.05706,42.3358],[-71.05707,42.3361],[-71.05707,42.33628],[-71.05708,42.33681],[-71.05709,42.33708],[-71.0571,42.33739]]},"properties":{"lts":2,"name":"Dorchester Avenue","osmId":637322214}},{"type":"Feature","geometry":{"type":"LineString","coordinates":[[-71.11208,42.33195],[-71.11209,42.33196],[-71.1121,42.33197],[-71.11212,42.33198],[-71.11214,42.33198],[-71.11216,42.33198],[-71.11219,42.33199],[-71.11222,42.33199],[-71.11223,42.33199],[-71.11228,42.33199],[-71.11243,42.33199]]},"properties":{"lts":3,"name":null,"osmId":640168966}},{"type":"Feature","geometry":{"type":"LineString","coordinates":[[-71.1054,42.28672],[-71.10496,42.28636],[-71.10493,42.28633],[-71.1042,42.28576],[-71.10415,42.28572],[-71.10326,42.285],[-71.10269,42.28454],[-71.10244,42.28435],[-71.10241,42.28432],[-71.10207,42.28406],[-71.10188,42.28392],[-71.10176,42.28383],[-71.10102,42.2833],[-71.10041,42.28284],[-71.0999,42.28249],[-71.09963,42.28234]]},"properties":{"lts":2,"name":"Walk Hill Street","osmId":649230086}},{"type":"Feature","geometry":{"type":"LineString","coordinates":[[-71.1087,42.28495],[-71.1088,42.28492],[-71.10896,42.28486],[-71.10915,42.28482],[-71.10929,42.28481],[-71.10947,42.28475],[-71.10961,42.28466]]},"properties":{"lts":2,"name":"Paine Street","osmId":652126460}},{"type":"Feature","geometry":{"type":"LineString","coordinates":[[-71.13865,42.2769],[-71.13877,42.2768]]},"properties":{"lts":2,"name":"Washington Street","osmId":667603237}},{"type":"Feature","geometry":{"type":"LineString","coordinates":[[-71.13877,42.2768],[-71.13881,42.27677],[-71.13899,42.2766],[-71.13914,42.27648],[-71.1393,42.27634],[-71.13943,42.27623],[-71.13962,42.27607],[-71.13987,42.27583]]},"properties":{"lts":2,"name":"Washington Street","osmId":667603238}},{"type":"Feature","geometry":{"type":"LineString","coordinates":[[-71.04303,42.34558],[-71.04313,42.34549],[-71.04343,42.34524],[-71.04348,42.34519],[-71.04352,42.34514],[-71.04372,42.34491]]},"properties":{"lts":3,"name":"D Street","osmId":671683885}},{"type":"Feature","geometry":{"type":"LineString","coordinates":[[-71.0568,42.32162],[-71.0568,42.32171],[-71.05682,42.32253],[-71.05682,42.32258],[-71.05683,42.32314],[-71.05683,42.32338],[-71.05683,42.32342],[-71.05683,42.32346],[-71.05685,42.32413]]},"properties":{"lts":2,"name":"Dorchester Avenue","osmId":671686992}},{"type":"Feature","geometry":{"type":"LineString","coordinates":[[-71.05673,42.31866],[-71.05673,42.31872],[-71.05674,42.31876],[-71.05674,42.31886],[-71.05674,42.31898],[-71.05675,42.31908],[-71.05676,42.31983],[-71.05676,42.31986],[-71.05677,42.32027],[-71.05677,42.32052],[-71.05677,42.32054],[-71.05677,42.32057],[-71.05677,42.32065]]},"properties":{"lts":2,"name":"Dorchester Avenue","osmId":671686993}},{"type":"Feature","geometry":{"type":"LineString","coordinates":[[-71.12826,42.36431],[-71.12822,42.36434],[-71.12812,42.36441],[-71.12746,42.3649],[-71.12664,42.3655],[-71.12649,42.36561],[-71.12641,42.36567],[-71.12633,42.36573],[-71.12625,42.36579],[-71.12617,42.36586],[-71.1261,42.36592],[-71.12603,42.36598],[-71.12597,42.36604],[-71.12591,42.36609],[-71.12584,42.36615],[-71.12577,42.36622]]},"properties":{"lts":2,"name":"North Harvard Street","osmId":672321117}},{"type":"Feature","geometry":{"type":"LineString","coordinates":[[-71.08642,42.34342],[-71.08607,42.34337],[-71.08603,42.34336],[-71.08588,42.34337],[-71.08579,42.34337]]},"properties":{"lts":3,"name":"Westland Avenue","osmId":672327411}},{"type":"Feature","geometry":{"type":"LineString","coordinates":[[-71.07883,42.3862],[-71.07871,42.38617],[-71.07868,42.38616],[-71.07861,42.38614],[-71.07806,42.38599],[-71.07801,42.38597],[-71.07759,42.38586]]},"properties":{"lts":3,"name":"Broadway","osmId":682681933}},{"type":"Feature","geometry":{"type":"LineString","coordinates":[[-71.06735,42.39439],[-71.06718,42.39448],[-71.06698,42.39468]]},"properties":{"lts":3,"name":"Broadway","osmId":688290230}},{"type":"Feature","geometry":{"type":"LineString","coordinates":[[-71.0637,42.37511],[-71.06377,42.37515],[-71.06405,42.37534],[-71.06409,42.37536],[-71.06412,42.37538],[-71.06416,42.3754],[-71.06431,42.37546]]},"properties":{"lts":3,"name":"Dexter Row","osmId":690296523}},{"type":"Feature","geometry":{"type":"LineString","coordinates":[[-71.08331,42.33932],[-71.08327,42.33936],[-71.08252,42.33996],[-71.08247,42.34]]},"properties":{"lts":2,"name":"Columbus Avenue","osmId":697223501}},{"type":"Feature","geometry":{"type":"LineString","coordinates":[[-71.13257,42.29702],[-71.13266,42.29702],[-71.13272,42.29701],[-71.13277,42.29701],[-71.13279,42.29701],[-71.1328,42.29701],[-71.13283,42.29701],[-71.13286,42.29701],[-71.13288,42.29701],[-71.13291,42.29701],[-71.13294,42.29701],[-71.13296,42.29701],[-71.13298,42.29701],[-71.13302,42.29701],[-71.13305,42.29702],[-71.13308,42.29702],[-71.13317,42.29703],[-71.13324,42.29704],[-71.13332,42.29705],[-71.13338,42.29706],[-71.13344,42.29707],[-71.13348,42.29707],[-71.13352,42.29707],[-71.13355,42.29708],[-71.13362,42.29708],[-71.13366,42.29708],[-71.1337,42.29708],[-71.13373,42.29709],[-71.13381,42.29709],[-71.13384,42.29709],[-71.13385,42.29709],[-71.13396,42.29709],[-71.1341,42.29709],[-71.13424,42.29708],[-71.13439,42.29707],[-71.13454,42.29705],[-71.13469,42.29703],[-71.13484,42.29701],[-71.13499,42.29698],[-71.13514,42.29694],[-71.13528,42.29691],[-71.13541,42.29687],[-71.13554,42.29682],[-71.13567,42.29677],[-71.1358,42.29672],[-71.13595,42.29666],[-71.13606,42.2966],[-71.13617,42.29655],[-71.13619,42.29654],[-71.13631,42.29647],[-71.13642,42.2964],[-71.13654,42.29634],[-71.13666,42.29628],[-71.13678,42.29622],[-71.13691,42.29616],[-71.13704,42.29611],[-71.13717,42.29606],[-71.1373,42.29602],[-71.13745,42.29598],[-71.13758,42.29594],[-71.13772,42.29591],[-71.13786,42.29589],[-71.13802,42.29587],[-71.13816,42.29585],[-71.13831,42.29584],[-71.13845,42.29583],[-71.13861,42.29582],[-71.13875,42.29582],[-71.1389,42.29582],[-71.13904,42.29582],[-71.13919,42.29582],[-71.13932,42.29583],[-71.13949,42.29585],[-71.13964,42.29587],[-71.13994,42.2959],[-71.14008,42.29592],[-71.14023,42.29594],[-71.14038,42.29595],[-71.14098,42.29602],[-71.14113,42.29604],[-71.14127,42.29606],[-71.14141,42.29608],[-71.14156,42.29609],[-71.14185,42.29613],[-71.14244,42.2962],[-71.14259,42.29621],[-71.14273,42.29623],[-71.14332,42.2963],[-71.14362,42.29634],[-71.14421,42.29642],[-71.14479,42.29649],[-71.14487,42.29651],[-71.14493,42.29652],[-71.14496,42.29652],[-71.14499,42.29653],[-71.14501,42.29654],[-71.14504,42.29655],[-71.14507,42.29656],[-71.1451,42.29658],[-71.14513,42.29659],[-71.14517,42.29662],[-71.14524,42.29668],[-71.14528,42.29671]]},"properties":{"lts":3,"name":"Veterans of Foreign Wars Parkway","osmId":701195546}},{"type":"Feature","geometry":{"type":"LineString","coordinates":[[-71.12006,42.32287],[-71.11989,42.32278]]},"properties":{"lts":2,"name":"Chestnut Street","osmId":709247954}},{"type":"Feature","geometry":{"type":"LineString","coordinates":[[-71.05018,42.34817],[-71.05009,42.34828],[-71.04974,42.34873],[-71.04957,42.34894],[-71.04954,42.34899],[-71.0495,42.34903],[-71.04947,42.34908]]},"properties":{"lts":2,"name":"A Street","osmId":712375229}},{"type":"Feature","geometry":{"type":"LineString","coordinates":[[-71.04944,42.30083],[-71.04951,42.30086],[-71.04954,42.30088],[-71.04978,42.30102]]},"properties":{"lts":3,"name":"Freeport Street","osmId":723782292}},{"type":"Feature","geometry":{"type":"LineString","coordinates":[[-71.05734,42.35544],[-71.05743,42.35545],[-71.05744,42.35545],[-71.05755,42.35546],[-71.05771,42.35546],[-71.05781,42.35546],[-71.05788,42.35548],[-71.05792,42.35549],[-71.05797,42.3555]]},"properties":{"lts":3,"name":"Franklin Street","osmId":747090063}},{"type":"Feature","geometry":{"type":"LineString","coordinates":[[-71.0524,42.32422],[-71.05243,42.32406],[-71.05245,42.32392],[-71.05245,42.32378]]},"properties":{"lts":3,"name":"Old Colony Avenue","osmId":778710050}},{"type":"Feature","geometry":{"type":"LineString","coordinates":[[-71.0742,42.3847],[-71.07432,42.38474],[-71.0746,42.38487],[-71.07493,42.38502],[-71.07503,42.38506]]},"properties":{"lts":3,"name":"Main Street","osmId":778940110}},{"type":"Feature","geometry":{"type":"LineString","coordinates":[[-71.07625,42.38326],[-71.07604,42.38334],[-71.07603,42.38334],[-71.07561,42.38349],[-71.07557,42.38351],[-71.07553,42.38352],[-71.0754,42.38357]]},"properties":{"lts":3,"name":"Cambridge Street","osmId":779744618}},{"type":"Feature","geometry":{"type":"LineString","coordinates":[[-71.07519,42.38463],[-71.07509,42.38455],[-71.07503,42.38451]]},"properties":{"lts":3,"name":"Maffa Way","osmId":779744623}},{"type":"Feature","geometry":{"type":"LineString","coordinates":[[-71.0749,42.3844],[-71.07478,42.38431],[-71.07468,42.38423]]},"properties":{"lts":3,"name":"Maffa Way","osmId":779744627}},{"type":"Feature","geometry":{"type":"LineString","coordinates":[[-71.09355,42.27244],[-71.09354,42.2726],[-71.09353,42.27283]]},"properties":{"lts":3,"name":"Blue Hill Avenue","osmId":792827456}},{"type":"Feature","geometry":{"type":"LineString","coordinates":[[-71.03504,42.37312],[-71.0351,42.37307],[-71.03531,42.37289],[-71.03535,42.37286]]},"properties":{"lts":2,"name":"Chelsea Street","osmId":799519918}},{"type":"Feature","geometry":{"type":"LineString","coordinates":[[-71.03535,42.37286],[-71.03546,42.37276]]},"properties":{"lts":2,"name":"Chelsea Street","osmId":799519919}},{"type":"Feature","geometry":{"type":"LineString","coordinates":[[-71.08861,42.34908],[-71.08855,42.34909],[-71.08849,42.3491],[-71.08842,42.34911],[-71.08836,42.34912],[-71.08828,42.34914],[-71.08821,42.34916],[-71.08814,42.34917],[-71.088,42.34921],[-71.08793,42.34923],[-71.08786,42.34924],[-71.08778,42.34926],[-71.08771,42.34928],[-71.08764,42.34929],[-71.08756,42.3493],[-71.08749,42.34931],[-71.08742,42.34932],[-71.08734,42.34933],[-71.0872,42.34933],[-71.08712,42.34934],[-71.08705,42.34935],[-71.08697,42.34936],[-71.08689,42.34937],[-71.08681,42.34938],[-71.08673,42.3494]]},"properties":{"lts":2,"name":"Commonwealth Avenue","osmId":802333195}},{"type":"Feature","geometry":{"type":"LineString","coordinates":[[-71.08865,42.34915],[-71.08871,42.34914],[-71.08878,42.34913],[-71.08884,42.34912],[-71.08891,42.34912],[-71.08898,42.34911],[-71.08906,42.34911],[-71.08913,42.3491],[-71.0892,42.3491],[-71.08928,42.3491],[-71.08935,42.3491],[-71.08942,42.3491],[-71.0895,42.3491],[-71.08957,42.34911],[-71.08964,42.34911],[-71.08972,42.34912],[-71.08979,42.34912],[-71.08986,42.34913],[-71.08994,42.34914],[-71.09009,42.34917]]},"properties":{"lts":2,"name":"Commonwealth Avenue","osmId":802333198}},{"type":"Feature","geometry":{"type":"LineString","coordinates":[[-71.07384,42.35287],[-71.07376,42.35289],[-71.07251,42.35323],[-71.07168,42.35345],[-71.07163,42.35347],[-71.0716,42.35347],[-71.07149,42.3535]]},"properties":{"lts":3,"name":"Commonwealth Avenue","osmId":806281874}},{"type":"Feature","geometry":{"type":"LineString","coordinates":[[-71.08259,42.35051],[-71.08251,42.35053],[-71.08143,42.35082],[-71.08043,42.35109],[-71.08039,42.3511],[-71.08029,42.35113]]},"properties":{"lts":2,"name":"Commonwealth Avenue","osmId":806281876}},{"type":"Feature","geometry":{"type":"LineString","coordinates":[[-71.08565,42.34875],[-71.08569,42.34882],[-71.08585,42.34915],[-71.08601,42.34948],[-71.08602,42.34951],[-71.08605,42.34958]]},"properties":{"lts":3,"name":"Hereford Street","osmId":806281879}},{"type":"Feature","geometry":{"type":"LineString","coordinates":[[-71.08605,42.34958],[-71.08601,42.34959],[-71.08596,42.3496],[-71.08531,42.34977],[-71.08466,42.34995],[-71.08462,42.34996],[-71.08454,42.34998]]},"properties":{"lts":2,"name":"Commonwealth Avenue","osmId":806281881}},{"type":"Feature","geometry":{"type":"LineString","coordinates":[[-71.08605,42.34958],[-71.08607,42.34961],[-71.08608,42.34964],[-71.08613,42.34975],[-71.08617,42.34984],[-71.08619,42.34986],[-71.0862,42.34989],[-71.08622,42.34992]]},"properties":{"lts":2,"name":"Hereford Street","osmId":806281882}},{"type":"Feature","geometry":{"type":"LineString","coordinates":[[-71.15399,42.33416],[-71.1537,42.33482],[-71.15364,42.33495],[-71.15359,42.33506],[-71.15355,42.33514],[-71.1535,42.33522],[-71.15345,42.33529],[-71.15339,42.33536],[-71.15333,42.33543],[-71.15325,42.33549],[-71.15317,42.33556],[-71.15309,42.33561],[-71.15301,42.33566],[-71.15293,42.33571],[-71.15285,42.33575],[-71.15275,42.33579],[-71.15264,42.33583],[-71.15254,42.33587],[-71.15246,42.33589],[-71.15243,42.33589],[-71.15234,42.33591],[-71.15226,42.33592],[-71.15217,42.33593],[-71.15207,42.33595],[-71.15196,42.33595],[-71.15183,42.33596],[-71.15162,42.33597],[-71.15148,42.33598]]},"properties":{"lts":2,"name":"Beacon Street","osmId":809183465}},{"type":"Feature","geometry":{"type":"LineString","coordinates":[[-71.05717,42.3404],[-71.05716,42.34036],[-71.05714,42.34019]]},"properties":{"lts":3,"name":"Dorchester Avenue","osmId":814781744}},{"type":"Feature","geometry":{"type":"LineString","coordinates":[[-71.05703,42.34054],[-71.05688,42.34063],[-71.0568,42.3407],[-71.05678,42.34072],[-71.05676,42.34074],[-71.05675,42.34076],[-71.05674,42.34078]]},"properties":{"lts":3,"name":"A Street","osmId":814781746}},{"type":"Feature","geometry":{"type":"LineString","coordinates":[[-71.05634,42.34112],[-71.05626,42.34119],[-71.05624,42.34121],[-71.05598,42.34143],[-71.05594,42.34147],[-71.0559,42.3415],[-71.05572,42.34165],[-71.05558,42.34177],[-71.05551,42.34184]]},"properties":{"lts":2,"name":"A Street","osmId":814781749}},{"type":"Feature","geometry":{"type":"LineString","coordinates":[[-71.03358,42.31374],[-71.03357,42.31375],[-71.03355,42.31378],[-71.03353,42.3138],[-71.03348,42.31387],[-71.03344,42.31394],[-71.03379,42.31415]]},"properties":{"lts":3,"name":null,"osmId":818642251}},{"type":"Feature","geometry":{"type":"LineString","coordinates":[[-71.09192,42.34884],[-71.09178,42.34884],[-71.09173,42.34884]]},"properties":{"lts":3,"name":"Commonwealth Avenue","osmId":822378767}},{"type":"Feature","geometry":{"type":"LineString","coordinates":[[-71.09673,42.34877],[-71.09513,42.3488],[-71.09509,42.34881],[-71.09497,42.34881],[-71.09488,42.34881],[-71.09378,42.34884]]},"properties":{"lts":3,"name":"Commonwealth Avenue","osmId":822618756}},{"type":"Feature","geometry":{"type":"LineString","coordinates":[[-71.09531,42.34997],[-71.09535,42.34997],[-71.09748,42.3501],[-71.09752,42.3501],[-71.09766,42.35011],[-71.09953,42.35026],[-71.09978,42.35028],[-71.10024,42.35032],[-71.10028,42.35032],[-71.10036,42.35033]]},"properties":{"lts":2,"name":"Bay State Road","osmId":822618784}},{"type":"Feature","geometry":{"type":"LineString","coordinates":[[-71.09159,42.3492],[-71.0917,42.3492]]},"properties":{"lts":3,"name":"Commonwealth Avenue","osmId":822646968}},{"type":"Feature","geometry":{"type":"LineString","coordinates":[[-71.0917,42.3492],[-71.09195,42.34919]]},"properties":{"lts":3,"name":"Commonwealth Avenue","osmId":822646969}},{"type":"Feature","geometry":{"type":"LineString","coordinates":[[-71.09285,42.34917],[-71.09295,42.34917],[-71.09484,42.34914],[-71.09489,42.34914],[-71.09499,42.34914]]},"properties":{"lts":3,"name":"Commonwealth Avenue","osmId":822646970}},{"type":"Feature","geometry":{"type":"LineString","coordinates":[[-71.09284,42.34883],[-71.09237,42.34884],[-71.09215,42.34884]]},"properties":{"lts":3,"name":"Commonwealth Avenue","osmId":822646986}},{"type":"Feature","geometry":{"type":"LineString","coordinates":[[-71.09173,42.34884],[-71.09158,42.34884]]},"properties":{"lts":3,"name":"Commonwealth Avenue","osmId":822646987}},{"type":"Feature","geometry":{"type":"LineString","coordinates":[[-71.08454,42.34998],[-71.08445,42.35],[-71.08358,42.35024],[-71.0827,42.35048],[-71.08267,42.35049],[-71.08259,42.35051]]},"properties":{"lts":2,"name":"Commonwealth Avenue","osmId":825263814}},{"type":"Feature","geometry":{"type":"LineString","coordinates":[[-71.08029,42.35113],[-71.0802,42.35115],[-71.07917,42.35143],[-71.07831,42.35166],[-71.07827,42.35167],[-71.07814,42.35171]]},"properties":{"lts":2,"name":"Commonwealth Avenue","osmId":825263816}},{"type":"Feature","geometry":{"type":"LineString","coordinates":[[-71.07814,42.35171],[-71.07808,42.35172],[-71.07803,42.35174],[-71.07701,42.35201],[-71.07615,42.35224],[-71.07611,42.35226],[-71.07608,42.35226],[-71.076,42.35229]]},"properties":{"lts":2,"name":"Commonwealth Avenue","osmId":825263819}},{"type":"Feature","geometry":{"type":"LineString","coordinates":[[-71.076,42.35229],[-71.07591,42.35231],[-71.07486,42.35259],[-71.07398,42.35283],[-71.07394,42.35284],[-71.07384,42.35287]]},"properties":{"lts":3,"name":"Commonwealth Avenue","osmId":825263821}},{"type":"Feature","geometry":{"type":"LineString","coordinates":[[-71.07401,42.35321],[-71.07411,42.35319],[-71.07499,42.35295],[-71.07605,42.35267],[-71.07608,42.35266],[-71.07617,42.35264]]},"properties":{"lts":3,"name":"Commonwealth Avenue","osmId":825263822}},{"type":"Feature","geometry":{"type":"LineString","coordinates":[[-71.07617,42.35264],[-71.07625,42.35261],[-71.07817,42.35209],[-71.0782,42.35209],[-71.07831,42.35206]]},"properties":{"lts":2,"name":"Commonwealth Avenue","osmId":825263823}},{"type":"Feature","geometry":{"type":"LineString","coordinates":[[-71.07831,42.35206],[-71.07844,42.35202],[-71.07932,42.35178],[-71.08034,42.35151],[-71.08037,42.3515],[-71.08046,42.35147]]},"properties":{"lts":2,"name":"Commonwealth Avenue","osmId":825263824}},{"type":"Feature","geometry":{"type":"LineString","coordinates":[[-71.08046,42.35147],[-71.08056,42.35145],[-71.08261,42.3509],[-71.08264,42.35089],[-71.08268,42.35088],[-71.08276,42.35086]]},"properties":{"lts":2,"name":"Commonwealth Avenue","osmId":825263825}},{"type":"Feature","geometry":{"type":"LineString","coordinates":[[-71.08276,42.35086],[-71.08284,42.35083],[-71.08366,42.35061],[-71.08459,42.35037],[-71.08462,42.35036],[-71.08471,42.35033]]},"properties":{"lts":2,"name":"Commonwealth Avenue","osmId":825263826}},{"type":"Feature","geometry":{"type":"LineString","coordinates":[[-71.08471,42.35033],[-71.08482,42.3503],[-71.08545,42.35013],[-71.08605,42.34997],[-71.08609,42.34996],[-71.08612,42.34995],[-71.08622,42.34992]]},"properties":{"lts":2,"name":"Commonwealth Avenue","osmId":825263827}},{"type":"Feature","geometry":{"type":"LineString","coordinates":[[-71.08622,42.34992],[-71.08631,42.34989],[-71.08695,42.34972]]},"properties":{"lts":3,"name":"Commonwealth Avenue","osmId":825263828}},{"type":"Feature","geometry":{"type":"LineString","coordinates":[[-71.08948,42.35084],[-71.08944,42.35078],[-71.08943,42.35076],[-71.08937,42.35063],[-71.08928,42.35045],[-71.08913,42.35015],[-71.08912,42.35013],[-71.08909,42.35007]]},"properties":{"lts":3,"name":"Massachusetts Avenue","osmId":825263829}},{"type":"Feature","geometry":{"type":"LineString","coordinates":[[-71.12236,42.36382],[-71.1229,42.36378],[-71.123,42.36377]]},"properties":{"lts":3,"name":"Western Avenue","osmId":828022580}},{"type":"Feature","geometry":{"type":"LineString","coordinates":[[-71.11841,42.36075],[-71.1183,42.36077],[-71.11816,42.36081],[-71.11805,42.36084],[-71.11792,42.36088],[-71.11779,42.36092]]},"properties":{"lts":3,"name":"Cambridge Street","osmId":829942531}},{"type":"Feature","geometry":{"type":"LineString","coordinates":[[-71.11905,42.36061],[-71.11862,42.3607],[-71.11852,42.36072],[-71.11841,42.36075]]},"properties":{"lts":3,"name":"Cambridge Street","osmId":829942542}},{"type":"Feature","geometry":{"type":"LineString","coordinates":[[-71.05376,42.35361],[-71.05363,42.35368]]},"properties":{"lts":3,"name":"Atlantic Avenue","osmId":831226175}},{"type":"Feature","geometry":{"type":"LineString","coordinates":[[-71.13123,42.28667],[-71.13128,42.28666],[-71.13135,42.28664],[-71.13137,42.28664],[-71.13147,42.28661],[-71.13158,42.28659],[-71.13175,42.28656],[-71.1319,42.28653]]},"properties":{"lts":2,"name":"Belgrade Avenue","osmId":844463238}},{"type":"Feature","geometry":{"type":"LineString","coordinates":[[-71.04007,42.31709],[-71.04051,42.31724],[-71.04099,42.31741],[-71.04188,42.31772],[-71.04191,42.31773],[-71.04194,42.31774],[-71.04259,42.31796],[-71.0427,42.318],[-71.04399,42.31845],[-71.04408,42.31848],[-71.04416,42.31851],[-71.04472,42.3187],[-71.04504,42.31881]]},"properties":{"lts":1,"name":"Mount Vernon Street","osmId":844517035}},{"type":"Feature","geometry":{"type":"LineString","coordinates":[[-71.16684,42.3505],[-71.16657,42.35048],[-71.16649,42.35047],[-71.16645,42.35047],[-71.16634,42.35045],[-71.16623,42.35044],[-71.16616,42.35043],[-71.16613,42.35042],[-71.16608,42.35042],[-71.16602,42.35041],[-71.16591,42.35038],[-71.1658,42.35036],[-71.16572,42.35035],[-71.16566,42.35033],[-71.1656,42.35032],[-71.16552,42.35029],[-71.16542,42.35027],[-71.16528,42.35023],[-71.1652,42.35021],[-71.1651,42.35017],[-71.16499,42.35012],[-71.16485,42.35005],[-71.16471,42.34997],[-71.16458,42.34988],[-71.16439,42.34975],[-71.16426,42.34967],[-71.16374,42.34933],[-71.16354,42.34922],[-71.16339,42.34913],[-71.16333,42.34912],[-71.16326,42.3491],[-71.1631,42.34906],[-71.16307,42.34906],[-71.16303,42.34905],[-71.16283,42.34902],[-71.16242,42.34901],[-71.16214,42.34899],[-71.16162,42.34896],[-71.16138,42.34896],[-71.16126,42.34896],[-71.16066,42.34893],[-71.16061,42.34892],[-71.16046,42.34892]]},"properties":{"lts":2,"name":"Washington Street","osmId":844540169}},{"type":"Feature","geometry":{"type":"LineString","coordinates":[[-71.14812,42.35775],[-71.14793,42.35805]]},"properties":{"lts":2,"name":"Market Street","osmId":844698820}},{"type":"Feature","geometry":{"type":"LineString","coordinates":[[-71.03871,42.37004],[-71.03878,42.37005],[-71.03884,42.37006],[-71.03888,42.37009]]},"properties":{"lts":3,"name":"Maverick Street","osmId":844916689}},{"type":"Feature","geometry":{"type":"LineString","coordinates":[[-71.06048,42.37223],[-71.06053,42.37231],[-71.06055,42.37233],[-71.0607,42.37255],[-71.06076,42.37264],[-71.06091,42.3729],[-71.06092,42.37291],[-71.06095,42.37298]]},"properties":{"lts":3,"name":"Warren Street","osmId":845414078}},{"type":"Feature","geometry":{"type":"LineString","coordinates":[[-71.14027,42.35254],[-71.14015,42.3526],[-71.13985,42.3527],[-71.13958,42.3528],[-71.13951,42.35282],[-71.13928,42.35291],[-71.139,42.35299]]},"properties":{"lts":2,"name":"Cambridge Street","osmId":845899935}},{"type":"Feature","geometry":{"type":"LineString","coordinates":[[-71.15292,42.34576],[-71.15293,42.34583],[-71.15293,42.34588],[-71.15298,42.34602],[-71.15301,42.34611],[-71.15303,42.34618]]},"properties":{"lts":2,"name":"Chestnut Hill Avenue","osmId":845899937}},{"type":"Feature","geometry":{"type":"LineString","coordinates":[[-71.0568,42.35888],[-71.05711,42.35886],[-71.05771,42.35883],[-71.05774,42.35883],[-71.05783,42.35883]]},"properties":{"lts":2,"name":"State Street","osmId":846628946}},{"type":"Feature","geometry":{"type":"LineString","coordinates":[[-71.058,42.35238],[-71.05812,42.35233],[-71.05821,42.35229],[-71.05828,42.35226]]},"properties":{"lts":3,"name":"John F. Fitzgerald Surface Road","osmId":848108950}},{"type":"Feature","geometry":{"type":"LineString","coordinates":[[-71.11746,42.36103],[-71.11735,42.36107]]},"properties":{"lts":3,"name":"River Street","osmId":851522828}},{"type":"Feature","geometry":{"type":"LineString","coordinates":[[-71.15322,42.33802],[-71.15327,42.33808],[-71.1533,42.33811],[-71.1534,42.33821]]},"properties":{"lts":3,"name":"Chestnut Hill Avenue","osmId":852187437}},{"type":"Feature","geometry":{"type":"LineString","coordinates":[[-71.06055,42.32013],[-71.06085,42.32025]]},"properties":{"lts":3,"name":"Columbia Road","osmId":857964823}},{"type":"Feature","geometry":{"type":"LineString","coordinates":[[-71.06253,42.31989],[-71.06262,42.3198],[-71.06271,42.31972],[-71.06279,42.31963],[-71.06288,42.31954],[-71.06295,42.31944],[-71.06303,42.31935],[-71.0631,42.31925],[-71.06315,42.31918],[-71.06351,42.31869],[-71.06353,42.31866],[-71.06356,42.31861],[-71.0636,42.31856],[-71.06398,42.31804],[-71.06409,42.3179],[-71.06416,42.31781],[-71.06424,42.31772],[-71.06433,42.31763],[-71.06443,42.31754],[-71.06453,42.31746],[-71.06464,42.31739]]},"properties":{"lts":3,"name":"Columbia Road","osmId":859165078}},{"type":"Feature","geometry":{"type":"LineString","coordinates":[[-71.09111,42.28556],[-71.09113,42.28551],[-71.09123,42.28519]]},"properties":{"lts":3,"name":"Blue Hill Avenue","osmId":862951906}},{"type":"Feature","geometry":{"type":"LineString","coordinates":[[-71.08961,42.28948],[-71.08948,42.28987],[-71.08934,42.29029],[-71.08925,42.29061],[-71.08918,42.29081],[-71.08916,42.29085],[-71.08908,42.29109],[-71.08905,42.29119]]},"properties":{"lts":3,"name":"Blue Hill Avenue","osmId":862971274}},{"type":"Feature","geometry":{"type":"LineString","coordinates":[[-71.07131,42.34977],[-71.07129,42.34978],[-71.07123,42.34979]]},"properties":{"lts":3,"name":"Stuart Street","osmId":916811161}},{"type":"Feature","geometry":{"type":"LineString","coordinates":[[-71.07123,42.34979],[-71.07095,42.34987],[-71.07044,42.35001],[-71.07039,42.35002],[-71.07036,42.35003],[-71.06993,42.35015]]},"properties":{"lts":3,"name":"Stuart Street","osmId":916811162}},{"type":"Feature","geometry":{"type":"LineString","coordinates":[[-71.08912,42.30756],[-71.08902,42.30749],[-71.08888,42.30739],[-71.08873,42.3073],[-71.08859,42.30723],[-71.08846,42.30716],[-71.08822,42.30704],[-71.08792,42.3069],[-71.08745,42.30666]]},"properties":{"lts":3,"name":"Seaver Street","osmId":920584481}},{"type":"Feature","geometry":{"type":"LineString","coordinates":[[-71.08921,42.30763],[-71.08912,42.30756]]},"properties":{"lts":3,"name":"Seaver Street","osmId":920584482}},{"type":"Feature","geometry":{"type":"LineString","coordinates":[[-71.08903,42.30764],[-71.08917,42.30774],[-71.0896,42.30805],[-71.09028,42.30857],[-71.09085,42.309],[-71.09157,42.30955],[-71.0916,42.30958],[-71.09165,42.30961],[-71.09199,42.30986],[-71.09212,42.30996]]},"properties":{"lts":3,"name":"Seaver Street","osmId":920584484}},{"type":"Feature","geometry":{"type":"LineString","coordinates":[[-71.12251,42.30834],[-71.12247,42.30838],[-71.12244,42.30841],[-71.12243,42.30842],[-71.1224,42.30845],[-71.12238,42.30847],[-71.12236,42.30848],[-71.12234,42.30851],[-71.12231,42.30853],[-71.1223,42.30854],[-71.12228,42.30854],[-71.12226,42.30856],[-71.12225,42.30856],[-71.12225,42.30857],[-71.12224,42.30857],[-71.12223,42.30857],[-71.12221,42.30858],[-71.1222,42.30859],[-71.12218,42.3086],[-71.12216,42.30861],[-71.12214,42.30861],[-71.12212,42.30862],[-71.12211,42.30863],[-71.12209,42.30863],[-71.12208,42.30864],[-71.12206,42.30864],[-71.12205,42.30864],[-71.12204,42.30864],[-71.12202,42.30865],[-71.12199,42.30865],[-71.12195,42.30866],[-71.12179,42.30867]]},"properties":{"lts":3,"name":"Centre Street","osmId":923319848}},{"type":"Feature","geometry":{"type":"LineString","coordinates":[[-71.04617,42.31384],[-71.04607,42.31388],[-71.04604,42.31389],[-71.04594,42.31394],[-71.0459,42.31395],[-71.04581,42.31399],[-71.04577,42.31401],[-71.04568,42.31405],[-71.04565,42.31406],[-71.04554,42.3141],[-71.04551,42.31412],[-71.04541,42.31416],[-71.04538,42.31418],[-71.04528,42.31421],[-71.04525,42.31423],[-71.04502,42.31433],[-71.04499,42.31434],[-71.04488,42.31438],[-71.04485,42.31439],[-71.04474,42.31442],[-71.04471,42.31443],[-71.0446,42.31445],[-71.04456,42.31445],[-71.04445,42.31447],[-71.04442,42.31447],[-71.04439,42.31447],[-71.04435,42.31447],[-71.04432,42.31447],[-71.0443,42.31447],[-71.04426,42.31447],[-71.04415,42.31447],[-71.0441,42.31447],[-71.04399,42.31445],[-71.04396,42.31445],[-71.04385,42.31443],[-71.04381,42.31442],[-71.0437,42.31439],[-71.04367,42.31438],[-71.0436,42.31436],[-71.04339,42.31429],[-71.04323,42.31424],[-71.04314,42.31421]]},"properties":{"lts":3,"name":"Dominic J. Bianculli Boulevard","osmId":923353896}},{"type":"Feature","geometry":{"type":"LineString","coordinates":[[-71.05677,42.32065],[-71.05678,42.32079]]},"properties":{"lts":2,"name":"Dorchester Avenue","osmId":923413070}},{"type":"Feature","geometry":{"type":"LineString","coordinates":[[-71.05678,42.32099],[-71.05679,42.32112],[-71.05679,42.32121],[-71.0568,42.32155],[-71.0568,42.32162]]},"properties":{"lts":2,"name":"Dorchester Avenue","osmId":923413071}},{"type":"Feature","geometry":{"type":"LineString","coordinates":[[-71.05678,42.32079],[-71.05678,42.3209],[-71.05678,42.32093],[-71.05678,42.32099]]},"properties":{"lts":2,"name":"Dorchester Avenue","osmId":923413073}},{"type":"Feature","geometry":{"type":"LineString","coordinates":[[-71.12348,42.35899],[-71.12354,42.35896],[-71.1236,42.35894],[-71.1237,42.35891],[-71.1238,42.35887],[-71.12395,42.35882],[-71.12469,42.35856],[-71.12601,42.35812]]},"properties":{"lts":3,"name":"Cambridge Street","osmId":923413864}},{"type":"Feature","geometry":{"type":"LineString","coordinates":[[-71.13294,42.29685],[-71.13306,42.29678],[-71.13322,42.29668],[-71.13333,42.29661],[-71.13355,42.29645],[-71.13366,42.29637]]},"properties":{"lts":3,"name":"Centre Street","osmId":923661289}},{"type":"Feature","geometry":{"type":"LineString","coordinates":[[-71.07893,42.27858],[-71.07918,42.27862],[-71.07922,42.27862],[-71.07929,42.27863],[-71.07937,42.27865],[-71.07945,42.27866],[-71.07953,42.27867],[-71.07962,42.27869],[-71.07971,42.27871],[-71.07977,42.27872]]},"properties":{"lts":4,"name":"Gallivan Boulevard","osmId":923662351}},{"type":"Feature","geometry":{"type":"LineString","coordinates":[[-71.09369,42.27326],[-71.09369,42.27318]]},"properties":{"lts":3,"name":"Blue Hill Avenue","osmId":923693241}},{"type":"Feature","geometry":{"type":"LineString","coordinates":[[-71.08138,42.3198],[-71.08141,42.31991],[-71.08143,42.32006],[-71.08147,42.32018]]},"properties":{"lts":3,"name":"Warren Street","osmId":923712915}},{"type":"Feature","geometry":{"type":"LineString","coordinates":[[-71.08155,42.31946],[-71.08159,42.31922],[-71.08161,42.31912],[-71.08163,42.31906],[-71.0817,42.31887],[-71.08182,42.31861]]},"properties":{"lts":3,"name":"Warren Street","osmId":923712916}},{"type":"Feature","geometry":{"type":"LineString","coordinates":[[-71.08154,42.31956],[-71.08155,42.31946]]},"properties":{"lts":3,"name":"Warren Street","osmId":923712917}},{"type":"Feature","geometry":{"type":"LineString","coordinates":[[-71.03923,42.37942],[-71.03925,42.38049],[-71.03925,42.38055]]},"properties":{"lts":2,"name":"Meridian Street","osmId":923769412}},{"type":"Feature","geometry":{"type":"LineString","coordinates":[[-71.04912,42.32299],[-71.0491,42.32304],[-71.04907,42.32308],[-71.04906,42.32311],[-71.04904,42.32316],[-71.04902,42.3232],[-71.04901,42.32324],[-71.049,42.32328],[-71.04898,42.32332],[-71.04897,42.32337],[-71.04896,42.32342],[-71.04895,42.32347],[-71.04894,42.32352],[-71.04893,42.32362],[-71.04892,42.32372],[-71.0489,42.32382],[-71.04889,42.32392],[-71.04888,42.32403],[-71.04887,42.32416],[-71.04887,42.32426],[-71.04887,42.32434],[-71.04888,42.32442],[-71.04888,42.32458],[-71.04889,42.32465],[-71.04889,42.32473],[-71.04889,42.32478],[-71.04889,42.32484],[-71.04889,42.32492],[-71.04889,42.32505],[-71.04889,42.32515],[-71.04889,42.32524],[-71.04888,42.32533],[-71.04888,42.3254],[-71.04887,42.32547],[-71.04887,42.32553],[-71.04886,42.32559],[-71.04885,42.32566],[-71.04884,42.3258],[-71.04882,42.32591],[-71.04879,42.32605],[-71.04874,42.32623],[-71.0487,42.32639],[-71.04864,42.32655],[-71.04856,42.32676],[-71.04851,42.32686],[-71.04846,42.32695],[-71.04842,42.32705],[-71.04835,42.32716],[-71.04823,42.32737],[-71.04817,42.32747],[-71.0481,42.32758],[-71.04801,42.32769],[-71.04796,42.32776],[-71.04788,42.32785],[-71.04778,42.32795],[-71.04771,42.32803],[-71.04754,42.3282]]},"properties":{"lts":2,"name":"William J. Day Boulevard","osmId":923827371}},{"type":"Feature","geometry":{"type":"LineString","coordinates":[[-71.08344,42.30347],[-71.08334,42.3035],[-71.08325,42.30353],[-71.08316,42.30356],[-71.08299,42.30363],[-71.08286,42.30371],[-71.08265,42.30387]]},"properties":{"lts":3,"name":"Columbia Road","osmId":924135377}},{"type":"Feature","geometry":{"type":"LineString","coordinates":[[-71.07262,42.33303],[-71.0727,42.33308],[-71.07275,42.33312],[-71.07278,42.33315],[-71.07288,42.33323]]},"properties":{"lts":3,"name":"Massachusetts Avenue","osmId":924350521}},{"type":"Feature","geometry":{"type":"LineString","coordinates":[[-71.04274,42.35048],[-71.04284,42.35053]]},"properties":{"lts":3,"name":"Seaport Boulevard","osmId":927062721}},{"type":"Feature","geometry":{"type":"LineString","coordinates":[[-71.13436,42.30924],[-71.1343,42.30924],[-71.1342,42.30925],[-71.1341,42.30925],[-71.13404,42.30926],[-71.13392,42.30927],[-71.13374,42.30932],[-71.13355,42.30937],[-71.13327,42.30947],[-71.13308,42.30953],[-71.13294,42.30955],[-71.13269,42.30958],[-71.13264,42.30958]]},"properties":{"lts":2,"name":"Pond Street","osmId":941477871}},{"type":"Feature","geometry":{"type":"LineString","coordinates":[[-71.06199,42.35407],[-71.06173,42.35435]]},"properties":{"lts":3,"name":"Washington Street","osmId":941562892}},{"type":"Feature","geometry":{"type":"LineString","coordinates":[[-71.17388,42.29113],[-71.17399,42.29126]]},"properties":{"lts":2,"name":"Baker Street","osmId":942269018}},{"type":"Feature","geometry":{"type":"LineString","coordinates":[[-71.17268,42.28966],[-71.17354,42.29072],[-71.17376,42.29099],[-71.17388,42.29113]]},"properties":{"lts":2,"name":"Baker Street","osmId":942269019}},{"type":"Feature","geometry":{"type":"LineString","coordinates":[[-71.058,42.34975],[-71.05797,42.34973],[-71.05795,42.34972],[-71.05791,42.3497],[-71.05787,42.34969],[-71.05783,42.34967],[-71.0578,42.34967],[-71.05753,42.34961],[-71.05736,42.34957],[-71.05733,42.34956],[-71.0573,42.34956],[-71.05725,42.34955],[-71.05721,42.34955],[-71.05716,42.34954],[-71.05709,42.34955]]},"properties":{"lts":2,"name":"Kneeland Street","osmId":947114313}},{"type":"Feature","geometry":{"type":"LineString","coordinates":[[-71.04476,42.34758],[-71.04444,42.34741]]},"properties":{"lts":3,"name":"Summer Street","osmId":947928282}},{"type":"Feature","geometry":{"type":"LineString","coordinates":[[-71.04401,42.34718],[-71.04398,42.34717],[-71.04382,42.34708]]},"properties":{"lts":3,"name":"Summer Street","osmId":947930361}},{"type":"Feature","geometry":{"type":"LineString","coordinates":[[-71.04217,42.34635],[-71.04227,42.34626]]},"properties":{"lts":3,"name":"D Street","osmId":949795930}},{"type":"Feature","geometry":{"type":"LineString","coordinates":[[-71.05218,42.36034],[-71.05221,42.36038],[-71.05226,42.36044],[-71.0523,42.36049],[-71.05235,42.36054],[-71.05239,42.36058]]},"properties":{"lts":3,"name":"Atlantic Avenue","osmId":970425325}},{"type":"Feature","geometry":{"type":"LineString","coordinates":[[-71.05239,42.36058],[-71.05245,42.36065],[-71.0525,42.36069],[-71.05257,42.36075]]},"properties":{"lts":3,"name":"Atlantic Avenue","osmId":970425326}},{"type":"Feature","geometry":{"type":"LineString","coordinates":[[-71.05281,42.36093],[-71.05284,42.36089],[-71.05286,42.36087]]},"properties":{"lts":3,"name":"Mercantile Street","osmId":970425328}},{"type":"Feature","geometry":{"type":"LineString","coordinates":[[-71.06643,42.35103],[-71.0664,42.35103],[-71.06625,42.35107],[-71.06617,42.35108],[-71.06607,42.3511]]},"properties":{"lts":3,"name":"Stuart Street","osmId":970425331}},{"type":"Feature","geometry":{"type":"LineString","coordinates":[[-71.06297,42.34706],[-71.063,42.34698]]},"properties":{"lts":3,"name":"Harrison Avenue","osmId":970427247}},{"type":"Feature","geometry":{"type":"LineString","coordinates":[[-71.06288,42.34727],[-71.06294,42.34713],[-71.06297,42.34706]]},"properties":{"lts":3,"name":"Harrison Avenue","osmId":970427248}},{"type":"Feature","geometry":{"type":"LineString","coordinates":[[-71.11184,42.30205],[-71.11166,42.30223],[-71.11141,42.30248]]},"properties":{"lts":2,"name":"Washington Street","osmId":970452861}},{"type":"Feature","geometry":{"type":"LineString","coordinates":[[-71.11141,42.30248],[-71.11129,42.30261],[-71.11122,42.30267],[-71.11075,42.30314],[-71.11045,42.30345],[-71.11012,42.30379],[-71.11008,42.30383]]},"properties":{"lts":2,"name":"Washington Street","osmId":970452862}},{"type":"Feature","geometry":{"type":"LineString","coordinates":[[-71.05581,42.36255],[-71.05592,42.36261],[-71.05601,42.36265],[-71.05624,42.36279],[-71.05628,42.36282],[-71.05633,42.36285],[-71.05678,42.36311],[-71.05681,42.36313],[-71.05686,42.36316],[-71.0569,42.36318],[-71.05696,42.36322]]},"properties":{"lts":3,"name":"Cross Street","osmId":972626709}},{"type":"Feature","geometry":{"type":"LineString","coordinates":[[-71.07161,42.38342],[-71.07176,42.38347]]},"properties":{"lts":2,"name":"Main Street","osmId":980643130}},{"type":"Feature","geometry":{"type":"LineString","coordinates":[[-71.06085,42.32025],[-71.06104,42.32033],[-71.0611,42.32036],[-71.06127,42.32044],[-71.06152,42.32048]]},"properties":{"lts":3,"name":"Columbia Road","osmId":981184995}},{"type":"Feature","geometry":{"type":"LineString","coordinates":[[-71.11772,42.25332],[-71.11799,42.25299],[-71.11813,42.25282],[-71.11822,42.25272],[-71.11824,42.25269],[-71.11832,42.25261]]},"properties":{"lts":3,"name":"Truman Parkway","osmId":985556390}},{"type":"Feature","geometry":{"type":"LineString","coordinates":[[-71.05096,42.35055],[-71.05102,42.35047],[-71.05105,42.35044],[-71.05106,42.35043],[-71.05107,42.35039],[-71.05108,42.35035],[-71.05108,42.35029],[-71.05107,42.35024],[-71.05106,42.3502],[-71.05103,42.35016],[-71.051,42.35012]]},"properties":{"lts":2,"name":"Melcher Street","osmId":990899889}},{"type":"Feature","geometry":{"type":"LineString","coordinates":[[-71.04599,42.35304],[-71.04605,42.35306],[-71.04678,42.3534],[-71.0469,42.35346]]},"properties":{"lts":3,"name":"Northern Avenue","osmId":993825359}},{"type":"Feature","geometry":{"type":"LineString","coordinates":[[-71.07178,42.38271],[-71.07175,42.38259],[-71.0717,42.38247],[-71.07169,42.38244],[-71.07162,42.38228],[-71.07153,42.3821],[-71.07141,42.38188],[-71.07121,42.38161],[-71.07113,42.38149],[-71.07105,42.3814],[-71.07101,42.38135],[-71.07096,42.3813],[-71.07093,42.38127],[-71.07079,42.38113],[-71.07067,42.38101],[-71.07056,42.3809],[-71.07045,42.38078],[-71.0703,42.38063],[-71.07002,42.38035],[-71.06997,42.38029]]},"properties":{"lts":2,"name":"Main Street","osmId":1000386664}},{"type":"Feature","geometry":{"type":"LineString","coordinates":[[-71.06581,42.37655],[-71.06574,42.3765],[-71.06534,42.3762],[-71.06509,42.37602],[-71.06472,42.37575],[-71.06458,42.37564],[-71.06455,42.37562],[-71.06445,42.37555],[-71.06443,42.37553],[-71.0644,42.37552],[-71.06437,42.3755],[-71.06431,42.37546]]},"properties":{"lts":2,"name":"Main Street","osmId":1000386665}},{"type":"Feature","geometry":{"type":"LineString","coordinates":[[-71.05619,42.35363],[-71.05612,42.35366],[-71.05583,42.35379],[-71.05554,42.35392],[-71.05546,42.35396],[-71.05539,42.35401],[-71.05532,42.35405],[-71.05526,42.3541],[-71.05475,42.35457],[-71.05473,42.35459],[-71.05466,42.35465]]},"properties":{"lts":3,"name":"High Street","osmId":1000832622}},{"type":"Feature","geometry":{"type":"LineString","coordinates":[[-71.03558,42.34104],[-71.03558,42.34114],[-71.03558,42.34126],[-71.03558,42.3413],[-71.03558,42.34134],[-71.03559,42.34137],[-71.03559,42.3414],[-71.0356,42.34143],[-71.03561,42.34146]]},"properties":{"lts":3,"name":"Summer Street","osmId":1000834782}},{"type":"Feature","geometry":{"type":"LineString","coordinates":[[-71.06297,42.34706],[-71.06306,42.34708],[-71.06367,42.3472],[-71.06424,42.34729],[-71.06429,42.3473],[-71.06437,42.34732]]},"properties":{"lts":3,"name":"Marginal Road","osmId":1005547965}},{"type":"Feature","geometry":{"type":"LineString","coordinates":[[-71.0524,42.32436],[-71.0524,42.32422]]},"properties":{"lts":3,"name":"Old Colony Avenue","osmId":1012547700}},{"type":"Feature","geometry":{"type":"LineString","coordinates":[[-71.09056,42.33959],[-71.09052,42.33951],[-71.09049,42.33946],[-71.09029,42.33904]]},"properties":{"lts":2,"name":"Forsyth Street","osmId":1030831992}},{"type":"Feature","geometry":{"type":"LineString","coordinates":[[-71.05517,42.36157],[-71.05496,42.36146]]},"properties":{"lts":3,"name":"John F. Fitzgerald Surface Road","osmId":1031513328}},{"type":"Feature","geometry":{"type":"LineString","coordinates":[[-71.07737,42.28812],[-71.07734,42.28812],[-71.07709,42.28818],[-71.07686,42.28822],[-71.0768,42.28823]]},"properties":{"lts":2,"name":"Norfolk Street","osmId":1033102879}},{"type":"Feature","geometry":{"type":"LineString","coordinates":[[-71.07857,42.28741],[-71.07819,42.28773],[-71.07817,42.28775]]},"properties":{"lts":2,"name":"Norfolk Street","osmId":1033102880}},{"type":"Feature","geometry":{"type":"LineString","coordinates":[[-71.15308,42.33788],[-71.15309,42.33789],[-71.15314,42.33794],[-71.15322,42.33802]]},"properties":{"lts":3,"name":"Chestnut Hill Avenue","osmId":1033104511}},{"type":"Feature","geometry":{"type":"LineString","coordinates":[[-71.13041,42.29484],[-71.13045,42.29477],[-71.13045,42.29476],[-71.13048,42.29472],[-71.13049,42.2947],[-71.13055,42.29455],[-71.13057,42.29446],[-71.13059,42.29438],[-71.13059,42.29424],[-71.13059,42.2941]]},"properties":{"lts":2,"name":"Walter Street","osmId":1040391915}},{"type":"Feature","geometry":{"type":"LineString","coordinates":[[-71.05686,42.32498],[-71.05686,42.32518]]},"properties":{"lts":2,"name":"Dorchester Avenue","osmId":1046994247}},{"type":"Feature","geometry":{"type":"LineString","coordinates":[[-71.09996,42.34086],[-71.10002,42.34089],[-71.10008,42.34092],[-71.10013,42.34094],[-71.10019,42.34098],[-71.10025,42.34101],[-71.10031,42.34105],[-71.10035,42.34108],[-71.10039,42.34112],[-71.10044,42.34116],[-71.10049,42.3412],[-71.10058,42.34128],[-71.10068,42.34137],[-71.10077,42.34145],[-71.10099,42.34166],[-71.10107,42.34173],[-71.10114,42.3418],[-71.10132,42.34198],[-71.1014,42.34206],[-71.10148,42.34214],[-71.10158,42.34224],[-71.10182,42.34248]]},"properties":{"lts":3,"name":"Park Drive","osmId":1046997910}},{"type":"Feature","geometry":{"type":"LineString","coordinates":[[-71.17198,42.28881],[-71.17268,42.28966]]},"properties":{"lts":2,"name":"Baker Street","osmId":1050427477}},{"type":"Feature","geometry":{"type":"LineString","coordinates":[[-71.07952,42.27838],[-71.07951,42.27837],[-71.07948,42.27835],[-71.07947,42.27835],[-71.07945,42.27833],[-71.07925,42.27822],[-71.07909,42.27812]]},"properties":{"lts":3,"name":"Morton Street","osmId":1052345011}},{"type":"Feature","geometry":{"type":"LineString","coordinates":[[-71.08151,42.27973],[-71.08107,42.27943],[-71.08062,42.27912],[-71.08049,42.27904],[-71.08044,42.279],[-71.08037,42.27897],[-71.08034,42.27895],[-71.0803,42.27893],[-71.08024,42.2789],[-71.08019,42.27887],[-71.08013,42.27885],[-71.08007,42.27882],[-71.08003,42.27881],[-71.07994,42.27877],[-71.07989,42.27876],[-71.07984,42.27874],[-71.07983,42.27874],[-71.07977,42.27872]]},"properties":{"lts":3,"name":"Morton Street","osmId":1052345013}},{"type":"Feature","geometry":{"type":"LineString","coordinates":[[-71.15973,42.35297],[-71.15969,42.353],[-71.15935,42.35327],[-71.159,42.35355],[-71.15859,42.35384],[-71.15851,42.35389],[-71.15815,42.35405],[-71.15809,42.35407]]},"properties":{"lts":2,"name":"Faneuil Street","osmId":1054102997}},{"type":"Feature","geometry":{"type":"LineString","coordinates":[[-71.15997,42.35278],[-71.15986,42.35287],[-71.15973,42.35297]]},"properties":{"lts":2,"name":"Faneuil Street","osmId":1054102998}},{"type":"Feature","geometry":{"type":"LineString","coordinates":[[-71.16056,42.35265],[-71.1604,42.35267],[-71.16025,42.35268],[-71.16012,42.35272]]},"properties":{"lts":3,"name":"Faneuil Street","osmId":1054102999}},{"type":"Feature","geometry":{"type":"LineString","coordinates":[[-71.12288,42.31983],[-71.1228,42.31987],[-71.12276,42.31989],[-71.12273,42.31991]]},"properties":{"lts":2,"name":"Perkins Street","osmId":1054104799}},{"type":"Feature","geometry":{"type":"LineString","coordinates":[[-71.08356,42.32394],[-71.08341,42.32398],[-71.08303,42.32405],[-71.08299,42.32405],[-71.08293,42.32404],[-71.08285,42.32403]]},"properties":{"lts":2,"name":"Walnut Avenue","osmId":1054304685}},{"type":"Feature","geometry":{"type":"LineString","coordinates":[[-71.16289,42.34542],[-71.16281,42.34547],[-71.16246,42.34591],[-71.16224,42.34621],[-71.16212,42.34638]]},"properties":{"lts":3,"name":"Lake Street","osmId":1054543303}},{"type":"Feature","geometry":{"type":"LineString","coordinates":[[-71.12408,42.35219],[-71.1243,42.35224],[-71.12445,42.35225],[-71.12451,42.35225],[-71.12459,42.35225],[-71.12467,42.35224],[-71.12471,42.35224],[-71.12484,42.35223],[-71.12496,42.35223],[-71.12507,42.35223],[-71.12511,42.35223],[-71.12519,42.35224]]},"properties":{"lts":3,"name":"Brighton Avenue","osmId":1055101266}},{"type":"Feature","geometry":{"type":"LineString","coordinates":[[-71.12104,42.35289],[-71.12102,42.35295],[-71.121,42.35306],[-71.12084,42.35377],[-71.12083,42.35382]]},"properties":{"lts":2,"name":"Babcock Street","osmId":1055101269}},{"type":"Feature","geometry":{"type":"LineString","coordinates":[[-71.04625,42.3139],[-71.04628,42.3139],[-71.04631,42.31389],[-71.04634,42.31389],[-71.04637,42.31389],[-71.04641,42.31389],[-71.04644,42.31389],[-71.04646,42.31389],[-71.04649,42.3139],[-71.04651,42.3139],[-71.04653,42.31391],[-71.04655,42.31392],[-71.04657,42.31393]]},"properties":{"lts":3,"name":null,"osmId":1062484584}},{"type":"Feature","geometry":{"type":"LineString","coordinates":[[-71.07112,42.28869],[-71.07112,42.28875],[-71.07113,42.2888],[-71.07114,42.28888],[-71.07119,42.28903],[-71.07131,42.28936],[-71.07134,42.28943],[-71.07137,42.2895],[-71.07138,42.28954]]},"properties":{"lts":2,"name":"Washington Street","osmId":1073689699}},{"type":"Feature","geometry":{"type":"LineString","coordinates":[[-71.03521,42.31504],[-71.03512,42.31499],[-71.0351,42.31498],[-71.03503,42.31493],[-71.03494,42.31487],[-71.03484,42.31481],[-71.03478,42.31478],[-71.03472,42.31474],[-71.03466,42.3147],[-71.0345,42.3146],[-71.03432,42.31449],[-71.03413,42.31437],[-71.03386,42.3142],[-71.03379,42.31415]]},"properties":{"lts":3,"name":"University Drive North","osmId":1076718170}},{"type":"Feature","geometry":{"type":"LineString","coordinates":[[-71.15809,42.35407],[-71.15801,42.3541],[-71.15747,42.35434],[-71.15708,42.35451]]},"properties":{"lts":2,"name":"Faneuil Street","osmId":1077289559}},{"type":"Feature","geometry":{"type":"LineString","coordinates":[[-71.09317,42.34985],[-71.09322,42.34996],[-71.09325,42.34997],[-71.09328,42.34997],[-71.09351,42.34996],[-71.0938,42.34995]]},"properties":{"lts":2,"name":"Bay State Road","osmId":1080978265}},{"type":"Feature","geometry":{"type":"LineString","coordinates":[[-71.08724,42.34355],[-71.08693,42.3435],[-71.08678,42.34348]]},"properties":{"lts":2,"name":"Westland Avenue","osmId":1081022445}},{"type":"Feature","geometry":{"type":"LineString","coordinates":[[-71.14642,42.35045],[-71.14623,42.35054],[-71.14597,42.35065]]},"properties":{"lts":2,"name":"Cambridge Street","osmId":1082211478}},{"type":"Feature","geometry":{"type":"LineString","coordinates":[[-71.04375,42.34717],[-71.04389,42.34725],[-71.04392,42.34726]]},"properties":{"lts":3,"name":"Summer Street","osmId":1083721909}},{"type":"Feature","geometry":{"type":"LineString","coordinates":[[-71.13906,42.3538],[-71.13904,42.35387],[-71.13904,42.35388],[-71.13904,42.3539],[-71.13903,42.35394],[-71.13883,42.35451],[-71.13879,42.35462],[-71.13878,42.35466],[-71.13864,42.35503],[-71.13862,42.35509],[-71.13862,42.35512],[-71.13861,42.35515],[-71.13861,42.35517],[-71.13861,42.3552],[-71.1386,42.35523],[-71.1386,42.35531]]},"properties":{"lts":2,"name":"Everett Street","osmId":1086100238}},{"type":"Feature","geometry":{"type":"LineString","coordinates":[[-71.11409,42.31532],[-71.11409,42.3155],[-71.11407,42.3157],[-71.11405,42.31581],[-71.11403,42.31593],[-71.11401,42.31601]]},"properties":{"lts":2,"name":"Centre Street","osmId":1086103161}},{"type":"Feature","geometry":{"type":"LineString","coordinates":[[-71.00711,42.38675],[-71.00777,42.387]]},"properties":{"lts":3,"name":"Saratoga Street","osmId":1086789308}},{"type":"Feature","geometry":{"type":"LineString","coordinates":[[-71.0069,42.38668],[-71.00704,42.38673],[-71.00711,42.38675]]},"properties":{"lts":3,"name":"Saratoga Street","osmId":1086789309}},{"type":"Feature","geometry":{"type":"LineString","coordinates":[[-71.00584,42.38635],[-71.00553,42.38624]]},"properties":{"lts":2,"name":"Saratoga Street","osmId":1086789310}},{"type":"Feature","geometry":{"type":"LineString","coordinates":[[-70.99828,42.38361],[-70.99785,42.38346]]},"properties":{"lts":2,"name":"Saratoga Street","osmId":1086789311}},{"type":"Feature","geometry":{"type":"LineString","coordinates":[[-70.99785,42.38346],[-70.99769,42.3834]]},"properties":{"lts":2,"name":"Saratoga Street","osmId":1086789312}},{"type":"Feature","geometry":{"type":"LineString","coordinates":[[-70.99573,42.38285],[-70.99499,42.38276]]},"properties":{"lts":2,"name":"Saratoga Street","osmId":1086789313}},{"type":"Feature","geometry":{"type":"LineString","coordinates":[[-70.99499,42.38276],[-70.99486,42.38274],[-70.99478,42.38273],[-70.99467,42.38272]]},"properties":{"lts":2,"name":"Saratoga Street","osmId":1086789314}},{"type":"Feature","geometry":{"type":"LineString","coordinates":[[-70.99769,42.3834],[-70.99719,42.38322],[-70.99701,42.38315],[-70.99692,42.38312],[-70.99684,42.3831],[-70.99675,42.38307]]},"properties":{"lts":2,"name":"Saratoga Street","osmId":1086789315}},{"type":"Feature","geometry":{"type":"LineString","coordinates":[[-71.03923,42.37553],[-71.03939,42.37548]]},"properties":{"lts":3,"name":"Central Square North","osmId":1086799596}},{"type":"Feature","geometry":{"type":"LineString","coordinates":[[-71.03939,42.37548],[-71.03958,42.37541]]},"properties":{"lts":3,"name":"Central Square North","osmId":1086799597}},{"type":"Feature","geometry":{"type":"LineString","coordinates":[[-71.03911,42.37558],[-71.03921,42.37554],[-71.03923,42.37553]]},"properties":{"lts":3,"name":"Central Square North","osmId":1086799598}},{"type":"Feature","geometry":{"type":"LineString","coordinates":[[-71.03546,42.37276],[-71.03552,42.37271],[-71.03554,42.37269]]},"properties":{"lts":2,"name":"Chelsea Street","osmId":1086799600}},{"type":"Feature","geometry":{"type":"LineString","coordinates":[[-71.08068,42.38218],[-71.08038,42.38223]]},"properties":{"lts":2,"name":"Cambridge Street","osmId":1086801839}},{"type":"Feature","geometry":{"type":"LineString","coordinates":[[-71.07783,42.38271],[-71.07723,42.38293]]},"properties":{"lts":2,"name":"Cambridge Street","osmId":1086801840}},{"type":"Feature","geometry":{"type":"LineString","coordinates":[[-71.0767,42.38311],[-71.07633,42.38324]]},"properties":{"lts":2,"name":"Cambridge Street","osmId":1086801841}},{"type":"Feature","geometry":{"type":"LineString","coordinates":[[-71.07606,42.38516],[-71.07597,42.38511]]},"properties":{"lts":3,"name":"Maffa Way","osmId":1086801842}},{"type":"Feature","geometry":{"type":"LineString","coordinates":[[-71.07222,42.3837],[-71.07232,42.38377]]},"properties":{"lts":2,"name":"Main Street","osmId":1086801844}},{"type":"Feature","geometry":{"type":"LineString","coordinates":[[-71.06343,42.3645],[-71.06345,42.36453],[-71.06378,42.36486]]},"properties":{"lts":2,"name":"Lomasney Way","osmId":1086976097}},{"type":"Feature","geometry":{"type":"LineString","coordinates":[[-71.04593,42.34301],[-71.04557,42.34332],[-71.04547,42.3434],[-71.04539,42.34347],[-71.04524,42.3436],[-71.04506,42.34375],[-71.04504,42.34377],[-71.04467,42.34409],[-71.04372,42.34491]]},"properties":{"lts":2,"name":"D Street","osmId":1086987622}},{"type":"Feature","geometry":{"type":"LineString","coordinates":[[-71.04036,42.34811],[-71.04043,42.34802],[-71.0405,42.34792],[-71.04071,42.34764],[-71.04074,42.34761],[-71.04078,42.34755]]},"properties":{"lts":3,"name":"D Street","osmId":1086987623}},{"type":"Feature","geometry":{"type":"LineString","coordinates":[[-71.05112,42.34696],[-71.05068,42.34753],[-71.05064,42.34757],[-71.05018,42.34817]]},"properties":{"lts":2,"name":"A Street","osmId":1086987638}},{"type":"Feature","geometry":{"type":"LineString","coordinates":[[-71.05702,42.34083],[-71.05703,42.34108]]},"properties":{"lts":3,"name":"Dorchester Avenue","osmId":1086987644}},{"type":"Feature","geometry":{"type":"LineString","coordinates":[[-71.05701,42.33283],[-71.05702,42.33285],[-71.05702,42.33287],[-71.05703,42.33344],[-71.05703,42.33372]]},"properties":{"lts":2,"name":"Dorchester Avenue","osmId":1086987647}},{"type":"Feature","geometry":{"type":"LineString","coordinates":[[-71.05697,42.3304],[-71.05697,42.33062],[-71.05698,42.33081],[-71.05698,42.33086],[-71.057,42.33186],[-71.057,42.3321],[-71.05701,42.33238],[-71.05701,42.33278],[-71.05701,42.33283]]},"properties":{"lts":2,"name":"Dorchester Avenue","osmId":1086987648}},{"type":"Feature","geometry":{"type":"LineString","coordinates":[[-71.0569,42.32667],[-71.0569,42.32679],[-71.0569,42.32685]]},"properties":{"lts":2,"name":"Dorchester Avenue","osmId":1086987650}},{"type":"Feature","geometry":{"type":"LineString","coordinates":[[-71.05686,42.32518],[-71.05686,42.32523],[-71.05687,42.32536]]},"properties":{"lts":2,"name":"Dorchester Avenue","osmId":1086987652}},{"type":"Feature","geometry":{"type":"LineString","coordinates":[[-71.05282,42.30308],[-71.05274,42.30304],[-71.05267,42.30299],[-71.0526,42.30295]]},"properties":{"lts":2,"name":"Freeport Street","osmId":1086987653}},{"type":"Feature","geometry":{"type":"LineString","coordinates":[[-71.05242,42.32466],[-71.05242,42.32459],[-71.0524,42.32436]]},"properties":{"lts":3,"name":"Old Colony Avenue","osmId":1087006173}},{"type":"Feature","geometry":{"type":"LineString","coordinates":[[-71.0522,42.32891],[-71.05217,42.32894],[-71.05215,42.32896],[-71.05207,42.32902],[-71.05198,42.32908]]},"properties":{"lts":3,"name":"Old Colony Avenue","osmId":1087006174}},{"type":"Feature","geometry":{"type":"LineString","coordinates":[[-71.05229,42.32661],[-71.0523,42.32682],[-71.0523,42.32687],[-71.0523,42.32694],[-71.05231,42.32701]]},"properties":{"lts":3,"name":"Old Colony Avenue","osmId":1087006175}},{"type":"Feature","geometry":{"type":"LineString","coordinates":[[-71.05215,42.32395],[-71.05218,42.32417],[-71.0522,42.32436],[-71.05221,42.32446],[-71.05221,42.32447],[-71.05221,42.32453],[-71.05221,42.32459],[-71.05224,42.32529],[-71.05227,42.32602],[-71.05229,42.32661]]},"properties":{"lts":3,"name":"Old Colony Avenue","osmId":1087006176}},{"type":"Feature","geometry":{"type":"LineString","coordinates":[[-71.05139,42.32215],[-71.05142,42.32218],[-71.05144,42.32221],[-71.05146,42.32223],[-71.0515,42.32229],[-71.05152,42.32232],[-71.05157,42.32239],[-71.05158,42.32241],[-71.05163,42.32249],[-71.05165,42.32252],[-71.05169,42.32258],[-71.05171,42.32262],[-71.05172,42.32263]]},"properties":{"lts":3,"name":"Columbia Road","osmId":1087006177}},{"type":"Feature","geometry":{"type":"LineString","coordinates":[[-71.04754,42.3282],[-71.04728,42.32846],[-71.04717,42.32857],[-71.04699,42.32872],[-71.04693,42.32876],[-71.04687,42.3288],[-71.04682,42.32884],[-71.0468,42.32885]]},"properties":{"lts":3,"name":"William J. Day Boulevard","osmId":1087006179}},{"type":"Feature","geometry":{"type":"LineString","coordinates":[[-71.0468,42.32885],[-71.04675,42.32889],[-71.04664,42.32897],[-71.04653,42.32904],[-71.04607,42.32934],[-71.04584,42.32947],[-71.0457,42.32955],[-71.04562,42.32959],[-71.04538,42.32971],[-71.04526,42.32977],[-71.04514,42.32982],[-71.04502,42.32987]]},"properties":{"lts":2,"name":"William J. Day Boulevard","osmId":1087006180}},{"type":"Feature","geometry":{"type":"LineString","coordinates":[[-71.03518,42.34466],[-71.03513,42.34467],[-71.03475,42.34467]]},"properties":{"lts":2,"name":"Drydock Avenue","osmId":1087006191}},{"type":"Feature","geometry":{"type":"LineString","coordinates":[[-71.03698,42.34463],[-71.03672,42.34464],[-71.0362,42.34465]]},"properties":{"lts":2,"name":"Drydock Avenue","osmId":1087006192}},{"type":"Feature","geometry":{"type":"LineString","coordinates":[[-71.03666,42.31376],[-71.03662,42.3138],[-71.03657,42.31384],[-71.03656,42.31385],[-71.03618,42.31418],[-71.03612,42.31423]]},"properties":{"lts":2,"name":null,"osmId":1087024100}},{"type":"Feature","geometry":{"type":"LineString","coordinates":[[-71.04166,42.31442],[-71.04171,42.31439],[-71.04177,42.31435]]},"properties":{"lts":2,"name":"University Drive West","osmId":1087024108}},{"type":"Feature","geometry":{"type":"LineString","coordinates":[[-71.04208,42.31356],[-71.04206,42.31353],[-71.04202,42.31349]]},"properties":{"lts":4,"name":"University Drive South","osmId":1087024113}},{"type":"Feature","geometry":{"type":"LineString","coordinates":[[-71.03623,42.31569],[-71.03575,42.31539],[-71.03558,42.31528],[-71.03555,42.31526],[-71.03551,42.31524],[-71.03546,42.31521],[-71.0354,42.31517],[-71.03537,42.31515],[-71.03535,42.31513],[-71.03532,42.31512],[-71.03529,42.3151],[-71.03521,42.31504]]},"properties":{"lts":3,"name":"University Drive North","osmId":1087024115}},{"type":"Feature","geometry":{"type":"LineString","coordinates":[[-71.04504,42.31881],[-71.04543,42.31895]]},"properties":{"lts":1,"name":"Mount Vernon Street","osmId":1087024116}},{"type":"Feature","geometry":{"type":"LineString","coordinates":[[-71.04543,42.31895],[-71.04557,42.319],[-71.04581,42.31908]]},"properties":{"lts":1,"name":"Mount Vernon Street","osmId":1087024117}},{"type":"Feature","geometry":{"type":"LineString","coordinates":[[-71.07173,42.33476],[-71.0715,42.33494],[-71.07144,42.33498]]},"properties":{"lts":3,"name":"Albany Street","osmId":1087035542}},{"type":"Feature","geometry":{"type":"LineString","coordinates":[[-71.10182,42.34248],[-71.10189,42.34255],[-71.10224,42.34289]]},"properties":{"lts":3,"name":"Park Drive","osmId":1087259244}},{"type":"Feature","geometry":{"type":"LineString","coordinates":[[-71.09947,42.34068],[-71.09951,42.34069],[-71.09956,42.3407],[-71.0996,42.34072],[-71.09968,42.34075],[-71.09974,42.34077],[-71.09981,42.3408],[-71.09996,42.34086]]},"properties":{"lts":3,"name":"Park Drive","osmId":1087259245}},{"type":"Feature","geometry":{"type":"LineString","coordinates":[[-71.09414,42.26752],[-71.0942,42.26757],[-71.09441,42.26772],[-71.09491,42.26809],[-71.09511,42.26823],[-71.09523,42.26832]]},"properties":{"lts":3,"name":"Cummins Highway","osmId":1087278025}},{"type":"Feature","geometry":{"type":"LineString","coordinates":[[-71.05965,42.27858],[-71.05958,42.27872],[-71.05902,42.27991],[-71.059,42.27996],[-71.05895,42.28005],[-71.05893,42.2801],[-71.05881,42.28035],[-71.05879,42.28041]]},"properties":{"lts":1,"name":"Adams Street","osmId":1088522758}},{"type":"Feature","geometry":{"type":"LineString","coordinates":[[-71.06087,42.27659],[-71.06083,42.27665],[-71.06078,42.2767],[-71.06074,42.27675],[-71.06043,42.2771],[-71.06038,42.27715],[-71.06034,42.2772],[-71.06029,42.27726],[-71.06026,42.27731],[-71.06023,42.27736],[-71.0602,42.27741],[-71.06017,42.27746],[-71.05991,42.27801],[-71.05979,42.27827]]},"properties":{"lts":1,"name":"Adams Street","osmId":1088522759}},{"type":"Feature","geometry":{"type":"LineString","coordinates":[[-71.08784,42.29491],[-71.08764,42.29481],[-71.08762,42.29481],[-71.08759,42.2948],[-71.08735,42.29473],[-71.08718,42.29468],[-71.08672,42.29455]]},"properties":{"lts":2,"name":"Talbot Avenue","osmId":1088522762}},{"type":"Feature","geometry":{"type":"LineString","coordinates":[[-71.08813,42.29455],[-71.08816,42.29444]]},"properties":{"lts":3,"name":"Blue Hill Avenue","osmId":1088522763}},{"type":"Feature","geometry":{"type":"LineString","coordinates":[[-71.09093,42.28609],[-71.09106,42.28571],[-71.09106,42.28569],[-71.09111,42.28556]]},"properties":{"lts":3,"name":"Blue Hill Avenue","osmId":1088522764}},{"type":"Feature","geometry":{"type":"LineString","coordinates":[[-71.09123,42.28519],[-71.09128,42.28503]]},"properties":{"lts":3,"name":"Blue Hill Avenue","osmId":1088522765}},{"type":"Feature","geometry":{"type":"LineString","coordinates":[[-71.1171,42.29686],[-71.11713,42.29683],[-71.11716,42.29681],[-71.11723,42.29674],[-71.1173,42.29667],[-71.11746,42.29652],[-71.11754,42.29644],[-71.11766,42.29633],[-71.11801,42.296],[-71.11807,42.29594],[-71.11817,42.29584],[-71.11826,42.29576],[-71.11829,42.29573],[-71.11835,42.29567]]},"properties":{"lts":2,"name":"Washington Street","osmId":1088529935}},{"type":"Feature","geometry":{"type":"LineString","coordinates":[[-71.12068,42.28068],[-71.12088,42.28081],[-71.12094,42.28086]]},"properties":{"lts":3,"name":"Cummins Highway","osmId":1088529936}},{"type":"Feature","geometry":{"type":"LineString","coordinates":[[-71.11634,42.27464],[-71.11609,42.27498],[-71.11599,42.27513]]},"properties":{"lts":3,"name":"American Legion Highway","osmId":1088529937}},{"type":"Feature","geometry":{"type":"LineString","coordinates":[[-71.15763,42.33161],[-71.15753,42.3316],[-71.15743,42.33159],[-71.15732,42.33159],[-71.15719,42.3316],[-71.15708,42.33161],[-71.15696,42.33162],[-71.15685,42.33164],[-71.15678,42.33166]]},"properties":{"lts":2,"name":"Beacon Street","osmId":1088531310}},{"type":"Feature","geometry":{"type":"LineString","coordinates":[[-71.16598,42.33361],[-71.1659,42.33362],[-71.16571,42.33364],[-71.16548,42.33367],[-71.1654,42.33368],[-71.16538,42.33369]]},"properties":{"lts":2,"name":"Beacon Street","osmId":1088531311}},{"type":"Feature","geometry":{"type":"LineString","coordinates":[[-71.16485,42.33375],[-71.16473,42.33376],[-71.16442,42.33379]]},"properties":{"lts":2,"name":"Beacon Street","osmId":1088531312}},{"type":"Feature","geometry":{"type":"LineString","coordinates":[[-71.16442,42.33379],[-71.16434,42.33379],[-71.16336,42.3339]]},"properties":{"lts":2,"name":"Beacon Street","osmId":1088531313}},{"type":"Feature","geometry":{"type":"LineString","coordinates":[[-71.164,42.34425],[-71.16385,42.3445],[-71.16379,42.3446],[-71.16362,42.34486],[-71.16349,42.34499],[-71.16336,42.34511],[-71.16315,42.34525],[-71.16289,42.34542]]},"properties":{"lts":3,"name":"Lake Street","osmId":1088532692}},{"type":"Feature","geometry":{"type":"LineString","coordinates":[[-71.16614,42.34009],[-71.16614,42.34017],[-71.16614,42.34018],[-71.16614,42.34024],[-71.16612,42.34045],[-71.1661,42.34067],[-71.16605,42.34141]]},"properties":{"lts":3,"name":"Lake Street","osmId":1088532693}},{"type":"Feature","geometry":{"type":"LineString","coordinates":[[-71.139,42.35299],[-71.13886,42.35304],[-71.13834,42.35322]]},"properties":{"lts":3,"name":"Cambridge Street","osmId":1088539389}},{"type":"Feature","geometry":{"type":"LineString","coordinates":[[-71.14512,42.35101],[-71.14504,42.35102],[-71.14494,42.35105],[-71.14472,42.35114],[-71.14447,42.35123],[-71.14426,42.3513],[-71.14394,42.35139],[-71.14367,42.35145],[-71.14332,42.35153],[-71.14318,42.35156],[-71.14313,42.35158],[-71.14309,42.35161]]},"properties":{"lts":3,"name":"Cambridge Street","osmId":1088539390}},{"type":"Feature","geometry":{"type":"LineString","coordinates":[[-71.14309,42.35161],[-71.14315,42.35162],[-71.14321,42.35162],[-71.14366,42.35156],[-71.14383,42.35154],[-71.14399,42.3515],[-71.1442,42.35144],[-71.14437,42.35137],[-71.14457,42.35128],[-71.14474,42.35121],[-71.14498,42.35111]]},"properties":{"lts":3,"name":"Cambridge Street","osmId":1088539391}},{"type":"Feature","geometry":{"type":"LineString","coordinates":[[-71.14498,42.35111],[-71.14507,42.35106],[-71.14512,42.35101]]},"properties":{"lts":3,"name":"Cambridge Street","osmId":1088539392}},{"type":"Feature","geometry":{"type":"LineString","coordinates":[[-71.14949,42.34924],[-71.14927,42.34933]]},"properties":{"lts":2,"name":"Cambridge Street","osmId":1088539393}},{"type":"Feature","geometry":{"type":"LineString","coordinates":[[-71.14963,42.34915],[-71.14949,42.34924]]},"properties":{"lts":3,"name":"Cambridge Street","osmId":1088539394}},{"type":"Feature","geometry":{"type":"LineString","coordinates":[[-71.15155,42.34902],[-71.1512,42.34901]]},"properties":{"lts":2,"name":"Washington Street","osmId":1088539395}},{"type":"Feature","geometry":{"type":"LineString","coordinates":[[-71.15336,42.34949],[-71.15332,42.34955],[-71.15328,42.34961],[-71.15323,42.34968],[-71.15315,42.34978],[-71.15313,42.34981],[-71.15306,42.3499]]},"properties":{"lts":2,"name":"Market Street","osmId":1088539398}},{"type":"Feature","geometry":{"type":"LineString","coordinates":[[-71.15529,42.33993],[-71.15521,42.33987]]},"properties":{"lts":3,"name":"Chestnut Hill Avenue","osmId":1088539399}},{"type":"Feature","geometry":{"type":"LineString","coordinates":[[-71.15477,42.34913],[-71.15471,42.34913],[-71.15463,42.34913]]},"properties":{"lts":2,"name":"Washington Street","osmId":1088539400}},{"type":"Feature","geometry":{"type":"LineString","coordinates":[[-71.11237,42.29198],[-71.11199,42.2917]]},"properties":{"lts":2,"name":"Walk Hill Street","osmId":1088832451}},{"type":"Feature","geometry":{"type":"LineString","coordinates":[[-71.08482,42.30428],[-71.08475,42.30449]]},"properties":{"lts":3,"name":"Blue Hill Avenue","osmId":1088844243}},{"type":"Feature","geometry":{"type":"LineString","coordinates":[[-71.06152,42.32048],[-71.06136,42.32033],[-71.06125,42.32029],[-71.06114,42.32024]]},"properties":{"lts":3,"name":"Columbia Road","osmId":1088844244}},{"type":"Feature","geometry":{"type":"LineString","coordinates":[[-71.07022,42.31133],[-71.0703,42.31129],[-71.07078,42.31105],[-71.07127,42.31081]]},"properties":{"lts":3,"name":"Columbia Road","osmId":1088844247}},{"type":"Feature","geometry":{"type":"LineString","coordinates":[[-71.09557,42.30476],[-71.09544,42.30484],[-71.09535,42.3049],[-71.0953,42.30493],[-71.09513,42.30501],[-71.09507,42.30504]]},"properties":{"lts":2,"name":"Circuit Drive","osmId":1088844250}},{"type":"Feature","geometry":{"type":"LineString","coordinates":[[-71.10148,42.30206],[-71.10144,42.3021],[-71.1014,42.30215],[-71.10135,42.3022],[-71.10128,42.30227],[-71.10123,42.30231],[-71.1012,42.30234],[-71.10111,42.30242],[-71.10105,42.30248],[-71.101,42.30251],[-71.10095,42.30255],[-71.10089,42.30259],[-71.10084,42.30263],[-71.10075,42.30269],[-71.10065,42.30276],[-71.10055,42.30283],[-71.10043,42.3029],[-71.10032,42.30296],[-71.10022,42.30302],[-71.09999,42.30316],[-71.09977,42.30328],[-71.09933,42.30349],[-71.09896,42.30367],[-71.09879,42.30375],[-71.09865,42.3038],[-71.09846,42.30387],[-71.09799,42.30396],[-71.0974,42.3041],[-71.09698,42.30421],[-71.09665,42.30432],[-71.09662,42.30433],[-71.09623,42.30446],[-71.09587,42.30459],[-71.0957,42.30468],[-71.09557,42.30476]]},"properties":{"lts":2,"name":"Circuit Drive","osmId":1088844251}},{"type":"Feature","geometry":{"type":"LineString","coordinates":[[-71.10183,42.30133],[-71.10176,42.30158],[-71.10174,42.30162],[-71.10173,42.30165],[-71.10171,42.30169],[-71.10169,42.30173],[-71.10167,42.30177],[-71.10164,42.30182],[-71.10161,42.30187],[-71.10158,42.30192],[-71.10155,42.30196],[-71.10152,42.30201],[-71.10148,42.30206]]},"properties":{"lts":1,"name":"Circuit Drive","osmId":1088844252}},{"type":"Feature","geometry":{"type":"LineString","coordinates":[[-71.10195,42.30104],[-71.10193,42.30107],[-71.1019,42.30111],[-71.10189,42.30115],[-71.10187,42.30119],[-71.10183,42.30133]]},"properties":{"lts":2,"name":"Circuit Drive","osmId":1088844254}},{"type":"Feature","geometry":{"type":"LineString","coordinates":[[-71.10232,42.30085],[-71.10225,42.30086],[-71.1022,42.30088],[-71.10214,42.3009]]},"properties":{"lts":2,"name":"Circuit Drive","osmId":1088844255}},{"type":"Feature","geometry":{"type":"LineString","coordinates":[[-71.0851,42.30543],[-71.08517,42.30545],[-71.08525,42.30549],[-71.08532,42.30552]]},"properties":{"lts":3,"name":"Seaver Street","osmId":1088846666}},{"type":"Feature","geometry":{"type":"LineString","coordinates":[[-71.11078,42.32897],[-71.11088,42.32916],[-71.1109,42.3292]]},"properties":{"lts":3,"name":"South Huntington Avenue","osmId":1088847428}},{"type":"Feature","geometry":{"type":"LineString","coordinates":[[-71.12114,42.32124],[-71.12095,42.32134],[-71.12081,42.32139],[-71.12066,42.32143],[-71.1205,42.32146],[-71.12021,42.32148],[-71.12006,42.32147],[-71.11996,42.32147]]},"properties":{"lts":2,"name":"Perkins Street","osmId":1088849834}},{"type":"Feature","geometry":{"type":"LineString","coordinates":[[-71.12273,42.31991],[-71.12256,42.32001]]},"properties":{"lts":2,"name":"Perkins Street","osmId":1088849835}},{"type":"Feature","geometry":{"type":"LineString","coordinates":[[-71.12921,42.36361],[-71.12826,42.36431]]},"properties":{"lts":2,"name":"North Harvard Street","osmId":1088855666}},{"type":"Feature","geometry":{"type":"LineString","coordinates":[[-71.12689,42.35864],[-71.12702,42.35886],[-71.12705,42.35891]]},"properties":{"lts":2,"name":"North Harvard Street","osmId":1088855667}},{"type":"Feature","geometry":{"type":"LineString","coordinates":[[-71.132,42.35264],[-71.13205,42.35285],[-71.13207,42.35288],[-71.13207,42.35291],[-71.13208,42.35294]]},"properties":{"lts":2,"name":"Harvard Avenue","osmId":1088855669}},{"type":"Feature","geometry":{"type":"LineString","coordinates":[[-71.0911,42.34066],[-71.09113,42.34076],[-71.09114,42.3408],[-71.09122,42.34084]]},"properties":{"lts":3,"name":"Forsyth Street","osmId":1088867220}},{"type":"Feature","geometry":{"type":"LineString","coordinates":[[-71.1065,42.33964],[-71.10622,42.3399]]},"properties":{"lts":3,"name":"Brookline Avenue","osmId":1088867224}},{"type":"Feature","geometry":{"type":"LineString","coordinates":[[-71.10432,42.33747],[-71.10453,42.33755],[-71.10481,42.33767]]},"properties":{"lts":2,"name":"Longwood Avenue","osmId":1088867227}},{"type":"Feature","geometry":{"type":"LineString","coordinates":[[-71.07495,42.3461],[-71.075,42.34605]]},"properties":{"lts":3,"name":"Columbus Avenue","osmId":1088869488}},{"type":"Feature","geometry":{"type":"LineString","coordinates":[[-71.08195,42.34042],[-71.0821,42.3403],[-71.08238,42.34008]]},"properties":{"lts":3,"name":"Columbus Avenue","osmId":1088869489}},{"type":"Feature","geometry":{"type":"LineString","coordinates":[[-71.08506,42.34682],[-71.08502,42.34673],[-71.08501,42.34672],[-71.0848,42.34629],[-71.08478,42.34625],[-71.08476,42.34622],[-71.08474,42.3462]]},"properties":{"lts":2,"name":"Dalton Street","osmId":1088901290}},{"type":"Feature","geometry":{"type":"LineString","coordinates":[[-71.0938,42.34995],[-71.0941,42.34994],[-71.09487,42.34994],[-71.09515,42.34996],[-71.09531,42.34997]]},"properties":{"lts":2,"name":"Bay State Road","osmId":1088906026}},{"type":"Feature","geometry":{"type":"LineString","coordinates":[[-71.09009,42.34917],[-71.09017,42.34918],[-71.09024,42.34919],[-71.09031,42.3492],[-71.0904,42.34921],[-71.09049,42.34921],[-71.09059,42.34922],[-71.09069,42.34922]]},"properties":{"lts":2,"name":"Commonwealth Avenue","osmId":1088906030}},{"type":"Feature","geometry":{"type":"LineString","coordinates":[[-71.05017,42.35146],[-71.05013,42.35144],[-71.04984,42.35125]]},"properties":{"lts":3,"name":"Congress Street","osmId":1089085520}},{"type":"Feature","geometry":{"type":"LineString","coordinates":[[-71.0469,42.35346],[-71.04709,42.35355],[-71.04772,42.35384],[-71.04784,42.3539]]},"properties":{"lts":3,"name":"Northern Avenue","osmId":1089085521}},{"type":"Feature","geometry":{"type":"LineString","coordinates":[[-71.06126,42.35197],[-71.06123,42.35182]]},"properties":{"lts":3,"name":"Harrison Avenue","osmId":1089092081}},{"type":"Feature","geometry":{"type":"LineString","coordinates":[[-71.04204,42.34628],[-71.04201,42.3463],[-71.04195,42.34633],[-71.04192,42.34636],[-71.04188,42.34639],[-71.04184,42.34642],[-71.04175,42.3465],[-71.04167,42.34658]]},"properties":{"lts":3,"name":"D Street","osmId":1090206708}},{"type":"Feature","geometry":{"type":"LineString","coordinates":[[-71.0997,42.3354],[-71.09956,42.3356]]},"properties":{"lts":3,"name":"Saint Alphonsus Street","osmId":1096229187}},{"type":"Feature","geometry":{"type":"LineString","coordinates":[[-71.06737,42.35083],[-71.06722,42.35086]]},"properties":{"lts":3,"name":"Stuart Street","osmId":1096256457}},{"type":"Feature","geometry":{"type":"LineString","coordinates":[[-71.05142,42.35476],[-71.05137,42.35479],[-71.05133,42.35482],[-71.05129,42.35486],[-71.05125,42.3549],[-71.05121,42.35493],[-71.05119,42.35497],[-71.05116,42.355],[-71.05113,42.35503],[-71.05111,42.35507],[-71.05109,42.35511],[-71.05107,42.35514],[-71.05106,42.35517],[-71.05104,42.35521],[-71.05102,42.35526],[-71.051,42.35532],[-71.05098,42.35537],[-71.05097,42.35542],[-71.05093,42.35554],[-71.05091,42.35564],[-71.05088,42.35575],[-71.05081,42.35622],[-71.0508,42.35629],[-71.05079,42.35638],[-71.05079,42.35642],[-71.05077,42.35657],[-71.05077,42.35662],[-71.05077,42.35668],[-71.05077,42.35674],[-71.05078,42.35692]]},"properties":{"lts":3,"name":"Atlantic Avenue","osmId":1098934122}},{"type":"Feature","geometry":{"type":"LineString","coordinates":[[-71.05937,42.3511],[-71.0594,42.35102],[-71.0597,42.35027]]},"properties":{"lts":3,"name":"John F. Fitzgerald Surface Road","osmId":1108974693}},{"type":"Feature","geometry":{"type":"LineString","coordinates":[[-71.0942,42.31293],[-71.09453,42.31305]]},"properties":{"lts":3,"name":"Seaver Street","osmId":1109913053}},{"type":"Feature","geometry":{"type":"LineString","coordinates":[[-71.06465,42.3655],[-71.06445,42.36531],[-71.06443,42.36528],[-71.06431,42.36519]]},"properties":{"lts":3,"name":"Lomasney Way","osmId":1112854867}},{"type":"Feature","geometry":{"type":"LineString","coordinates":[[-71.06431,42.36519],[-71.06422,42.3651],[-71.06414,42.36502],[-71.06408,42.36495]]},"properties":{"lts":3,"name":"Lomasney Way","osmId":1112854868}},{"type":"Feature","geometry":{"type":"LineString","coordinates":[[-71.07178,42.38315],[-71.0717,42.38331],[-71.07169,42.38333],[-71.07167,42.38336],[-71.07161,42.38342]]},"properties":{"lts":3,"name":"Main Street","osmId":1119626508}},{"type":"Feature","geometry":{"type":"LineString","coordinates":[[-71.09195,42.34919],[-71.09272,42.34917],[-71.09285,42.34917]]},"properties":{"lts":3,"name":"Commonwealth Avenue","osmId":1119772946}},{"type":"Feature","geometry":{"type":"LineString","coordinates":[[-71.06448,42.34735],[-71.06455,42.34737],[-71.06562,42.34765],[-71.06571,42.34768]]},"properties":{"lts":3,"name":"Marginal Road","osmId":1119776242}},{"type":"Feature","geometry":{"type":"LineString","coordinates":[[-71.11783,42.36418],[-71.11788,42.36418]]},"properties":{"lts":3,"name":"Western Avenue","osmId":1119834877}},{"type":"Feature","geometry":{"type":"LineString","coordinates":[[-71.04227,42.34626],[-71.0423,42.34624],[-71.04235,42.34619],[-71.0426,42.34597]]},"properties":{"lts":3,"name":"D Street","osmId":1120111504}},{"type":"Feature","geometry":{"type":"LineString","coordinates":[[-71.04888,42.35335],[-71.04872,42.35328]]},"properties":{"lts":3,"name":"Seaport Boulevard","osmId":1120503844}},{"type":"Feature","geometry":{"type":"LineString","coordinates":[[-71.13215,42.35581],[-71.13228,42.35576],[-71.13233,42.35574],[-71.13237,42.35572]]},"properties":{"lts":3,"name":"Cambridge Street","osmId":1121986196}},{"type":"Feature","geometry":{"type":"LineString","coordinates":[[-71.06437,42.34732],[-71.06448,42.34735]]},"properties":{"lts":3,"name":"Marginal Road","osmId":1123318855}},{"type":"Feature","geometry":{"type":"LineString","coordinates":[[-71.03561,42.34146],[-71.03562,42.3415],[-71.03563,42.34153],[-71.03564,42.34157],[-71.03565,42.34161],[-71.03566,42.34165],[-71.03568,42.34168],[-71.03569,42.34171],[-71.0357,42.34174]]},"properties":{"lts":3,"name":"Summer Street","osmId":1123532930}},{"type":"Feature","geometry":{"type":"LineString","coordinates":[[-71.11194,42.30193],[-71.11207,42.30179]]},"properties":{"lts":2,"name":"Washington Street","osmId":1130549408}},{"type":"Feature","geometry":{"type":"LineString","coordinates":[[-71.11184,42.30205],[-71.11194,42.30193]]},"properties":{"lts":2,"name":"Washington Street","osmId":1130549409}},{"type":"Feature","geometry":{"type":"LineString","coordinates":[[-71.06744,42.39427],[-71.06735,42.39439]]},"properties":{"lts":4,"name":"Broadway","osmId":1136392748}},{"type":"Feature","geometry":{"type":"LineString","coordinates":[[-71.05688,42.32594],[-71.05688,42.32602]]},"properties":{"lts":2,"name":"Dorchester Avenue","osmId":1151028443}},{"type":"Feature","geometry":{"type":"LineString","coordinates":[[-71.0891,42.32021],[-71.08896,42.32015],[-71.08892,42.32013]]},"properties":{"lts":3,"name":"Martin Luther King Jr Boulevard","osmId":1163872359}},{"type":"Feature","geometry":{"type":"LineString","coordinates":[[-71.07173,42.31057],[-71.0719,42.31048],[-71.07193,42.31046]]},"properties":{"lts":3,"name":"Columbia Road","osmId":1164094217}},{"type":"Feature","geometry":{"type":"LineString","coordinates":[[-71.07193,42.31046],[-71.07233,42.31021]]},"properties":{"lts":3,"name":"Columbia Road","osmId":1164094218}},{"type":"Feature","geometry":{"type":"LineString","coordinates":[[-71.05996,42.30957],[-71.06003,42.30962],[-71.06006,42.30966],[-71.06007,42.3097],[-71.06008,42.30976],[-71.06007,42.30982],[-71.06003,42.30989],[-71.05996,42.30998]]},"properties":{"lts":3,"name":"Hancock Street","osmId":1176626832}},{"type":"Feature","geometry":{"type":"LineString","coordinates":[[-71.12465,42.28971],[-71.12468,42.28969]]},"properties":{"lts":2,"name":"Washington Street","osmId":1176653038}},{"type":"Feature","geometry":{"type":"LineString","coordinates":[[-71.12468,42.28969],[-71.12514,42.28925],[-71.12548,42.28893],[-71.12576,42.28867],[-71.1258,42.28863],[-71.12584,42.28859],[-71.12596,42.28848],[-71.12625,42.28821]]},"properties":{"lts":3,"name":"Washington Street","osmId":1176653039}},{"type":"Feature","geometry":{"type":"LineString","coordinates":[[-71.07878,42.28721],[-71.07873,42.28725],[-71.07863,42.28735],[-71.07857,42.28741]]},"properties":{"lts":2,"name":"Norfolk Street","osmId":1181851776}},{"type":"Feature","geometry":{"type":"LineString","coordinates":[[-71.05134,42.35789],[-71.05135,42.35793],[-71.05136,42.35798],[-71.05145,42.35828],[-71.05148,42.35842],[-71.05151,42.35851],[-71.05155,42.35867],[-71.05158,42.35877]]},"properties":{"lts":3,"name":"Atlantic Avenue","osmId":1188182969}},{"type":"Feature","geometry":{"type":"LineString","coordinates":[[-71.05166,42.35906],[-71.05178,42.35952],[-71.0518,42.35957],[-71.05182,42.35963]]},"properties":{"lts":3,"name":"Atlantic Avenue","osmId":1188182970}},{"type":"Feature","geometry":{"type":"LineString","coordinates":[[-71.05182,42.35963],[-71.05183,42.35968],[-71.05185,42.35974],[-71.05187,42.35977],[-71.05188,42.35981],[-71.0519,42.35986],[-71.05192,42.3599],[-71.05194,42.35994],[-71.05196,42.35998],[-71.052,42.36005],[-71.05204,42.36012],[-71.05207,42.36017],[-71.05213,42.36026],[-71.05216,42.3603],[-71.05218,42.36034]]},"properties":{"lts":3,"name":"Atlantic Avenue","osmId":1188182971}},{"type":"Feature","geometry":{"type":"LineString","coordinates":[[-71.05158,42.35877],[-71.05161,42.35888],[-71.05166,42.35906]]},"properties":{"lts":3,"name":"Atlantic Avenue","osmId":1188182972}},{"type":"Feature","geometry":{"type":"LineString","coordinates":[[-71.06101,42.36365],[-71.06105,42.36369],[-71.06224,42.36475]]},"properties":{"lts":3,"name":"Portland Street","osmId":1188185791}},{"type":"Feature","geometry":{"type":"LineString","coordinates":[[-71.03949,42.34464],[-71.03972,42.34479]]},"properties":{"lts":3,"name":"Summer Street","osmId":1188194572}},{"type":"Feature","geometry":{"type":"LineString","coordinates":[[-71.03475,42.34467],[-71.03434,42.34468]]},"properties":{"lts":2,"name":"Drydock Avenue","osmId":1188195651}},{"type":"Feature","geometry":{"type":"LineString","coordinates":[[-71.12521,42.35213],[-71.1252,42.35213],[-71.12516,42.35212],[-71.12512,42.35212],[-71.12498,42.35211],[-71.12488,42.3521],[-71.12481,42.35209],[-71.12467,42.35209]]},"properties":{"lts":3,"name":"Brighton Avenue","osmId":1192462674}},{"type":"Feature","geometry":{"type":"LineString","coordinates":[[-71.05828,42.35226],[-71.05835,42.35222],[-71.0584,42.35219]]},"properties":{"lts":3,"name":"John F. Fitzgerald Surface Road","osmId":1195901266}},{"type":"Feature","geometry":{"type":"LineString","coordinates":[[-71.0803,42.38223],[-71.08014,42.38225],[-71.07985,42.38228],[-71.0798,42.38228],[-71.07976,42.38228],[-71.07974,42.38229]]},"properties":{"lts":2,"name":"Cambridge Street","osmId":1196171461}},{"type":"Feature","geometry":{"type":"LineString","coordinates":[[-71.07974,42.38229],[-71.07959,42.3823]]},"properties":{"lts":2,"name":"Cambridge Street","osmId":1196171462}},{"type":"Feature","geometry":{"type":"LineString","coordinates":[[-71.07959,42.3823],[-71.07942,42.38232],[-71.07938,42.38232],[-71.07924,42.38234]]},"properties":{"lts":2,"name":"Cambridge Street","osmId":1196171463}},{"type":"Feature","geometry":{"type":"LineString","coordinates":[[-71.07924,42.38234],[-71.07899,42.38238],[-71.07887,42.38241],[-71.07852,42.3825]]},"properties":{"lts":2,"name":"Cambridge Street","osmId":1196171464}},{"type":"Feature","geometry":{"type":"LineString","coordinates":[[-71.07852,42.3825],[-71.07825,42.38257],[-71.07783,42.38271]]},"properties":{"lts":2,"name":"Cambridge Street","osmId":1196171465}},{"type":"Feature","geometry":{"type":"LineString","coordinates":[[-71.05765,42.34971],[-71.05775,42.34974],[-71.05779,42.34974],[-71.05782,42.34975],[-71.05786,42.34975],[-71.05789,42.34976],[-71.05793,42.34976],[-71.05796,42.34976],[-71.058,42.34975]]},"properties":{"lts":2,"name":"Kneeland Street","osmId":1198318806}},{"type":"Feature","geometry":{"type":"LineString","coordinates":[[-71.05836,42.34983],[-71.05874,42.34991],[-71.05877,42.34992],[-71.05894,42.34995]]},"properties":{"lts":3,"name":"Kneeland Street","osmId":1198318807}},{"type":"Feature","geometry":{"type":"LineString","coordinates":[[-71.08396,42.30342],[-71.08385,42.30342],[-71.08377,42.30342],[-71.08368,42.30343],[-71.0836,42.30344],[-71.08352,42.30346],[-71.08344,42.30347]]},"properties":{"lts":3,"name":"Columbia Road","osmId":1198827625}},{"type":"Feature","geometry":{"type":"LineString","coordinates":[[-71.08427,42.30342],[-71.08422,42.30342],[-71.08412,42.30342],[-71.08396,42.30342]]},"properties":{"lts":3,"name":"Columbia Road","osmId":1198827626}},{"type":"Feature","geometry":{"type":"LineString","coordinates":[[-71.05257,42.32862],[-71.05256,42.32825]]},"properties":{"lts":3,"name":"Old Colony Avenue","osmId":1198828536}},{"type":"Feature","geometry":{"type":"LineString","coordinates":[[-71.05256,42.32825],[-71.05252,42.32709]]},"properties":{"lts":3,"name":"Old Colony Avenue","osmId":1198828537}},{"type":"Feature","geometry":{"type":"LineString","coordinates":[[-71.05252,42.32709],[-71.05251,42.32701],[-71.05251,42.32694],[-71.05251,42.32682]]},"properties":{"lts":3,"name":"Old Colony Avenue","osmId":1198828538}},{"type":"Feature","geometry":{"type":"LineString","coordinates":[[-71.05251,42.32682],[-71.05249,42.32644],[-71.05247,42.32602],[-71.05245,42.32528],[-71.05242,42.32466]]},"properties":{"lts":3,"name":"Old Colony Avenue","osmId":1198828539}},{"type":"Feature","geometry":{"type":"LineString","coordinates":[[-71.04669,42.31361],[-71.04648,42.31371],[-71.04643,42.31373],[-71.04634,42.31377],[-71.0463,42.31378],[-71.0462,42.31382],[-71.04617,42.31384]]},"properties":{"lts":3,"name":"Dominic J. Bianculli Boulevard","osmId":1201000289}},{"type":"Feature","geometry":{"type":"LineString","coordinates":[[-71.03888,42.37009],[-71.03892,42.37012],[-71.03894,42.37015],[-71.03896,42.37019]]},"properties":{"lts":3,"name":"Maverick Street","osmId":1207626742}},{"type":"Feature","geometry":{"type":"LineString","coordinates":[[-71.05674,42.34078],[-71.05659,42.34091]]},"properties":{"lts":2,"name":"A Street","osmId":1212693230}},{"type":"Feature","geometry":{"type":"LineString","coordinates":[[-71.05659,42.34091],[-71.05642,42.34106],[-71.05639,42.34108],[-71.05634,42.34112]]},"properties":{"lts":2,"name":"A Street","osmId":1212693232}},{"type":"Feature","geometry":{"type":"LineString","coordinates":[[-71.09956,42.3356],[-71.09955,42.33562],[-71.09949,42.33569],[-71.09946,42.33574]]},"properties":{"lts":2,"name":"Saint Alphonsus Street","osmId":1212703849}},{"type":"Feature","geometry":{"type":"LineString","coordinates":[[-71.03921,42.37865],[-71.03921,42.37872],[-71.03923,42.37942]]},"properties":{"lts":2,"name":"Meridian Street","osmId":1217036169}},{"type":"Feature","geometry":{"type":"LineString","coordinates":[[-71.09614,42.33165],[-71.09622,42.33166],[-71.09715,42.33179]]},"properties":{"lts":2,"name":"Tremont Street","osmId":1225477471}},{"type":"Feature","geometry":{"type":"LineString","coordinates":[[-71.09715,42.33179],[-71.09723,42.3318],[-71.09726,42.3318],[-71.09742,42.33183],[-71.09756,42.33185],[-71.09773,42.33188]]},"properties":{"lts":2,"name":"Tremont Street","osmId":1225477472}},{"type":"Feature","geometry":{"type":"LineString","coordinates":[[-71.09773,42.33188],[-71.09789,42.33192]]},"properties":{"lts":2,"name":"Tremont Street","osmId":1225477473}},{"type":"Feature","geometry":{"type":"LineString","coordinates":[[-71.09789,42.33192],[-71.09887,42.33216]]},"properties":{"lts":2,"name":"Tremont Street","osmId":1225477474}},{"type":"Feature","geometry":{"type":"LineString","coordinates":[[-71.09887,42.33216],[-71.09911,42.33222]]},"properties":{"lts":2,"name":"Tremont Street","osmId":1225477475}},{"type":"Feature","geometry":{"type":"LineString","coordinates":[[-71.09911,42.33222],[-71.09932,42.33228]]},"properties":{"lts":2,"name":"Tremont Street","osmId":1225477476}},{"type":"Feature","geometry":{"type":"LineString","coordinates":[[-71.09932,42.33228],[-71.09938,42.3323],[-71.09959,42.33236],[-71.09974,42.3324],[-71.09996,42.33246],[-71.09998,42.33247],[-71.10004,42.33249]]},"properties":{"lts":2,"name":"Tremont Street","osmId":1225477477}},{"type":"Feature","geometry":{"type":"LineString","coordinates":[[-71.08703,42.34586],[-71.08692,42.34563]]},"properties":{"lts":3,"name":"Massachusetts Avenue","osmId":1242122829}},{"type":"Feature","geometry":{"type":"LineString","coordinates":[[-71.07447,42.38391],[-71.07439,42.38391]]},"properties":{"lts":3,"name":"Cambridge Street","osmId":1260749498}},{"type":"Feature","geometry":{"type":"LineString","coordinates":[[-71.07431,42.38404],[-71.07444,42.38394],[-71.07447,42.38391]]},"properties":{"lts":3,"name":"Cambridge Street","osmId":1260749499}},{"type":"Feature","geometry":{"type":"LineString","coordinates":[[-71.12577,42.36622],[-71.1256,42.3664],[-71.12526,42.36674],[-71.125,42.36702],[-71.12459,42.36743],[-71.12449,42.36753]]},"properties":{"lts":2,"name":"North Harvard Street","osmId":1263870757}},{"type":"Feature","geometry":{"type":"LineString","coordinates":[[-71.1194,42.36054],[-71.11905,42.36061]]},"properties":{"lts":3,"name":"Cambridge Street","osmId":1267768736}},{"type":"Feature","geometry":{"type":"LineString","coordinates":[[-71.07274,42.36124],[-71.07269,42.36123],[-71.07261,42.36122],[-71.07248,42.36121],[-71.07219,42.36118],[-71.07211,42.36117],[-71.07204,42.36117],[-71.07197,42.36116],[-71.0719,42.36114],[-71.07183,42.36113],[-71.07176,42.36112],[-71.07168,42.36111],[-71.07162,42.3611],[-71.07159,42.36109],[-71.07156,42.36109]]},"properties":{"lts":2,"name":"Longfellow Bridge","osmId":1269161480}},{"type":"Feature","geometry":{"type":"LineString","coordinates":[[-71.14756,42.35865],[-71.14753,42.35871],[-71.14745,42.35884]]},"properties":{"lts":3,"name":"Market Street","osmId":1273956684}},{"type":"Feature","geometry":{"type":"LineString","coordinates":[[-71.09398,42.3128],[-71.09409,42.31287],[-71.09409,42.31287],[-71.09418,42.31292],[-71.0942,42.31293]]},"properties":{"lts":3,"name":"Seaver Street","osmId":1277683519}},{"type":"Feature","geometry":{"type":"LineString","coordinates":[[-71.04543,42.34793],[-71.04533,42.34788],[-71.04476,42.34758]]},"properties":{"lts":3,"name":"Summer Street","osmId":1279173939}},{"type":"Feature","geometry":{"type":"LineString","coordinates":[[-71.10945,42.35026],[-71.10918,42.35022],[-71.10904,42.35021]]},"properties":{"lts":3,"name":"Commonwealth Avenue","osmId":1279430139}},{"type":"Feature","geometry":{"type":"LineString","coordinates":[[-71.06722,42.35086],[-71.06701,42.3509],[-71.06698,42.35091],[-71.06691,42.35092],[-71.06685,42.35094]]},"properties":{"lts":3,"name":"Stuart Street","osmId":1280740663}},{"type":"Feature","geometry":{"type":"LineString","coordinates":[[-71.08858,42.33488],[-71.08856,42.33488],[-71.08853,42.33488],[-71.08852,42.33487],[-71.0885,42.33487],[-71.08849,42.33487],[-71.08848,42.33486],[-71.08846,42.33485],[-71.08844,42.33483],[-71.08843,42.33482],[-71.08842,42.33481],[-71.08842,42.33479],[-71.08841,42.33477],[-71.08839,42.33475],[-71.08838,42.33473],[-71.08834,42.33467],[-71.08831,42.33463],[-71.08825,42.33457],[-71.08815,42.33451],[-71.0879,42.33437],[-71.08755,42.33418],[-71.08747,42.33414]]},"properties":{"lts":3,"name":"Ruggles Street","osmId":1281321443}},{"type":"Feature","geometry":{"type":"LineString","coordinates":[[-71.11835,42.29567],[-71.11844,42.29558],[-71.11849,42.29553],[-71.11852,42.29549],[-71.11856,42.29545],[-71.11858,42.29544]]},"properties":{"lts":2,"name":"Washington Street","osmId":1288190830}},{"type":"Feature","geometry":{"type":"LineString","coordinates":[[-71.08436,42.30342],[-71.08427,42.30342]]},"properties":{"lts":3,"name":"Columbia Road","osmId":1289084833}},{"type":"Feature","geometry":{"type":"LineString","coordinates":[[-71.05969,42.32002],[-71.05983,42.32002],[-71.05998,42.32003],[-71.06011,42.32005],[-71.06023,42.32006],[-71.06034,42.32008],[-71.06044,42.3201],[-71.06055,42.32013]]},"properties":{"lts":2,"name":"Columbia Road","osmId":1289726725}},{"type":"Feature","geometry":{"type":"LineString","coordinates":[[-71.08747,42.33414],[-71.0874,42.33409],[-71.08738,42.33408],[-71.08729,42.33403],[-71.08701,42.33388]]},"properties":{"lts":3,"name":"Ruggles Street","osmId":1290372756}},{"type":"Feature","geometry":{"type":"LineString","coordinates":[[-71.08114,42.38211],[-71.08088,42.38215]]},"properties":{"lts":3,"name":"Washington Street","osmId":1292989788}},{"type":"Feature","geometry":{"type":"LineString","coordinates":[[-71.13298,42.35544],[-71.13291,42.35547],[-71.13276,42.35554]]},"properties":{"lts":2,"name":"Cambridge Street","osmId":1292989837}},{"type":"Feature","geometry":{"type":"LineString","coordinates":[[-71.05286,42.36087],[-71.05288,42.36084],[-71.0529,42.36082],[-71.05293,42.36079],[-71.05295,42.36077]]},"properties":{"lts":3,"name":"Mercantile Street","osmId":1297816223}},{"type":"Feature","geometry":{"type":"LineString","coordinates":[[-71.09039,42.34408],[-71.09042,42.34409],[-71.09045,42.34411],[-71.09048,42.34413],[-71.09053,42.34415]]},"properties":{"lts":2,"name":"Westland Avenue","osmId":1303611196}},{"type":"Feature","geometry":{"type":"LineString","coordinates":[[-71.10048,42.34471],[-71.1005,42.34471],[-71.10051,42.34472],[-71.10053,42.34473],[-71.10054,42.34473],[-71.10055,42.34474],[-71.10057,42.34474],[-71.10059,42.34475],[-71.10061,42.34475],[-71.10064,42.34476],[-71.10066,42.34476],[-71.10068,42.34477],[-71.1007,42.34477],[-71.10072,42.34477],[-71.10074,42.34478],[-71.10076,42.34479],[-71.10078,42.34479],[-71.1008,42.3448],[-71.10082,42.34481],[-71.10085,42.34483],[-71.10089,42.34484],[-71.10098,42.34489]]},"properties":{"lts":3,"name":"Kilmarnock Street","osmId":1306275923}},{"type":"Feature","geometry":{"type":"LineString","coordinates":[[-71.08761,42.34361],[-71.08724,42.34355]]},"properties":{"lts":2,"name":"Westland Avenue","osmId":1309546613}},{"type":"Feature","geometry":{"type":"LineString","coordinates":[[-71.08521,42.34296],[-71.0851,42.34289],[-71.08506,42.34286],[-71.08503,42.34284]]},"properties":{"lts":3,"name":"Massachusetts Avenue","osmId":1309816692}},{"type":"Feature","geometry":{"type":"LineString","coordinates":[[-71.08445,42.34245],[-71.08453,42.3425]]},"properties":{"lts":3,"name":"Massachusetts Avenue","osmId":1309816694}},{"type":"Feature","geometry":{"type":"LineString","coordinates":[[-71.11075,42.32825],[-71.11074,42.3283],[-71.11074,42.32834],[-71.11073,42.32839]]},"properties":{"lts":3,"name":"South Huntington Avenue","osmId":1315231104}},{"type":"Feature","geometry":{"type":"LineString","coordinates":[[-71.10545,42.34734],[-71.10551,42.34747],[-71.10555,42.34753]]},"properties":{"lts":3,"name":"Park Drive","osmId":1316556065}},{"type":"Feature","geometry":{"type":"LineString","coordinates":[[-71.08594,42.34363],[-71.08591,42.34357],[-71.08589,42.34355],[-71.08584,42.34344],[-71.08579,42.34337]]},"properties":{"lts":3,"name":"Massachusetts Avenue","osmId":1317061163}},{"type":"Feature","geometry":{"type":"LineString","coordinates":[[-71.08991,42.34396],[-71.08981,42.34394],[-71.08979,42.34394],[-71.08944,42.34389]]},"properties":{"lts":2,"name":"Westland Avenue","osmId":1317061165}},{"type":"Feature","geometry":{"type":"LineString","coordinates":[[-71.0754,42.38357],[-71.07525,42.38363]]},"properties":{"lts":3,"name":"Cambridge Street","osmId":1322061143}},{"type":"Feature","geometry":{"type":"LineString","coordinates":[[-71.04994,42.30111],[-71.04978,42.30102]]},"properties":{"lts":3,"name":"Freeport Street","osmId":1323782584}},{"type":"Feature","geometry":{"type":"LineString","coordinates":[[-71.05975,42.35014],[-71.05989,42.35019],[-71.06016,42.35027],[-71.0602,42.35028],[-71.06025,42.3503],[-71.06081,42.35045],[-71.06087,42.35047]]},"properties":{"lts":3,"name":"Kneeland Street","osmId":1323824615}},{"type":"Feature","geometry":{"type":"LineString","coordinates":[[-71.06087,42.35047],[-71.06093,42.35049],[-71.06122,42.35056],[-71.06128,42.35058]]},"properties":{"lts":2,"name":"Kneeland Street","osmId":1323824616}},{"type":"Feature","geometry":{"type":"LineString","coordinates":[[-71.06128,42.35058],[-71.06137,42.3506],[-71.06145,42.35062],[-71.06152,42.35064]]},"properties":{"lts":3,"name":"Kneeland Street","osmId":1323824617}},{"type":"Feature","geometry":{"type":"LineString","coordinates":[[-71.05844,42.30758],[-71.05836,42.30755],[-71.05831,42.30753],[-71.05828,42.30752],[-71.05824,42.30749],[-71.05819,42.30744],[-71.05817,42.30742]]},"properties":{"lts":2,"name":"Freeport Street","osmId":1323825259}},{"type":"Feature","geometry":{"type":"LineString","coordinates":[[-71.08983,42.35155],[-71.08976,42.3514]]},"properties":{"lts":2,"name":"Massachusetts Avenue","osmId":1324666828}},{"type":"Feature","geometry":{"type":"LineString","coordinates":[[-71.13264,42.3556],[-71.13276,42.35554]]},"properties":{"lts":3,"name":"Cambridge Street","osmId":1327129635}},{"type":"Feature","geometry":{"type":"LineString","coordinates":[[-71.12747,42.35761],[-71.12756,42.35758],[-71.12763,42.35755]]},"properties":{"lts":3,"name":"Cambridge Street","osmId":1327129636}},{"type":"Feature","geometry":{"type":"LineString","coordinates":[[-71.10926,42.32218],[-71.10859,42.32235],[-71.10853,42.32236],[-71.10846,42.32237],[-71.10841,42.32239],[-71.10835,42.3224],[-71.10829,42.32241],[-71.10822,42.32242],[-71.10815,42.32243],[-71.10809,42.32243],[-71.10765,42.32247],[-71.10742,42.32249],[-71.10727,42.3225]]},"properties":{"lts":2,"name":"Centre Street","osmId":1328655526}},{"type":"Feature","geometry":{"type":"LineString","coordinates":[[-71.14836,42.33655],[-71.14865,42.33648]]},"properties":{"lts":3,"name":"Beacon Street","osmId":1330784592}},{"type":"Feature","geometry":{"type":"LineString","coordinates":[[-71.12638,42.28809],[-71.12658,42.28789],[-71.12686,42.28764],[-71.12692,42.28759],[-71.12721,42.2873],[-71.12742,42.28713]]},"properties":{"lts":2,"name":"Washington Street","osmId":1334140856}},{"type":"Feature","geometry":{"type":"LineString","coordinates":[[-71.12625,42.28821],[-71.12631,42.28815],[-71.12638,42.28809]]},"properties":{"lts":3,"name":"Washington Street","osmId":1334140857}},{"type":"Feature","geometry":{"type":"LineString","coordinates":[[-71.15068,42.34896],[-71.15069,42.34892],[-71.15071,42.34888],[-71.15072,42.34886],[-71.15073,42.34884],[-71.15076,42.3488],[-71.1508,42.34873],[-71.15087,42.34862],[-71.15095,42.34849]]},"properties":{"lts":2,"name":"Winship Street","osmId":1338770585}},{"type":"Feature","geometry":{"type":"LineString","coordinates":[[-71.09184,42.32162],[-71.09194,42.32169]]},"properties":{"lts":3,"name":"Martin Luther King Jr Boulevard","osmId":1342417939}},{"type":"Feature","geometry":{"type":"LineString","coordinates":[[-71.09209,42.32158],[-71.09202,42.32153],[-71.09198,42.32151]]},"properties":{"lts":3,"name":"Martin Luther King Jr Boulevard","osmId":1342417941}},{"type":"Feature","geometry":{"type":"LineString","coordinates":[[-71.09558,42.34571],[-71.09561,42.34576],[-71.09563,42.34582],[-71.09564,42.34583],[-71.09565,42.34585],[-71.09566,42.34587],[-71.09566,42.34588],[-71.09566,42.3459],[-71.09566,42.34591],[-71.09566,42.34593],[-71.09566,42.34596],[-71.09565,42.34597],[-71.09564,42.34599],[-71.09564,42.34601],[-71.09563,42.34602],[-71.09562,42.34604],[-71.09561,42.34606],[-71.09559,42.34608],[-71.09556,42.3461],[-71.09457,42.34699],[-71.09445,42.3471],[-71.09432,42.34721]]},"properties":{"lts":2,"name":"Ipswich Street","osmId":1344666016}},{"type":"Feature","geometry":{"type":"LineString","coordinates":[[-71.15113,42.33594],[-71.15112,42.33594],[-71.15107,42.33593],[-71.15089,42.33591]]},"properties":{"lts":3,"name":"Beacon Street","osmId":1344666671}},{"type":"Feature","geometry":{"type":"LineString","coordinates":[[-71.10136,42.34454],[-71.10108,42.3448],[-71.10106,42.34482],[-71.10098,42.34489]]},"properties":{"lts":3,"name":"Brookline Avenue","osmId":1349583346}},{"type":"Feature","geometry":{"type":"LineString","coordinates":[[-71.14766,42.35849],[-71.14757,42.35865],[-71.14756,42.35865]]},"properties":{"lts":3,"name":"Market Street","osmId":1355984607}},{"type":"Feature","geometry":{"type":"LineString","coordinates":[[-71.08294,42.32801],[-71.08292,42.3281],[-71.08291,42.32818]]},"properties":{"lts":3,"name":"Harrison Avenue","osmId":1356956487}},{"type":"Feature","geometry":{"type":"LineString","coordinates":[[-71.07476,42.3838],[-71.07516,42.38366],[-71.07519,42.38365],[-71.07525,42.38363]]},"properties":{"lts":2,"name":"Cambridge Street","osmId":1363282716}},{"type":"Feature","geometry":{"type":"LineString","coordinates":[[-71.09957,42.34817],[-71.09848,42.34847]]},"properties":{"lts":3,"name":"Beacon Street","osmId":1364167643}},{"type":"Feature","geometry":{"type":"LineString","coordinates":[[-71.09957,42.34817],[-71.09986,42.34815],[-71.10163,42.34766],[-71.10172,42.34761],[-71.10175,42.34759],[-71.10185,42.34754]]},"properties":{"lts":3,"name":"Beacon Street","osmId":1364675670}},{"type":"Feature","geometry":{"type":"LineString","coordinates":[[-71.04115,42.31485],[-71.04126,42.31476],[-71.04128,42.31474],[-71.04131,42.31472],[-71.04136,42.31468],[-71.04138,42.31466],[-71.04142,42.31462]]},"properties":{"lts":2,"name":"University Drive West","osmId":1365846169}},{"type":"Feature","geometry":{"type":"LineString","coordinates":[[-71.04142,42.31462],[-71.04144,42.31461],[-71.04145,42.31459],[-71.04148,42.31457],[-71.04153,42.31453],[-71.04157,42.31449],[-71.04161,42.31446],[-71.04163,42.31444],[-71.04166,42.31442]]},"properties":{"lts":2,"name":"University Drive West","osmId":1365846170}},{"type":"Feature","geometry":{"type":"LineString","coordinates":[[-71.04112,42.31488],[-71.04115,42.31485]]},"properties":{"lts":2,"name":"University Drive West","osmId":1365846171}},{"type":"Feature","geometry":{"type":"LineString","coordinates":[[-71.07229,42.31007],[-71.07191,42.31029],[-71.07159,42.31049],[-71.07132,42.31064],[-71.07076,42.31091],[-71.07052,42.31103]]},"properties":{"lts":3,"name":"Columbia Road","osmId":1370794262}},{"type":"Feature","geometry":{"type":"LineString","coordinates":[[-71.09853,42.34723],[-71.09744,42.34827]]},"properties":{"lts":2,"name":"Brookline Avenue","osmId":1372198529}},{"type":"Feature","geometry":{"type":"LineString","coordinates":[[-71.14754,42.35884],[-71.14755,42.35871],[-71.14756,42.35865]]},"properties":{"lts":3,"name":null,"osmId":1375091543}},{"type":"Feature","geometry":{"type":"LineString","coordinates":[[-71.10906,42.33995],[-71.10925,42.34006],[-71.10941,42.34015],[-71.10943,42.34016],[-71.10945,42.34017],[-71.10949,42.34019],[-71.10952,42.34021],[-71.10954,42.34022]]},"properties":{"lts":2,"name":"Longwood Avenue","osmId":1377307069}},{"type":"Feature","geometry":{"type":"LineString","coordinates":[[-71.10726,42.33891],[-71.10738,42.33897],[-71.10742,42.339],[-71.10746,42.33902],[-71.10798,42.33932]]},"properties":{"lts":3,"name":"Longwood Avenue","osmId":1377307070}},{"type":"Feature","geometry":{"type":"LineString","coordinates":[[-71.10798,42.33932],[-71.10826,42.33948],[-71.10831,42.33951]]},"properties":{"lts":3,"name":"Longwood Avenue","osmId":1377307071}},{"type":"Feature","geometry":{"type":"LineString","coordinates":[[-71.10954,42.34022],[-71.10959,42.34024],[-71.10964,42.34026],[-71.10968,42.34027],[-71.1097,42.34028],[-71.10972,42.34028],[-71.10973,42.34029],[-71.10976,42.34029],[-71.10979,42.3403],[-71.10991,42.34032]]},"properties":{"lts":3,"name":"Longwood Avenue","osmId":1377307075}},{"type":"Feature","geometry":{"type":"LineString","coordinates":[[-71.08678,42.34348],[-71.08647,42.34343],[-71.08642,42.34342]]},"properties":{"lts":2,"name":"Westland Avenue","osmId":1377364080}},{"type":"Feature","geometry":{"type":"LineString","coordinates":[[-71.08197,42.318],[-71.08192,42.3181],[-71.08182,42.31829]]},"properties":{"lts":3,"name":"Warren Street","osmId":1378032893}},{"type":"Feature","geometry":{"type":"LineString","coordinates":[[-71.11073,42.32839],[-71.11072,42.32849],[-71.11072,42.3285],[-71.11072,42.32851],[-71.11072,42.32855],[-71.11072,42.32862],[-71.11072,42.32862],[-71.11072,42.32866],[-71.11072,42.32868]]},"properties":{"lts":3,"name":"South Huntington Avenue","osmId":1378262446}},{"type":"Feature","geometry":{"type":"LineString","coordinates":[[-71.07909,42.27812],[-71.07903,42.27808],[-71.0789,42.278]]},"properties":{"lts":3,"name":"Morton Street","osmId":1378321224}},{"type":"Feature","geometry":{"type":"LineString","coordinates":[[-71.06455,42.28638],[-71.06453,42.28636],[-71.0645,42.28634],[-71.06449,42.28633],[-71.06446,42.28632],[-71.06445,42.28631],[-71.06442,42.2863],[-71.06438,42.2863],[-71.06434,42.28629],[-71.06416,42.28627]]},"properties":{"lts":3,"name":"Talbot Avenue","osmId":1378395719}},{"type":"Feature","geometry":{"type":"LineString","coordinates":[[-71.08846,42.30191],[-71.08839,42.30192],[-71.0883,42.30193],[-71.08821,42.30194],[-71.08811,42.30196],[-71.08801,42.30198],[-71.08793,42.302],[-71.08785,42.30203],[-71.08777,42.30206],[-71.0877,42.30209],[-71.08761,42.30214]]},"properties":{"lts":2,"name":"Circuit Drive","osmId":1382208911}},{"type":"Feature","geometry":{"type":"LineString","coordinates":[[-71.12227,42.36383],[-71.12236,42.36382]]},"properties":{"lts":2,"name":"Western Avenue","osmId":1382287813}},{"type":"Feature","geometry":{"type":"LineString","coordinates":[[-71.08139,42.31955],[-71.08138,42.31969],[-71.08138,42.3198]]},"properties":{"lts":3,"name":"Warren Street","osmId":1382957654}},{"type":"Feature","geometry":{"type":"LineString","coordinates":[[-71.12294,42.3198],[-71.12303,42.31978],[-71.12312,42.31975],[-71.12319,42.31972],[-71.12322,42.3197],[-71.12326,42.31969],[-71.12328,42.31968],[-71.12331,42.31966],[-71.12337,42.31963],[-71.12343,42.3196],[-71.12349,42.31957],[-71.12354,42.31955]]},"properties":{"lts":3,"name":"Perkins Street","osmId":1387897693}},{"type":"Feature","geometry":{"type":"LineString","coordinates":[[-71.12354,42.31955],[-71.12358,42.31952],[-71.1236,42.31951],[-71.12362,42.3195],[-71.12365,42.31948],[-71.12368,42.31947],[-71.1237,42.31945],[-71.12373,42.31944],[-71.12375,42.31943],[-71.12377,42.31942],[-71.1238,42.3194],[-71.12382,42.3194],[-71.12384,42.31939],[-71.12388,42.31937],[-71.12392,42.31935],[-71.12396,42.31934]]},"properties":{"lts":3,"name":"Perkins Street","osmId":1387897694}},{"type":"Feature","geometry":{"type":"LineString","coordinates":[[-71.12539,42.31881],[-71.12543,42.3188],[-71.12551,42.31878],[-71.12585,42.31872]]},"properties":{"lts":3,"name":"Perkins Street","osmId":1387897695}},{"type":"Feature","geometry":{"type":"LineString","coordinates":[[-71.11092,42.35022],[-71.11092,42.35024],[-71.11092,42.35025],[-71.11092,42.35027],[-71.11092,42.3503],[-71.11092,42.3503],[-71.11092,42.35033],[-71.11092,42.35039]]},"properties":{"lts":4,"name":null,"osmId":1388647115}},{"type":"Feature","geometry":{"type":"LineString","coordinates":[[-71.09525,42.34913],[-71.09546,42.34913],[-71.09561,42.34912],[-71.09569,42.34912],[-71.09575,42.34912],[-71.09576,42.34912],[-71.09578,42.34912],[-71.09581,42.34912],[-71.09585,42.34911],[-71.09591,42.3491],[-71.09597,42.34909],[-71.09604,42.34908]]},"properties":{"lts":2,"name":"Commonwealth Avenue","osmId":1389436947}},{"type":"Feature","geometry":{"type":"LineString","coordinates":[[-71.09741,42.34882],[-71.09716,42.34879]]},"properties":{"lts":2,"name":"Commonwealth Avenue","osmId":1389673835}},{"type":"Feature","geometry":{"type":"LineString","coordinates":[[-71.12807,42.35738],[-71.12815,42.35735]]},"properties":{"lts":3,"name":"Cambridge Street","osmId":1389685381}},{"type":"Feature","geometry":{"type":"LineString","coordinates":[[-71.10945,42.35026],[-71.10947,42.35029],[-71.10949,42.35032],[-71.10951,42.35035],[-71.10952,42.35036],[-71.10952,42.35037],[-71.10953,42.35038],[-71.10954,42.35038],[-71.10954,42.35039],[-71.10955,42.3504],[-71.10956,42.3504],[-71.10956,42.35041],[-71.10957,42.35042],[-71.10958,42.35043],[-71.10958,42.35043],[-71.10959,42.35043],[-71.10959,42.35043],[-71.1096,42.35044],[-71.1096,42.35044],[-71.10961,42.35044],[-71.10962,42.35045],[-71.10962,42.35045],[-71.10963,42.35045],[-71.10965,42.35046],[-71.10966,42.35046],[-71.10969,42.35048]]},"properties":{"lts":3,"name":"Carlton Street","osmId":1390572263}},{"type":"Feature","geometry":{"type":"LineString","coordinates":[[-71.03919,42.37783],[-71.03919,42.37786],[-71.03921,42.37846],[-71.03921,42.37859],[-71.03921,42.37865]]},"properties":{"lts":2,"name":"Meridian Street","osmId":1392208450}},{"type":"Feature","geometry":{"type":"LineString","coordinates":[[-71.09799,42.34889],[-71.0977,42.34885],[-71.09766,42.34885],[-71.09741,42.34882]]},"properties":{"lts":2,"name":"Commonwealth Avenue","osmId":1394170672}},{"type":"Feature","geometry":{"type":"LineString","coordinates":[[-71.09759,42.34903],[-71.09813,42.34909],[-71.09852,42.34914],[-71.09908,42.34921],[-71.09928,42.34923],[-71.10039,42.34936],[-71.10044,42.34937],[-71.10057,42.34938]]},"properties":{"lts":3,"name":"Commonwealth Avenue","osmId":1394170882}},{"type":"Feature","geometry":{"type":"LineString","coordinates":[[-71.10061,42.34919],[-71.10044,42.34917],[-71.09918,42.34903]]},"properties":{"lts":3,"name":"Commonwealth Avenue","osmId":1394171031}},{"type":"Feature","geometry":{"type":"LineString","coordinates":[[-71.10286,42.34946],[-71.10184,42.34934]]},"properties":{"lts":3,"name":"Commonwealth Avenue","osmId":1394171434}},{"type":"Feature","geometry":{"type":"LineString","coordinates":[[-71.09315,42.34036],[-71.09325,42.34056],[-71.09327,42.3406],[-71.09328,42.34064],[-71.09329,42.34066],[-71.09329,42.34068],[-71.0933,42.3407],[-71.0933,42.34074],[-71.0933,42.34076],[-71.0933,42.34076],[-71.09329,42.34078],[-71.09328,42.34081],[-71.09324,42.3409]]},"properties":{"lts":3,"name":"Forsyth Way","osmId":1395095216}},{"type":"Feature","geometry":{"type":"LineString","coordinates":[[-71.06224,42.36475],[-71.06227,42.36478],[-71.06231,42.36481]]},"properties":{"lts":3,"name":"Portland Street","osmId":1395631286}},{"type":"Feature","geometry":{"type":"LineString","coordinates":[[-71.06372,42.36459],[-71.06356,42.36442],[-71.06352,42.36438],[-71.0635,42.36436],[-71.06349,42.36434],[-71.06348,42.36433]]},"properties":{"lts":3,"name":"Lomasney Way","osmId":1396466815}},{"type":"Feature","geometry":{"type":"LineString","coordinates":[[-71.10659,42.34991],[-71.10645,42.34989],[-71.10516,42.34974],[-71.10505,42.34972]]},"properties":{"lts":3,"name":"Commonwealth Avenue","osmId":1408116831}},{"type":"Feature","geometry":{"type":"LineString","coordinates":[[-71.0936,42.2761],[-71.09362,42.27523],[-71.09365,42.27433],[-71.09367,42.27348]]},"properties":{"lts":3,"name":"Blue Hill Avenue","osmId":1408449731}},{"type":"Feature","geometry":{"type":"LineString","coordinates":[[-71.09349,42.27404],[-71.09347,42.27457],[-71.09346,42.27483]]},"properties":{"lts":3,"name":"Blue Hill Avenue","osmId":1408449732}},{"type":"Feature","geometry":{"type":"LineString","coordinates":[[-71.08974,42.35136],[-71.08958,42.35105],[-71.08955,42.35097],[-71.08952,42.35093],[-71.08951,42.35091],[-71.08948,42.35084]]},"properties":{"lts":2,"name":"Massachusetts Avenue","osmId":1410948865}},{"type":"Feature","geometry":{"type":"LineString","coordinates":[[-71.14639,42.36054],[-71.14627,42.36073],[-71.14618,42.36087]]},"properties":{"lts":3,"name":"Leo M. Birmingham Parkway","osmId":1412408019}},{"type":"Feature","geometry":{"type":"LineString","coordinates":[[-71.08923,42.29122],[-71.08934,42.29088],[-71.08936,42.29085],[-71.08941,42.2907],[-71.08949,42.29044],[-71.08971,42.28978]]},"properties":{"lts":3,"name":"Blue Hill Avenue","osmId":1413364337}},{"type":"Feature","geometry":{"type":"LineString","coordinates":[[-71.095,42.34937],[-71.09511,42.34934],[-71.09529,42.34929]]},"properties":{"lts":3,"name":"Beacon Street","osmId":1413368792}},{"type":"Feature","geometry":{"type":"LineString","coordinates":[[-71.09499,42.34914],[-71.09509,42.34913],[-71.09514,42.34913],[-71.09525,42.34913]]},"properties":{"lts":3,"name":"Commonwealth Avenue","osmId":1413368793}},{"type":"Feature","geometry":{"type":"LineString","coordinates":[[-71.10467,42.30027],[-71.10485,42.30029],[-71.10491,42.30029],[-71.10501,42.3003],[-71.10508,42.3003],[-71.10515,42.30031],[-71.10521,42.30031],[-71.10529,42.30032],[-71.10537,42.30033],[-71.10543,42.30033],[-71.1055,42.30034],[-71.10555,42.30035],[-71.1056,42.30035],[-71.10564,42.30036],[-71.10568,42.30036],[-71.10574,42.30037],[-71.1058,42.30038]]},"properties":{"lts":3,"name":"Morton Street","osmId":1413405973}},{"type":"Feature","geometry":{"type":"LineString","coordinates":[[-71.1058,42.30038],[-71.10584,42.30039],[-71.10587,42.3004],[-71.10591,42.30041],[-71.10595,42.30041],[-71.10599,42.30042],[-71.10602,42.30043],[-71.10607,42.30044],[-71.10609,42.30045],[-71.10611,42.30045],[-71.10615,42.30047],[-71.1062,42.30048],[-71.10623,42.30049],[-71.10626,42.3005],[-71.10634,42.30052],[-71.10637,42.30053],[-71.10641,42.30055],[-71.10643,42.30055],[-71.10653,42.30059],[-71.10657,42.30061]]},"properties":{"lts":3,"name":"Morton Street","osmId":1413405974}},{"type":"Feature","geometry":{"type":"LineString","coordinates":[[-71.10535,42.30019],[-71.10531,42.30019],[-71.10522,42.30019],[-71.10517,42.30019],[-71.10511,42.30019],[-71.10504,42.30019],[-71.10499,42.30019],[-71.10493,42.30019],[-71.10489,42.30019],[-71.10474,42.30019],[-71.10472,42.30019]]},"properties":{"lts":3,"name":"Morton Street","osmId":1413413192}},{"type":"Feature","geometry":{"type":"LineString","coordinates":[[-71.0411,42.31282],[-71.04107,42.3128],[-71.04104,42.31279],[-71.04097,42.31274],[-71.04082,42.31265],[-71.04063,42.31254],[-71.04054,42.31248],[-71.04045,42.31243],[-71.04041,42.31241]]},"properties":{"lts":3,"name":"University Drive South","osmId":1413526949}},{"type":"Feature","geometry":{"type":"LineString","coordinates":[[-71.09355,42.27186],[-71.09355,42.27218],[-71.09355,42.2723],[-71.09355,42.27244]]},"properties":{"lts":3,"name":"Blue Hill Avenue","osmId":1413570698}},{"type":"Feature","geometry":{"type":"LineString","coordinates":[[-71.06188,42.27521],[-71.06182,42.27527],[-71.06168,42.2754],[-71.06162,42.27545],[-71.06157,42.27551],[-71.06151,42.27557],[-71.06146,42.27563],[-71.06141,42.2757],[-71.06137,42.27576],[-71.06099,42.27641],[-71.06095,42.27647],[-71.06091,42.27653],[-71.06087,42.27659]]},"properties":{"lts":2,"name":"Adams Street","osmId":1413833271}},{"type":"Feature","geometry":{"type":"LineString","coordinates":[[-71.12075,42.30901],[-71.12068,42.30901],[-71.12064,42.30902],[-71.12058,42.30902],[-71.12053,42.30902]]},"properties":{"lts":3,"name":"Centre Street","osmId":1414001637}},{"type":"Feature","geometry":{"type":"LineString","coordinates":[[-71.12075,42.30901],[-71.12092,42.30913],[-71.1211,42.30928],[-71.1212,42.30936],[-71.1213,42.30945],[-71.12132,42.30947],[-71.12139,42.30954],[-71.12143,42.30958],[-71.1215,42.30967],[-71.12158,42.30976],[-71.12165,42.30986],[-71.12171,42.30995],[-71.12176,42.31006],[-71.12181,42.31016],[-71.12185,42.31026],[-71.1219,42.31036],[-71.12194,42.31047],[-71.12197,42.31058],[-71.12201,42.31069],[-71.12204,42.31079],[-71.12208,42.31089],[-71.1221,42.31099],[-71.12213,42.3111],[-71.12219,42.3114],[-71.1222,42.3115],[-71.12222,42.31159],[-71.12222,42.31169],[-71.12223,42.31181],[-71.12224,42.31193],[-71.12224,42.31204],[-71.12224,42.31214],[-71.12224,42.31223],[-71.12223,42.31229],[-71.12222,42.31235],[-71.12219,42.31245],[-71.12217,42.31251],[-71.12215,42.31258],[-71.12213,42.31263],[-71.12212,42.31265],[-71.12211,42.31267],[-71.12207,42.31278]]},"properties":{"lts":2,"name":"Arborway","osmId":1414001641}},{"type":"Feature","geometry":{"type":"LineString","coordinates":[[-71.12265,42.30839],[-71.12268,42.30833],[-71.12293,42.30799],[-71.12298,42.30791],[-71.12307,42.30779],[-71.12312,42.30772],[-71.12316,42.30766],[-71.1232,42.30761],[-71.12323,42.30757],[-71.12328,42.30751],[-71.12349,42.30724],[-71.12355,42.30716],[-71.12378,42.30687],[-71.12391,42.30668],[-71.12398,42.3066],[-71.12404,42.30652],[-71.12408,42.30646],[-71.12412,42.30642],[-71.12414,42.30638],[-71.12416,42.30635],[-71.12418,42.30633],[-71.12419,42.30631],[-71.12421,42.30627],[-71.12423,42.30624],[-71.12425,42.3062],[-71.12427,42.30615],[-71.12433,42.30604],[-71.12435,42.30599],[-71.12447,42.30573],[-71.12452,42.30563],[-71.12454,42.30558],[-71.12456,42.30553],[-71.12458,42.30549],[-71.1246,42.30545],[-71.12461,42.30543],[-71.12462,42.3054],[-71.12463,42.30537],[-71.12464,42.30535],[-71.12465,42.30531],[-71.12465,42.30529],[-71.12466,42.30527],[-71.12467,42.30524],[-71.12467,42.3052],[-71.12468,42.30518],[-71.12469,42.30514],[-71.12469,42.30511],[-71.1247,42.305],[-71.12476,42.30452],[-71.12476,42.30448],[-71.12477,42.30439],[-71.12478,42.3043],[-71.1248,42.30417],[-71.1248,42.30412],[-71.12481,42.30406],[-71.12482,42.304],[-71.12483,42.30394],[-71.12484,42.30388],[-71.12485,42.30384],[-71.12486,42.30381],[-71.12487,42.30377],[-71.12488,42.30372],[-71.12489,42.30371],[-71.1249,42.30369],[-71.12491,42.30365],[-71.12493,42.30361],[-71.12495,42.30357],[-71.12495,42.30356],[-71.12497,42.30352],[-71.12499,42.30348],[-71.125,42.30345],[-71.12502,42.30342],[-71.12503,42.3034],[-71.12506,42.30335],[-71.12509,42.3033],[-71.12513,42.30326],[-71.1252,42.30316],[-71.12526,42.30307],[-71.12532,42.30299],[-71.12536,42.30294],[-71.12539,42.3029],[-71.12582,42.30233],[-71.12596,42.30214],[-71.12599,42.3021],[-71.12604,42.30204],[-71.12607,42.30199],[-71.12611,42.30194],[-71.12615,42.30191],[-71.12617,42.30188],[-71.1262,42.30184],[-71.12622,42.30182],[-71.12624,42.3018],[-71.12627,42.30177],[-71.1263,42.30174],[-71.12632,42.30171],[-71.12635,42.30169],[-71.12637,42.30167],[-71.12716,42.30092],[-71.12724,42.30085],[-71.12759,42.3005],[-71.12782,42.30027],[-71.12784,42.30025],[-71.1279,42.3002],[-71.12794,42.30016]]},"properties":{"lts":3,"name":"Centre Street","osmId":1414373608}},{"type":"Feature","geometry":{"type":"LineString","coordinates":[[-71.14534,42.29625],[-71.14515,42.29632],[-71.14511,42.29633],[-71.14506,42.29634],[-71.14505,42.29634],[-71.14504,42.29634],[-71.14501,42.29634],[-71.14497,42.29635],[-71.14495,42.29635],[-71.14489,42.29634],[-71.14482,42.29634],[-71.14467,42.29632],[-71.14453,42.29631],[-71.14438,42.29629],[-71.14424,42.29628],[-71.14409,42.29626],[-71.14395,42.29624],[-71.1438,42.29623],[-71.14366,42.29621],[-71.14352,42.2962],[-71.14338,42.29618],[-71.14324,42.29617],[-71.14309,42.29615],[-71.14294,42.29613],[-71.14281,42.29612],[-71.14266,42.2961],[-71.14251,42.29608],[-71.14236,42.29607],[-71.14209,42.29603],[-71.14195,42.29602],[-71.14166,42.29598],[-71.14137,42.29595],[-71.14123,42.29593],[-71.1411,42.29592],[-71.14095,42.2959],[-71.14081,42.29588],[-71.14068,42.29587],[-71.14066,42.29587],[-71.14052,42.29585],[-71.14037,42.29583],[-71.14023,42.29581],[-71.14009,42.2958],[-71.13995,42.29578],[-71.1398,42.29576],[-71.13966,42.29575],[-71.1396,42.29574],[-71.13952,42.29573],[-71.13936,42.29572],[-71.13923,42.29571],[-71.13908,42.2957],[-71.13893,42.2957],[-71.13879,42.2957],[-71.13864,42.2957],[-71.13849,42.29571],[-71.13835,42.29572],[-71.1382,42.29573],[-71.13806,42.29574],[-71.13792,42.29576],[-71.13777,42.29578],[-71.13762,42.29581],[-71.13749,42.29584],[-71.13735,42.29588],[-71.13721,42.29592],[-71.13708,42.29596],[-71.13694,42.29601],[-71.13681,42.29606],[-71.13669,42.29612],[-71.13657,42.29618],[-71.13645,42.29624],[-71.13633,42.29631],[-71.13621,42.29637],[-71.1361,42.29644],[-71.13607,42.29645],[-71.13598,42.2965],[-71.13586,42.29656],[-71.13574,42.29661],[-71.13561,42.29666],[-71.13548,42.29671],[-71.13535,42.29676],[-71.13522,42.2968],[-71.13508,42.29683],[-71.13494,42.29686],[-71.1348,42.29689],[-71.13466,42.29691],[-71.13452,42.29693],[-71.13438,42.29695],[-71.13423,42.29696],[-71.13409,42.29697],[-71.13402,42.29697],[-71.13395,42.29697],[-71.1338,42.29697],[-71.13366,42.29696],[-71.13351,42.29695],[-71.13338,42.29693],[-71.13331,42.29692],[-71.13323,42.29691],[-71.13316,42.2969],[-71.13308,42.29688],[-71.13303,42.29687],[-71.133,42.29686],[-71.13294,42.29685]]},"properties":{"lts":3,"name":"Veterans of Foreign Wars Parkway","osmId":1414373617}},{"type":"Feature","geometry":{"type":"LineString","coordinates":[[-71.12783,42.30012],[-71.12776,42.3002],[-71.12723,42.30072],[-71.12715,42.3008],[-71.12629,42.30162],[-71.12624,42.30167],[-71.12621,42.3017],[-71.12618,42.30173],[-71.12615,42.30176],[-71.12612,42.30179],[-71.1261,42.30182],[-71.12608,42.30184],[-71.12604,42.30189],[-71.126,42.30193],[-71.12596,42.30198],[-71.12592,42.30203],[-71.12588,42.30208],[-71.12576,42.30224],[-71.12575,42.30226],[-71.12573,42.30228],[-71.12563,42.30242],[-71.12537,42.30277],[-71.12531,42.30286],[-71.12527,42.3029],[-71.12509,42.30315],[-71.12506,42.30319],[-71.12502,42.30324],[-71.12499,42.30329],[-71.12496,42.30334],[-71.12494,42.30336],[-71.12493,42.30338],[-71.12493,42.30339],[-71.12492,42.3034],[-71.12491,42.30342],[-71.1249,42.30344],[-71.12489,42.30346],[-71.12488,42.30348],[-71.12487,42.3035],[-71.12486,42.30352],[-71.12485,42.30355],[-71.12484,42.30357],[-71.12483,42.3036],[-71.12481,42.30364],[-71.1248,42.30367],[-71.12479,42.3037],[-71.12478,42.30372],[-71.12477,42.30374],[-71.12477,42.30375],[-71.12477,42.30376],[-71.12476,42.3038],[-71.12475,42.30383],[-71.12474,42.30386],[-71.12473,42.30388],[-71.12473,42.3039],[-71.12473,42.30392],[-71.12472,42.30394],[-71.12472,42.30397],[-71.12471,42.304],[-71.12471,42.30404],[-71.1247,42.30408],[-71.12469,42.30419],[-71.12468,42.30429],[-71.12467,42.30437],[-71.12465,42.30456],[-71.1246,42.305],[-71.12459,42.30506],[-71.12458,42.30511],[-71.12458,42.30515],[-71.12457,42.30517],[-71.12456,42.30522],[-71.12455,42.30527],[-71.12455,42.30529],[-71.12454,42.30532],[-71.12452,42.30537],[-71.12451,42.3054],[-71.1245,42.30542],[-71.12449,42.30545],[-71.12448,42.30547],[-71.12447,42.3055],[-71.12446,42.30553],[-71.12444,42.30555],[-71.12443,42.30558],[-71.12427,42.30592],[-71.12422,42.30603],[-71.12419,42.3061],[-71.12417,42.30614],[-71.12415,42.30617],[-71.12414,42.30618],[-71.12413,42.30621],[-71.12411,42.30624],[-71.1241,42.30626],[-71.12409,42.30628],[-71.12408,42.3063],[-71.12406,42.30633],[-71.12403,42.30637],[-71.12401,42.3064],[-71.12399,42.30643],[-71.12395,42.30648],[-71.12391,42.30653],[-71.12384,42.30662],[-71.12341,42.30719],[-71.12339,42.3072],[-71.12305,42.30764],[-71.12268,42.30812],[-71.12265,42.30817],[-71.12257,42.30828],[-71.12254,42.30831],[-71.12251,42.30834]]},"properties":{"lts":3,"name":"Centre Street","osmId":1414373619}},{"type":"Feature","geometry":{"type":"LineString","coordinates":[[-71.13358,42.29631],[-71.13353,42.29634],[-71.13343,42.29642],[-71.13332,42.2965],[-71.13322,42.29657],[-71.13315,42.29662],[-71.13305,42.29668],[-71.13299,42.29672],[-71.13295,42.29674],[-71.13292,42.29676],[-71.13286,42.29679],[-71.13282,42.29682]]},"properties":{"lts":3,"name":"Centre Street","osmId":1414376322}},{"type":"Feature","geometry":{"type":"LineString","coordinates":[[-71.13282,42.29682],[-71.13279,42.29683],[-71.13275,42.29685],[-71.13269,42.29688],[-71.13265,42.2969],[-71.13263,42.29691],[-71.1325,42.29696],[-71.13232,42.29704],[-71.13219,42.29709],[-71.13205,42.29715],[-71.13175,42.29728]]},"properties":{"lts":3,"name":"Centre Street","osmId":1417994668}},{"type":"Feature","geometry":{"type":"LineString","coordinates":[[-71.12908,42.29891],[-71.12891,42.29907],[-71.12882,42.29916],[-71.12874,42.29924],[-71.12865,42.29933],[-71.12856,42.29941],[-71.12854,42.29943],[-71.12852,42.29945],[-71.12851,42.29946],[-71.1285,42.29947],[-71.12848,42.29949],[-71.12845,42.29951],[-71.12842,42.29954],[-71.12839,42.29956],[-71.12837,42.29958],[-71.12834,42.2996],[-71.12832,42.29962],[-71.12827,42.29967],[-71.12821,42.29972]]},"properties":{"lts":3,"name":"Centre Street","osmId":1417994673}},{"type":"Feature","geometry":{"type":"LineString","coordinates":[[-71.12794,42.30016],[-71.12908,42.29904],[-71.12916,42.29895]]},"properties":{"lts":3,"name":"Centre Street","osmId":1417994674}},{"type":"Feature","geometry":{"type":"LineString","coordinates":[[-71.12949,42.2985],[-71.12945,42.29854],[-71.12908,42.29891]]},"properties":{"lts":3,"name":"Centre Street","osmId":1418836051}},{"type":"Feature","geometry":{"type":"LineString","coordinates":[[-71.13175,42.29728],[-71.13125,42.29749]]},"properties":{"lts":3,"name":"Centre Street","osmId":1418836057}},{"type":"Feature","geometry":{"type":"LineString","coordinates":[[-71.12916,42.29895],[-71.12925,42.29886],[-71.1293,42.29882],[-71.12933,42.29879],[-71.12934,42.29878],[-71.12938,42.29874]]},"properties":{"lts":3,"name":"Centre Street","osmId":1418836100}},{"type":"Feature","geometry":{"type":"LineString","coordinates":[[-71.10214,42.3009],[-71.1021,42.30092],[-71.10205,42.30095],[-71.10202,42.30097],[-71.10198,42.30101],[-71.10195,42.30104]]},"properties":{"lts":2,"name":"Circuit Drive","osmId":1420101356}},{"type":"Feature","geometry":{"type":"LineString","coordinates":[[-71.14733,42.35936],[-71.1475,42.35906],[-71.14751,42.35903],[-71.14754,42.35884]]},"properties":{"lts":3,"name":"Leo M. Birmingham Parkway","osmId":1421284376}},{"type":"Feature","geometry":{"type":"LineString","coordinates":[[-71.09167,42.28387],[-71.0917,42.28377],[-71.09174,42.28366],[-71.09177,42.28356]]},"properties":{"lts":3,"name":"Blue Hill Avenue","osmId":1421950491}},{"type":"Feature","geometry":{"type":"LineString","coordinates":[[-71.0912,42.28471],[-71.09116,42.28481]]},"properties":{"lts":3,"name":"Blue Hill Avenue","osmId":1421950504}},{"type":"Feature","geometry":{"type":"LineString","coordinates":[[-71.12211,42.30914],[-71.12212,42.30912],[-71.12213,42.30911],[-71.12215,42.3091],[-71.12216,42.30908],[-71.12218,42.30905],[-71.1222,42.30903],[-71.12222,42.309],[-71.12225,42.30895],[-71.1223,42.30888],[-71.12244,42.30868],[-71.12258,42.30848],[-71.12265,42.30839]]},"properties":{"lts":3,"name":"Centre Street","osmId":1425789343}},{"type":"Feature","geometry":{"type":"LineString","coordinates":[[-71.09993,42.33971],[-71.09984,42.33964],[-71.09979,42.3396],[-71.09974,42.33957],[-71.09969,42.33954],[-71.09968,42.33953],[-71.09963,42.33949],[-71.09954,42.33944],[-71.0995,42.33942],[-71.09946,42.33939],[-71.09938,42.33934],[-71.09929,42.33929],[-71.09919,42.33923],[-71.09913,42.3392],[-71.09908,42.33917],[-71.09902,42.33914],[-71.09894,42.3391]]},"properties":{"lts":3,"name":"Fenway","osmId":1426113048}},{"type":"Feature","geometry":{"type":"LineString","coordinates":[[-71.0982,42.33877],[-71.09816,42.33876],[-71.09811,42.33874],[-71.09804,42.33873],[-71.09799,42.33872],[-71.09797,42.33872],[-71.09793,42.33871],[-71.0979,42.33871],[-71.09784,42.3387],[-71.09782,42.3387],[-71.09781,42.3387],[-71.0978,42.3387],[-71.09778,42.33869],[-71.09776,42.33869],[-71.09771,42.33869],[-71.09769,42.33869]]},"properties":{"lts":3,"name":"Fenway","osmId":1426113050}},{"type":"Feature","geometry":{"type":"LineString","coordinates":[[-71.09894,42.3391],[-71.09885,42.33905],[-71.09876,42.33901],[-71.09872,42.33899],[-71.09863,42.33895],[-71.0985,42.33889],[-71.09845,42.33887],[-71.09843,42.33885],[-71.09839,42.33884],[-71.09835,42.33882],[-71.0983,42.3388],[-71.09826,42.33879],[-71.0982,42.33877]]},"properties":{"lts":3,"name":"Fenway","osmId":1426387579}},{"type":"Feature","geometry":{"type":"LineString","coordinates":[[-71.06348,42.36433],[-71.06347,42.36432],[-71.06346,42.36431],[-71.06346,42.36429],[-71.06346,42.36429],[-71.06345,42.36428],[-71.06345,42.36428],[-71.06345,42.36427],[-71.06344,42.36425],[-71.06344,42.36424],[-71.06343,42.36422]]},"properties":{"lts":3,"name":"Lomasney Way","osmId":1427761590}},{"type":"Feature","geometry":{"type":"LineString","coordinates":[[-71.09974,42.34608],[-71.09936,42.34644],[-71.09916,42.34662],[-71.09903,42.34675],[-71.09898,42.3468],[-71.09865,42.34711],[-71.09861,42.34716],[-71.09853,42.34723]]},"properties":{"lts":2,"name":"Brookline Avenue","osmId":1430385164}},{"type":"Feature","geometry":{"type":"LineString","coordinates":[[-71.09982,42.346],[-71.09974,42.34608]]},"properties":{"lts":2,"name":"Brookline Avenue","osmId":1430385165}},{"type":"Feature","geometry":{"type":"LineString","coordinates":[[-71.09993,42.33971],[-71.10008,42.33985],[-71.1001,42.33987],[-71.10012,42.33989],[-71.10013,42.3399],[-71.10014,42.33992],[-71.10016,42.33994],[-71.10017,42.33997],[-71.10019,42.34],[-71.1002,42.34003],[-71.1002,42.34004],[-71.10021,42.34006],[-71.10021,42.34007],[-71.10021,42.34008],[-71.10021,42.34009],[-71.10021,42.3401],[-71.10021,42.34011],[-71.10021,42.34012],[-71.10021,42.34013],[-71.10021,42.34014],[-71.10021,42.34015],[-71.10021,42.34016],[-71.10021,42.34017],[-71.10021,42.34017],[-71.1002,42.34018],[-71.1002,42.34019],[-71.10019,42.34021],[-71.10019,42.34022],[-71.10018,42.34024],[-71.10017,42.34025],[-71.10016,42.34026],[-71.10015,42.34028],[-71.10015,42.34029],[-71.10014,42.3403],[-71.10013,42.34031],[-71.10013,42.34032],[-71.10012,42.34034],[-71.1001,42.34035],[-71.10009,42.34037],[-71.10007,42.34038],[-71.10002,42.34044],[-71.09997,42.34051]]},"properties":{"lts":3,"name":"Fenway","osmId":1432656476}},{"type":"Feature","geometry":{"type":"LineString","coordinates":[[-71.1386,42.35531],[-71.13858,42.35557],[-71.13857,42.3556],[-71.13857,42.35565],[-71.13856,42.35569],[-71.13855,42.35576]]},"properties":{"lts":3,"name":"Everett Street","osmId":1436845724}},{"type":"Feature","geometry":{"type":"LineString","coordinates":[[-71.1355,42.36277],[-71.13546,42.36285],[-71.13543,42.36293]]},"properties":{"lts":3,"name":"Everett Street","osmId":1436863179}},{"type":"Feature","geometry":{"type":"LineString","coordinates":[[-71.09342,42.27612],[-71.09342,42.27624]]},"properties":{"lts":3,"name":"Blue Hill Avenue","osmId":1442098639}},{"type":"Feature","geometry":{"type":"LineString","coordinates":[[-71.16012,42.35272],[-71.16005,42.35275],[-71.15997,42.35278]]},"properties":{"lts":2,"name":"Faneuil Street","osmId":1442615421}},{"type":"Feature","geometry":{"type":"LineString","coordinates":[[-71.09813,42.3489],[-71.09802,42.34889],[-71.09799,42.34889]]},"properties":{"lts":2,"name":"Commonwealth Avenue","osmId":1444496428}},{"type":"Feature","geometry":{"type":"LineString","coordinates":[[-71.09848,42.34847],[-71.09817,42.34856]]},"properties":{"lts":3,"name":"Beacon Street","osmId":1444496429}},{"type":"Feature","geometry":{"type":"LineString","coordinates":[[-71.09997,42.34051],[-71.09996,42.34051],[-71.09995,42.34052],[-71.09992,42.34055],[-71.09991,42.34057],[-71.09989,42.34059],[-71.09988,42.3406],[-71.09988,42.34061],[-71.09987,42.34062],[-71.09987,42.34063],[-71.09986,42.34064],[-71.09986,42.34064],[-71.09986,42.34065],[-71.09986,42.34066],[-71.09986,42.34066],[-71.09986,42.34067],[-71.09986,42.34068],[-71.09986,42.34069],[-71.09986,42.3407],[-71.09987,42.3407],[-71.09987,42.34072],[-71.09988,42.34073],[-71.09988,42.34075],[-71.09989,42.34076],[-71.0999,42.34077],[-71.09996,42.34086]]},"properties":{"lts":3,"name":"Fenway","osmId":1444549576}},{"type":"Feature","geometry":{"type":"LineString","coordinates":[[-71.03551,42.31289],[-71.03542,42.31288],[-71.03534,42.31287],[-71.0353,42.31287],[-71.03518,42.31286],[-71.03498,42.31285],[-71.03493,42.31285],[-71.03489,42.31285],[-71.03485,42.31286],[-71.03481,42.31287],[-71.03477,42.31287],[-71.03474,42.31288],[-71.03472,42.31288],[-71.0347,42.31289],[-71.03468,42.3129],[-71.03465,42.3129],[-71.03462,42.31291],[-71.0346,42.31292],[-71.03458,42.31293],[-71.03456,42.31294],[-71.03455,42.31294],[-71.03453,42.31295],[-71.03451,42.31296],[-71.03449,42.31297],[-71.03447,42.31298],[-71.03445,42.313],[-71.03443,42.31301],[-71.0344,42.31302],[-71.03438,42.31304],[-71.03436,42.31305],[-71.03433,42.31307],[-71.03432,42.31309],[-71.03429,42.31311],[-71.03426,42.31313],[-71.0342,42.31319],[-71.03412,42.31326],[-71.03408,42.31329],[-71.03398,42.31338],[-71.03373,42.31359],[-71.03371,42.31361],[-71.03367,42.31365],[-71.03364,42.31368],[-71.03358,42.31374]]},"properties":{"lts":3,"name":"University Drive East","osmId":1444817608}},{"type":"Feature","geometry":{"type":"LineString","coordinates":[[-71.03645,42.31216],[-71.03645,42.31221],[-71.03644,42.3123],[-71.03642,42.31237],[-71.03639,42.31243],[-71.03637,42.31246],[-71.03636,42.31249],[-71.03634,42.31251],[-71.03632,42.31254],[-71.0363,42.31256],[-71.03628,42.31258],[-71.03626,42.3126],[-71.03624,42.31262],[-71.03622,42.31264],[-71.03619,42.31266],[-71.03617,42.31268],[-71.03616,42.31269],[-71.03614,42.3127],[-71.03611,42.31272],[-71.0361,42.31273],[-71.03608,42.31274],[-71.03606,42.31275],[-71.03604,42.31276],[-71.03602,42.31277],[-71.03601,42.31278],[-71.03598,42.31279],[-71.03596,42.3128],[-71.03587,42.31284],[-71.03578,42.31286],[-71.03571,42.31287],[-71.0356,42.31288],[-71.03551,42.31289]]},"properties":{"lts":3,"name":"University Drive East","osmId":1444817609}},{"type":"Feature","geometry":{"type":"LineString","coordinates":[[-71.07608,42.30757],[-71.07612,42.30753],[-71.07628,42.30739],[-71.07664,42.30708]]},"properties":{"lts":3,"name":"Columbia Road","osmId":1445477622}},{"type":"Feature","geometry":{"type":"LineString","coordinates":[[-71.11567,42.29828],[-71.1157,42.29829],[-71.11581,42.29834]]},"properties":{"lts":3,"name":"Ukraine Way","osmId":1446123425}},{"type":"Feature","geometry":{"type":"LineString","coordinates":[[-71.14556,42.35704],[-71.14547,42.35702],[-71.14544,42.35702],[-71.14367,42.35676],[-71.14321,42.35669],[-71.14238,42.35657]]},"properties":{"lts":2,"name":"Guest Street","osmId":1446185205}},{"type":"Feature","geometry":{"type":"LineString","coordinates":[[-71.06152,42.32048],[-71.06169,42.32046]]},"properties":{"lts":3,"name":"Columbia Road","osmId":1450987405}},{"type":"Feature","geometry":{"type":"LineString","coordinates":[[-71.11611,42.30938],[-71.11621,42.30931],[-71.11631,42.30925],[-71.11641,42.3092]]},"properties":{"lts":3,"name":"Centre Street","osmId":1450987406}},{"type":"Feature","geometry":{"type":"LineString","coordinates":[[-71.08507,42.3021],[-71.0848,42.30255],[-71.08478,42.3026],[-71.08475,42.30264],[-71.08446,42.30313],[-71.08439,42.30325]]},"properties":{"lts":3,"name":"Old Road","osmId":1451252100}},{"type":"Feature","geometry":{"type":"LineString","coordinates":[[-71.05272,42.36087],[-71.05274,42.36089],[-71.05276,42.3609],[-71.05281,42.36093]]},"properties":{"lts":3,"name":"Atlantic Avenue","osmId":1452082407}},{"type":"Feature","geometry":{"type":"LineString","coordinates":[[-71.13366,42.29637],[-71.13389,42.2962],[-71.134,42.29611],[-71.13431,42.29588]]},"properties":{"lts":3,"name":"Centre Street","osmId":1454790374}},{"type":"Feature","geometry":{"type":"LineString","coordinates":[[-71.08886,42.30191],[-71.08877,42.3019],[-71.08869,42.3019],[-71.08859,42.3019],[-71.08849,42.30191],[-71.08846,42.30191]]},"properties":{"lts":2,"name":"Circuit Drive","osmId":1455891771}},{"type":"Feature","geometry":{"type":"LineString","coordinates":[[-71.11446,42.30187],[-71.11464,42.30195],[-71.11468,42.30197],[-71.11479,42.30202],[-71.11489,42.30207],[-71.11497,42.30211],[-71.11502,42.30213],[-71.11509,42.30216],[-71.11515,42.30218],[-71.11522,42.30221],[-71.11528,42.30224],[-71.11535,42.30226],[-71.11541,42.30229],[-71.11548,42.30231],[-71.11555,42.30234],[-71.11562,42.30236],[-71.11568,42.30238]]},"properties":{"lts":3,"name":"Arborway","osmId":1458632842}},{"type":"Feature","geometry":{"type":"LineString","coordinates":[[-71.11568,42.30238],[-71.11576,42.3024],[-71.11582,42.30242],[-71.1159,42.30244],[-71.11597,42.30245],[-71.11603,42.30247],[-71.1161,42.30248],[-71.11615,42.30249],[-71.11618,42.3025],[-71.11622,42.30251],[-71.11626,42.30251],[-71.1163,42.30252],[-71.11634,42.30253],[-71.11638,42.30253],[-71.11642,42.30254],[-71.11647,42.30254],[-71.11651,42.30255],[-71.11655,42.30255],[-71.11659,42.30256],[-71.11662,42.30256],[-71.11666,42.30256],[-71.11669,42.30257],[-71.11672,42.30257],[-71.11678,42.30257]]},"properties":{"lts":3,"name":"Arborway","osmId":1458632843}},{"type":"Feature","geometry":{"type":"LineString","coordinates":[[-71.10478,42.3012],[-71.10469,42.3012],[-71.10461,42.3012],[-71.10451,42.3012],[-71.10441,42.3012],[-71.10437,42.3012]]},"properties":{"lts":2,"name":"Circuit Drive","osmId":1459925694}},{"type":"Feature","geometry":{"type":"LineString","coordinates":[[-71.10657,42.30061],[-71.10649,42.30069],[-71.10646,42.30071],[-71.10643,42.30073],[-71.1064,42.30076],[-71.10638,42.30078],[-71.10635,42.3008],[-71.10632,42.30082],[-71.10629,42.30084],[-71.10626,42.30086],[-71.10623,42.30087],[-71.1062,42.30089],[-71.10617,42.30091],[-71.10614,42.30092],[-71.10611,42.30093],[-71.10608,42.30095],[-71.10604,42.30096],[-71.10601,42.30097],[-71.10597,42.30099],[-71.10594,42.301],[-71.1059,42.30101],[-71.10586,42.30102],[-71.10582,42.30104],[-71.10579,42.30104],[-71.10575,42.30105],[-71.10573,42.30106],[-71.10567,42.30107],[-71.1056,42.30109],[-71.10552,42.30111],[-71.10542,42.30113],[-71.10533,42.30114],[-71.10525,42.30115],[-71.10517,42.30116],[-71.10511,42.30117],[-71.10506,42.30117],[-71.10501,42.30118],[-71.10496,42.30119],[-71.10492,42.30119],[-71.10487,42.30119],[-71.10478,42.3012]]},"properties":{"lts":2,"name":"Circuit Drive","osmId":1459925697}},{"type":"Feature","geometry":{"type":"LineString","coordinates":[[-71.1576,42.29555],[-71.15751,42.29556],[-71.1575,42.29557],[-71.15745,42.29558],[-71.1574,42.29559],[-71.15736,42.29559],[-71.15731,42.2956],[-71.15727,42.29561],[-71.1572,42.29561],[-71.15713,42.29562],[-71.15711,42.29562],[-71.15702,42.29563],[-71.15692,42.29564],[-71.15689,42.29564],[-71.15683,42.29564],[-71.15676,42.29565],[-71.15671,42.29565],[-71.15666,42.29565],[-71.15663,42.29565],[-71.15658,42.29565],[-71.15647,42.29564],[-71.15633,42.29564],[-71.15617,42.29563],[-71.15602,42.29563],[-71.15593,42.29562],[-71.15587,42.29562],[-71.15573,42.29561],[-71.15556,42.29561],[-71.15549,42.29561],[-71.15542,42.2956],[-71.15527,42.2956],[-71.15512,42.29559],[-71.15498,42.29559],[-71.15483,42.29558],[-71.15467,42.29557],[-71.15452,42.29557],[-71.15438,42.29556],[-71.15422,42.29556],[-71.15408,42.29555],[-71.15393,42.29555],[-71.15378,42.29556],[-71.15362,42.29556],[-71.15348,42.29557],[-71.15332,42.29557]]},"properties":{"lts":3,"name":"Veterans of Foreign Wars Parkway","osmId":1459953573}},{"type":"Feature","geometry":{"type":"LineString","coordinates":[[-71.1721,42.27687],[-71.1719,42.27741],[-71.17186,42.2775],[-71.17184,42.27757],[-71.17181,42.27767],[-71.17176,42.27781],[-71.17173,42.27792],[-71.1717,42.27801],[-71.17166,42.27812],[-71.17164,42.27818],[-71.17163,42.27822],[-71.17161,42.27829],[-71.17159,42.27832],[-71.17156,42.27843],[-71.17152,42.27854],[-71.17145,42.27875],[-71.17144,42.27879],[-71.17138,42.27896],[-71.17129,42.27917],[-71.17125,42.27927],[-71.17121,42.27938],[-71.17117,42.27948],[-71.17113,42.27958],[-71.17109,42.27969],[-71.17105,42.27981],[-71.17101,42.2799],[-71.17097,42.28],[-71.17093,42.28011],[-71.17091,42.28016],[-71.1709,42.2802],[-71.17088,42.28024],[-71.17086,42.28031],[-71.17082,42.28042],[-71.17081,42.28045],[-71.1708,42.28048],[-71.17079,42.28051],[-71.17078,42.28052],[-71.17078,42.28054],[-71.17077,42.28056],[-71.17075,42.28064],[-71.17074,42.28071],[-71.17073,42.28074],[-71.17072,42.2808],[-71.17071,42.2809],[-71.1707,42.281],[-71.1707,42.28106],[-71.1707,42.28112],[-71.17071,42.28123],[-71.17073,42.28134],[-71.17075,42.28145],[-71.17077,42.28155],[-71.1708,42.28165],[-71.17081,42.28168],[-71.17084,42.28176],[-71.17089,42.28186],[-71.17094,42.28197],[-71.171,42.28207],[-71.17106,42.28217],[-71.17113,42.28226],[-71.1712,42.28236],[-71.17126,42.28246],[-71.17133,42.28256],[-71.17139,42.28265],[-71.17146,42.28275],[-71.17153,42.28284],[-71.17154,42.28286],[-71.17159,42.28294],[-71.17166,42.28304],[-71.17172,42.28313],[-71.17179,42.28323],[-71.17184,42.28333],[-71.1719,42.28343],[-71.17195,42.28353],[-71.172,42.28363],[-71.17204,42.28373],[-71.17208,42.28384],[-71.17211,42.28395],[-71.17214,42.28406],[-71.17217,42.28416],[-71.17218,42.28421],[-71.17219,42.28427],[-71.17221,42.28437],[-71.17222,42.28448],[-71.17223,42.28459],[-71.17224,42.2847],[-71.17224,42.28481],[-71.17223,42.28492],[-71.17223,42.28502],[-71.17222,42.28513],[-71.17221,42.28524],[-71.17219,42.28535],[-71.17218,42.28545],[-71.17217,42.28556],[-71.17216,42.28566],[-71.17215,42.28578],[-71.17214,42.28588],[-71.17212,42.28599],[-71.17211,42.2861],[-71.17209,42.28621],[-71.17207,42.28631],[-71.17205,42.28642],[-71.17202,42.28652],[-71.17201,42.28655]]},"properties":{"lts":3,"name":"Veterans of Foreign Wars Parkway","osmId":1459971041}},{"type":"Feature","geometry":{"type":"LineString","coordinates":[[-71.17368,42.27399],[-71.17366,42.27409],[-71.17362,42.27419],[-71.17358,42.27429],[-71.17353,42.2744],[-71.17348,42.2745],[-71.17342,42.2746],[-71.17336,42.2747],[-71.17329,42.27479],[-71.17323,42.27489],[-71.17317,42.27499],[-71.1731,42.27509],[-71.17303,42.2752],[-71.17297,42.27529],[-71.17292,42.27538],[-71.17285,42.27548],[-71.17276,42.27562],[-71.17271,42.2757],[-71.17267,42.27577],[-71.17262,42.27584],[-71.17255,42.27594],[-71.17249,42.27604],[-71.17244,42.27611],[-71.17244,42.27612]]},"properties":{"lts":3,"name":"Veterans of Foreign Wars Parkway","osmId":1459971042}},{"type":"Feature","geometry":{"type":"LineString","coordinates":[[-71.17144,42.2877],[-71.17138,42.2878],[-71.1713,42.28792],[-71.17127,42.28797],[-71.17124,42.28801],[-71.1712,42.28806],[-71.17116,42.2881],[-71.17112,42.28816],[-71.17107,42.28821],[-71.17104,42.28825],[-71.17095,42.28834],[-71.17087,42.28842],[-71.17078,42.2885],[-71.17069,42.28859],[-71.1706,42.28867],[-71.17051,42.28876],[-71.17041,42.28884],[-71.17032,42.28891],[-71.17021,42.289],[-71.17012,42.28908],[-71.17002,42.28916],[-71.16992,42.28923],[-71.16982,42.28931],[-71.16972,42.28938],[-71.16963,42.28945],[-71.16961,42.28946],[-71.1695,42.28954],[-71.1694,42.28961],[-71.16929,42.28969],[-71.16917,42.28977],[-71.16908,42.28984],[-71.16897,42.28992],[-71.16887,42.28999]]},"properties":{"lts":3,"name":"Veterans of Foreign Wars Parkway","osmId":1459972568}},{"type":"Feature","geometry":{"type":"LineString","coordinates":[[-71.16812,42.2905],[-71.16806,42.29054],[-71.16799,42.29058],[-71.16795,42.29061],[-71.16787,42.29066],[-71.16781,42.29069],[-71.16774,42.29073],[-71.16767,42.29077],[-71.16758,42.29081],[-71.16747,42.29087],[-71.16734,42.29093],[-71.16732,42.29095],[-71.16722,42.29099],[-71.16697,42.29111],[-71.16673,42.29124],[-71.1666,42.2913],[-71.16656,42.29132],[-71.16648,42.29136],[-71.16635,42.29142],[-71.16622,42.29148],[-71.16611,42.29154],[-71.16598,42.2916],[-71.16585,42.29167],[-71.16574,42.29172],[-71.16561,42.29178],[-71.16549,42.29184],[-71.16536,42.2919],[-71.16524,42.29196],[-71.16512,42.29202],[-71.16501,42.29208],[-71.16494,42.29211],[-71.16488,42.29214],[-71.16475,42.2922],[-71.1645,42.29232],[-71.16426,42.29244],[-71.16414,42.2925],[-71.16401,42.29256],[-71.16388,42.29262],[-71.16376,42.29268],[-71.16364,42.29274],[-71.16352,42.2928],[-71.16339,42.29286],[-71.16326,42.29292]]},"properties":{"lts":3,"name":"Veterans of Foreign Wars Parkway","osmId":1459972571}},{"type":"Feature","geometry":{"type":"LineString","coordinates":[[-71.16249,42.29331],[-71.16236,42.29338],[-71.16218,42.29346],[-71.16205,42.29352],[-71.16194,42.29358],[-71.16181,42.29364],[-71.16168,42.29371],[-71.16157,42.29376],[-71.16143,42.29383],[-71.1613,42.29389],[-71.16119,42.29395],[-71.16105,42.29401],[-71.16094,42.29407],[-71.16081,42.29413],[-71.16068,42.29419],[-71.16057,42.29425],[-71.16044,42.29431],[-71.16033,42.29437],[-71.16019,42.29443],[-71.16007,42.29449],[-71.15995,42.29455],[-71.15982,42.29462],[-71.1597,42.29467],[-71.15957,42.29473],[-71.15944,42.29479],[-71.15932,42.29485],[-71.15919,42.29491],[-71.15907,42.29496],[-71.15894,42.29502],[-71.15882,42.29508],[-71.15869,42.29514],[-71.15859,42.29519],[-71.15853,42.29522],[-71.15846,42.29525]]},"properties":{"lts":3,"name":"Veterans of Foreign Wars Parkway","osmId":1459972573}},{"type":"Feature","geometry":{"type":"LineString","coordinates":[[-71.1729,42.27194],[-71.17315,42.27224],[-71.17323,42.27234],[-71.1733,42.27243],[-71.17337,42.27252],[-71.17344,42.27262],[-71.1735,42.27271],[-71.17355,42.27282],[-71.17359,42.27292],[-71.17363,42.27302],[-71.17367,42.27313],[-71.17369,42.27324],[-71.17371,42.27334],[-71.17372,42.27345],[-71.17373,42.27356],[-71.17372,42.27366],[-71.17372,42.27377],[-71.17371,42.27388],[-71.17368,42.27399]]},"properties":{"lts":3,"name":"Veterans of Foreign Wars Parkway","osmId":1459972853}},{"type":"Feature","geometry":{"type":"LineString","coordinates":[[-71.16887,42.28999],[-71.16825,42.29041],[-71.16823,42.29043],[-71.16812,42.2905]]},"properties":{"lts":3,"name":"Veterans of Foreign Wars Parkway","osmId":1460182113}},{"type":"Feature","geometry":{"type":"LineString","coordinates":[[-71.13294,42.29685],[-71.13282,42.29682]]},"properties":{"lts":3,"name":"Veterans of Foreign Wars Parkway","osmId":1460286622}},{"type":"Feature","geometry":{"type":"LineString","coordinates":[[-71.12202,42.30922],[-71.12205,42.30919],[-71.12207,42.30918],[-71.12208,42.30917],[-71.12209,42.30916],[-71.12211,42.30914]]},"properties":{"lts":3,"name":"Centre Street","osmId":1460286623}},{"type":"Feature","geometry":{"type":"LineString","coordinates":[[-71.17235,42.27177],[-71.17251,42.27178],[-71.17253,42.27178],[-71.17255,42.27178],[-71.17257,42.27178],[-71.17259,42.27178],[-71.1726,42.27178],[-71.17263,42.27179],[-71.17265,42.27179],[-71.17268,42.2718],[-71.1727,42.27182],[-71.17272,42.27182],[-71.17279,42.27187],[-71.1729,42.27194]]},"properties":{"lts":4,"name":null,"osmId":1460574939}},{"type":"Feature","geometry":{"type":"LineString","coordinates":[[-71.15051,42.29602],[-71.15036,42.29606],[-71.15034,42.29606],[-71.15031,42.29607],[-71.15026,42.29607],[-71.15017,42.29609],[-71.15002,42.29611],[-71.14988,42.29613],[-71.14973,42.29616],[-71.14958,42.29618],[-71.14944,42.2962],[-71.1493,42.29623],[-71.14914,42.29625],[-71.149,42.29627],[-71.14884,42.2963],[-71.1487,42.29632],[-71.14857,42.29634],[-71.14842,42.29636],[-71.14827,42.29638],[-71.14813,42.29639],[-71.14796,42.29641],[-71.14781,42.29642],[-71.14765,42.29643],[-71.14753,42.29644],[-71.14737,42.29645],[-71.14723,42.29645],[-71.14707,42.29646],[-71.14692,42.29646],[-71.14678,42.29646],[-71.14675,42.29646],[-71.14665,42.29646],[-71.14658,42.29646],[-71.14653,42.29646],[-71.14646,42.29646],[-71.14637,42.29645],[-71.1463,42.29645],[-71.14627,42.29645],[-71.14624,42.29644],[-71.14621,42.29644],[-71.14618,42.29643],[-71.14616,42.29642],[-71.14614,42.29642],[-71.14612,42.29641],[-71.14594,42.29631]]},"properties":{"lts":3,"name":"Veterans of Foreign Wars Parkway","osmId":1460853222}},{"type":"Feature","geometry":{"type":"LineString","coordinates":[[-71.14587,42.29674],[-71.14608,42.29666],[-71.14611,42.29665],[-71.14614,42.29664],[-71.14616,42.29664],[-71.14617,42.29663],[-71.14619,42.29663],[-71.14621,42.29663],[-71.14623,42.29663],[-71.14628,42.29663],[-71.14639,42.29664],[-71.14652,42.29664],[-71.14667,42.29664],[-71.14681,42.29664],[-71.14697,42.29664],[-71.14713,42.29664],[-71.14727,42.29663],[-71.14743,42.29662],[-71.14758,42.29662],[-71.14772,42.29661],[-71.14787,42.2966],[-71.14791,42.29659],[-71.14802,42.29658],[-71.14817,42.29657],[-71.14833,42.29655]]},"properties":{"lts":3,"name":"Veterans of Foreign Wars Parkway","osmId":1460853224}},{"type":"Feature","geometry":{"type":"LineString","coordinates":[[-71.08435,42.31855],[-71.08326,42.31824],[-71.08313,42.3182],[-71.08282,42.31812]]},"properties":{"lts":3,"name":"Martin Luther King Jr Boulevard","osmId":1465390288}},{"type":"Feature","geometry":{"type":"LineString","coordinates":[[-71.08485,42.31883],[-71.08545,42.319]]},"properties":{"lts":3,"name":"Martin Luther King Jr Boulevard","osmId":1465390342}},{"type":"Feature","geometry":{"type":"LineString","coordinates":[[-71.11922,42.32139],[-71.11939,42.32153],[-71.11942,42.32155],[-71.11945,42.32158],[-71.11946,42.3216],[-71.11956,42.32171]]},"properties":{"lts":2,"name":null,"osmId":1465753628}},{"type":"Feature","geometry":{"type":"LineString","coordinates":[[-71.11955,42.32178],[-71.11972,42.32164],[-71.11976,42.32161],[-71.11981,42.32158],[-71.11986,42.32156],[-71.11991,42.32154],[-71.12006,42.32147]]},"properties":{"lts":2,"name":null,"osmId":1465753629}},{"type":"Feature","geometry":{"type":"LineString","coordinates":[[-71.09367,42.27348],[-71.09367,42.27345],[-71.09368,42.27338]]},"properties":{"lts":3,"name":"Blue Hill Avenue","osmId":1466318132}},{"type":"Feature","geometry":{"type":"LineString","coordinates":[[-71.09379,42.27027],[-71.09376,42.27013]]},"properties":{"lts":3,"name":"Blue Hill Avenue","osmId":1466318136}},{"type":"Feature","geometry":{"type":"LineString","coordinates":[[-71.09145,42.28406],[-71.09144,42.28409],[-71.09143,42.28411],[-71.09139,42.28424]]},"properties":{"lts":3,"name":"Blue Hill Avenue","osmId":1466318138}},{"type":"Feature","geometry":{"type":"LineString","coordinates":[[-71.07126,42.34095],[-71.07099,42.34083],[-71.07096,42.34081],[-71.07094,42.3408],[-71.07091,42.34079],[-71.07088,42.34078],[-71.07076,42.34074]]},"properties":{"lts":2,"name":"West Dedham Street","osmId":1466925950}},{"type":"Feature","geometry":{"type":"LineString","coordinates":[[-71.14238,42.35657],[-71.14173,42.35647],[-71.14169,42.35647],[-71.14163,42.35646],[-71.14153,42.35645]]},"properties":{"lts":2,"name":"Guest Street","osmId":1474912599}},{"type":"Feature","geometry":{"type":"LineString","coordinates":[[-71.10513,42.34655],[-71.10501,42.3466]]},"properties":{"lts":3,"name":"Beacon Street","osmId":1482403888}},{"type":"Feature","geometry":{"type":"LineString","coordinates":[[-71.14044,42.34241],[-71.14036,42.34237],[-71.14034,42.34236],[-71.1403,42.34233],[-71.13992,42.34211],[-71.13985,42.34206],[-71.13982,42.34205],[-71.13948,42.34183],[-71.13927,42.34171],[-71.13916,42.34165],[-71.13913,42.34163],[-71.13909,42.34161],[-71.13905,42.34159],[-71.139,42.34156],[-71.13896,42.34154],[-71.13892,42.34153],[-71.13881,42.34148],[-71.13876,42.34146],[-71.13868,42.34142],[-71.13839,42.3413],[-71.13813,42.34119],[-71.138,42.34113]]},"properties":{"lts":2,"name":"Washington Street","osmId":1482693601}},{"type":"Feature","geometry":{"type":"LineString","coordinates":[[-71.08836,42.34713],[-71.08802,42.34722],[-71.08797,42.34724],[-71.08789,42.34726],[-71.08774,42.3473]]},"properties":{"lts":3,"name":"Boylston Street","osmId":1483958800}},{"type":"Feature","geometry":{"type":"LineString","coordinates":[[-71.08774,42.3473],[-71.08769,42.34719],[-71.08768,42.34716],[-71.08763,42.34707]]},"properties":{"lts":3,"name":"Massachusetts Avenue","osmId":1483958802}},{"type":"Feature","geometry":{"type":"LineString","coordinates":[[-71.05412,42.35415],[-71.05425,42.35408]]},"properties":{"lts":3,"name":"Purchase Street","osmId":1489927009}},{"type":"Feature","geometry":{"type":"LineString","coordinates":[]},"properties":{"lts":2,"name":"Beacon Street","osmId":1498350918}},{"type":"Feature","geometry":{"type":"LineString","coordinates":[]},"properties":{"lts":2,"name":"Beacon Street","osmId":1498350919}},{"type":"Feature","geometry":{"type":"LineString","coordinates":[]},"properties":{"lts":3,"name":"Beacon Street","osmId":1498350920}},{"type":"Feature","geometry":{"type":"LineString","coordinates":[]},"properties":{"lts":3,"name":"Beacon Street","osmId":1498350921}}]}