{"type":"FeatureCollection","features":[{"type":"Feature","geometry":{"type":"LineString","coordinates":[[-71.08567,42.34327],[-71.08579,42.34337]]},"properties":{"lts":3,"name":"Massachusetts Avenue","osmId":426497265,"goBoston":"future","project":null}},{"type":"Feature","geometry":{"type":"LineString","coordinates":[[-71.08557,42.3432],[-71.08565,42.34325],[-71.08567,42.34327]]},"properties":{"lts":3,"name":"Massachusetts Avenue","osmId":1309816696,"goBoston":"future","project":null}},{"type":"Feature","geometry":{"type":"LineString","coordinates":[[-71.08521,42.34296],[-71.08557,42.3432]]},"properties":{"lts":3,"name":"Massachusetts Avenue","osmId":426497269,"goBoston":"future","project":null}},{"type":"Feature","geometry":{"type":"LineString","coordinates":[[-71.08521,42.34296],[-71.0851,42.34289],[-71.08507,42.34287],[-71.08502,42.34284]]},"properties":{"lts":3,"name":"Massachusetts Avenue","osmId":1309816692,"goBoston":"future","project":null}},{"type":"Feature","geometry":{"type":"LineString","coordinates":[[-71.08483,42.34271],[-71.08493,42.34278],[-71.08502,42.34284]]},"properties":{"lts":2,"name":"Massachusetts Avenue","osmId":422510002,"goBoston":"future","project":null}},{"type":"Feature","geometry":{"type":"LineString","coordinates":[[-71.08453,42.3425],[-71.08456,42.34252],[-71.08468,42.3426],[-71.0847,42.34262],[-71.08474,42.34265],[-71.08479,42.34269],[-71.08483,42.34271]]},"properties":{"lts":3,"name":"Massachusetts Avenue","osmId":566593865,"goBoston":"future","project":null}},{"type":"Feature","geometry":{"type":"LineString","coordinates":[[-71.08445,42.34245],[-71.08448,42.34247],[-71.0845,42.34248],[-71.08453,42.3425]]},"properties":{"lts":3,"name":"Massachusetts Avenue","osmId":1309816694,"goBoston":"future","project":null}},{"type":"Feature","geometry":{"type":"LineString","coordinates":[[-71.08445,42.34245],[-71.08443,42.34244],[-71.08437,42.3424],[-71.08415,42.34225],[-71.08407,42.3422]]},"properties":{"lts":3,"name":"Massachusetts Avenue","osmId":426489150,"goBoston":"future","project":null}},{"type":"Feature","geometry":{"type":"LineString","coordinates":[[-71.08389,42.34208],[-71.08401,42.34215],[-71.08407,42.3422]]},"properties":{"lts":3,"name":"Massachusetts Avenue","osmId":426489145,"goBoston":"future","project":null}},{"type":"Feature","geometry":{"type":"LineString","coordinates":[[-71.08379,42.34201],[-71.08389,42.34208]]},"properties":{"lts":3,"name":"Massachusetts Avenue","osmId":1309816695,"goBoston":"future","project":null}},{"type":"Feature","geometry":{"type":"LineString","coordinates":[[-71.08379,42.34201],[-71.08375,42.34194],[-71.0837,42.34189],[-71.08363,42.34183],[-71.08342,42.34169],[-71.0833,42.34161]]},"properties":{"lts":3,"name":"Massachusetts Avenue","osmId":8644910,"goBoston":"future","project":null}},{"type":"Feature","geometry":{"type":"LineString","coordinates":[[-71.0833,42.34161],[-71.0831,42.34147],[-71.08218,42.34084]]},"properties":{"lts":3,"name":"Massachusetts Avenue","osmId":485286878,"goBoston":"future","project":null}},{"type":"Feature","geometry":{"type":"LineString","coordinates":[[-71.08218,42.34084],[-71.08191,42.34066],[-71.08188,42.34063],[-71.08178,42.34056]]},"properties":{"lts":3,"name":"Massachusetts Avenue","osmId":426462236,"goBoston":"future","project":null}},{"type":"Feature","geometry":{"type":"LineString","coordinates":[[-71.08178,42.34056],[-71.0817,42.34051],[-71.08149,42.34035],[-71.08143,42.34031],[-71.08139,42.34027],[-71.08131,42.3402],[-71.08073,42.33961]]},"properties":{"lts":3,"name":"Massachusetts Avenue","osmId":426462269,"goBoston":"future","project":null}},{"type":"Feature","geometry":{"type":"LineString","coordinates":[[-71.08073,42.33961],[-71.08053,42.33941],[-71.08051,42.33938],[-71.08048,42.33936],[-71.08041,42.33928]]},"properties":{"lts":3,"name":"Massachusetts Avenue","osmId":426462243,"goBoston":"future","project":null}},{"type":"Feature","geometry":{"type":"LineString","coordinates":[[-71.08041,42.33928],[-71.08032,42.3392],[-71.0803,42.33918],[-71.0798,42.33875],[-71.07962,42.33861],[-71.07913,42.33819],[-71.0788,42.33792],[-71.07853,42.33771],[-71.07816,42.33741],[-71.07814,42.33739],[-71.07807,42.33733],[-71.07802,42.33728],[-71.07765,42.33698],[-71.07744,42.3368]]},"properties":{"lts":3,"name":"Massachusetts Avenue","osmId":201707698,"goBoston":"future","project":null}},{"type":"Feature","geometry":{"type":"LineString","coordinates":[[-71.07744,42.3368],[-71.07717,42.33659],[-71.07715,42.33657],[-71.07708,42.3365],[-71.07703,42.33646]]},"properties":{"lts":3,"name":"Massachusetts Avenue","osmId":426462231,"goBoston":"future","project":null}},{"type":"Feature","geometry":{"type":"LineString","coordinates":[[-71.07703,42.33646],[-71.07691,42.33635],[-71.07654,42.33604],[-71.07551,42.33522]]},"properties":{"lts":3,"name":"Massachusetts Avenue","osmId":426462226,"goBoston":"future","project":null}},{"type":"Feature","geometry":{"type":"LineString","coordinates":[[-71.07551,42.33522],[-71.07526,42.33501],[-71.07523,42.33499],[-71.07515,42.33494]]},"properties":{"lts":3,"name":"Massachusetts Avenue","osmId":426462224,"goBoston":"future","project":null}},{"type":"Feature","geometry":{"type":"LineString","coordinates":[[-71.07515,42.33494],[-71.07509,42.33489],[-71.07475,42.33461]]},"properties":{"lts":3,"name":"Massachusetts Avenue","osmId":426462219,"goBoston":"future","project":null}},{"type":"Feature","geometry":{"type":"LineString","coordinates":[[-71.07475,42.33461],[-71.07454,42.33444]]},"properties":{"lts":2,"name":"Massachusetts Avenue","osmId":1088867217,"goBoston":"future","project":null}},{"type":"Feature","geometry":{"type":"LineString","coordinates":[[-71.07454,42.33444],[-71.07413,42.33411]]},"properties":{"lts":2,"name":"Massachusetts Avenue","osmId":101912052,"goBoston":"future","project":null}},{"type":"Feature","geometry":{"type":"LineString","coordinates":[[-71.07413,42.33411],[-71.07402,42.33401]]},"properties":{"lts":2,"name":"Massachusetts Avenue","osmId":101912049,"goBoston":"future","project":null}},{"type":"Feature","geometry":{"type":"LineString","coordinates":[[-71.07402,42.33401],[-71.07386,42.33387]]},"properties":{"lts":2,"name":"Massachusetts Avenue","osmId":1088867216,"goBoston":"future","project":null}},{"type":"Feature","geometry":{"type":"LineString","coordinates":[[-71.07386,42.33387],[-71.07356,42.33363],[-71.07354,42.33362],[-71.07346,42.33352]]},"properties":{"lts":3,"name":"Massachusetts Avenue","osmId":426472757,"goBoston":"future","project":null}},{"type":"Feature","geometry":{"type":"LineString","coordinates":[[-71.07346,42.33352],[-71.07339,42.33343],[-71.07335,42.3334]]},"properties":{"lts":3,"name":"Massachusetts Avenue","osmId":426470881,"goBoston":"future","project":null}},{"type":"Feature","geometry":{"type":"LineString","coordinates":[[-71.07335,42.3334],[-71.07308,42.33318]]},"properties":{"lts":3,"name":"Massachusetts Avenue","osmId":1088867218,"goBoston":"future","project":null}},{"type":"Feature","geometry":{"type":"LineString","coordinates":[[-71.07308,42.33318],[-71.07297,42.33308],[-71.07288,42.33301],[-71.07283,42.33298],[-71.07263,42.33284],[-71.07245,42.33272]]},"properties":{"lts":2,"name":"Massachusetts Avenue","osmId":426470886,"goBoston":"future","project":null}},{"type":"Feature","geometry":{"type":"LineString","coordinates":[[-71.07225,42.33279],[-71.07238,42.33287],[-71.07247,42.33292],[-71.07247,42.33293],[-71.07254,42.33297],[-71.07262,42.33303]]},"properties":{"lts":2,"name":"Massachusetts Avenue","osmId":8651567,"goBoston":"future","project":null}},{"type":"Feature","geometry":{"type":"LineString","coordinates":[[-71.07262,42.33303],[-71.0727,42.33308],[-71.07275,42.33312],[-71.07278,42.33315],[-71.07288,42.33323]]},"properties":{"lts":3,"name":"Massachusetts Avenue","osmId":924350521,"goBoston":"future","project":null}},{"type":"Feature","geometry":{"type":"LineString","coordinates":[[-71.07288,42.33323],[-71.07295,42.33328],[-71.07311,42.33341],[-71.07324,42.33352],[-71.07327,42.33354],[-71.07335,42.33361]]},"properties":{"lts":3,"name":"Massachusetts Avenue","osmId":426470883,"goBoston":"future","project":null}},{"type":"Feature","geometry":{"type":"LineString","coordinates":[[-71.07335,42.33361],[-71.07345,42.33368],[-71.07376,42.33393]]},"properties":{"lts":3,"name":"Massachusetts Avenue","osmId":8650317,"goBoston":"future","project":null}},{"type":"Feature","geometry":{"type":"LineString","coordinates":[[-71.07376,42.33393],[-71.07404,42.33416]]},"properties":{"lts":2,"name":"Massachusetts Avenue","osmId":1088867215,"goBoston":"future","project":null}},{"type":"Feature","geometry":{"type":"LineString","coordinates":[[-71.07404,42.33416],[-71.07447,42.33449]]},"properties":{"lts":2,"name":"Massachusetts Avenue","osmId":101912038,"goBoston":"future","project":null}},{"type":"Feature","geometry":{"type":"LineString","coordinates":[[-71.07447,42.33449],[-71.07463,42.33462]]},"properties":{"lts":2,"name":"Massachusetts Avenue","osmId":426462238,"goBoston":"future","project":null}},{"type":"Feature","geometry":{"type":"LineString","coordinates":[[-71.07463,42.33462],[-71.07474,42.33471]]},"properties":{"lts":3,"name":"Massachusetts Avenue","osmId":426462221,"goBoston":"future","project":null}},{"type":"Feature","geometry":{"type":"LineString","coordinates":[[-71.07474,42.33471],[-71.075,42.33492],[-71.07503,42.33494],[-71.07509,42.33499]]},"properties":{"lts":3,"name":"Massachusetts Avenue","osmId":426462233,"goBoston":"future","project":null}},{"type":"Feature","geometry":{"type":"LineString","coordinates":[[-71.07509,42.33499],[-71.07516,42.33504],[-71.07659,42.33625]]},"properties":{"lts":3,"name":"Massachusetts Avenue","osmId":426462247,"goBoston":"future","project":null}},{"type":"Feature","geometry":{"type":"LineString","coordinates":[[-71.07659,42.33625],[-71.07678,42.33641],[-71.07681,42.33643],[-71.07693,42.33653]]},"properties":{"lts":3,"name":"Massachusetts Avenue","osmId":426462217,"goBoston":"future","project":null}},{"type":"Feature","geometry":{"type":"LineString","coordinates":[[-71.07693,42.33653],[-71.07698,42.33657],[-71.07705,42.33664],[-71.0772,42.33677],[-71.0775,42.33701],[-71.07764,42.33713]]},"properties":{"lts":3,"name":"Massachusetts Avenue","osmId":426462264,"goBoston":"future","project":null}},{"type":"Feature","geometry":{"type":"LineString","coordinates":[[-71.07764,42.33713],[-71.07789,42.33733],[-71.07792,42.33735],[-71.07798,42.3374]]},"properties":{"lts":3,"name":"Massachusetts Avenue","osmId":426462228,"goBoston":"future","project":null}},{"type":"Feature","geometry":{"type":"LineString","coordinates":[[-71.07798,42.3374],[-71.07805,42.33745],[-71.07825,42.33763],[-71.07856,42.33788],[-71.07923,42.33843],[-71.07969,42.33882],[-71.07976,42.33888],[-71.07996,42.33905]]},"properties":{"lts":3,"name":"Massachusetts Avenue","osmId":101912043,"goBoston":"future","project":null}},{"type":"Feature","geometry":{"type":"LineString","coordinates":[[-71.07996,42.33905],[-71.08011,42.33917],[-71.08019,42.33924],[-71.08022,42.33926],[-71.0803,42.33934]]},"properties":{"lts":3,"name":"Massachusetts Avenue","osmId":426462258,"goBoston":"future","project":null}},{"type":"Feature","geometry":{"type":"LineString","coordinates":[[-71.0803,42.33934],[-71.08038,42.33942],[-71.08061,42.33964],[-71.08109,42.34014],[-71.08123,42.34029],[-71.08128,42.34034],[-71.08133,42.34038]]},"properties":{"lts":3,"name":"Massachusetts Avenue","osmId":426462275,"goBoston":"future","project":null}},{"type":"Feature","geometry":{"type":"LineString","coordinates":[[-71.08133,42.34038],[-71.08159,42.34055],[-71.08162,42.34057],[-71.08169,42.34063]]},"properties":{"lts":3,"name":"Massachusetts Avenue","osmId":426462240,"goBoston":"future","project":null}},{"type":"Feature","geometry":{"type":"LineString","coordinates":[[-71.08169,42.34063],[-71.0818,42.3407],[-71.08312,42.34159],[-71.08323,42.34167]]},"properties":{"lts":3,"name":"Massachusetts Avenue","osmId":426462252,"goBoston":"future","project":null}},{"type":"Feature","geometry":{"type":"LineString","coordinates":[[-71.08323,42.34167],[-71.08355,42.34191],[-71.08363,42.34195],[-71.08371,42.34198],[-71.08379,42.34201]]},"properties":{"lts":3,"name":"Massachusetts Avenue","osmId":201664548,"goBoston":"future","project":null}},{"type":"Feature","geometry":{"type":"LineString","coordinates":[[-71.12962,42.28723],[-71.12974,42.28719],[-71.12978,42.28717]]},"properties":{"lts":2,"name":"Belgrade Avenue","osmId":139439560,"goBoston":"future","project":null}},{"type":"Feature","geometry":{"type":"LineString","coordinates":[[-71.12978,42.28717],[-71.12991,42.28713]]},"properties":{"lts":2,"name":"Belgrade Avenue","osmId":312345481,"goBoston":"future","project":null}},{"type":"Feature","geometry":{"type":"LineString","coordinates":[[-71.12991,42.28713],[-71.12998,42.2871],[-71.13005,42.28708],[-71.13009,42.28706],[-71.13014,42.28705]]},"properties":{"lts":3,"name":"Belgrade Avenue","osmId":312345469,"goBoston":"future","project":null}},{"type":"Feature","geometry":{"type":"LineString","coordinates":[[-71.13014,42.28705],[-71.1303,42.28699],[-71.13039,42.28697],[-71.13056,42.28691]]},"properties":{"lts":2,"name":"Belgrade Avenue","osmId":312345520,"goBoston":"future","project":null}},{"type":"Feature","geometry":{"type":"LineString","coordinates":[[-71.13056,42.28691],[-71.13061,42.2869],[-71.13067,42.2869],[-71.13072,42.28689],[-71.13077,42.28688]]},"properties":{"lts":2,"name":"Belgrade Avenue","osmId":8649736,"goBoston":"future","project":null}},{"type":"Feature","geometry":{"type":"LineString","coordinates":[[-71.13077,42.28688],[-71.13085,42.28684],[-71.13094,42.28681],[-71.13103,42.28677],[-71.13106,42.28675],[-71.13111,42.28672]]},"properties":{"lts":2,"name":"Belgrade Avenue","osmId":1204323963,"goBoston":"future","project":null}},{"type":"Feature","geometry":{"type":"LineString","coordinates":[[-71.13111,42.28672],[-71.13117,42.2867],[-71.13123,42.28667]]},"properties":{"lts":3,"name":"Belgrade Avenue","osmId":312345530,"goBoston":"future","project":null}},{"type":"Feature","geometry":{"type":"LineString","coordinates":[[-71.13123,42.28667],[-71.13128,42.28666],[-71.13135,42.28664],[-71.13137,42.28664],[-71.13147,42.28661],[-71.13158,42.28659],[-71.13175,42.28656],[-71.1319,42.28653]]},"properties":{"lts":2,"name":"Belgrade Avenue","osmId":844463238,"goBoston":"future","project":null}},{"type":"Feature","geometry":{"type":"LineString","coordinates":[[-71.1319,42.28653],[-71.13211,42.28649],[-71.13224,42.28647],[-71.13238,42.28645],[-71.13248,42.28644],[-71.13258,42.28643]]},"properties":{"lts":2,"name":"Belgrade Avenue","osmId":312345523,"goBoston":"future","project":null}},{"type":"Feature","geometry":{"type":"LineString","coordinates":[[-71.13258,42.28643],[-71.13273,42.28641],[-71.13284,42.2864],[-71.13299,42.28638]]},"properties":{"lts":2,"name":"Belgrade Avenue","osmId":312345531,"goBoston":"future","project":null}},{"type":"Feature","geometry":{"type":"LineString","coordinates":[[-71.13299,42.28638],[-71.13326,42.28636]]},"properties":{"lts":2,"name":"Belgrade Avenue","osmId":312345431,"goBoston":"future","project":null}},{"type":"Feature","geometry":{"type":"LineString","coordinates":[[-71.13326,42.28636],[-71.13347,42.28635]]},"properties":{"lts":2,"name":"Belgrade Avenue","osmId":312345433,"goBoston":"future","project":null}},{"type":"Feature","geometry":{"type":"LineString","coordinates":[[-71.13347,42.28635],[-71.13365,42.28634]]},"properties":{"lts":2,"name":"Belgrade Avenue","osmId":312345490,"goBoston":"future","project":null}},{"type":"Feature","geometry":{"type":"LineString","coordinates":[[-71.13365,42.28634],[-71.13376,42.28633],[-71.13402,42.28632],[-71.13469,42.28631]]},"properties":{"lts":2,"name":"Belgrade Avenue","osmId":312345529,"goBoston":"future","project":null}},{"type":"Feature","geometry":{"type":"LineString","coordinates":[[-71.13469,42.28631],[-71.13477,42.28631]]},"properties":{"lts":2,"name":"Belgrade Avenue","osmId":312345463,"goBoston":"future","project":null}},{"type":"Feature","geometry":{"type":"LineString","coordinates":[[-71.13477,42.28631],[-71.1349,42.28631]]},"properties":{"lts":2,"name":"Belgrade Avenue","osmId":312345438,"goBoston":"future","project":null}},{"type":"Feature","geometry":{"type":"LineString","coordinates":[[-71.1349,42.28631],[-71.13509,42.2863]]},"properties":{"lts":2,"name":"Belgrade Avenue","osmId":312345500,"goBoston":"future","project":null}},{"type":"Feature","geometry":{"type":"LineString","coordinates":[[-71.13509,42.2863],[-71.13515,42.2863],[-71.13524,42.2863],[-71.13536,42.2863]]},"properties":{"lts":2,"name":"Belgrade Avenue","osmId":312345521,"goBoston":"future","project":null}},{"type":"Feature","geometry":{"type":"LineString","coordinates":[[-71.13536,42.2863],[-71.13544,42.28629],[-71.13579,42.28629]]},"properties":{"lts":2,"name":"Belgrade Avenue","osmId":312345432,"goBoston":"future","project":null}},{"type":"Feature","geometry":{"type":"LineString","coordinates":[[-71.13579,42.28629],[-71.13593,42.28628]]},"properties":{"lts":2,"name":"Belgrade Avenue","osmId":312345423,"goBoston":"future","project":null}},{"type":"Feature","geometry":{"type":"LineString","coordinates":[[-71.13593,42.28628],[-71.13596,42.28628],[-71.13646,42.28627],[-71.13654,42.28627]]},"properties":{"lts":2,"name":"Belgrade Avenue","osmId":312345428,"goBoston":"future","project":null}},{"type":"Feature","geometry":{"type":"LineString","coordinates":[[-71.13654,42.28627],[-71.13671,42.28627],[-71.1372,42.28626]]},"properties":{"lts":2,"name":"Belgrade Avenue","osmId":312345525,"goBoston":"future","project":null}},{"type":"Feature","geometry":{"type":"LineString","coordinates":[[-71.1372,42.28626],[-71.13734,42.28626],[-71.13747,42.28625],[-71.13763,42.28624],[-71.13817,42.28622]]},"properties":{"lts":2,"name":"Belgrade Avenue","osmId":312345430,"goBoston":"future","project":null}},{"type":"Feature","geometry":{"type":"LineString","coordinates":[[-71.13817,42.28622],[-71.13824,42.28622],[-71.13846,42.28621]]},"properties":{"lts":2,"name":"Belgrade Avenue","osmId":312345513,"goBoston":"future","project":null}},{"type":"Feature","geometry":{"type":"LineString","coordinates":[[-71.13846,42.28621],[-71.13904,42.28618]]},"properties":{"lts":2,"name":"Belgrade Avenue","osmId":312345434,"goBoston":"future","project":null}},{"type":"Feature","geometry":{"type":"LineString","coordinates":[[-71.13904,42.28618],[-71.13924,42.28616],[-71.13931,42.28616],[-71.13955,42.28615],[-71.13959,42.28615],[-71.13975,42.28614]]},"properties":{"lts":2,"name":"Belgrade Avenue","osmId":312345436,"goBoston":"future","project":null}},{"type":"Feature","geometry":{"type":"LineString","coordinates":[[-71.13975,42.28614],[-71.13987,42.28614],[-71.14034,42.28613]]},"properties":{"lts":2,"name":"Belgrade Avenue","osmId":312345420,"goBoston":"future","project":null}},{"type":"Feature","geometry":{"type":"LineString","coordinates":[[-71.14034,42.28613],[-71.14043,42.28613],[-71.14051,42.28613],[-71.1411,42.28612],[-71.14179,42.2861],[-71.14191,42.2861],[-71.14203,42.2861],[-71.14256,42.28609]]},"properties":{"lts":2,"name":"Belgrade Avenue","osmId":312345473,"goBoston":"future","project":null}},{"type":"Feature","geometry":{"type":"LineString","coordinates":[[-71.14256,42.28609],[-71.14282,42.28608]]},"properties":{"lts":2,"name":"Belgrade Avenue","osmId":312345510,"goBoston":"future","project":null}},{"type":"Feature","geometry":{"type":"LineString","coordinates":[[-71.14282,42.28608],[-71.14322,42.28608],[-71.14347,42.28607],[-71.1445,42.28605]]},"properties":{"lts":2,"name":"Belgrade Avenue","osmId":312345435,"goBoston":"future","project":null}},{"type":"Feature","geometry":{"type":"LineString","coordinates":[[-71.1445,42.28605],[-71.14486,42.28605],[-71.1451,42.28604],[-71.14518,42.28604],[-71.14524,42.28604],[-71.14528,42.28604]]},"properties":{"lts":2,"name":"Belgrade Avenue","osmId":312345533,"goBoston":"future","project":null}},{"type":"Feature","geometry":{"type":"LineString","coordinates":[[-71.14528,42.28604],[-71.14539,42.28604]]},"properties":{"lts":2,"name":"Belgrade Avenue","osmId":312345443,"goBoston":"future","project":null}},{"type":"Feature","geometry":{"type":"LineString","coordinates":[[-71.14539,42.28604],[-71.1455,42.28603]]},"properties":{"lts":2,"name":"Belgrade Avenue","osmId":312345509,"goBoston":"future","project":null}},{"type":"Feature","geometry":{"type":"LineString","coordinates":[[-71.1455,42.28603],[-71.1459,42.28603],[-71.14619,42.28602]]},"properties":{"lts":2,"name":"Belgrade Avenue","osmId":312345524,"goBoston":"future","project":null}},{"type":"Feature","geometry":{"type":"LineString","coordinates":[[-71.14619,42.28602],[-71.14641,42.28602]]},"properties":{"lts":2,"name":"Belgrade Avenue","osmId":312345422,"goBoston":"future","project":null}},{"type":"Feature","geometry":{"type":"LineString","coordinates":[[-71.14641,42.28602],[-71.1465,42.28601]]},"properties":{"lts":2,"name":"Belgrade Avenue","osmId":312345421,"goBoston":"future","project":null}},{"type":"Feature","geometry":{"type":"LineString","coordinates":[[-71.1465,42.28601],[-71.14663,42.28601]]},"properties":{"lts":2,"name":"Belgrade Avenue","osmId":312345429,"goBoston":"future","project":null}},{"type":"Feature","geometry":{"type":"LineString","coordinates":[[-71.14663,42.28601],[-71.1468,42.28601]]},"properties":{"lts":2,"name":"Belgrade Avenue","osmId":312345498,"goBoston":"future","project":null}},{"type":"Feature","geometry":{"type":"LineString","coordinates":[[-71.1468,42.28601],[-71.14692,42.28601],[-71.14698,42.28601]]},"properties":{"lts":2,"name":"Belgrade Avenue","osmId":312345522,"goBoston":"future","project":null}},{"type":"Feature","geometry":{"type":"LineString","coordinates":[[-71.14698,42.28601],[-71.1471,42.286]]},"properties":{"lts":2,"name":"Belgrade Avenue","osmId":312345418,"goBoston":"future","project":null}},{"type":"Feature","geometry":{"type":"LineString","coordinates":[[-71.1471,42.286],[-71.14716,42.286]]},"properties":{"lts":2,"name":"Belgrade Avenue","osmId":312345417,"goBoston":"future","project":null}},{"type":"Feature","geometry":{"type":"LineString","coordinates":[[-71.14716,42.286],[-71.14729,42.286]]},"properties":{"lts":2,"name":"Belgrade Avenue","osmId":312345448,"goBoston":"future","project":null}},{"type":"Feature","geometry":{"type":"LineString","coordinates":[[-71.14729,42.286],[-71.14735,42.286]]},"properties":{"lts":2,"name":"Belgrade Avenue","osmId":312345424,"goBoston":"future","project":null}},{"type":"Feature","geometry":{"type":"LineString","coordinates":[[-71.14735,42.286],[-71.14743,42.286]]},"properties":{"lts":2,"name":"Belgrade Avenue","osmId":312345477,"goBoston":"future","project":null}},{"type":"Feature","geometry":{"type":"LineString","coordinates":[[-71.14743,42.286],[-71.14766,42.28599],[-71.14778,42.28599]]},"properties":{"lts":2,"name":"Belgrade Avenue","osmId":591278030,"goBoston":"future","project":null}},{"type":"Feature","geometry":{"type":"LineString","coordinates":[[-71.10058,42.32282],[-71.10043,42.32281],[-71.10037,42.32281],[-71.09986,42.32276],[-71.09977,42.32276]]},"properties":{"lts":3,"name":"Centre Street","osmId":426489281,"goBoston":"future","project":null}},{"type":"Feature","geometry":{"type":"LineString","coordinates":[[-71.09977,42.32276],[-71.09953,42.32274],[-71.09922,42.3227],[-71.09912,42.32268]]},"properties":{"lts":3,"name":"Centre Street","osmId":426489280,"goBoston":"future","project":null}},{"type":"Feature","geometry":{"type":"LineString","coordinates":[[-71.09912,42.32268],[-71.09869,42.32265],[-71.09865,42.32264],[-71.09857,42.32261]]},"properties":{"lts":3,"name":"Centre Street","osmId":426489279,"goBoston":"future","project":null}},{"type":"Feature","geometry":{"type":"LineString","coordinates":[[-71.09857,42.32261],[-71.09847,42.32258],[-71.09837,42.32254]]},"properties":{"lts":2,"name":"Centre Street","osmId":426489278,"goBoston":"future","project":null}},{"type":"Feature","geometry":{"type":"LineString","coordinates":[[-71.107,42.31048],[-71.10711,42.31052],[-71.1076,42.31073],[-71.10767,42.31076]]},"properties":{"lts":2,"name":"Green Street","osmId":8638466,"goBoston":"future","project":null}},{"type":"Feature","geometry":{"type":"LineString","coordinates":[[-71.107,42.31048],[-71.10693,42.31045],[-71.10647,42.31025],[-71.10645,42.31024],[-71.10611,42.3101],[-71.10564,42.3099],[-71.1054,42.30979],[-71.10499,42.30962],[-71.10466,42.30948],[-71.10456,42.30944]]},"properties":{"lts":2,"name":"Green Street","osmId":8640053,"goBoston":"future","project":null}},{"type":"Feature","geometry":{"type":"LineString","coordinates":[[-71.10767,42.31076],[-71.10848,42.31111],[-71.10851,42.31112],[-71.10859,42.31115]]},"properties":{"lts":1,"name":"Green Street","osmId":8651862,"goBoston":"future","project":null}},{"type":"Feature","geometry":{"type":"LineString","coordinates":[[-71.10878,42.31124],[-71.10885,42.31127],[-71.10975,42.31165],[-71.11071,42.31207],[-71.11087,42.31214],[-71.1109,42.31215],[-71.11099,42.31219],[-71.11154,42.31242],[-71.11159,42.31245],[-71.11164,42.31247],[-71.11185,42.31255],[-71.11192,42.31258],[-71.11199,42.31261],[-71.11222,42.31269],[-71.11251,42.31278],[-71.11292,42.3129],[-71.11344,42.31305],[-71.114,42.3132],[-71.1141,42.31323]]},"properties":{"lts":1,"name":"Green Street","osmId":327596889,"goBoston":"future","project":null}},{"type":"Feature","geometry":{"type":"LineString","coordinates":[[-71.10859,42.31115],[-71.10869,42.3112],[-71.10878,42.31124]]},"properties":{"lts":2,"name":"Green Street","osmId":327596891,"goBoston":"future","project":null}},{"type":"Feature","geometry":{"type":"LineString","coordinates":[[-71.10456,42.30944],[-71.10448,42.30941],[-71.10437,42.30938],[-71.10406,42.3093],[-71.1035,42.30915],[-71.10295,42.309],[-71.10254,42.3089],[-71.10245,42.30888],[-71.10239,42.30886],[-71.1021,42.30877],[-71.10178,42.30868],[-71.10174,42.30867],[-71.10143,42.30858],[-71.10103,42.30849],[-71.10055,42.30839]]},"properties":{"lts":2,"name":"Glen Road","osmId":8647960,"goBoston":"future","project":null}},{"type":"Feature","geometry":{"type":"LineString","coordinates":[[-71.10055,42.30839],[-71.10044,42.30837],[-71.10036,42.30835],[-71.10028,42.30832],[-71.10022,42.3083],[-71.1002,42.30829],[-71.10016,42.30828],[-71.1001,42.30825],[-71.10004,42.30821],[-71.0998,42.3081]]},"properties":{"lts":2,"name":"Glen Road","osmId":504662641,"goBoston":"future","project":null}},{"type":"Feature","geometry":{"type":"LineString","coordinates":[[-71.0998,42.3081],[-71.09976,42.308],[-71.09955,42.30784],[-71.09945,42.30772],[-71.09931,42.30758],[-71.09921,42.30749],[-71.09904,42.30739],[-71.09879,42.30728],[-71.09858,42.3072],[-71.09824,42.30706],[-71.09799,42.30697],[-71.09796,42.30696],[-71.09783,42.30694],[-71.0978,42.30694]]},"properties":{"lts":1,"name":"Glen Lane","osmId":8649691,"goBoston":"future","project":null}},{"type":"Feature","geometry":{"type":"LineString","coordinates":[[-71.0978,42.30694],[-71.09757,42.30693]]},"properties":{"lts":1,"name":"Glen Lane","osmId":1114722779,"goBoston":"future","project":null}},{"type":"Feature","geometry":{"type":"LineString","coordinates":[[-71.09757,42.30693],[-71.09736,42.30694],[-71.09705,42.30698],[-71.09668,42.30703]]},"properties":{"lts":1,"name":"Glen Lane","osmId":8645304,"goBoston":"future","project":null}},{"type":"Feature","geometry":{"type":"LineString","coordinates":[[-71.09668,42.30703],[-71.09625,42.30671],[-71.09537,42.30609],[-71.09533,42.30606],[-71.09529,42.30603],[-71.09525,42.30597],[-71.09522,42.30592],[-71.09519,42.30588],[-71.09517,42.30583],[-71.09515,42.30576],[-71.09514,42.30569],[-71.09514,42.30561],[-71.09514,42.30553],[-71.09515,42.30547],[-71.09517,42.30537],[-71.09519,42.30531],[-71.09523,42.30523],[-71.0953,42.30512],[-71.09539,42.30501],[-71.09537,42.305]]},"properties":{"lts":1,"name":null,"osmId":485257987,"goBoston":"future","project":null}},{"type":"Feature","geometry":{"type":"LineString","coordinates":[[-71.09537,42.305],[-71.0953,42.30493],[-71.09525,42.30489]]},"properties":{"lts":1,"name":null,"osmId":1290332344,"goBoston":"future","project":null}},{"type":"Feature","geometry":{"type":"LineString","coordinates":[[-71.0953,42.30493],[-71.09513,42.30501],[-71.09507,42.30504]]},"properties":{"lts":2,"name":"Jewish War Veterans Drive","osmId":1088844250,"goBoston":"future","project":null}},{"type":"Feature","geometry":{"type":"LineString","coordinates":[[-71.09507,42.30504],[-71.09499,42.30509],[-71.09478,42.30517],[-71.09445,42.30523],[-71.09422,42.30525],[-71.09403,42.30525],[-71.09376,42.30522],[-71.09341,42.30516],[-71.09304,42.30504],[-71.09273,42.30491],[-71.09241,42.30474],[-71.092,42.30449],[-71.09183,42.30436],[-71.09164,42.30417],[-71.09151,42.30398],[-71.09131,42.3037],[-71.09114,42.30339],[-71.09097,42.30311],[-71.09087,42.30299],[-71.0908,42.3029],[-71.0907,42.3028],[-71.09057,42.30268],[-71.09038,42.30252],[-71.09024,42.30242],[-71.09005,42.30231],[-71.08974,42.30216],[-71.08946,42.30206],[-71.08935,42.30202],[-71.08923,42.30199],[-71.08913,42.30196],[-71.08903,42.30194],[-71.08894,42.30192],[-71.08886,42.30191],[-71.08877,42.3019],[-71.08869,42.3019],[-71.08859,42.3019],[-71.08849,42.30191],[-71.08846,42.30191]]},"properties":{"lts":2,"name":"Jewish War Veterans Drive","osmId":8651669,"goBoston":"future","project":null}},{"type":"Feature","geometry":{"type":"LineString","coordinates":[[-71.08846,42.30191],[-71.08839,42.30192],[-71.0883,42.30193],[-71.08821,42.30194],[-71.08811,42.30196],[-71.08801,42.30198],[-71.08793,42.302],[-71.08785,42.30203],[-71.08777,42.30206],[-71.0877,42.30209],[-71.08761,42.30214]]},"properties":{"lts":2,"name":"Jewish War Veterans Drive","osmId":1382208911,"goBoston":"future","project":null}},{"type":"Feature","geometry":{"type":"LineString","coordinates":[[-71.08674,42.3019],[-71.08672,42.3019],[-71.08668,42.30189],[-71.08661,42.30188],[-71.08655,42.30187],[-71.08649,42.30187],[-71.08642,42.30187],[-71.08634,42.30188],[-71.08627,42.30189],[-71.08621,42.3019],[-71.08616,42.30192],[-71.08605,42.30196],[-71.08601,42.30197],[-71.08596,42.30198],[-71.08592,42.30198],[-71.08589,42.30198],[-71.08586,42.30197],[-71.0858,42.30196],[-71.08575,42.30194]]},"properties":{"lts":3,"name":"Franklin Park Road","osmId":426450163,"goBoston":"future","project":null}},{"type":"Feature","geometry":{"type":"LineString","coordinates":[[-71.08761,42.30214],[-71.08757,42.30215],[-71.08753,42.30216],[-71.08749,42.30217],[-71.08744,42.30217],[-71.08739,42.30217],[-71.08734,42.30216],[-71.0873,42.30215],[-71.08725,42.30213],[-71.08715,42.30208]]},"properties":{"lts":3,"name":"Franklin Park Road","osmId":8651895,"goBoston":"future","project":null}},{"type":"Feature","geometry":{"type":"LineString","coordinates":[[-71.08715,42.30208],[-71.08699,42.30199],[-71.08693,42.30196],[-71.08687,42.30194],[-71.0868,42.30192],[-71.08674,42.3019]]},"properties":{"lts":3,"name":"Franklin Park Road","osmId":591278007,"goBoston":"future","project":null}},{"type":"Feature","geometry":{"type":"LineString","coordinates":[[-71.08715,42.30238],[-71.08729,42.30232],[-71.08737,42.30228],[-71.08743,42.30225],[-71.08761,42.30214]]},"properties":{"lts":3,"name":"Franklin Park Road","osmId":591278008,"goBoston":"future","project":null}},{"type":"Feature","geometry":{"type":"LineString","coordinates":[[-71.08527,42.30344],[-71.08534,42.3034],[-71.08537,42.30339],[-71.08539,42.30338],[-71.08542,42.30336],[-71.08624,42.30289],[-71.08632,42.30284],[-71.08639,42.3028],[-71.08687,42.30253],[-71.08699,42.30246],[-71.08715,42.30238]]},"properties":{"lts":3,"name":"Franklin Park Road","osmId":8651321,"goBoston":"future","project":null}},{"type":"Feature","geometry":{"type":"LineString","coordinates":[[-71.08575,42.30194],[-71.08558,42.30187]]},"properties":{"lts":3,"name":"Franklin Park Road","osmId":321386207,"goBoston":"future","project":null}},{"type":"Feature","geometry":{"type":"LineString","coordinates":[[-71.11418,42.31231],[-71.11407,42.31228],[-71.11376,42.31222],[-71.11341,42.31214],[-71.11327,42.31211],[-71.11277,42.31198],[-71.11267,42.31196],[-71.11245,42.31192],[-71.11226,42.3119],[-71.11222,42.3119],[-71.11214,42.3119],[-71.11208,42.3119],[-71.1119,42.31191],[-71.11174,42.31191],[-71.1117,42.31191],[-71.11153,42.31192],[-71.11148,42.31189],[-71.1114,42.31186],[-71.11124,42.31177],[-71.11078,42.31153],[-71.10999,42.31115],[-71.10987,42.31108],[-71.10958,42.31093],[-71.109,42.31067],[-71.10892,42.31063]]},"properties":{"lts":1,"name":"Seaverns Avenue","osmId":8646829,"goBoston":"future","project":null}},{"type":"Feature","geometry":{"type":"LineString","coordinates":[[-71.10892,42.31063],[-71.10886,42.3106],[-71.10821,42.31033],[-71.10814,42.3103],[-71.10804,42.31026]]},"properties":{"lts":2,"name":"Gordon Street","osmId":8648152,"goBoston":"future","project":null}},{"type":"Feature","geometry":{"type":"LineString","coordinates":[[-71.10742,42.31004],[-71.10796,42.31023],[-71.10804,42.31026]]},"properties":{"lts":2,"name":"Gordon Street","osmId":8644690,"goBoston":"future","project":null}},{"type":"Feature","geometry":{"type":"LineString","coordinates":[[-71.11703,42.31559],[-71.11689,42.31555],[-71.11688,42.31554],[-71.11686,42.31554],[-71.11653,42.31542],[-71.11643,42.31539],[-71.11615,42.31529],[-71.11573,42.31515],[-71.11567,42.31513]]},"properties":{"lts":2,"name":"Pond Street","osmId":8647881,"goBoston":"future","project":null}},{"type":"Feature","geometry":{"type":"LineString","coordinates":[[-71.11567,42.31513],[-71.11559,42.3151],[-71.11498,42.31489],[-71.1149,42.31487],[-71.11429,42.31467],[-71.1142,42.31465],[-71.11412,42.31464]]},"properties":{"lts":2,"name":"Pond Street","osmId":507862820,"goBoston":"future","project":null}},{"type":"Feature","geometry":{"type":"LineString","coordinates":[[-71.1141,42.31323],[-71.11421,42.31327],[-71.11453,42.31339],[-71.11484,42.31351],[-71.1154,42.31373],[-71.11582,42.31389],[-71.1162,42.31404],[-71.11629,42.31407],[-71.11634,42.31409],[-71.11636,42.31412],[-71.11636,42.31417],[-71.11634,42.31423],[-71.11621,42.31442],[-71.11592,42.31481],[-71.11573,42.31506],[-71.11571,42.31508],[-71.11567,42.31513]]},"properties":{"lts":2,"name":"Myrtle Street","osmId":8647980,"goBoston":"future","project":null}},{"type":"Feature","geometry":{"type":"LineString","coordinates":[[-71.12209,42.31348],[-71.12216,42.31339],[-71.12222,42.3133],[-71.12232,42.31318],[-71.12245,42.31301]]},"properties":{"lts":3,"name":"Arborway","osmId":1164090596,"goBoston":"future","project":null}},{"type":"Feature","geometry":{"type":"LineString","coordinates":[[-71.12245,42.31301],[-71.12249,42.31294],[-71.12252,42.31291],[-71.12254,42.31287],[-71.12256,42.31283],[-71.12259,42.31279],[-71.12259,42.31278],[-71.12261,42.31275]]},"properties":{"lts":3,"name":"Arborway","osmId":8652553,"goBoston":"future","project":null}},{"type":"Feature","geometry":{"type":"LineString","coordinates":[[-71.12261,42.31275],[-71.12263,42.31269],[-71.12264,42.31266],[-71.12266,42.31262]]},"properties":{"lts":3,"name":"Arborway","osmId":932341294,"goBoston":"future","project":null}},{"type":"Feature","geometry":{"type":"LineString","coordinates":[[-71.12266,42.31262],[-71.12267,42.31255],[-71.12269,42.31251],[-71.1227,42.31244],[-71.12271,42.31237]]},"properties":{"lts":3,"name":"Arborway","osmId":1288212516,"goBoston":"future","project":null}},{"type":"Feature","geometry":{"type":"LineString","coordinates":[[-71.12271,42.31237],[-71.12275,42.31205],[-71.12275,42.31195],[-71.12275,42.31186],[-71.12274,42.31175],[-71.12273,42.31167],[-71.12269,42.31141],[-71.12267,42.31129],[-71.12265,42.31119],[-71.12263,42.31107],[-71.1226,42.31097],[-71.12257,42.31086],[-71.12254,42.31075],[-71.12251,42.31065],[-71.12248,42.31054],[-71.12244,42.31043],[-71.1224,42.31033],[-71.12236,42.31022],[-71.12231,42.31012],[-71.12227,42.31001],[-71.12222,42.30991],[-71.12217,42.30981],[-71.12214,42.30975],[-71.12212,42.3097],[-71.1221,42.30965],[-71.12209,42.3096],[-71.12208,42.30955],[-71.12207,42.3095],[-71.12207,42.30946],[-71.12207,42.30945],[-71.12208,42.30939],[-71.12208,42.30938],[-71.12209,42.30933],[-71.12209,42.30928],[-71.1221,42.30928],[-71.1221,42.30926],[-71.1221,42.30923],[-71.1221,42.30921],[-71.1221,42.30918],[-71.1221,42.30915],[-71.1221,42.30909]]},"properties":{"lts":2,"name":"Arborway","osmId":367214447,"goBoston":"future","project":null}},{"type":"Feature","geometry":{"type":"LineString","coordinates":[[-71.12209,42.31368],[-71.12208,42.31365],[-71.12208,42.31363],[-71.12207,42.31361],[-71.12207,42.31358],[-71.12207,42.31355],[-71.12208,42.31352],[-71.12209,42.31348]]},"properties":{"lts":3,"name":"Francis Parkman Drive","osmId":8651219,"goBoston":"future","project":null}},{"type":"Feature","geometry":{"type":"LineString","coordinates":[[-71.12149,42.30871],[-71.12131,42.30873],[-71.12126,42.30873],[-71.12124,42.30873],[-71.12123,42.30873],[-71.12117,42.30873],[-71.1211,42.30873],[-71.12104,42.30873],[-71.12097,42.30872],[-71.1209,42.30871],[-71.12083,42.3087],[-71.1208,42.30869],[-71.12076,42.30868],[-71.12074,42.30868],[-71.12069,42.30866],[-71.12063,42.30864],[-71.12057,42.30861],[-71.12051,42.30858],[-71.12046,42.30854],[-71.12041,42.30851],[-71.12036,42.30848],[-71.12032,42.30844],[-71.12028,42.3084],[-71.12023,42.30835],[-71.12018,42.3083],[-71.12013,42.30825],[-71.12005,42.30816],[-71.11998,42.30806],[-71.11991,42.30797],[-71.11985,42.30787],[-71.11981,42.3078],[-71.11979,42.30776],[-71.11974,42.30766],[-71.11969,42.30756],[-71.11966,42.3075],[-71.11963,42.30744],[-71.11963,42.30743],[-71.11961,42.30739],[-71.11959,42.30735],[-71.11958,42.3073],[-71.11957,42.30728],[-71.11955,42.30723],[-71.11954,42.3072],[-71.11953,42.30714],[-71.11952,42.30711],[-71.11951,42.30706],[-71.1195,42.307],[-71.11949,42.30696],[-71.11948,42.3069],[-71.11948,42.30687],[-71.11948,42.3068],[-71.11948,42.30675],[-71.11948,42.30669],[-71.11948,42.30664],[-71.11949,42.30659],[-71.11949,42.30653],[-71.1195,42.30648],[-71.11952,42.30642],[-71.11953,42.30638],[-71.11954,42.30632],[-71.11956,42.30627],[-71.11958,42.30621],[-71.1196,42.30616],[-71.11962,42.30611],[-71.11968,42.30599],[-71.11989,42.30554],[-71.11994,42.30543],[-71.11996,42.30538],[-71.11998,42.30532],[-71.11999,42.30527],[-71.12001,42.30522],[-71.12001,42.30516],[-71.12002,42.30511],[-71.12002,42.30505],[-71.12002,42.30499],[-71.12002,42.30494],[-71.12001,42.30488],[-71.12001,42.30483],[-71.11999,42.30477],[-71.11998,42.30471],[-71.11996,42.30465],[-71.11994,42.30459],[-71.11991,42.30451],[-71.11988,42.30443],[-71.11985,42.30435],[-71.11981,42.30425],[-71.11978,42.30418],[-71.11976,42.30413],[-71.11971,42.30404],[-71.11968,42.30398],[-71.11963,42.30391],[-71.1196,42.30386],[-71.11957,42.30381],[-71.11954,42.30376],[-71.1195,42.30371],[-71.11946,42.30366],[-71.11942,42.30361],[-71.11938,42.30356],[-71.11934,42.30352],[-71.1193,42.30347],[-71.11925,42.30343],[-71.1192,42.30339],[-71.11915,42.30334],[-71.1191,42.30329],[-71.11904,42.30325],[-71.119,42.30322],[-71.11894,42.30317],[-71.11883,42.3031],[-71.11875,42.30305],[-71.11867,42.30299],[-71.1186,42.30295],[-71.11853,42.30291],[-71.11846,42.30287],[-71.11837,42.30283],[-71.11828,42.30279],[-71.11818,42.30274],[-71.11809,42.30271],[-71.11803,42.30268]]},"properties":{"lts":2,"name":"Arborway","osmId":495554429,"goBoston":"future","project":null}},{"type":"Feature","geometry":{"type":"LineString","coordinates":[[-71.12141,42.30926],[-71.12146,42.30928],[-71.12149,42.30929],[-71.12153,42.3093],[-71.12159,42.30931],[-71.12164,42.30932],[-71.12168,42.30932],[-71.12173,42.30932],[-71.12178,42.30931],[-71.12183,42.3093],[-71.12188,42.30929],[-71.12193,42.30927],[-71.12196,42.30925],[-71.12199,42.30923],[-71.12202,42.30922]]},"properties":{"lts":3,"name":"Lieutenant Edward J. Murray Memorial Circle","osmId":8639253,"goBoston":"future","project":null}},{"type":"Feature","geometry":{"type":"LineString","coordinates":[[-71.12136,42.30878],[-71.12131,42.30882],[-71.12128,42.30887],[-71.12126,42.30891],[-71.12125,42.30895],[-71.12125,42.30899],[-71.12125,42.30903],[-71.12126,42.30906],[-71.12127,42.30911],[-71.12129,42.30914],[-71.12132,42.30917]]},"properties":{"lts":3,"name":"Lieutenant Edward J. Murray Memorial Circle","osmId":8639660,"goBoston":"future","project":null}},{"type":"Feature","geometry":{"type":"LineString","coordinates":[[-71.12175,42.30867],[-71.12173,42.30868],[-71.12169,42.30868],[-71.12164,42.30868],[-71.12161,42.30868],[-71.12158,42.30869],[-71.12156,42.30869],[-71.12154,42.3087],[-71.12149,42.30871]]},"properties":{"lts":2,"name":"Lieutenant Edward J. Murray Memorial Circle","osmId":8646326,"goBoston":"future","project":null}},{"type":"Feature","geometry":{"type":"LineString","coordinates":[[-71.1221,42.30909],[-71.12212,42.30904],[-71.12212,42.30901],[-71.12213,42.30898],[-71.12213,42.30894],[-71.12213,42.30891],[-71.12212,42.30889],[-71.12211,42.30886],[-71.1221,42.30883],[-71.12207,42.3088],[-71.12205,42.30877],[-71.12201,42.30875],[-71.12197,42.30872],[-71.12192,42.3087],[-71.12186,42.30869],[-71.12181,42.30868],[-71.12175,42.30867]]},"properties":{"lts":3,"name":"Lieutenant Edward J. Murray Memorial Circle","osmId":495564882,"goBoston":"future","project":null}},{"type":"Feature","geometry":{"type":"LineString","coordinates":[[-71.12202,42.30922],[-71.12205,42.30918],[-71.12207,42.30914],[-71.1221,42.30909]]},"properties":{"lts":3,"name":"Lieutenant Edward J. Murray Memorial Circle","osmId":591278032,"goBoston":"future","project":null}},{"type":"Feature","geometry":{"type":"LineString","coordinates":[[-71.12132,42.30917],[-71.12135,42.30921],[-71.12138,42.30923],[-71.12141,42.30926]]},"properties":{"lts":3,"name":"Lieutenant Edward J. Murray Memorial Circle","osmId":1040391913,"goBoston":"future","project":null}},{"type":"Feature","geometry":{"type":"LineString","coordinates":[[-71.12149,42.30871],[-71.12146,42.30872],[-71.12144,42.30873],[-71.12142,42.30874],[-71.1214,42.30876],[-71.12136,42.30878]]},"properties":{"lts":3,"name":"Lieutenant Edward J. Murray Memorial Circle","osmId":1088833684,"goBoston":"future","project":null}},{"type":"Feature","geometry":{"type":"LineString","coordinates":[[-71.12077,42.30901],[-71.12088,42.30911],[-71.12092,42.30913]]},"properties":{"lts":2,"name":"Arborway","osmId":1414001639,"goBoston":"future","project":null}},{"type":"Feature","geometry":{"type":"LineString","coordinates":[[-71.12092,42.30913],[-71.1211,42.30928],[-71.1212,42.30936],[-71.1213,42.30945],[-71.12132,42.30947],[-71.12139,42.30954],[-71.12143,42.30958],[-71.1215,42.30967],[-71.12158,42.30976],[-71.12165,42.30986],[-71.12171,42.30995],[-71.12176,42.31006],[-71.12181,42.31016],[-71.12185,42.31026],[-71.1219,42.31036],[-71.12194,42.31047],[-71.12197,42.31058],[-71.12201,42.31069],[-71.12204,42.31079],[-71.12208,42.31089],[-71.1221,42.31099],[-71.12213,42.3111],[-71.12219,42.3114],[-71.1222,42.3115],[-71.12222,42.31159],[-71.12222,42.31169],[-71.12223,42.31181],[-71.12224,42.31193],[-71.12224,42.31204],[-71.12224,42.31214],[-71.12223,42.31224],[-71.12223,42.31233],[-71.12221,42.31242],[-71.1222,42.31249],[-71.12219,42.31254],[-71.12217,42.3126]]},"properties":{"lts":2,"name":"Arborway","osmId":1414001641,"goBoston":"future","project":null}},{"type":"Feature","geometry":{"type":"LineString","coordinates":[[-71.12217,42.3126],[-71.12215,42.31264],[-71.12215,42.31265],[-71.12213,42.31267]]},"properties":{"lts":3,"name":"Arborway","osmId":1329989165,"goBoston":"future","project":null}},{"type":"Feature","geometry":{"type":"LineString","coordinates":[[-71.12213,42.31267],[-71.1221,42.31273],[-71.12207,42.31277],[-71.12204,42.31281],[-71.122,42.31285]]},"properties":{"lts":3,"name":"Arborway","osmId":1329989164,"goBoston":"future","project":null}},{"type":"Feature","geometry":{"type":"LineString","coordinates":[[-71.122,42.31285],[-71.12196,42.31288],[-71.12191,42.31291],[-71.12155,42.31313]]},"properties":{"lts":3,"name":"Arborway","osmId":8646119,"goBoston":"future","project":null}},{"type":"Feature","geometry":{"type":"LineString","coordinates":[[-71.11468,42.30196],[-71.11471,42.30197],[-71.11476,42.30199],[-71.11477,42.302],[-71.1149,42.30206],[-71.11498,42.3021],[-71.11504,42.30212],[-71.1151,42.30215],[-71.11518,42.30218],[-71.11528,42.30223],[-71.11539,42.30227],[-71.1155,42.30231],[-71.11561,42.30234]]},"properties":{"lts":3,"name":"Arborway","osmId":1413405984,"goBoston":"future","project":null}},{"type":"Feature","geometry":{"type":"LineString","coordinates":[[-71.11561,42.30234],[-71.11569,42.30237],[-71.11583,42.30242],[-71.1159,42.30244],[-71.11598,42.30245],[-71.11602,42.30246],[-71.11607,42.30248],[-71.11612,42.30249],[-71.11623,42.30251],[-71.11628,42.30252],[-71.11638,42.30253],[-71.11644,42.30254],[-71.11651,42.30255],[-71.11657,42.30256],[-71.11664,42.30256],[-71.11672,42.30257],[-71.11678,42.30257]]},"properties":{"lts":3,"name":"Arborway","osmId":1414002598,"goBoston":"future","project":null}},{"type":"Feature","geometry":{"type":"LineString","coordinates":[[-71.11678,42.30257],[-71.11695,42.30258],[-71.11701,42.30259],[-71.11707,42.30259],[-71.11711,42.30259],[-71.11715,42.3026],[-71.11722,42.30261],[-71.11729,42.30261],[-71.11736,42.30263],[-71.11743,42.30264],[-71.11744,42.30264],[-71.11751,42.30265],[-71.11758,42.30266],[-71.11765,42.30268],[-71.11772,42.3027],[-71.11779,42.30272],[-71.11786,42.30273],[-71.11793,42.30276],[-71.11799,42.30278],[-71.11806,42.3028],[-71.11813,42.30283],[-71.11818,42.30285],[-71.11825,42.30288],[-71.11832,42.30291],[-71.11838,42.30294],[-71.11844,42.30297],[-71.11851,42.303],[-71.11856,42.30304],[-71.11862,42.30307],[-71.11868,42.30311],[-71.11873,42.30314],[-71.11879,42.30318],[-71.11884,42.30322],[-71.1189,42.30326],[-71.11895,42.30331],[-71.119,42.30334],[-71.11905,42.30338],[-71.1191,42.30342],[-71.11915,42.30347],[-71.11919,42.30351],[-71.11923,42.30355],[-71.11928,42.3036],[-71.11932,42.30365],[-71.11936,42.3037],[-71.1194,42.30374],[-71.11943,42.30379],[-71.11946,42.30384],[-71.11949,42.30388],[-71.11953,42.30394],[-71.11956,42.30399],[-71.11959,42.30404],[-71.11962,42.30409],[-71.11965,42.30414],[-71.11967,42.3042],[-71.11969,42.30425],[-71.11974,42.30436],[-71.11978,42.30446],[-71.11982,42.30457],[-71.11985,42.30467],[-71.11987,42.30474],[-71.11988,42.3048],[-71.11989,42.30487],[-71.1199,42.30491],[-71.1199,42.30494],[-71.11991,42.30499],[-71.11991,42.30505],[-71.1199,42.3051],[-71.1199,42.30516],[-71.11989,42.30521],[-71.11988,42.30526],[-71.11987,42.3053],[-71.11985,42.30535],[-71.11983,42.30541],[-71.11978,42.30552],[-71.11957,42.30597],[-71.11952,42.30608],[-71.11949,42.30614],[-71.11947,42.30619],[-71.11945,42.30625],[-71.11943,42.3063],[-71.11941,42.30636],[-71.1194,42.30641],[-71.11939,42.30647],[-71.11938,42.30652],[-71.11937,42.30658],[-71.11937,42.30663],[-71.11936,42.30669],[-71.11936,42.30675],[-71.11936,42.3068],[-71.11936,42.30686],[-71.11936,42.30691],[-71.11937,42.30697],[-71.11937,42.30702],[-71.11938,42.30707],[-71.11939,42.30713],[-71.11941,42.30719],[-71.11943,42.30725],[-71.11945,42.30733],[-71.11947,42.30739],[-71.11952,42.30749],[-71.11957,42.3076],[-71.11962,42.3077],[-71.11968,42.3078],[-71.11975,42.30791],[-71.11981,42.308],[-71.11988,42.3081],[-71.11995,42.3082],[-71.12004,42.3083],[-71.12012,42.30839],[-71.1202,42.30849],[-71.12028,42.30858]]},"properties":{"lts":3,"name":"Arborway","osmId":495555868,"goBoston":"future","project":null}},{"type":"Feature","geometry":{"type":"LineString","coordinates":[[-71.12028,42.30858],[-71.12037,42.30867],[-71.12052,42.30882]]},"properties":{"lts":3,"name":"Arborway","osmId":1413405983,"goBoston":"future","project":null}},{"type":"Feature","geometry":{"type":"LineString","coordinates":[[-71.12052,42.30882],[-71.12064,42.30892],[-71.12068,42.30895],[-71.12069,42.30897],[-71.12071,42.30898],[-71.12072,42.30899],[-71.12074,42.30899],[-71.12075,42.309],[-71.12077,42.30901]]},"properties":{"lts":3,"name":"Arborway","osmId":1414001635,"goBoston":"future","project":null}},{"type":"Feature","geometry":{"type":"LineString","coordinates":[[-71.12155,42.31313],[-71.12151,42.31314],[-71.12148,42.31315],[-71.12144,42.31314],[-71.12141,42.31313],[-71.12137,42.31312],[-71.12133,42.31311],[-71.12129,42.3131],[-71.12124,42.3131],[-71.12121,42.31311],[-71.12117,42.31312],[-71.12111,42.31313],[-71.12107,42.31314],[-71.12102,42.31316],[-71.12064,42.31332],[-71.12051,42.31337],[-71.12039,42.31342],[-71.12028,42.31347],[-71.12018,42.31352],[-71.12002,42.31359],[-71.11999,42.31361],[-71.11998,42.31362],[-71.11996,42.31365],[-71.11994,42.31367],[-71.11992,42.31369],[-71.11988,42.31371],[-71.11984,42.31373]]},"properties":{"lts":2,"name":"Pond Street","osmId":8649912,"goBoston":"future","project":null}},{"type":"Feature","geometry":{"type":"LineString","coordinates":[[-71.11984,42.31373],[-71.11977,42.31375],[-71.11973,42.31376]]},"properties":{"lts":4,"name":"Jamaicaway","osmId":1414001650,"goBoston":"future","project":null}},{"type":"Feature","geometry":{"type":"LineString","coordinates":[[-71.1221,42.30909],[-71.12215,42.30905],[-71.12216,42.30904],[-71.12218,42.30903],[-71.12219,42.30902],[-71.12221,42.30901],[-71.12222,42.309],[-71.12223,42.30898],[-71.12226,42.30895],[-71.1223,42.30888],[-71.12258,42.30848],[-71.12265,42.30839]]},"properties":{"lts":3,"name":"Centre Street","osmId":1425789343,"goBoston":"future","project":null}},{"type":"Feature","geometry":{"type":"LineString","coordinates":[[-71.12265,42.30839],[-71.12268,42.30833],[-71.12293,42.30799],[-71.12298,42.30791],[-71.12307,42.30779],[-71.12312,42.30772],[-71.12316,42.30766],[-71.1232,42.30761],[-71.12323,42.30757],[-71.12328,42.30751],[-71.12349,42.30724],[-71.12355,42.30716],[-71.12378,42.30687],[-71.12391,42.30668],[-71.12398,42.3066],[-71.12404,42.30652],[-71.12408,42.30646],[-71.12412,42.30642],[-71.12414,42.30638],[-71.12416,42.30635],[-71.12418,42.30633],[-71.12419,42.30631],[-71.12421,42.30627],[-71.12423,42.30624],[-71.12425,42.3062],[-71.12427,42.30615],[-71.12433,42.30604],[-71.12435,42.30599],[-71.12447,42.30573],[-71.12452,42.30563],[-71.12454,42.30558],[-71.12456,42.30553],[-71.12458,42.30549],[-71.1246,42.30545],[-71.12461,42.30543],[-71.12462,42.3054],[-71.12463,42.30537],[-71.12464,42.30535],[-71.12465,42.30531],[-71.12465,42.30529],[-71.12466,42.30527],[-71.12467,42.30524],[-71.12467,42.3052],[-71.12468,42.30518],[-71.12469,42.30514],[-71.12469,42.30511],[-71.1247,42.305],[-71.12476,42.30452],[-71.12476,42.30448],[-71.12477,42.30439],[-71.12478,42.3043],[-71.1248,42.30417],[-71.1248,42.30412],[-71.12481,42.30406],[-71.12482,42.304],[-71.12483,42.30394],[-71.12484,42.30388],[-71.12485,42.30384],[-71.12486,42.30381],[-71.12487,42.30377],[-71.12488,42.30372],[-71.12489,42.30371],[-71.1249,42.30369],[-71.12491,42.30365],[-71.12493,42.30361],[-71.12495,42.30357],[-71.12495,42.30356],[-71.12497,42.30352],[-71.12499,42.30348],[-71.125,42.30345],[-71.12502,42.30342],[-71.12503,42.3034],[-71.12506,42.30335],[-71.12509,42.3033],[-71.12513,42.30326],[-71.1252,42.30316],[-71.12526,42.30307],[-71.12536,42.30294],[-71.12539,42.3029],[-71.12582,42.30233],[-71.12596,42.30214],[-71.12599,42.3021],[-71.12604,42.30204],[-71.12607,42.30199],[-71.12611,42.30194],[-71.12615,42.30191],[-71.12617,42.30188],[-71.1262,42.30184],[-71.12622,42.30182],[-71.12624,42.3018],[-71.12627,42.30177],[-71.1263,42.30174],[-71.12632,42.30171],[-71.12635,42.30169],[-71.12637,42.30167],[-71.12716,42.30092],[-71.12724,42.30085],[-71.12759,42.3005],[-71.12782,42.30027],[-71.12784,42.30025],[-71.1279,42.3002],[-71.12794,42.30016]]},"properties":{"lts":3,"name":"Centre Street","osmId":1414373608,"goBoston":"future","project":null}},{"type":"Feature","geometry":{"type":"LineString","coordinates":[[-71.12794,42.30016],[-71.12908,42.29904],[-71.12916,42.29895]]},"properties":{"lts":3,"name":"Centre Street","osmId":1417994674,"goBoston":"future","project":null}},{"type":"Feature","geometry":{"type":"LineString","coordinates":[[-71.12916,42.29895],[-71.12925,42.29886],[-71.1293,42.29882],[-71.12933,42.29879],[-71.12934,42.29878],[-71.12938,42.29874]]},"properties":{"lts":3,"name":"Centre Street","osmId":1418836100,"goBoston":"future","project":null}},{"type":"Feature","geometry":{"type":"LineString","coordinates":[[-71.12938,42.29874],[-71.12953,42.29869],[-71.12958,42.29864],[-71.12964,42.29859],[-71.12973,42.29851],[-71.12981,42.29845],[-71.12988,42.2984],[-71.12995,42.29835],[-71.13,42.29832],[-71.13005,42.29828],[-71.13011,42.29824],[-71.13018,42.2982]]},"properties":{"lts":1,"name":"Centre Street","osmId":1418836059,"goBoston":"future","project":null}},{"type":"Feature","geometry":{"type":"LineString","coordinates":[[-71.13018,42.2982],[-71.13021,42.29817],[-71.13024,42.29816],[-71.13026,42.29814],[-71.13029,42.29812]]},"properties":{"lts":1,"name":"Centre Street","osmId":1418836061,"goBoston":"future","project":null}},{"type":"Feature","geometry":{"type":"LineString","coordinates":[[-71.13029,42.29812],[-71.13039,42.29806],[-71.13044,42.29803],[-71.13046,42.29802],[-71.13053,42.29798],[-71.13059,42.29794],[-71.13064,42.29792],[-71.13075,42.29786],[-71.13079,42.29784],[-71.13087,42.2978],[-71.13098,42.29775],[-71.13107,42.2977],[-71.13115,42.29767],[-71.13131,42.29755]]},"properties":{"lts":1,"name":"Centre Street","osmId":1418836060,"goBoston":"future","project":null}},{"type":"Feature","geometry":{"type":"LineString","coordinates":[[-71.13131,42.29755],[-71.13181,42.29734]]},"properties":{"lts":3,"name":"Centre Street","osmId":1418836101,"goBoston":"future","project":null}},{"type":"Feature","geometry":{"type":"LineString","coordinates":[[-71.13181,42.29734],[-71.13192,42.29729],[-71.13212,42.29721],[-71.13224,42.29716],[-71.13257,42.29702]]},"properties":{"lts":3,"name":"Centre Street","osmId":1012493319,"goBoston":"future","project":null}},{"type":"Feature","geometry":{"type":"LineString","coordinates":[[-71.13257,42.29702],[-71.13271,42.29696],[-71.13294,42.29685]]},"properties":{"lts":3,"name":"Centre Street","osmId":48919790,"goBoston":"future","project":null}},{"type":"Feature","geometry":{"type":"LineString","coordinates":[[-71.13282,42.29682],[-71.13279,42.29683],[-71.13275,42.29685],[-71.13269,42.29688],[-71.13265,42.2969],[-71.13263,42.29691],[-71.1325,42.29696],[-71.13232,42.29704],[-71.13219,42.29709],[-71.13205,42.29715],[-71.13175,42.29728]]},"properties":{"lts":3,"name":"Centre Street","osmId":1417994668,"goBoston":"future","project":null}},{"type":"Feature","geometry":{"type":"LineString","coordinates":[[-71.13175,42.29728],[-71.13125,42.29749]]},"properties":{"lts":3,"name":"Centre Street","osmId":1418836057,"goBoston":"future","project":null}},{"type":"Feature","geometry":{"type":"LineString","coordinates":[[-71.13125,42.29749],[-71.13108,42.29751],[-71.13063,42.29769],[-71.13051,42.29774],[-71.1304,42.29779],[-71.13034,42.29781],[-71.13032,42.29783],[-71.13029,42.29783],[-71.13028,42.29784],[-71.13027,42.29784],[-71.13025,42.29784],[-71.13023,42.29784],[-71.1302,42.29784]]},"properties":{"lts":1,"name":"Centre Street","osmId":1418836056,"goBoston":"future","project":null}},{"type":"Feature","geometry":{"type":"LineString","coordinates":[[-71.1302,42.29784],[-71.13015,42.29788]]},"properties":{"lts":1,"name":"Centre Street","osmId":1418836078,"goBoston":"future","project":null}},{"type":"Feature","geometry":{"type":"LineString","coordinates":[[-71.13015,42.29788],[-71.13008,42.29792]]},"properties":{"lts":1,"name":"Centre Street","osmId":1418836077,"goBoston":"future","project":null}},{"type":"Feature","geometry":{"type":"LineString","coordinates":[[-71.13008,42.29792],[-71.13006,42.29793],[-71.13004,42.29794]]},"properties":{"lts":1,"name":"Centre Street","osmId":1418836081,"goBoston":"future","project":null}},{"type":"Feature","geometry":{"type":"LineString","coordinates":[[-71.13004,42.29794],[-71.12995,42.29799]]},"properties":{"lts":1,"name":"Centre Street","osmId":1418836080,"goBoston":"future","project":null}},{"type":"Feature","geometry":{"type":"LineString","coordinates":[[-71.12995,42.29799],[-71.12987,42.29802],[-71.12986,42.29803]]},"properties":{"lts":1,"name":"Centre Street","osmId":1418836079,"goBoston":"future","project":null}},{"type":"Feature","geometry":{"type":"LineString","coordinates":[[-71.12986,42.29803],[-71.12986,42.29803],[-71.12985,42.29805],[-71.12983,42.29807],[-71.12982,42.29809],[-71.1298,42.29811],[-71.12979,42.29813],[-71.12977,42.29815],[-71.12961,42.29827],[-71.12959,42.29833],[-71.12953,42.2984],[-71.12949,42.2985]]},"properties":{"lts":1,"name":"Centre Street","osmId":1418836053,"goBoston":"future","project":null}},{"type":"Feature","geometry":{"type":"LineString","coordinates":[[-71.12949,42.2985],[-71.12945,42.29854],[-71.12908,42.29891]]},"properties":{"lts":3,"name":"Centre Street","osmId":1418836051,"goBoston":"future","project":null}},{"type":"Feature","geometry":{"type":"LineString","coordinates":[[-71.12908,42.29891],[-71.12827,42.2997]]},"properties":{"lts":3,"name":"Centre Street","osmId":1417994673,"goBoston":"future","project":null}},{"type":"Feature","geometry":{"type":"LineString","coordinates":[[-71.12827,42.2997],[-71.1279,42.30006],[-71.12784,42.30012]]},"properties":{"lts":3,"name":"Centre Street","osmId":426628515,"goBoston":"future","project":null}},{"type":"Feature","geometry":{"type":"LineString","coordinates":[[-71.12784,42.30012],[-71.12776,42.3002],[-71.12723,42.30072],[-71.12715,42.3008],[-71.12629,42.30162],[-71.12624,42.30167],[-71.12621,42.3017],[-71.12618,42.30173],[-71.12615,42.30176],[-71.12612,42.30179],[-71.1261,42.30182],[-71.12608,42.30184],[-71.12604,42.30189],[-71.126,42.30193],[-71.12596,42.30198],[-71.12592,42.30203],[-71.12588,42.30208],[-71.12576,42.30224],[-71.12575,42.30226],[-71.12573,42.30228],[-71.12563,42.30242],[-71.12537,42.30277],[-71.12531,42.30286],[-71.12527,42.3029],[-71.12509,42.30315],[-71.12506,42.30319],[-71.12502,42.30324],[-71.12499,42.30329],[-71.12496,42.30334],[-71.12494,42.30336],[-71.12493,42.30338],[-71.12493,42.30339],[-71.12492,42.3034],[-71.12491,42.30342],[-71.1249,42.30344],[-71.12489,42.30346],[-71.12488,42.30348],[-71.12487,42.3035],[-71.12486,42.30352],[-71.12485,42.30355],[-71.12484,42.30357],[-71.12483,42.3036],[-71.12481,42.30364],[-71.1248,42.30367],[-71.12479,42.3037],[-71.12478,42.30372],[-71.12477,42.30374],[-71.12477,42.30375],[-71.12477,42.30376],[-71.12476,42.3038],[-71.12475,42.30383],[-71.12474,42.30386],[-71.12473,42.30388],[-71.12473,42.3039],[-71.12473,42.30392],[-71.12472,42.30394],[-71.12472,42.30397],[-71.12471,42.304],[-71.12471,42.30404],[-71.1247,42.30408],[-71.12469,42.30419],[-71.12468,42.30429],[-71.12467,42.30437],[-71.12465,42.30456],[-71.1246,42.305],[-71.12459,42.30506],[-71.12458,42.30511],[-71.12458,42.30515],[-71.12457,42.30517],[-71.12456,42.30522],[-71.12455,42.30527],[-71.12455,42.30529],[-71.12454,42.30532],[-71.12452,42.30537],[-71.12451,42.3054],[-71.1245,42.30542],[-71.12449,42.30545],[-71.12448,42.30547],[-71.12447,42.3055],[-71.12446,42.30553],[-71.12444,42.30555],[-71.12443,42.30558],[-71.12427,42.30592],[-71.12422,42.30603],[-71.12419,42.3061],[-71.12417,42.30614],[-71.12415,42.30617],[-71.12414,42.30618],[-71.12413,42.30621],[-71.12411,42.30624],[-71.1241,42.30626],[-71.12409,42.30628],[-71.12408,42.3063],[-71.12406,42.30633],[-71.12403,42.30637],[-71.12401,42.3064],[-71.12399,42.30643],[-71.12395,42.30648],[-71.12391,42.30653],[-71.12384,42.30662],[-71.12341,42.30719],[-71.12339,42.3072],[-71.12305,42.30764],[-71.12268,42.30812],[-71.12265,42.30817],[-71.12257,42.30828],[-71.12254,42.30831],[-71.12251,42.30834]]},"properties":{"lts":3,"name":"Centre Street","osmId":1414373619,"goBoston":"future","project":null}},{"type":"Feature","geometry":{"type":"LineString","coordinates":[[-71.12251,42.30834],[-71.12247,42.30838],[-71.12244,42.30841],[-71.12243,42.30842],[-71.1224,42.30845],[-71.12236,42.30848],[-71.12234,42.30851],[-71.1223,42.30853],[-71.12225,42.30856],[-71.12219,42.30859],[-71.12218,42.30859],[-71.12213,42.30861],[-71.12211,42.30862],[-71.12208,42.30863],[-71.12202,42.30865],[-71.12199,42.30865],[-71.12195,42.30866],[-71.12189,42.30867],[-71.12182,42.30867],[-71.12175,42.30867]]},"properties":{"lts":3,"name":"Centre Street","osmId":923319848,"goBoston":"future","project":null}},{"type":"Feature","geometry":{"type":"LineString","coordinates":[[-71.12932,42.29654],[-71.12917,42.29652],[-71.12914,42.29652],[-71.12905,42.29651],[-71.12879,42.29648],[-71.12854,42.29645],[-71.1281,42.29641],[-71.12805,42.2964],[-71.12779,42.29637],[-71.12772,42.29637],[-71.12697,42.29629],[-71.12653,42.29624],[-71.12631,42.29622],[-71.1261,42.29618],[-71.12592,42.29615],[-71.12574,42.29611],[-71.1255,42.29606],[-71.1252,42.29599],[-71.12492,42.29593],[-71.12476,42.2959],[-71.1246,42.29588],[-71.12444,42.29586],[-71.12421,42.29585],[-71.12395,42.29584],[-71.12371,42.29582],[-71.12357,42.2958],[-71.12342,42.29579],[-71.12327,42.29576],[-71.1231,42.29574],[-71.12254,42.29566],[-71.12234,42.29563],[-71.12225,42.29561],[-71.12218,42.2956]]},"properties":{"lts":2,"name":"Flora Way","osmId":8648399,"goBoston":"future","project":null}},{"type":"Feature","geometry":{"type":"LineString","coordinates":[[-71.12949,42.29688],[-71.12945,42.29701],[-71.12967,42.29743],[-71.12976,42.29764],[-71.12985,42.29781],[-71.12986,42.29783],[-71.12987,42.29785],[-71.12987,42.29786],[-71.12988,42.29788],[-71.12988,42.2979],[-71.12988,42.29793],[-71.12988,42.29795],[-71.12988,42.29797],[-71.12987,42.29798],[-71.12987,42.29799],[-71.12986,42.29801],[-71.12986,42.29803]]},"properties":{"lts":1,"name":"Walter Street","osmId":1418836047,"goBoston":"future","project":null}},{"type":"Feature","geometry":{"type":"LineString","coordinates":[[-71.12953,42.29684],[-71.12939,42.2966],[-71.12932,42.29654]]},"properties":{"lts":1,"name":"Walter Street","osmId":1418836086,"goBoston":"future","project":null}},{"type":"Feature","geometry":{"type":"LineString","coordinates":[[-71.12956,42.29689],[-71.12954,42.29687],[-71.12953,42.29684]]},"properties":{"lts":1,"name":"Walter Street","osmId":1418836087,"goBoston":"future","project":null}},{"type":"Feature","geometry":{"type":"LineString","coordinates":[[-71.12958,42.29694],[-71.12956,42.29689]]},"properties":{"lts":1,"name":"Walter Street","osmId":1418836093,"goBoston":"future","project":null}},{"type":"Feature","geometry":{"type":"LineString","coordinates":[[-71.12961,42.29699],[-71.1296,42.29696],[-71.12958,42.29694]]},"properties":{"lts":1,"name":"Walter Street","osmId":1418836090,"goBoston":"future","project":null}},{"type":"Feature","geometry":{"type":"LineString","coordinates":[[-71.1302,42.29784],[-71.13015,42.29783],[-71.13014,42.29783],[-71.13012,42.29782],[-71.1301,42.29781],[-71.13008,42.2978],[-71.13006,42.29778],[-71.13005,42.29777],[-71.12989,42.29752],[-71.12961,42.29699]]},"properties":{"lts":1,"name":"Walter Street","osmId":1418836048,"goBoston":"future","project":null}},{"type":"Feature","geometry":{"type":"LineString","coordinates":[[-71.12949,42.29688],[-71.12942,42.29675],[-71.12936,42.29664],[-71.12934,42.29661],[-71.12932,42.29654]]},"properties":{"lts":3,"name":"Walter Street","osmId":1418836050,"goBoston":"future","project":null}},{"type":"Feature","geometry":{"type":"LineString","coordinates":[[-71.13588,42.29446],[-71.1358,42.29447],[-71.1357,42.29448],[-71.13563,42.29448],[-71.13506,42.29454],[-71.13467,42.29459],[-71.13425,42.29462],[-71.13309,42.2947],[-71.13172,42.29478],[-71.13113,42.29481],[-71.13084,42.29482],[-71.13066,42.29484],[-71.1306,42.29484],[-71.13054,42.29483],[-71.13041,42.29484]]},"properties":{"lts":2,"name":"Weld Street","osmId":8647168,"goBoston":"future","project":null}},{"type":"Feature","geometry":{"type":"LineString","coordinates":[[-71.02192,42.33787],[-71.022,42.33793],[-71.02207,42.33799],[-71.02215,42.33804],[-71.02226,42.33809],[-71.02239,42.33815],[-71.02254,42.33822],[-71.02373,42.33866],[-71.02384,42.33871],[-71.02395,42.33873],[-71.02407,42.33875],[-71.02418,42.33875],[-71.02429,42.33874],[-71.02439,42.33872],[-71.02448,42.33869],[-71.02458,42.33864],[-71.02483,42.3385],[-71.02498,42.33843]]},"properties":{"lts":3,"name":"Shore Road","osmId":8641989,"goBoston":"future","project":null}},{"type":"Feature","geometry":{"type":"LineString","coordinates":[[-71.02513,42.33832],[-71.0251,42.33835],[-71.02506,42.33837],[-71.02503,42.3384],[-71.02498,42.33843]]},"properties":{"lts":2,"name":"Shore Road","osmId":632654621,"goBoston":"future","project":null}},{"type":"Feature","geometry":{"type":"LineString","coordinates":[[-71.03106,42.33823],[-71.03136,42.33822],[-71.03223,42.33821]]},"properties":{"lts":3,"name":"East First Street","osmId":591217312,"goBoston":"future","project":null}},{"type":"Feature","geometry":{"type":"LineString","coordinates":[[-71.03223,42.33821],[-71.03333,42.33818],[-71.03342,42.33818],[-71.03381,42.33818],[-71.03536,42.33815],[-71.0355,42.33814]]},"properties":{"lts":3,"name":"East First Street","osmId":591217311,"goBoston":"future","project":null}},{"type":"Feature","geometry":{"type":"LineString","coordinates":[[-71.0439,42.33801],[-71.04385,42.33801],[-71.04383,42.33801],[-71.04282,42.33803],[-71.04252,42.33804],[-71.04164,42.33805],[-71.04161,42.33805],[-71.04083,42.33806],[-71.04052,42.33807],[-71.04043,42.33807],[-71.04,42.33808],[-71.03992,42.33808],[-71.03878,42.3381],[-71.03846,42.3381],[-71.03802,42.33811],[-71.03758,42.33811],[-71.03752,42.33811],[-71.03563,42.33814],[-71.0355,42.33814]]},"properties":{"lts":3,"name":"East First Street","osmId":8647498,"goBoston":"future","project":null}},{"type":"Feature","geometry":{"type":"LineString","coordinates":[[-71.03981,42.3301],[-71.0398,42.33014],[-71.0398,42.33017],[-71.03979,42.33021],[-71.0398,42.33026],[-71.0398,42.33033],[-71.0398,42.33052],[-71.0398,42.33057],[-71.0398,42.33064],[-71.03982,42.33099],[-71.03983,42.33135],[-71.03983,42.3314],[-71.03983,42.33146],[-71.03985,42.33182],[-71.03986,42.33217],[-71.03986,42.33222],[-71.03987,42.33229],[-71.03988,42.33254],[-71.03989,42.33299],[-71.03989,42.33304],[-71.0399,42.33311],[-71.03991,42.33339],[-71.03992,42.33382],[-71.03992,42.33388],[-71.03992,42.33394],[-71.03993,42.33403],[-71.03994,42.3343],[-71.03995,42.33463],[-71.03995,42.3347],[-71.03995,42.33476],[-71.03996,42.3351],[-71.03997,42.33544],[-71.03997,42.33547],[-71.03995,42.33557]]},"properties":{"lts":2,"name":"I Street","osmId":217381795,"goBoston":"future","project":null}},{"type":"Feature","geometry":{"type":"LineString","coordinates":[[-71.04,42.33808],[-71.03999,42.33801],[-71.03997,42.33731],[-71.03996,42.33725],[-71.03996,42.33719],[-71.03994,42.33648],[-71.03994,42.33643],[-71.03994,42.33637],[-71.03993,42.33572],[-71.03993,42.3357],[-71.03995,42.33557]]},"properties":{"lts":2,"name":"I Street","osmId":29018127,"goBoston":"future","project":null}},{"type":"Feature","geometry":{"type":"LineString","coordinates":[[-71.05697,42.3304],[-71.05697,42.33062],[-71.05698,42.33081],[-71.05698,42.33086],[-71.057,42.33186],[-71.057,42.3321],[-71.05701,42.33238],[-71.05701,42.33278],[-71.05701,42.33283]]},"properties":{"lts":2,"name":"Dorchester Avenue","osmId":1086987648,"goBoston":"future","project":null}},{"type":"Feature","geometry":{"type":"LineString","coordinates":[[-71.05697,42.33026],[-71.05697,42.33033],[-71.05697,42.33036],[-71.05697,42.33039],[-71.05697,42.3304]]},"properties":{"lts":2,"name":"Dorchester Avenue","osmId":1086987649,"goBoston":"future","project":null}},{"type":"Feature","geometry":{"type":"LineString","coordinates":[[-71.05709,42.33729],[-71.05708,42.33735],[-71.05704,42.33747],[-71.05703,42.33751],[-71.057,42.3376],[-71.05698,42.33766],[-71.05696,42.33773],[-71.05695,42.3378],[-71.05696,42.33787],[-71.05697,42.33795]]},"properties":{"lts":3,"name":"Dorchester Avenue","osmId":93125350,"goBoston":"future","project":null}},{"type":"Feature","geometry":{"type":"LineString","coordinates":[[-71.05703,42.33372],[-71.05703,42.33388],[-71.05704,42.33472],[-71.05705,42.33491],[-71.05705,42.33509],[-71.05705,42.33526],[-71.05706,42.33563],[-71.05706,42.3358],[-71.05707,42.3361],[-71.05707,42.33628],[-71.05708,42.33681],[-71.05709,42.33708],[-71.05709,42.33729]]},"properties":{"lts":2,"name":"Dorchester Avenue","osmId":637322214,"goBoston":"future","project":null}},{"type":"Feature","geometry":{"type":"LineString","coordinates":[[-71.05696,42.3301],[-71.05698,42.33007],[-71.05699,42.33004],[-71.057,42.33001],[-71.057,42.32998],[-71.057,42.32996],[-71.05701,42.32985],[-71.05701,42.32982],[-71.057,42.32978],[-71.057,42.32968]]},"properties":{"lts":3,"name":"Dorchester Avenue","osmId":637321384,"goBoston":"future","project":null}},{"type":"Feature","geometry":{"type":"LineString","coordinates":[[-71.05712,42.33855],[-71.05715,42.33849],[-71.05716,42.33844],[-71.05716,42.33835],[-71.05715,42.33823]]},"properties":{"lts":3,"name":"Dorchester Avenue","osmId":8645065,"goBoston":"future","project":null}},{"type":"Feature","geometry":{"type":"LineString","coordinates":[[-71.0569,42.32973],[-71.05691,42.32982],[-71.05691,42.32995],[-71.05692,42.32998],[-71.05693,42.33002],[-71.05694,42.33005],[-71.05696,42.3301]]},"properties":{"lts":3,"name":"Dorchester Avenue","osmId":924712783,"goBoston":"future","project":null}},{"type":"Feature","geometry":{"type":"LineString","coordinates":[[-71.0569,42.32969],[-71.0569,42.32973]]},"properties":{"lts":3,"name":"Dorchester Avenue","osmId":924712785,"goBoston":"future","project":null}},{"type":"Feature","geometry":{"type":"LineString","coordinates":[[-71.05706,42.33821],[-71.05706,42.33827],[-71.05707,42.33831],[-71.05707,42.33834],[-71.05708,42.33841],[-71.0571,42.33847],[-71.05712,42.33855]]},"properties":{"lts":3,"name":"Dorchester Avenue","osmId":591235986,"goBoston":"future","project":null}},{"type":"Feature","geometry":{"type":"LineString","coordinates":[[-71.05697,42.3295],[-71.05694,42.32953],[-71.05692,42.32957],[-71.05691,42.32961],[-71.0569,42.32965],[-71.0569,42.32969]]},"properties":{"lts":3,"name":"Dorchester Avenue","osmId":296968662,"goBoston":"future","project":null}},{"type":"Feature","geometry":{"type":"LineString","coordinates":[[-71.05697,42.33795],[-71.05699,42.33801],[-71.05701,42.33806],[-71.05703,42.33811],[-71.05704,42.33816],[-71.05706,42.33821]]},"properties":{"lts":3,"name":"Dorchester Avenue","osmId":8645208,"goBoston":"future","project":null}},{"type":"Feature","geometry":{"type":"LineString","coordinates":[[-71.057,42.32968],[-71.057,42.32965],[-71.05699,42.3296],[-71.05698,42.32955],[-71.05697,42.3295]]},"properties":{"lts":3,"name":"Dorchester Avenue","osmId":591217305,"goBoston":"future","project":null}},{"type":"Feature","geometry":{"type":"LineString","coordinates":[[-71.05696,42.3301],[-71.05697,42.33026]]},"properties":{"lts":2,"name":"Dorchester Avenue","osmId":533518458,"goBoston":"future","project":null}},{"type":"Feature","geometry":{"type":"LineString","coordinates":[[-71.05715,42.33823],[-71.05715,42.33768],[-71.05715,42.3376],[-71.05714,42.33751],[-71.05713,42.33741],[-71.05709,42.33729]]},"properties":{"lts":3,"name":"Dorchester Avenue","osmId":8642558,"goBoston":"future","project":null}},{"type":"Feature","geometry":{"type":"LineString","coordinates":[[-71.05701,42.33283],[-71.05702,42.33285],[-71.05702,42.33287],[-71.05703,42.33344],[-71.05703,42.33372]]},"properties":{"lts":2,"name":"Dorchester Avenue","osmId":1086987647,"goBoston":"future","project":null}},{"type":"Feature","geometry":{"type":"LineString","coordinates":[[-71.05148,42.34366],[-71.05133,42.34359],[-71.05067,42.34316],[-71.04995,42.3427],[-71.0494,42.34234],[-71.04868,42.34188],[-71.04859,42.34183],[-71.04801,42.34133],[-71.04787,42.34134]]},"properties":{"lts":1,"name":null,"osmId":1298855968,"goBoston":"future","project":null}},{"type":"Feature","geometry":{"type":"LineString","coordinates":[[-71.05205,42.34394],[-71.05167,42.34376],[-71.05148,42.34366]]},"properties":{"lts":1,"name":null,"osmId":1338082649,"goBoston":"future","project":null}},{"type":"Feature","geometry":{"type":"LineString","coordinates":[[-71.05218,42.34399],[-71.05211,42.34396],[-71.05205,42.34394]]},"properties":{"lts":1,"name":null,"osmId":1338082650,"goBoston":"future","project":null}},{"type":"Feature","geometry":{"type":"LineString","coordinates":[[-71.05302,42.34428],[-71.05218,42.34399]]},"properties":{"lts":1,"name":null,"osmId":1329969691,"goBoston":"future","project":null}},{"type":"Feature","geometry":{"type":"LineString","coordinates":[[-71.05222,42.32966],[-71.05233,42.32969],[-71.05238,42.3297],[-71.05241,42.32971],[-71.05245,42.32973],[-71.05247,42.32974],[-71.05249,42.32975],[-71.05251,42.32977],[-71.05253,42.32978],[-71.05254,42.32979],[-71.05255,42.32981],[-71.05256,42.32983],[-71.05257,42.32984],[-71.05258,42.32986],[-71.05259,42.32988],[-71.05259,42.32991],[-71.05259,42.32994],[-71.0526,42.33005],[-71.05261,42.33016],[-71.05263,42.33028],[-71.05264,42.33038],[-71.05266,42.33048],[-71.05268,42.33059],[-71.05271,42.3307],[-71.05274,42.33081],[-71.05277,42.33091],[-71.05281,42.33103]]},"properties":{"lts":3,"name":"Old Colony Avenue","osmId":1083476681,"goBoston":"future","project":null}},{"type":"Feature","geometry":{"type":"LineString","coordinates":[[-71.05436,42.33371],[-71.05455,42.33403],[-71.05473,42.33432],[-71.05516,42.33502],[-71.05517,42.33505],[-71.05522,42.33512],[-71.05528,42.33522],[-71.05615,42.33662],[-71.05684,42.33774],[-71.05686,42.33777],[-71.05687,42.33779],[-71.05697,42.33795]]},"properties":{"lts":3,"name":"Old Colony Avenue","osmId":533516596,"goBoston":"future","project":null}},{"type":"Feature","geometry":{"type":"LineString","coordinates":[[-71.05281,42.33103],[-71.05285,42.33113],[-71.05289,42.33123],[-71.05291,42.33128],[-71.05294,42.33134],[-71.05296,42.33139],[-71.05298,42.33143],[-71.053,42.33149],[-71.05302,42.33151],[-71.05306,42.3316],[-71.0531,42.33167],[-71.05315,42.33174],[-71.05331,42.332],[-71.05359,42.33244],[-71.05382,42.33283],[-71.05412,42.33332],[-71.05436,42.33371]]},"properties":{"lts":3,"name":"Old Colony Avenue","osmId":8650070,"goBoston":"future","project":null}},{"type":"Feature","geometry":{"type":"LineString","coordinates":[[-71.05281,42.33069],[-71.05279,42.3306],[-71.05276,42.33047],[-71.05275,42.33037],[-71.05273,42.33026],[-71.05271,42.33001]]},"properties":{"lts":3,"name":"Old Colony Avenue","osmId":1413344353,"goBoston":"future","project":null}},{"type":"Feature","geometry":{"type":"LineString","coordinates":[[-71.05311,42.33146],[-71.05308,42.33141],[-71.05305,42.33134],[-71.05302,42.33129],[-71.05298,42.3312],[-71.05295,42.33111],[-71.05291,42.33101],[-71.05287,42.3309],[-71.05284,42.3308],[-71.05281,42.33069]]},"properties":{"lts":3,"name":"Old Colony Avenue","osmId":1413344354,"goBoston":"future","project":null}},{"type":"Feature","geometry":{"type":"LineString","coordinates":[[-71.05271,42.33001],[-71.05268,42.32967],[-71.05267,42.32964],[-71.05267,42.3296],[-71.05266,42.32956],[-71.05265,42.32951],[-71.05263,42.32944]]},"properties":{"lts":3,"name":"Old Colony Avenue","osmId":1328990026,"goBoston":"future","project":null}},{"type":"Feature","geometry":{"type":"LineString","coordinates":[[-71.05715,42.33823],[-71.05713,42.33807],[-71.0571,42.33796],[-71.05708,42.3379],[-71.05705,42.33784],[-71.057,42.33778],[-71.05696,42.33773],[-71.05689,42.33764],[-71.05683,42.33755],[-71.05673,42.33739],[-71.05664,42.33724],[-71.05624,42.33658]]},"properties":{"lts":3,"name":"Old Colony Avenue","osmId":1212694219,"goBoston":"future","project":null}},{"type":"Feature","geometry":{"type":"LineString","coordinates":[[-71.05624,42.33658],[-71.05583,42.33591]]},"properties":{"lts":3,"name":"Old Colony Avenue","osmId":1212694220,"goBoston":"future","project":null}},{"type":"Feature","geometry":{"type":"LineString","coordinates":[[-71.05583,42.33591],[-71.05571,42.33572],[-71.0554,42.33521],[-71.05537,42.33516],[-71.0553,42.33505],[-71.05525,42.33498],[-71.05515,42.33483],[-71.05498,42.33454],[-71.05481,42.33427],[-71.05467,42.33404],[-71.05462,42.33396],[-71.05445,42.33368],[-71.05409,42.33309],[-71.05391,42.3328],[-71.05363,42.33233],[-71.05324,42.33171],[-71.05323,42.33169],[-71.05319,42.33161],[-71.05315,42.33154],[-71.05311,42.33146]]},"properties":{"lts":3,"name":"Old Colony Avenue","osmId":296968945,"goBoston":"future","project":null}},{"type":"Feature","geometry":{"type":"LineString","coordinates":[[-71.05222,42.32966],[-71.05226,42.32966],[-71.0523,42.32965],[-71.05234,42.32965],[-71.05238,42.32964],[-71.05242,42.32962],[-71.05246,42.32961],[-71.05249,42.32959],[-71.05252,42.32957],[-71.05255,42.32955],[-71.05257,42.32953],[-71.05259,42.32951],[-71.0526,42.32948],[-71.05262,42.32946],[-71.05263,42.32944],[-71.05264,42.32942]]},"properties":{"lts":4,"name":"Pacuska Circle","osmId":8648215,"goBoston":"future","project":null}},{"type":"Feature","geometry":{"type":"LineString","coordinates":[[-71.05262,42.32923],[-71.0526,42.32919]]},"properties":{"lts":4,"name":"Pacuska Circle","osmId":591217300,"goBoston":"future","project":null}},{"type":"Feature","geometry":{"type":"LineString","coordinates":[[-71.05264,42.32942],[-71.05265,42.32938],[-71.05265,42.32934],[-71.05265,42.32933],[-71.05265,42.32931],[-71.05264,42.32927],[-71.05263,42.32925],[-71.05262,42.32923]]},"properties":{"lts":4,"name":"Pacuska Circle","osmId":591217301,"goBoston":"future","project":null}},{"type":"Feature","geometry":{"type":"LineString","coordinates":[[-71.0526,42.32919],[-71.05259,42.32917],[-71.05257,42.32916],[-71.05256,42.32914],[-71.05254,42.32913],[-71.05251,42.3291],[-71.05248,42.32909],[-71.05246,42.32908],[-71.05244,42.32907],[-71.05241,42.32906],[-71.05238,42.32905],[-71.05236,42.32904],[-71.05231,42.32903],[-71.05228,42.32903],[-71.05225,42.32903],[-71.0522,42.32903],[-71.05216,42.32903],[-71.05213,42.32903],[-71.05209,42.32904],[-71.05205,42.32905],[-71.05201,42.32907],[-71.05198,42.32908]]},"properties":{"lts":4,"name":"Pacuska Circle","osmId":1198827624,"goBoston":"future","project":null}},{"type":"Feature","geometry":{"type":"LineString","coordinates":[[-71.05198,42.32908],[-71.05195,42.3291],[-71.05193,42.32911],[-71.05192,42.32912],[-71.05189,42.32915],[-71.05187,42.32916],[-71.05186,42.32918],[-71.05184,42.3292],[-71.05183,42.32922],[-71.05182,42.32924],[-71.05181,42.32926],[-71.0518,42.32928],[-71.0518,42.32929],[-71.05179,42.32933],[-71.05179,42.32936],[-71.0518,42.32938],[-71.0518,42.3294],[-71.05181,42.32942],[-71.05182,42.32945],[-71.05183,42.32948],[-71.05185,42.3295],[-71.05186,42.32951],[-71.05188,42.32953],[-71.05189,42.32954],[-71.05193,42.32958]]},"properties":{"lts":4,"name":"Pacuska Circle","osmId":1323818982,"goBoston":"future","project":null}},{"type":"Feature","geometry":{"type":"LineString","coordinates":[[-71.05193,42.32958],[-71.05197,42.3296],[-71.052,42.32961],[-71.05202,42.32962],[-71.05206,42.32964],[-71.05209,42.32964],[-71.05212,42.32965],[-71.05216,42.32966],[-71.05218,42.32966],[-71.05222,42.32966]]},"properties":{"lts":4,"name":"Pacuska Circle","osmId":1323818983,"goBoston":"future","project":null}},{"type":"Feature","geometry":{"type":"LineString","coordinates":[[-71.06794,42.33169],[-71.06777,42.33165],[-71.06748,42.33159],[-71.06726,42.33154],[-71.06699,42.33149],[-71.06659,42.3314],[-71.06592,42.33127],[-71.06546,42.33118],[-71.06501,42.33109],[-71.06479,42.33105]]},"properties":{"lts":3,"name":"Southampton Street","osmId":8639309,"goBoston":"future","project":null}},{"type":"Feature","geometry":{"type":"LineString","coordinates":[[-71.06479,42.33105],[-71.06454,42.331],[-71.06433,42.33096],[-71.06394,42.33088]]},"properties":{"lts":3,"name":"Southampton Street","osmId":591236239,"goBoston":"future","project":null}},{"type":"Feature","geometry":{"type":"LineString","coordinates":[[-71.06394,42.33088],[-71.06369,42.33083],[-71.0631,42.33071]]},"properties":{"lts":3,"name":"Southampton Street","osmId":1120040866,"goBoston":"future","project":null}},{"type":"Feature","geometry":{"type":"LineString","coordinates":[[-71.0631,42.33071],[-71.06293,42.33067],[-71.0628,42.33065],[-71.06259,42.3306],[-71.06179,42.33044]]},"properties":{"lts":3,"name":"Southampton Street","osmId":591217327,"goBoston":"future","project":null}},{"type":"Feature","geometry":{"type":"LineString","coordinates":[[-71.06179,42.33044],[-71.06118,42.33032]]},"properties":{"lts":3,"name":"Southampton Street","osmId":25626398,"goBoston":"future","project":null}},{"type":"Feature","geometry":{"type":"LineString","coordinates":[[-71.06118,42.33032],[-71.06109,42.33031],[-71.06089,42.33027]]},"properties":{"lts":3,"name":"Southampton Street","osmId":426476055,"goBoston":"future","project":null}},{"type":"Feature","geometry":{"type":"LineString","coordinates":[[-71.06089,42.33027],[-71.0608,42.33025]]},"properties":{"lts":3,"name":"Southampton Street","osmId":402034657,"goBoston":"future","project":null}},{"type":"Feature","geometry":{"type":"LineString","coordinates":[[-71.0608,42.33025],[-71.06064,42.33022]]},"properties":{"lts":3,"name":"Southampton Street","osmId":25626456,"goBoston":"future","project":null}},{"type":"Feature","geometry":{"type":"LineString","coordinates":[[-71.06064,42.33022],[-71.06053,42.33019],[-71.06026,42.33014]]},"properties":{"lts":3,"name":"Southampton Street","osmId":979402297,"goBoston":"future","project":null}},{"type":"Feature","geometry":{"type":"LineString","coordinates":[[-71.06026,42.33014],[-71.05949,42.32999]]},"properties":{"lts":3,"name":"Southampton Street","osmId":591677276,"goBoston":"future","project":null}},{"type":"Feature","geometry":{"type":"LineString","coordinates":[[-71.05949,42.32999],[-71.05931,42.32995],[-71.0591,42.32991]]},"properties":{"lts":3,"name":"Southampton Street","osmId":25626377,"goBoston":"future","project":null}},{"type":"Feature","geometry":{"type":"LineString","coordinates":[[-71.0591,42.32991],[-71.05875,42.32984],[-71.05827,42.32974]]},"properties":{"lts":3,"name":"Southampton Street","osmId":25626378,"goBoston":"future","project":null}},{"type":"Feature","geometry":{"type":"LineString","coordinates":[[-71.0575,42.32959],[-71.05792,42.32967],[-71.05827,42.32974]]},"properties":{"lts":3,"name":"Southampton Street","osmId":1123837130,"goBoston":"future","project":null}},{"type":"Feature","geometry":{"type":"LineString","coordinates":[[-71.05731,42.32955],[-71.0575,42.32959]]},"properties":{"lts":3,"name":"Southampton Street","osmId":1324008195,"goBoston":"future","project":null}},{"type":"Feature","geometry":{"type":"LineString","coordinates":[[-71.05697,42.3295],[-71.05712,42.32952],[-71.05721,42.32953],[-71.05726,42.32954],[-71.05731,42.32955]]},"properties":{"lts":3,"name":"Southampton Street","osmId":8647648,"goBoston":"future","project":null}},{"type":"Feature","geometry":{"type":"LineString","coordinates":[[-71.05594,42.30452],[-71.05589,42.3045],[-71.05583,42.30448],[-71.05568,42.30442],[-71.05559,42.30438],[-71.05525,42.30426],[-71.05517,42.30423],[-71.05507,42.30419],[-71.05495,42.30414],[-71.05481,42.30408],[-71.05468,42.30403],[-71.05455,42.30397],[-71.05439,42.3039],[-71.05431,42.30386],[-71.05422,42.30382],[-71.05414,42.30378],[-71.05369,42.30354],[-71.05359,42.30349],[-71.0535,42.30345],[-71.05335,42.30337],[-71.05313,42.30326],[-71.05304,42.30321],[-71.05296,42.30317],[-71.05289,42.30313],[-71.05282,42.30308]]},"properties":{"lts":2,"name":"Freeport Street","osmId":8647504,"goBoston":"future","project":null}},{"type":"Feature","geometry":{"type":"LineString","coordinates":[[-71.05282,42.30308],[-71.05274,42.30304],[-71.05267,42.30299],[-71.0526,42.30295]]},"properties":{"lts":2,"name":"Freeport Street","osmId":1086987653,"goBoston":"future","project":null}},{"type":"Feature","geometry":{"type":"LineString","coordinates":[[-71.0526,42.30295],[-71.05254,42.30291],[-71.05249,42.30287],[-71.05244,42.30283],[-71.05232,42.30275],[-71.05228,42.30272],[-71.05208,42.30257],[-71.0518,42.30237]]},"properties":{"lts":2,"name":"Freeport Street","osmId":508841010,"goBoston":"future","project":null}},{"type":"Feature","geometry":{"type":"LineString","coordinates":[[-71.0518,42.30237],[-71.05165,42.30225],[-71.05157,42.3022],[-71.0515,42.30214],[-71.05143,42.30209],[-71.05137,42.30203]]},"properties":{"lts":3,"name":"Freeport Street","osmId":426489981,"goBoston":"future","project":null}},{"type":"Feature","geometry":{"type":"LineString","coordinates":[[-71.05137,42.30203],[-71.05112,42.30184]]},"properties":{"lts":2,"name":"Freeport Street","osmId":426489980,"goBoston":"future","project":null}},{"type":"Feature","geometry":{"type":"LineString","coordinates":[[-71.05112,42.30184],[-71.05099,42.30173]]},"properties":{"lts":2,"name":"Freeport Street","osmId":541864492,"goBoston":"future","project":null}},{"type":"Feature","geometry":{"type":"LineString","coordinates":[[-71.05099,42.30173],[-71.05094,42.30169],[-71.05089,42.30165],[-71.05083,42.30161],[-71.05077,42.30157],[-71.05071,42.30153],[-71.05063,42.30148]]},"properties":{"lts":3,"name":"Freeport Street","osmId":426489265,"goBoston":"future","project":null}},{"type":"Feature","geometry":{"type":"LineString","coordinates":[[-71.05063,42.30148],[-71.05058,42.30145],[-71.05054,42.30143],[-71.05048,42.3014],[-71.05031,42.3013]]},"properties":{"lts":2,"name":"Freeport Street","osmId":426489267,"goBoston":"future","project":null}},{"type":"Feature","geometry":{"type":"LineString","coordinates":[[-71.05031,42.3013],[-71.04994,42.30111]]},"properties":{"lts":3,"name":"Freeport Street","osmId":426489197,"goBoston":"future","project":null}},{"type":"Feature","geometry":{"type":"LineString","coordinates":[[-71.04994,42.30111],[-71.04978,42.30102]]},"properties":{"lts":3,"name":"Freeport Street","osmId":1323782584,"goBoston":"future","project":null}},{"type":"Feature","geometry":{"type":"LineString","coordinates":[[-71.04944,42.30083],[-71.04951,42.30086],[-71.04954,42.30088],[-71.04978,42.30102]]},"properties":{"lts":3,"name":"Freeport Street","osmId":723782292,"goBoston":"future","project":null}},{"type":"Feature","geometry":{"type":"LineString","coordinates":[[-71.04915,42.30064],[-71.04929,42.30074],[-71.04944,42.30083]]},"properties":{"lts":3,"name":"Freeport Street","osmId":215726054,"goBoston":"future","project":null}},{"type":"Feature","geometry":{"type":"LineString","coordinates":[[-71.05565,42.3003],[-71.05568,42.30039],[-71.05576,42.30059],[-71.05585,42.30083],[-71.05605,42.30135],[-71.0562,42.30174],[-71.05622,42.3018],[-71.05624,42.30188],[-71.05626,42.30194],[-71.05628,42.30202],[-71.0563,42.30211],[-71.05631,42.30219],[-71.05632,42.30226],[-71.05633,42.30232],[-71.05633,42.30237],[-71.05634,42.30246],[-71.05634,42.30255],[-71.05634,42.30263],[-71.05634,42.30271],[-71.05634,42.30278],[-71.05634,42.30286],[-71.05633,42.30294],[-71.05633,42.30302],[-71.05632,42.3031],[-71.05631,42.30319],[-71.0563,42.30327],[-71.05629,42.30337],[-71.05628,42.30345],[-71.05627,42.30354],[-71.05626,42.3036],[-71.05625,42.30365],[-71.05623,42.30373],[-71.05622,42.3038],[-71.0562,42.30388],[-71.05618,42.30397],[-71.05616,42.30405],[-71.05613,42.30412],[-71.05604,42.30442],[-71.05602,42.30446],[-71.05599,42.30454]]},"properties":{"lts":2,"name":"Clayton Street","osmId":8647529,"goBoston":"future","project":null}},{"type":"Feature","geometry":{"type":"LineString","coordinates":[[-71.07811,42.29443],[-71.07767,42.29453],[-71.07725,42.29461]]},"properties":{"lts":3,"name":"Park Street","osmId":1308802222,"goBoston":"future","project":null}},{"type":"Feature","geometry":{"type":"LineString","coordinates":[[-71.07725,42.29461],[-71.07685,42.29468],[-71.07644,42.29476],[-71.07604,42.29483],[-71.07564,42.29491],[-71.07526,42.29498],[-71.07488,42.29505],[-71.07454,42.29511],[-71.07414,42.29519],[-71.07374,42.29527],[-71.07343,42.29532],[-71.07283,42.29541],[-71.07222,42.2955],[-71.07211,42.29551]]},"properties":{"lts":2,"name":"Park Street","osmId":8647800,"goBoston":"future","project":null}},{"type":"Feature","geometry":{"type":"LineString","coordinates":[[-71.07211,42.29551],[-71.07203,42.29552],[-71.07195,42.29553],[-71.07188,42.29554],[-71.07115,42.29574],[-71.07109,42.29576],[-71.07033,42.29596],[-71.07025,42.29598],[-71.07019,42.296],[-71.067,42.29686],[-71.06564,42.29723],[-71.06513,42.29737],[-71.06465,42.2975],[-71.06457,42.29752],[-71.06449,42.29754],[-71.06381,42.29774],[-71.06287,42.29801],[-71.0628,42.29803],[-71.06272,42.29805],[-71.06264,42.29807],[-71.06257,42.29808],[-71.06252,42.29809],[-71.06246,42.29811]]},"properties":{"lts":2,"name":"Park Street","osmId":8648489,"goBoston":"future","project":null}},{"type":"Feature","geometry":{"type":"LineString","coordinates":[[-71.06246,42.29811],[-71.06174,42.29831],[-71.06115,42.29848]]},"properties":{"lts":3,"name":"Park Street","osmId":8647564,"goBoston":"future","project":null}},{"type":"Feature","geometry":{"type":"LineString","coordinates":[[-71.06115,42.29848],[-71.06078,42.2986],[-71.06073,42.29861],[-71.06069,42.29863],[-71.06064,42.29865]]},"properties":{"lts":3,"name":"Park Street","osmId":426491155,"goBoston":"future","project":null}},{"type":"Feature","geometry":{"type":"LineString","coordinates":[[-71.06064,42.29865],[-71.0606,42.29866],[-71.06057,42.29868],[-71.06053,42.29869],[-71.06019,42.29878],[-71.05973,42.2989],[-71.05958,42.29894],[-71.05907,42.29907],[-71.05894,42.29911],[-71.05858,42.2992],[-71.05813,42.29932]]},"properties":{"lts":3,"name":"Park Street","osmId":8651060,"goBoston":"future","project":null}},{"type":"Feature","geometry":{"type":"LineString","coordinates":[[-71.05813,42.29932],[-71.05667,42.2999],[-71.05626,42.30006],[-71.05619,42.30009],[-71.05565,42.3003],[-71.05553,42.30034],[-71.05519,42.30048],[-71.05513,42.30051],[-71.05509,42.30053],[-71.05505,42.30055],[-71.05502,42.30057],[-71.055,42.3006],[-71.05481,42.30079],[-71.05467,42.30093],[-71.05463,42.30097]]},"properties":{"lts":2,"name":"Park Street","osmId":8648523,"goBoston":"future","project":null}},{"type":"Feature","geometry":{"type":"LineString","coordinates":[[-71.05463,42.30097],[-71.0546,42.301],[-71.05415,42.30143],[-71.05354,42.30203],[-71.05313,42.30243],[-71.05266,42.30289],[-71.0526,42.30295]]},"properties":{"lts":3,"name":"Park Street","osmId":8647819,"goBoston":"future","project":null}},{"type":"Feature","geometry":{"type":"LineString","coordinates":[[-71.04808,42.30318],[-71.04781,42.30376]]},"properties":{"lts":3,"name":"William T. Morrissey Boulevard","osmId":1046988422,"goBoston":"future","project":null}},{"type":"Feature","geometry":{"type":"LineString","coordinates":[[-71.04781,42.30376],[-71.04772,42.30394]]},"properties":{"lts":3,"name":"William T. Morrissey Boulevard","osmId":1046988423,"goBoston":"future","project":null}},{"type":"Feature","geometry":{"type":"LineString","coordinates":[[-71.0473,42.29448],[-71.04733,42.29459],[-71.04736,42.2947],[-71.04739,42.29481],[-71.04742,42.29491],[-71.04746,42.29502],[-71.0475,42.2951],[-71.04752,42.29516],[-71.04756,42.29525],[-71.0476,42.29534],[-71.04765,42.29544],[-71.0477,42.29554],[-71.04776,42.29565],[-71.0478,42.29572]]},"properties":{"lts":3,"name":"William T. Morrissey Boulevard","osmId":1413869327,"goBoston":"future","project":null}},{"type":"Feature","geometry":{"type":"LineString","coordinates":[[-71.04772,42.30394],[-71.04748,42.30445]]},"properties":{"lts":3,"name":"William T. Morrissey Boulevard","osmId":215731093,"goBoston":"future","project":null}},{"type":"Feature","geometry":{"type":"LineString","coordinates":[[-71.04232,42.28693],[-71.04247,42.2875],[-71.0425,42.28755]]},"properties":{"lts":3,"name":"William T. Morrissey Boulevard","osmId":1281864470,"goBoston":"future","project":null}},{"type":"Feature","geometry":{"type":"LineString","coordinates":[[-71.04748,42.30445],[-71.0471,42.30526],[-71.04575,42.30815],[-71.04566,42.30835],[-71.04557,42.30856],[-71.0455,42.30877],[-71.04543,42.30899],[-71.04539,42.30918],[-71.04538,42.30927],[-71.04536,42.30936],[-71.04534,42.30946],[-71.04533,42.30963],[-71.04533,42.30977],[-71.04533,42.31016],[-71.04536,42.31048],[-71.04542,42.31082],[-71.04551,42.31114],[-71.04564,42.31148],[-71.0459,42.31195],[-71.04615,42.31242],[-71.0462,42.31251],[-71.04633,42.31276]]},"properties":{"lts":3,"name":"William T. Morrissey Boulevard","osmId":215731094,"goBoston":"future","project":null}},{"type":"Feature","geometry":{"type":"LineString","coordinates":[[-71.04233,42.28595],[-71.04232,42.28597],[-71.04226,42.28608],[-71.04225,42.28614],[-71.04224,42.2862],[-71.04224,42.28626]]},"properties":{"lts":3,"name":"William T. Morrissey Boulevard","osmId":1245684632,"goBoston":"future","project":null}},{"type":"Feature","geometry":{"type":"LineString","coordinates":[[-71.04841,42.30239],[-71.04834,42.3026],[-71.0483,42.3027],[-71.04825,42.3028],[-71.0482,42.30291],[-71.04808,42.30318]]},"properties":{"lts":3,"name":"William T. Morrissey Boulevard","osmId":1413526947,"goBoston":"future","project":null}},{"type":"Feature","geometry":{"type":"LineString","coordinates":[[-71.04726,42.31483],[-71.04733,42.31493],[-71.04739,42.31502],[-71.04746,42.31511],[-71.04751,42.31518],[-71.04759,42.31527],[-71.04766,42.31536],[-71.04773,42.31545],[-71.0478,42.31554],[-71.04787,42.31563],[-71.04793,42.31573],[-71.04799,42.31582],[-71.04805,42.31591],[-71.04811,42.31601],[-71.04816,42.31611],[-71.04912,42.31784]]},"properties":{"lts":3,"name":"William T. Morrissey Boulevard","osmId":923353894,"goBoston":"future","project":null}},{"type":"Feature","geometry":{"type":"LineString","coordinates":[[-71.04669,42.31361],[-71.04672,42.31371]]},"properties":{"lts":3,"name":"William T. Morrissey Boulevard","osmId":923353895,"goBoston":"future","project":null}},{"type":"Feature","geometry":{"type":"LineString","coordinates":[[-71.04224,42.28626],[-71.04226,42.28637]]},"properties":{"lts":3,"name":"William T. Morrissey Boulevard","osmId":591691944,"goBoston":"future","project":null}},{"type":"Feature","geometry":{"type":"LineString","coordinates":[[-71.04254,42.28574],[-71.04248,42.28578],[-71.04243,42.28582],[-71.04239,42.28586],[-71.04235,42.28591],[-71.04233,42.28595]]},"properties":{"lts":3,"name":"William T. Morrissey Boulevard","osmId":505969449,"goBoston":"future","project":null}},{"type":"Feature","geometry":{"type":"LineString","coordinates":[[-71.04732,42.29381],[-71.04729,42.29386],[-71.04727,42.29391],[-71.04726,42.29395],[-71.04725,42.29399],[-71.04725,42.29402],[-71.04724,42.29403],[-71.04724,42.29406],[-71.04724,42.2941],[-71.04724,42.29414],[-71.04725,42.29419],[-71.04726,42.29425]]},"properties":{"lts":3,"name":"William T. Morrissey Boulevard","osmId":1413870255,"goBoston":"future","project":null}},{"type":"Feature","geometry":{"type":"LineString","coordinates":[[-71.04672,42.31371],[-71.04676,42.31382],[-71.0468,42.31393],[-71.04684,42.31404],[-71.04687,42.31412]]},"properties":{"lts":3,"name":"William T. Morrissey Boulevard","osmId":1124202297,"goBoston":"future","project":null}},{"type":"Feature","geometry":{"type":"LineString","coordinates":[[-71.04912,42.31784],[-71.04918,42.31793],[-71.04923,42.31802],[-71.04936,42.31821],[-71.04942,42.31831],[-71.04972,42.31882],[-71.04978,42.31892],[-71.05071,42.32063]]},"properties":{"lts":3,"name":"William T. Morrissey Boulevard","osmId":215895487,"goBoston":"future","project":null}},{"type":"Feature","geometry":{"type":"LineString","coordinates":[[-71.05098,42.32112],[-71.051,42.32114],[-71.05101,42.32117],[-71.05102,42.3212],[-71.05102,42.32122],[-71.05103,42.32125],[-71.05103,42.32127],[-71.05102,42.3213],[-71.05102,42.32132],[-71.05101,42.32135],[-71.051,42.32138],[-71.05099,42.32141],[-71.05098,42.32144],[-71.05097,42.32148],[-71.05095,42.32151],[-71.05094,42.32153]]},"properties":{"lts":3,"name":"William T. Morrissey Boulevard","osmId":215895494,"goBoston":"future","project":null}},{"type":"Feature","geometry":{"type":"LineString","coordinates":[[-71.05071,42.32063],[-71.05098,42.32112]]},"properties":{"lts":3,"name":"William T. Morrissey Boulevard","osmId":215895497,"goBoston":"future","project":null}},{"type":"Feature","geometry":{"type":"LineString","coordinates":[[-71.04633,42.31276],[-71.04649,42.31309]]},"properties":{"lts":3,"name":"William T. Morrissey Boulevard","osmId":215744470,"goBoston":"future","project":null}},{"type":"Feature","geometry":{"type":"LineString","coordinates":[[-71.04649,42.31309],[-71.04654,42.31319],[-71.04657,42.31329],[-71.04664,42.31346],[-71.04665,42.3135],[-71.04669,42.31361]]},"properties":{"lts":3,"name":"William T. Morrissey Boulevard","osmId":215744472,"goBoston":"future","project":null}},{"type":"Feature","geometry":{"type":"LineString","coordinates":[[-71.04687,42.31412],[-71.04692,42.31423],[-71.04697,42.31433],[-71.04703,42.31444],[-71.04708,42.31454],[-71.04714,42.31464],[-71.0472,42.31474],[-71.04726,42.31483]]},"properties":{"lts":3,"name":"William T. Morrissey Boulevard","osmId":956937576,"goBoston":"future","project":null}},{"type":"Feature","geometry":{"type":"LineString","coordinates":[[-71.04942,42.29995],[-71.04941,42.30001],[-71.04939,42.30006],[-71.04937,42.30011],[-71.04935,42.30017],[-71.04933,42.30024],[-71.0493,42.3003],[-71.04923,42.30046],[-71.04922,42.30051],[-71.04918,42.30058]]},"properties":{"lts":3,"name":"William T. Morrissey Boulevard","osmId":426489201,"goBoston":"future","project":null}},{"type":"Feature","geometry":{"type":"LineString","coordinates":[[-71.0425,42.28755],[-71.04253,42.2876],[-71.04257,42.28766],[-71.04261,42.28771],[-71.04265,42.28776],[-71.04269,42.2878],[-71.04274,42.28784],[-71.04361,42.28867],[-71.04408,42.28909],[-71.04418,42.28919],[-71.04427,42.28927],[-71.04435,42.28934],[-71.04445,42.28942],[-71.04457,42.2895],[-71.04467,42.28957],[-71.04502,42.28977],[-71.04518,42.28986],[-71.04555,42.29007],[-71.0456,42.2901],[-71.04578,42.29021],[-71.04589,42.29028],[-71.046,42.29036],[-71.0461,42.29043],[-71.04621,42.2905],[-71.04631,42.29059],[-71.04641,42.29067],[-71.04651,42.29075],[-71.04661,42.29084],[-71.04669,42.29092],[-71.04678,42.29101],[-71.04682,42.29105],[-71.04687,42.2911],[-71.04695,42.29118],[-71.04703,42.29128],[-71.04713,42.2914],[-71.04723,42.29154],[-71.04731,42.29166],[-71.04739,42.29178],[-71.04745,42.2919],[-71.0475,42.292],[-71.04753,42.29205],[-71.04768,42.29237],[-71.04771,42.29243],[-71.04776,42.29253],[-71.04779,42.29264],[-71.04781,42.29275],[-71.04781,42.29282],[-71.04781,42.29285],[-71.0478,42.29297],[-71.04778,42.29307],[-71.04772,42.29322],[-71.04767,42.29331],[-71.04766,42.29332],[-71.0476,42.29342],[-71.04738,42.29371],[-71.04735,42.29377],[-71.04732,42.29381]]},"properties":{"lts":3,"name":"William T. Morrissey Boulevard","osmId":8646516,"goBoston":"future","project":null}},{"type":"Feature","geometry":{"type":"LineString","coordinates":[[-71.04918,42.30058],[-71.04915,42.30064],[-71.0491,42.30074],[-71.04879,42.30142],[-71.04874,42.30152],[-71.04869,42.30163],[-71.04865,42.30174],[-71.04861,42.30184],[-71.04856,42.30195],[-71.04852,42.30206],[-71.04841,42.30239]]},"properties":{"lts":3,"name":"William T. Morrissey Boulevard","osmId":426489204,"goBoston":"future","project":null}},{"type":"Feature","geometry":{"type":"LineString","coordinates":[[-71.0478,42.29572],[-71.04788,42.29585],[-71.04795,42.29595],[-71.04819,42.29632],[-71.04859,42.29693],[-71.04865,42.29703],[-71.04871,42.29713],[-71.04876,42.29721],[-71.04882,42.29733],[-71.04887,42.29742],[-71.04892,42.29752],[-71.04897,42.29763],[-71.04902,42.29772],[-71.04906,42.29784],[-71.0491,42.29793],[-71.04914,42.29804],[-71.04918,42.29813],[-71.04921,42.29825],[-71.04924,42.29836],[-71.04934,42.29869],[-71.0494,42.29889],[-71.04942,42.299],[-71.04945,42.2991],[-71.04946,42.29921],[-71.04947,42.29932],[-71.04948,42.29942],[-71.04947,42.29952],[-71.04947,42.29963],[-71.04946,42.29974],[-71.04944,42.29987],[-71.04942,42.29995]]},"properties":{"lts":3,"name":"William T. Morrissey Boulevard","osmId":1137220729,"goBoston":"future","project":null}},{"type":"Feature","geometry":{"type":"LineString","coordinates":[[-71.04726,42.29425],[-71.04726,42.29431],[-71.04728,42.29437],[-71.0473,42.29448]]},"properties":{"lts":3,"name":"William T. Morrissey Boulevard","osmId":1137220730,"goBoston":"future","project":null}},{"type":"Feature","geometry":{"type":"LineString","coordinates":[[-71.04226,42.28637],[-71.04232,42.28693]]},"properties":{"lts":3,"name":"William T. Morrissey Boulevard","osmId":1236139391,"goBoston":"future","project":null}},{"type":"Feature","geometry":{"type":"LineString","coordinates":[[-71.05085,42.32069],[-71.04974,42.31864],[-71.04949,42.31814],[-71.04944,42.31804],[-71.04938,42.31794],[-71.04838,42.31612],[-71.04833,42.31602],[-71.04828,42.31593],[-71.04823,42.31583],[-71.04819,42.31574],[-71.04815,42.31564],[-71.0481,42.31554],[-71.04789,42.31504],[-71.04784,42.31494],[-71.0478,42.31485],[-71.04775,42.31474]]},"properties":{"lts":3,"name":"William T. Morrissey Boulevard","osmId":215895489,"goBoston":"future","project":null}},{"type":"Feature","geometry":{"type":"LineString","coordinates":[[-71.04944,42.30083],[-71.04949,42.30071],[-71.04952,42.30064],[-71.04956,42.30055],[-71.04958,42.30048],[-71.04961,42.3004],[-71.04963,42.30035],[-71.04964,42.30029],[-71.04966,42.30023],[-71.04967,42.30013],[-71.04968,42.30007],[-71.04969,42.29999],[-71.0497,42.2999],[-71.0497,42.29981],[-71.0497,42.29973],[-71.0497,42.29965],[-71.04969,42.29956],[-71.04968,42.29945],[-71.04966,42.29934],[-71.04964,42.29924]]},"properties":{"lts":3,"name":"William T. Morrissey Boulevard","osmId":1413526946,"goBoston":"future","project":null}},{"type":"Feature","geometry":{"type":"LineString","coordinates":[[-71.0514,42.32144],[-71.05137,42.32142],[-71.05134,42.32141],[-71.05132,42.32139],[-71.05129,42.32138],[-71.05127,42.32135],[-71.05124,42.32133],[-71.05121,42.3213],[-71.05119,42.32127],[-71.05117,42.32124],[-71.05115,42.32122],[-71.05113,42.32119],[-71.05111,42.32115]]},"properties":{"lts":3,"name":"William T. Morrissey Boulevard","osmId":215895491,"goBoston":"future","project":null}},{"type":"Feature","geometry":{"type":"LineString","coordinates":[[-71.04915,42.30146],[-71.04929,42.30115]]},"properties":{"lts":3,"name":"William T. Morrissey Boulevard","osmId":215726052,"goBoston":"future","project":null}},{"type":"Feature","geometry":{"type":"LineString","coordinates":[[-71.04698,42.31354],[-71.04691,42.31343],[-71.04689,42.3134],[-71.04687,42.31337],[-71.04684,42.31331],[-71.04681,42.31324],[-71.04678,42.31318],[-71.04675,42.31312]]},"properties":{"lts":3,"name":"William T. Morrissey Boulevard","osmId":215895500,"goBoston":"future","project":null}},{"type":"Feature","geometry":{"type":"LineString","coordinates":[[-71.04786,42.30398],[-71.04795,42.3038]]},"properties":{"lts":3,"name":"William T. Morrissey Boulevard","osmId":1076716685,"goBoston":"future","project":null}},{"type":"Feature","geometry":{"type":"LineString","coordinates":[[-71.04795,42.3038],[-71.04822,42.30321]]},"properties":{"lts":3,"name":"William T. Morrissey Boulevard","osmId":1076716684,"goBoston":"future","project":null}},{"type":"Feature","geometry":{"type":"LineString","coordinates":[[-71.05111,42.32115],[-71.05085,42.32069]]},"properties":{"lts":3,"name":"William T. Morrissey Boulevard","osmId":215895503,"goBoston":"future","project":null}},{"type":"Feature","geometry":{"type":"LineString","coordinates":[[-71.04739,42.31416],[-71.04712,42.31375],[-71.04698,42.31354]]},"properties":{"lts":3,"name":"William T. Morrissey Boulevard","osmId":426670545,"goBoston":"future","project":null}},{"type":"Feature","geometry":{"type":"LineString","coordinates":[[-71.04775,42.31474],[-71.0477,42.31465],[-71.04765,42.31456],[-71.04759,42.31446],[-71.04753,42.31437],[-71.04739,42.31416]]},"properties":{"lts":3,"name":"William T. Morrissey Boulevard","osmId":426670546,"goBoston":"future","project":null}},{"type":"Feature","geometry":{"type":"LineString","coordinates":[[-71.04675,42.31312],[-71.04664,42.31291]]},"properties":{"lts":3,"name":"William T. Morrissey Boulevard","osmId":215744466,"goBoston":"future","project":null}},{"type":"Feature","geometry":{"type":"LineString","coordinates":[[-71.04664,42.31291],[-71.04638,42.31244],[-71.04627,42.31225],[-71.04617,42.31208],[-71.04606,42.31187],[-71.04595,42.31167],[-71.04589,42.31157],[-71.04585,42.31146],[-71.0458,42.31136],[-71.04576,42.31125],[-71.04572,42.31115],[-71.04569,42.31104],[-71.04561,42.31073],[-71.04555,42.31032],[-71.04553,42.30989],[-71.04554,42.30963],[-71.04556,42.30947],[-71.04557,42.30938],[-71.04559,42.30924],[-71.04562,42.3091],[-71.04567,42.3089],[-71.04573,42.30869],[-71.0458,42.30846],[-71.04588,42.30825],[-71.04596,42.30806],[-71.04597,42.30803],[-71.04649,42.30692],[-71.04725,42.30529],[-71.04763,42.30449]]},"properties":{"lts":3,"name":"William T. Morrissey Boulevard","osmId":215744468,"goBoston":"future","project":null}},{"type":"Feature","geometry":{"type":"LineString","coordinates":[[-71.04763,42.30449],[-71.04786,42.30398]]},"properties":{"lts":3,"name":"William T. Morrissey Boulevard","osmId":215731091,"goBoston":"future","project":null}},{"type":"Feature","geometry":{"type":"LineString","coordinates":[[-71.04884,42.30206],[-71.0489,42.30196],[-71.04896,42.30185],[-71.04901,42.30175],[-71.04907,42.30165],[-71.04912,42.30154],[-71.04915,42.30146]]},"properties":{"lts":3,"name":"William T. Morrissey Boulevard","osmId":1134430099,"goBoston":"future","project":null}},{"type":"Feature","geometry":{"type":"LineString","coordinates":[[-71.04929,42.30115],[-71.04938,42.30095],[-71.0494,42.30092],[-71.04944,42.30083]]},"properties":{"lts":3,"name":"William T. Morrissey Boulevard","osmId":723782290,"goBoston":"future","project":null}},{"type":"Feature","geometry":{"type":"LineString","coordinates":[[-71.04822,42.30321],[-71.04833,42.30299],[-71.04838,42.30288],[-71.04843,42.30278],[-71.04849,42.30268],[-71.04854,42.30257],[-71.0486,42.30247],[-71.04866,42.30237],[-71.04872,42.30227],[-71.04879,42.30216],[-71.04884,42.30206]]},"properties":{"lts":3,"name":"William T. Morrissey Boulevard","osmId":215731096,"goBoston":"future","project":null}},{"type":"Feature","geometry":{"type":"LineString","coordinates":[[-71.04964,42.29924],[-71.04963,42.29869],[-71.04963,42.29864],[-71.04963,42.29859],[-71.04962,42.29854],[-71.04956,42.29829],[-71.04954,42.29813],[-71.0495,42.29799],[-71.04944,42.29773]]},"properties":{"lts":3,"name":null,"osmId":8650570,"goBoston":"future","project":null}},{"type":"Feature","geometry":{"type":"LineString","coordinates":[[-71.04944,42.29773],[-71.04942,42.29768],[-71.04941,42.29765],[-71.04937,42.29757],[-71.04932,42.29746],[-71.04927,42.29738],[-71.04921,42.29726],[-71.04916,42.29718],[-71.04912,42.29711],[-71.04873,42.29654],[-71.0486,42.29634],[-71.04847,42.29615],[-71.04838,42.29601],[-71.04808,42.29558],[-71.04804,42.29551],[-71.048,42.29543],[-71.04797,42.29537],[-71.04795,42.29533],[-71.04793,42.29529],[-71.04787,42.29518],[-71.04786,42.29516],[-71.04785,42.29514],[-71.04784,42.29511],[-71.04783,42.29509],[-71.04782,42.29506],[-71.04782,42.29503]]},"properties":{"lts":3,"name":null,"osmId":504638684,"goBoston":"future","project":null}},{"type":"Feature","geometry":{"type":"LineString","coordinates":[[-71.04329,42.28679],[-71.0433,42.28648]]},"properties":{"lts":4,"name":"William T. Morrissey Boulevard","osmId":1236139392,"goBoston":"future","project":null}},{"type":"Feature","geometry":{"type":"LineString","coordinates":[[-71.04804,42.29271],[-71.04768,42.29204],[-71.04765,42.29198],[-71.04755,42.2918],[-71.0475,42.29171],[-71.04745,42.29162],[-71.04739,42.29152],[-71.04732,42.29142],[-71.04725,42.29132],[-71.04714,42.29119],[-71.04709,42.29113]]},"properties":{"lts":3,"name":"William T. Morrissey Boulevard","osmId":1413917003,"goBoston":"future","project":null}},{"type":"Feature","geometry":{"type":"LineString","coordinates":[[-71.04331,42.28697],[-71.04329,42.28679]]},"properties":{"lts":3,"name":"William T. Morrissey Boulevard","osmId":42789356,"goBoston":"future","project":null}},{"type":"Feature","geometry":{"type":"LineString","coordinates":[[-71.04782,42.29503],[-71.04783,42.29499],[-71.04784,42.29496],[-71.04785,42.29492],[-71.04787,42.29489],[-71.04788,42.29485],[-71.0479,42.29482],[-71.04792,42.29479],[-71.04794,42.29476],[-71.04796,42.29472],[-71.04798,42.29469],[-71.04804,42.29459],[-71.0481,42.29449],[-71.04816,42.29439],[-71.04835,42.29409],[-71.04841,42.29399],[-71.04843,42.29396],[-71.04845,42.29393],[-71.04846,42.29389],[-71.04847,42.29385],[-71.04848,42.29381],[-71.04849,42.29377],[-71.04849,42.29372],[-71.04849,42.29366],[-71.04848,42.29361],[-71.04848,42.29355],[-71.04846,42.29351],[-71.04845,42.29346],[-71.04843,42.29342],[-71.04833,42.29324],[-71.04804,42.29271]]},"properties":{"lts":3,"name":"William T. Morrissey Boulevard","osmId":591691956,"goBoston":"future","project":null}},{"type":"Feature","geometry":{"type":"LineString","coordinates":[[-71.04709,42.29113],[-71.04703,42.29106],[-71.04701,42.29103],[-71.04692,42.29095],[-71.04683,42.29086],[-71.04673,42.29077],[-71.04664,42.29069],[-71.04654,42.2906],[-71.04643,42.29052],[-71.04631,42.29043],[-71.04622,42.29036],[-71.04612,42.29029],[-71.04579,42.29007],[-71.0457,42.29001],[-71.04566,42.28998],[-71.04554,42.28989],[-71.04545,42.28981],[-71.04535,42.28973],[-71.04527,42.28964],[-71.04518,42.28955],[-71.04498,42.28931],[-71.04485,42.28915],[-71.04414,42.28832],[-71.04378,42.28789],[-71.04362,42.28771],[-71.04358,42.28766],[-71.04354,42.28761],[-71.04351,42.28756],[-71.04347,42.28751],[-71.04345,42.28746],[-71.04342,42.28741],[-71.04339,42.28736],[-71.04337,42.28731],[-71.04335,42.28725],[-71.04333,42.28719],[-71.04332,42.28714],[-71.04332,42.28709],[-71.04331,42.28704],[-71.04331,42.28697]]},"properties":{"lts":3,"name":"William T. Morrissey Boulevard","osmId":591691957,"goBoston":"future","project":null}},{"type":"Feature","geometry":{"type":"LineString","coordinates":[[-71.0433,42.28648],[-71.04331,42.28619],[-71.04332,42.28609]]},"properties":{"lts":3,"name":"William T. Morrissey Boulevard","osmId":426643227,"goBoston":"future","project":null}},{"type":"Feature","geometry":{"type":"LineString","coordinates":[[-71.07117,42.28795],[-71.07108,42.28798],[-71.07102,42.288],[-71.07059,42.28811],[-71.07054,42.28812],[-71.06952,42.2884],[-71.06892,42.28856],[-71.06836,42.28871],[-71.06767,42.28889],[-71.06729,42.289],[-71.06702,42.28907],[-71.06688,42.28911],[-71.06647,42.28922],[-71.06598,42.28935],[-71.06588,42.28938],[-71.06531,42.28953],[-71.06448,42.28975],[-71.06439,42.28978],[-71.06431,42.28979],[-71.06423,42.28981],[-71.06415,42.28982],[-71.06407,42.28983],[-71.06399,42.28984],[-71.0639,42.28985],[-71.06382,42.28986],[-71.06376,42.28986],[-71.06369,42.28986],[-71.06343,42.28987],[-71.06338,42.28987],[-71.06334,42.28988],[-71.0633,42.28988],[-71.06315,42.2899]]},"properties":{"lts":2,"name":"Welles Avenue","osmId":8648407,"goBoston":"future","project":null}},{"type":"Feature","geometry":{"type":"LineString","coordinates":[[-71.06327,42.28946],[-71.06319,42.28974],[-71.06318,42.28977],[-71.06315,42.2899],[-71.06313,42.28995]]},"properties":{"lts":3,"name":"Dorchester Avenue","osmId":301814880,"goBoston":"future","project":null}},{"type":"Feature","geometry":{"type":"LineString","coordinates":[[-71.05967,42.29081],[-71.06296,42.29],[-71.063,42.28999],[-71.06313,42.28995]]},"properties":{"lts":2,"name":"Lonsdale Street","osmId":8644606,"goBoston":"future","project":null}},{"type":"Feature","geometry":{"type":"LineString","coordinates":[[-71.06327,42.28946],[-71.06317,42.28944],[-71.06293,42.28944],[-71.06272,42.28947],[-71.06246,42.28953],[-71.06208,42.28962],[-71.06177,42.2897],[-71.06028,42.29007],[-71.05943,42.2903]]},"properties":{"lts":2,"name":"Shepton Street","osmId":8651901,"goBoston":"future","project":null}},{"type":"Feature","geometry":{"type":"LineString","coordinates":[[-71.05943,42.2903],[-71.05967,42.29081]]},"properties":{"lts":2,"name":"Florida Street","osmId":8645204,"goBoston":"future","project":null}},{"type":"Feature","geometry":{"type":"LineString","coordinates":[[-71.06036,42.29236],[-71.06038,42.29232],[-71.06009,42.29167],[-71.05972,42.29085],[-71.05967,42.29081]]},"properties":{"lts":2,"name":"Florida Street","osmId":1339752939,"goBoston":"future","project":null}},{"type":"Feature","geometry":{"type":"LineString","coordinates":[[-71.05967,42.29081],[-71.05966,42.29087],[-71.06002,42.29168],[-71.06032,42.29233],[-71.06036,42.29236]]},"properties":{"lts":2,"name":"Florida Street","osmId":1339752938,"goBoston":"future","project":null}},{"type":"Feature","geometry":{"type":"LineString","coordinates":[[-71.06036,42.29236],[-71.05904,42.2927],[-71.05746,42.29308],[-71.05729,42.29313]]},"properties":{"lts":2,"name":"King Street","osmId":8652260,"goBoston":"future","project":null}},{"type":"Feature","geometry":{"type":"LineString","coordinates":[[-71.05729,42.29313],[-71.05614,42.29338],[-71.05551,42.29352],[-71.05476,42.29369],[-71.05466,42.29371],[-71.05462,42.29372],[-71.05459,42.29372],[-71.05334,42.29414],[-71.05275,42.29434],[-71.05255,42.2944],[-71.05252,42.29442],[-71.0524,42.29445]]},"properties":{"lts":2,"name":"King Street","osmId":8645329,"goBoston":"future","project":null}},{"type":"Feature","geometry":{"type":"LineString","coordinates":[[-71.05733,42.29253],[-71.05744,42.2925],[-71.05804,42.29237],[-71.05896,42.29213],[-71.0592,42.29208],[-71.05929,42.29203],[-71.05934,42.29199],[-71.05939,42.29194],[-71.05943,42.29187],[-71.05945,42.29183]]},"properties":{"lts":2,"name":"Saint Marks Road","osmId":102470955,"goBoston":"future","project":null}},{"type":"Feature","geometry":{"type":"LineString","coordinates":[[-71.06009,42.29167],[-71.06002,42.29168],[-71.05945,42.29183]]},"properties":{"lts":2,"name":"Saint Marks Road","osmId":8646407,"goBoston":"future","project":null}},{"type":"Feature","geometry":{"type":"LineString","coordinates":[[-71.05733,42.29253],[-71.05733,42.29244]]},"properties":{"lts":3,"name":"Adams Street","osmId":213617919,"goBoston":"future","project":null}},{"type":"Feature","geometry":{"type":"LineString","coordinates":[[-71.05436,42.29313],[-71.05472,42.29305],[-71.05548,42.29285],[-71.05588,42.29276],[-71.05605,42.29272],[-71.05653,42.29261],[-71.05725,42.29246],[-71.05733,42.29244]]},"properties":{"lts":2,"name":"Rosemont Street","osmId":8652558,"goBoston":"future","project":null}},{"type":"Feature","geometry":{"type":"LineString","coordinates":[[-71.05436,42.29313],[-71.05466,42.29371]]},"properties":{"lts":2,"name":"Train Street","osmId":8646015,"goBoston":"future","project":null}},{"type":"Feature","geometry":{"type":"LineString","coordinates":[[-71.05466,42.29371],[-71.05489,42.29429]]},"properties":{"lts":2,"name":"Train Street","osmId":215667393,"goBoston":"future","project":null}},{"type":"Feature","geometry":{"type":"LineString","coordinates":[[-71.05304,42.2949],[-71.05317,42.29486],[-71.05489,42.29429]]},"properties":{"lts":2,"name":"Thelma Road","osmId":8649794,"goBoston":"future","project":null}},{"type":"Feature","geometry":{"type":"LineString","coordinates":[[-71.0524,42.29445],[-71.0525,42.29452],[-71.05304,42.2949],[-71.05361,42.29531],[-71.05388,42.2955],[-71.05425,42.29576],[-71.05449,42.29594]]},"properties":{"lts":2,"name":"Neponset Avenue","osmId":8650140,"goBoston":"future","project":null}},{"type":"Feature","geometry":{"type":"LineString","coordinates":[[-71.06695,42.3674],[-71.06702,42.36737],[-71.06711,42.36732],[-71.06718,42.36729],[-71.06724,42.36725],[-71.06729,42.36722],[-71.06733,42.36719],[-71.06737,42.36716],[-71.06741,42.36712],[-71.06744,42.3671],[-71.06746,42.36707],[-71.06749,42.36704]]},"properties":{"lts":3,"name":"Nashua Street","osmId":8648168,"goBoston":"future","project":null}},{"type":"Feature","geometry":{"type":"LineString","coordinates":[[-71.0671,42.36724],[-71.06703,42.36727],[-71.06639,42.36754],[-71.06632,42.36756],[-71.06625,42.36758],[-71.06617,42.3676],[-71.06611,42.36761],[-71.06604,42.36761],[-71.06597,42.36761],[-71.0659,42.36761],[-71.06583,42.3676],[-71.06576,42.36759],[-71.06568,42.36758],[-71.06561,42.36755],[-71.06555,42.36753],[-71.06549,42.3675],[-71.06543,42.36747],[-71.06538,42.36743],[-71.06529,42.36736],[-71.06515,42.36724],[-71.06505,42.36715],[-71.06494,42.36706],[-71.06443,42.3666],[-71.06433,42.36651],[-71.06431,42.36648],[-71.06428,42.36646],[-71.06426,42.36644],[-71.06424,42.36641],[-71.06423,42.36639],[-71.06421,42.36636],[-71.06419,42.36633],[-71.06418,42.36631],[-71.06417,42.36628],[-71.06416,42.36625],[-71.06416,42.36622],[-71.06415,42.36619],[-71.06415,42.36616],[-71.06414,42.36613],[-71.06414,42.3661],[-71.06415,42.36606],[-71.06415,42.36603],[-71.06416,42.36601],[-71.06417,42.36597],[-71.06418,42.36595],[-71.06419,42.36592],[-71.0642,42.36591],[-71.06421,42.36589],[-71.06422,42.36588],[-71.06423,42.36586],[-71.06425,42.36585],[-71.06427,42.36583],[-71.06429,42.36582],[-71.06432,42.3658],[-71.06434,42.36579],[-71.06436,42.36577],[-71.06453,42.36569],[-71.06455,42.36568],[-71.06457,42.36566],[-71.06458,42.36565],[-71.0646,42.36564],[-71.06462,42.36561],[-71.06463,42.3656],[-71.06464,42.36559],[-71.06464,42.36557],[-71.06465,42.36555],[-71.06465,42.36553],[-71.06465,42.3655]]},"properties":{"lts":3,"name":"Nashua Street","osmId":8694872,"goBoston":"future","project":null}},{"type":"Feature","geometry":{"type":"LineString","coordinates":[[-71.06408,42.36573],[-71.06405,42.3659],[-71.06404,42.36595],[-71.06404,42.36599],[-71.06403,42.36603],[-71.06403,42.36607],[-71.06404,42.3661],[-71.06404,42.36614],[-71.06404,42.36618],[-71.06405,42.36621],[-71.06406,42.36625],[-71.06407,42.36628],[-71.06408,42.36632],[-71.06409,42.36636],[-71.0641,42.36639],[-71.06412,42.36643],[-71.06414,42.36645],[-71.06416,42.36648],[-71.06418,42.36651],[-71.06421,42.36653],[-71.06423,42.36656],[-71.06434,42.36665],[-71.06483,42.36709],[-71.06485,42.36711],[-71.06496,42.36721],[-71.06518,42.3674],[-71.06522,42.36743],[-71.06526,42.36746],[-71.06531,42.3675],[-71.06535,42.36752],[-71.0654,42.36755],[-71.06545,42.36758],[-71.06551,42.3676],[-71.06558,42.36763],[-71.06565,42.36765],[-71.06567,42.36765],[-71.06573,42.36767],[-71.06582,42.36768],[-71.0659,42.3677],[-71.06598,42.3677],[-71.06606,42.3677],[-71.06614,42.3677],[-71.06622,42.36768],[-71.0663,42.36767],[-71.06638,42.36765],[-71.06645,42.36762],[-71.06653,42.36759],[-71.06695,42.3674]]},"properties":{"lts":3,"name":"Nashua Street","osmId":288990796,"goBoston":"future","project":null}},{"type":"Feature","geometry":{"type":"LineString","coordinates":[[-71.0674,42.36698],[-71.06737,42.36702],[-71.06735,42.36705],[-71.06731,42.36709],[-71.06727,42.36713],[-71.06721,42.36718],[-71.06716,42.36721],[-71.0671,42.36724]]},"properties":{"lts":3,"name":"Nashua Street","osmId":829909272,"goBoston":"future","project":null}},{"type":"Feature","geometry":{"type":"LineString","coordinates":[[-71.06413,42.36528],[-71.06413,42.36531],[-71.06413,42.36533],[-71.06413,42.36534],[-71.06412,42.36542],[-71.06408,42.36573]]},"properties":{"lts":3,"name":"Nashua Street","osmId":970407066,"goBoston":"future","project":null}},{"type":"Feature","geometry":{"type":"LineString","coordinates":[[-71.05134,42.35789],[-71.05135,42.35793],[-71.05136,42.35798],[-71.05145,42.35828],[-71.05148,42.35842],[-71.05151,42.35851],[-71.05155,42.35867],[-71.05158,42.35877]]},"properties":{"lts":3,"name":"Atlantic Avenue","osmId":1188182969,"goBoston":"future","project":null}},{"type":"Feature","geometry":{"type":"LineString","coordinates":[[-71.05158,42.35877],[-71.05161,42.35888],[-71.05166,42.35906]]},"properties":{"lts":3,"name":"Atlantic Avenue","osmId":1188182972,"goBoston":"future","project":null}},{"type":"Feature","geometry":{"type":"LineString","coordinates":[[-71.05166,42.35906],[-71.05178,42.35952],[-71.0518,42.35957],[-71.05182,42.35963]]},"properties":{"lts":3,"name":"Atlantic Avenue","osmId":1188182970,"goBoston":"future","project":null}},{"type":"Feature","geometry":{"type":"LineString","coordinates":[[-71.05182,42.35963],[-71.05183,42.35968],[-71.05185,42.35974],[-71.05187,42.35977],[-71.05188,42.35981],[-71.0519,42.35986],[-71.05192,42.3599],[-71.05194,42.35994],[-71.05196,42.35998],[-71.052,42.36005],[-71.05204,42.36012],[-71.05207,42.36017],[-71.05213,42.36026],[-71.05216,42.3603],[-71.05218,42.36034]]},"properties":{"lts":3,"name":"Atlantic Avenue","osmId":1188182971,"goBoston":"future","project":null}},{"type":"Feature","geometry":{"type":"LineString","coordinates":[[-71.05218,42.36034],[-71.05221,42.36038],[-71.05226,42.36044],[-71.0523,42.36049],[-71.05235,42.36054],[-71.05239,42.36058]]},"properties":{"lts":3,"name":"Atlantic Avenue","osmId":970425325,"goBoston":"future","project":null}},{"type":"Feature","geometry":{"type":"LineString","coordinates":[[-71.05239,42.36058],[-71.05245,42.36065],[-71.0525,42.36069],[-71.05257,42.36075]]},"properties":{"lts":3,"name":"Atlantic Avenue","osmId":970425326,"goBoston":"future","project":null}},{"type":"Feature","geometry":{"type":"LineString","coordinates":[[-71.05257,42.36075],[-71.05264,42.36081],[-71.05267,42.36083],[-71.05272,42.36087],[-71.05274,42.36089],[-71.05276,42.3609],[-71.05281,42.36093]]},"properties":{"lts":3,"name":"Atlantic Avenue","osmId":426488102,"goBoston":"future","project":null}},{"type":"Feature","geometry":{"type":"LineString","coordinates":[[-71.05281,42.36093],[-71.05286,42.36097],[-71.05293,42.36101],[-71.05297,42.36104],[-71.05304,42.36108],[-71.05312,42.36112],[-71.05318,42.36116],[-71.05322,42.36118],[-71.0533,42.36123],[-71.05362,42.3614],[-71.05392,42.36156],[-71.05448,42.36184],[-71.05453,42.36186],[-71.05482,42.362],[-71.05492,42.36206],[-71.05503,42.36212],[-71.05518,42.3622],[-71.05564,42.36245],[-71.05571,42.36249],[-71.05581,42.36255]]},"properties":{"lts":3,"name":"Cross Street","osmId":8641399,"goBoston":"future","project":null}},{"type":"Feature","geometry":{"type":"LineString","coordinates":[[-71.05581,42.36255],[-71.05592,42.36261],[-71.05601,42.36265],[-71.05624,42.36279],[-71.05628,42.36282],[-71.05633,42.36285],[-71.05678,42.36311],[-71.05681,42.36313],[-71.05686,42.36316],[-71.0569,42.36318],[-71.05696,42.36322]]},"properties":{"lts":3,"name":"Cross Street","osmId":972626709,"goBoston":"future","project":null}},{"type":"Feature","geometry":{"type":"LineString","coordinates":[[-71.05696,42.36322],[-71.05702,42.36326],[-71.0571,42.36331],[-71.0572,42.36338],[-71.05726,42.36343],[-71.05731,42.36347],[-71.05737,42.36352],[-71.05744,42.36359],[-71.0575,42.36364],[-71.05756,42.3637],[-71.05762,42.36376],[-71.05767,42.36381],[-71.05772,42.36386],[-71.05775,42.3639],[-71.0578,42.36395],[-71.05784,42.364],[-71.05788,42.36405],[-71.05792,42.3641],[-71.05797,42.36415],[-71.05801,42.3642],[-71.05805,42.36424],[-71.05809,42.36428],[-71.05812,42.36431],[-71.05819,42.36437],[-71.05823,42.36441],[-71.05824,42.36443],[-71.05826,42.36446],[-71.05827,42.36449],[-71.05829,42.36453]]},"properties":{"lts":3,"name":"Cross Street","osmId":591310041,"goBoston":"future","project":null}},{"type":"Feature","geometry":{"type":"LineString","coordinates":[[-71.05829,42.36453],[-71.0583,42.36457],[-71.05831,42.36462],[-71.05833,42.36466],[-71.05835,42.3647],[-71.05838,42.36475]]},"properties":{"lts":3,"name":"North Washington Street","osmId":8643638,"goBoston":"future","project":null}},{"type":"Feature","geometry":{"type":"LineString","coordinates":[[-71.05838,42.36475],[-71.05841,42.36468],[-71.05843,42.36463],[-71.05844,42.36458],[-71.05845,42.36454],[-71.05845,42.36449],[-71.05845,42.36428]]},"properties":{"lts":3,"name":"North Washington Street","osmId":8640785,"goBoston":"future","project":null}},{"type":"Feature","geometry":{"type":"LineString","coordinates":[[-71.05838,42.36475],[-71.05839,42.36524]]},"properties":{"lts":3,"name":"North Washington Street","osmId":426481845,"goBoston":"future","project":null}},{"type":"Feature","geometry":{"type":"LineString","coordinates":[[-71.05839,42.36524],[-71.05839,42.3653],[-71.05839,42.36546],[-71.05847,42.36626],[-71.05848,42.36637]]},"properties":{"lts":3,"name":"North Washington Street","osmId":48982020,"goBoston":"future","project":null}},{"type":"Feature","geometry":{"type":"LineString","coordinates":[[-71.05854,42.3669],[-71.05853,42.36686],[-71.05853,42.36683],[-71.05852,42.3668],[-71.05852,42.36679],[-71.05851,42.36677],[-71.05851,42.36674],[-71.05851,42.36671],[-71.05849,42.36656],[-71.05848,42.36637]]},"properties":{"lts":3,"name":"North Washington Street","osmId":426481851,"goBoston":"future","project":null}},{"type":"Feature","geometry":{"type":"LineString","coordinates":[[-71.05838,42.36475],[-71.05841,42.36468],[-71.05843,42.36463],[-71.05844,42.36458],[-71.05845,42.36454],[-71.05845,42.36449],[-71.05845,42.36428]]},"properties":{"lts":3,"name":"North Washington Street","osmId":8640785,"goBoston":"future","project":null}},{"type":"Feature","geometry":{"type":"LineString","coordinates":[[-71.05845,42.36428],[-71.05844,42.36398],[-71.05844,42.36395],[-71.05844,42.36392],[-71.05844,42.36388]]},"properties":{"lts":3,"name":"North Washington Street","osmId":426481847,"goBoston":"future","project":null}},{"type":"Feature","geometry":{"type":"LineString","coordinates":[[-71.05844,42.36388],[-71.05843,42.36383],[-71.05842,42.36378],[-71.0584,42.36372]]},"properties":{"lts":3,"name":"John F. Fitzgerald Surface Road","osmId":8641575,"goBoston":"future","project":null}},{"type":"Feature","geometry":{"type":"LineString","coordinates":[[-71.0584,42.36372],[-71.05839,42.36366],[-71.05837,42.36362],[-71.05835,42.36359],[-71.05833,42.36355],[-71.05831,42.36352]]},"properties":{"lts":3,"name":"John F. Fitzgerald Surface Road","osmId":591310040,"goBoston":"future","project":null}},{"type":"Feature","geometry":{"type":"LineString","coordinates":[[-71.05831,42.36352],[-71.05827,42.36347],[-71.05822,42.36342],[-71.05813,42.36333],[-71.05805,42.36324],[-71.05795,42.36315],[-71.05773,42.36296],[-71.05764,42.36288]]},"properties":{"lts":3,"name":"John F. Fitzgerald Surface Road","osmId":591310039,"goBoston":"future","project":null}},{"type":"Feature","geometry":{"type":"LineString","coordinates":[[-71.05764,42.36288],[-71.05762,42.36286],[-71.05751,42.36278]]},"properties":{"lts":3,"name":"John F. Fitzgerald Surface Road","osmId":591493144,"goBoston":"future","project":null}},{"type":"Feature","geometry":{"type":"LineString","coordinates":[[-71.05751,42.36278],[-71.05742,42.36271],[-71.05727,42.36261],[-71.057,42.36244],[-71.05671,42.36227],[-71.05662,42.36222],[-71.05656,42.36219],[-71.0565,42.36215]]},"properties":{"lts":3,"name":"John F. Fitzgerald Surface Road","osmId":401265367,"goBoston":"future","project":null}},{"type":"Feature","geometry":{"type":"LineString","coordinates":[[-71.0565,42.36215],[-71.05644,42.36213],[-71.05638,42.3621],[-71.05535,42.36165],[-71.0553,42.36163],[-71.05524,42.3616],[-71.05517,42.36157]]},"properties":{"lts":3,"name":"John F. Fitzgerald Surface Road","osmId":591217313,"goBoston":"future","project":null}},{"type":"Feature","geometry":{"type":"LineString","coordinates":[[-71.05517,42.36157],[-71.0551,42.36153],[-71.05503,42.3615],[-71.05491,42.36143]]},"properties":{"lts":3,"name":"John F. Fitzgerald Surface Road","osmId":1031513328,"goBoston":"future","project":null}},{"type":"Feature","geometry":{"type":"LineString","coordinates":[[-71.05491,42.36143],[-71.05404,42.36099],[-71.054,42.36097],[-71.0537,42.36082]]},"properties":{"lts":3,"name":"John F. Fitzgerald Surface Road","osmId":708051344,"goBoston":"future","project":null}},{"type":"Feature","geometry":{"type":"LineString","coordinates":[[-71.0537,42.36082],[-71.05358,42.36076],[-71.05354,42.36074],[-71.05347,42.36071],[-71.05339,42.36066],[-71.05333,42.36063],[-71.05326,42.36058],[-71.0532,42.36055]]},"properties":{"lts":3,"name":"John F. Fitzgerald Surface Road","osmId":591908556,"goBoston":"future","project":null}},{"type":"Feature","geometry":{"type":"LineString","coordinates":[[-71.0532,42.36055],[-71.05313,42.3605],[-71.05307,42.36045],[-71.05301,42.3604],[-71.05296,42.36036],[-71.05292,42.36032],[-71.05288,42.36028],[-71.05283,42.36023],[-71.05278,42.36018],[-71.05275,42.36014],[-71.05271,42.36009],[-71.05267,42.36004],[-71.05263,42.35997],[-71.05257,42.35987],[-71.05253,42.35979],[-71.05249,42.35971],[-71.05247,42.35964],[-71.05243,42.35954]]},"properties":{"lts":3,"name":"John F. Fitzgerald Surface Road","osmId":8640148,"goBoston":"future","project":null}},{"type":"Feature","geometry":{"type":"LineString","coordinates":[[-71.05243,42.35954],[-71.0524,42.35942],[-71.05239,42.35938],[-71.05226,42.35895],[-71.05221,42.35878],[-71.05219,42.3587],[-71.05218,42.35868]]},"properties":{"lts":3,"name":"John F. Fitzgerald Surface Road","osmId":591908557,"goBoston":"future","project":null}},{"type":"Feature","geometry":{"type":"LineString","coordinates":[[-71.05218,42.35868],[-71.05214,42.35857],[-71.05211,42.35846],[-71.05207,42.35833],[-71.05197,42.35798],[-71.05194,42.35789]]},"properties":{"lts":3,"name":"John F. Fitzgerald Surface Road","osmId":485292836,"goBoston":"future","project":null}},{"type":"Feature","geometry":{"type":"LineString","coordinates":[[-71.05806,42.35675],[-71.05815,42.35676],[-71.05823,42.35677],[-71.05831,42.35679],[-71.05839,42.35682],[-71.05849,42.35686],[-71.05865,42.35693],[-71.05869,42.35695],[-71.05874,42.357]]},"properties":{"lts":2,"name":"Milk Street","osmId":8642149,"goBoston":"future","project":null}},{"type":"Feature","geometry":{"type":"LineString","coordinates":[[-71.05782,42.35674],[-71.05806,42.35675]]},"properties":{"lts":3,"name":"Milk Street","osmId":1089126781,"goBoston":"future","project":null}},{"type":"Feature","geometry":{"type":"LineString","coordinates":[[-71.05732,42.35675],[-71.0574,42.35675],[-71.05744,42.35675],[-71.05782,42.35674]]},"properties":{"lts":3,"name":"Milk Street","osmId":844528872,"goBoston":"future","project":null}},{"type":"Feature","geometry":{"type":"LineString","coordinates":[[-71.05732,42.35675],[-71.05723,42.35676],[-71.05676,42.35679],[-71.05667,42.35679]]},"properties":{"lts":2,"name":"Milk Street","osmId":426489346,"goBoston":"future","project":null}},{"type":"Feature","geometry":{"type":"LineString","coordinates":[[-71.05667,42.35679],[-71.05663,42.3568],[-71.05649,42.35681],[-71.05643,42.35681],[-71.05633,42.35682]]},"properties":{"lts":2,"name":"Milk Street","osmId":426489347,"goBoston":"future","project":null}},{"type":"Feature","geometry":{"type":"LineString","coordinates":[[-71.05633,42.35682],[-71.05621,42.35684],[-71.05614,42.35685]]},"properties":{"lts":2,"name":"Milk Street","osmId":426489344,"goBoston":"future","project":null}},{"type":"Feature","geometry":{"type":"LineString","coordinates":[[-71.05614,42.35685],[-71.05584,42.35689],[-71.05575,42.3569]]},"properties":{"lts":2,"name":"Milk Street","osmId":426489345,"goBoston":"future","project":null}},{"type":"Feature","geometry":{"type":"LineString","coordinates":[[-71.05575,42.3569],[-71.05569,42.35691],[-71.05565,42.35693],[-71.05562,42.35693],[-71.05556,42.35696],[-71.05526,42.35712],[-71.05511,42.3572],[-71.05494,42.35731],[-71.0549,42.35734],[-71.05483,42.35739],[-71.05448,42.35764],[-71.05442,42.35768],[-71.05439,42.35771],[-71.05407,42.35793],[-71.054,42.35798]]},"properties":{"lts":2,"name":"Milk Street","osmId":104210747,"goBoston":"future","project":null}},{"type":"Feature","geometry":{"type":"LineString","coordinates":[[-71.054,42.35798],[-71.05392,42.35803],[-71.05338,42.3584],[-71.05334,42.35843],[-71.05328,42.35847],[-71.05322,42.3585],[-71.05318,42.35851],[-71.05312,42.35852],[-71.05235,42.35865],[-71.05229,42.35866],[-71.05218,42.35868]]},"properties":{"lts":2,"name":"Milk Street","osmId":485292837,"goBoston":"future","project":null}},{"type":"Feature","geometry":{"type":"LineString","coordinates":[[-71.05218,42.35868],[-71.05205,42.3587],[-71.05169,42.35876],[-71.05158,42.35877]]},"properties":{"lts":3,"name":"Milk Street","osmId":426488104,"goBoston":"future","project":null}},{"type":"Feature","geometry":{"type":"LineString","coordinates":[[-71.05919,42.35604],[-71.05939,42.35628],[-71.05942,42.35632],[-71.05947,42.35638]]},"properties":{"lts":0,"name":"Franklin Street","osmId":555263073,"goBoston":"future","project":null}},{"type":"Feature","geometry":{"type":"LineString","coordinates":[[-71.05899,42.3558],[-71.05919,42.35604]]},"properties":{"lts":1,"name":"Franklin Street","osmId":555538332,"goBoston":"future","project":null}},{"type":"Feature","geometry":{"type":"LineString","coordinates":[[-71.05891,42.35574],[-71.05896,42.35577],[-71.05896,42.35578],[-71.05899,42.3558]]},"properties":{"lts":1,"name":"Franklin Street","osmId":8641635,"goBoston":"future","project":null}},{"type":"Feature","geometry":{"type":"LineString","coordinates":[[-71.05852,42.35552],[-71.05859,42.35556],[-71.05868,42.35561],[-71.05876,42.35565],[-71.05883,42.35569],[-71.05886,42.3557],[-71.05891,42.35574]]},"properties":{"lts":1,"name":"Franklin Street","osmId":8648747,"goBoston":"future","project":null}},{"type":"Feature","geometry":{"type":"LineString","coordinates":[[-71.05808,42.35541],[-71.05815,42.35543],[-71.05821,42.35543],[-71.05833,42.35546],[-71.05844,42.3555],[-71.05852,42.35552]]},"properties":{"lts":1,"name":"Franklin Street","osmId":1089126783,"goBoston":"future","project":null}},{"type":"Feature","geometry":{"type":"LineString","coordinates":[[-71.05756,42.35541],[-71.05761,42.3554],[-71.05769,42.3554],[-71.05781,42.35539],[-71.05788,42.35539],[-71.05796,42.3554],[-71.05799,42.3554],[-71.05808,42.35541]]},"properties":{"lts":3,"name":"Franklin Street","osmId":426489269,"goBoston":"future","project":null}},{"type":"Feature","geometry":{"type":"LineString","coordinates":[[-71.05734,42.35544],[-71.05746,42.35542],[-71.05748,42.35541],[-71.05756,42.35541]]},"properties":{"lts":3,"name":"Franklin Street","osmId":1089126782,"goBoston":"future","project":null}},{"type":"Feature","geometry":{"type":"LineString","coordinates":[[-71.05653,42.3555],[-71.05662,42.3555],[-71.05724,42.35545],[-71.05734,42.35544]]},"properties":{"lts":3,"name":"Franklin Street","osmId":591217297,"goBoston":"future","project":null}},{"type":"Feature","geometry":{"type":"LineString","coordinates":[[-71.05489,42.35606],[-71.05494,42.35604],[-71.05555,42.35568],[-71.05559,42.35567],[-71.05561,42.35566],[-71.05569,42.35563],[-71.05576,42.35561],[-71.05578,42.35561],[-71.05585,42.35559],[-71.05631,42.35553],[-71.05643,42.35551],[-71.05653,42.3555]]},"properties":{"lts":3,"name":"Franklin Street","osmId":485292840,"goBoston":"future","project":null}},{"type":"Feature","geometry":{"type":"LineString","coordinates":[[-71.05269,42.35745],[-71.05273,42.3574],[-71.05286,42.35718],[-71.05288,42.35715],[-71.05292,42.35713],[-71.05295,42.35711],[-71.05321,42.35698],[-71.05327,42.35695],[-71.05334,42.35691],[-71.05355,42.35681],[-71.05384,42.35666],[-71.05387,42.35664],[-71.05393,42.35661],[-71.054,42.35657],[-71.05481,42.35611],[-71.05489,42.35606]]},"properties":{"lts":3,"name":"Franklin Street","osmId":289462374,"goBoston":"future","project":null}},{"type":"Feature","geometry":{"type":"LineString","coordinates":[[-71.05269,42.35745],[-71.05265,42.3575],[-71.05247,42.35776],[-71.0523,42.35802],[-71.05227,42.35806]]},"properties":{"lts":2,"name":"Franklin Street","osmId":8640309,"goBoston":"future","project":null}},{"type":"Feature","geometry":{"type":"LineString","coordinates":[[-71.05134,42.35789],[-71.05138,42.35789],[-71.05141,42.35789],[-71.05145,42.35788],[-71.05149,42.35788],[-71.05172,42.35784],[-71.05177,42.35784],[-71.05179,42.35784],[-71.05181,42.35784],[-71.05183,42.35784],[-71.05186,42.35785],[-71.05188,42.35786],[-71.05191,42.35787],[-71.05192,42.35788],[-71.05194,42.35789]]},"properties":{"lts":3,"name":"India Street","osmId":427635743,"goBoston":"future","project":null}},{"type":"Feature","geometry":{"type":"LineString","coordinates":[[-71.05227,42.35806]]},"properties":{"lts":3,"name":"India Street","osmId":241180702,"goBoston":"future","project":null}},{"type":"Feature","geometry":{"type":"LineString","coordinates":[[-71.0549,42.35734],[-71.05486,42.35731],[-71.05482,42.35728],[-71.05444,42.35699],[-71.05398,42.35665],[-71.05393,42.35661]]},"properties":{"lts":2,"name":"Oliver Street","osmId":8642454,"goBoston":"future","project":null}},{"type":"Feature","geometry":{"type":"LineString","coordinates":[[-71.0532,42.35607],[-71.05332,42.35615],[-71.05385,42.35655],[-71.05388,42.35657],[-71.05393,42.35661]]},"properties":{"lts":2,"name":"Oliver Street","osmId":1089126780,"goBoston":"future","project":null}},{"type":"Feature","geometry":{"type":"LineString","coordinates":[[-71.05206,42.35525],[-71.05209,42.35526],[-71.05211,42.35527],[-71.05214,42.35529],[-71.05217,42.3553],[-71.0524,42.35547],[-71.05266,42.35567],[-71.05308,42.35598],[-71.0531,42.356],[-71.0532,42.35607]]},"properties":{"lts":2,"name":"Oliver Street","osmId":8651566,"goBoston":"future","project":null}},{"type":"Feature","geometry":{"type":"LineString","coordinates":[[-71.05187,42.35515],[-71.05192,42.35519],[-71.05194,42.3552],[-71.05206,42.35525]]},"properties":{"lts":3,"name":"Seaport Boulevard","osmId":8642027,"goBoston":"future","project":null}},{"type":"Feature","geometry":{"type":"LineString","coordinates":[[-71.05142,42.35476],[-71.05151,42.3549],[-71.05168,42.35502],[-71.05175,42.35508],[-71.05178,42.3551],[-71.05187,42.35515]]},"properties":{"lts":3,"name":"Seaport Boulevard","osmId":48982055,"goBoston":"future","project":null}},{"type":"Feature","geometry":{"type":"LineString","coordinates":[[-71.05142,42.35476],[-71.05133,42.35469],[-71.05127,42.35464]]},"properties":{"lts":4,"name":"Seaport Boulevard","osmId":427635744,"goBoston":"future","project":null}},{"type":"Feature","geometry":{"type":"LineString","coordinates":[[-71.05127,42.35464],[-71.05114,42.35453],[-71.05105,42.35446],[-71.05097,42.35441],[-71.0509,42.35436],[-71.05087,42.35435]]},"properties":{"lts":3,"name":"Seaport Boulevard","osmId":85890979,"goBoston":"future","project":null}},{"type":"Feature","geometry":{"type":"LineString","coordinates":[[-71.05187,42.35515],[-71.05185,42.35507],[-71.05178,42.35499],[-71.05158,42.35483],[-71.05142,42.35476]]},"properties":{"lts":3,"name":"Seaport Boulevard","osmId":1013953519,"goBoston":"future","project":null}},{"type":"Feature","geometry":{"type":"LineString","coordinates":[[-71.05466,42.35465],[-71.05456,42.35456],[-71.05447,42.35448]]},"properties":{"lts":3,"name":"Congress Street","osmId":1000832623,"goBoston":"future","project":null}},{"type":"Feature","geometry":{"type":"LineString","coordinates":[[-71.05447,42.35448],[-71.05419,42.35421],[-71.05411,42.35414]]},"properties":{"lts":3,"name":"Congress Street","osmId":426489343,"goBoston":"future","project":null}},{"type":"Feature","geometry":{"type":"LineString","coordinates":[[-71.05411,42.35414],[-71.05401,42.35404],[-71.05384,42.35387]]},"properties":{"lts":3,"name":"Congress Street","osmId":51811528,"goBoston":"future","project":null}},{"type":"Feature","geometry":{"type":"LineString","coordinates":[[-71.05384,42.35387],[-71.05371,42.35375],[-71.05363,42.35368]]},"properties":{"lts":3,"name":"Congress Street","osmId":426490742,"goBoston":"future","project":null}},{"type":"Feature","geometry":{"type":"LineString","coordinates":[[-71.05363,42.35368],[-71.05352,42.35358],[-71.05327,42.35334]]},"properties":{"lts":3,"name":"Congress Street","osmId":426491386,"goBoston":"future","project":null}},{"type":"Feature","geometry":{"type":"LineString","coordinates":[[-71.05327,42.35334],[-71.05259,42.35269]]},"properties":{"lts":3,"name":"Congress Street","osmId":592009794,"goBoston":"future","project":null}},{"type":"Feature","geometry":{"type":"LineString","coordinates":[[-71.05259,42.35269],[-71.05244,42.35254],[-71.05235,42.35245],[-71.05228,42.35239],[-71.05225,42.35236]]},"properties":{"lts":3,"name":"Congress Street","osmId":1121694527,"goBoston":"future","project":null}},{"type":"Feature","geometry":{"type":"LineString","coordinates":[[-71.0526,42.35188],[-71.05232,42.3523],[-71.0523,42.35232],[-71.05225,42.35236]]},"properties":{"lts":3,"name":"Dorchester Avenue","osmId":8647521,"goBoston":"future","project":null}},{"type":"Feature","geometry":{"type":"LineString","coordinates":[[-71.05284,42.35148],[-71.05283,42.35152],[-71.05282,42.35155],[-71.0528,42.35158],[-71.05278,42.35161],[-71.05272,42.3517],[-71.05264,42.35182],[-71.0526,42.35188]]},"properties":{"lts":3,"name":"Dorchester Avenue","osmId":1121696256,"goBoston":"future","project":null}},{"type":"Feature","geometry":{"type":"LineString","coordinates":[[-71.05288,42.35138],[-71.05284,42.35148]]},"properties":{"lts":3,"name":"Dorchester Avenue","osmId":592009793,"goBoston":"future","project":null}},{"type":"Feature","geometry":{"type":"LineString","coordinates":[[-71.05641,42.35758],[-71.05642,42.35761],[-71.05642,42.35764],[-71.05645,42.35774],[-71.05655,42.35806],[-71.05657,42.35812]]},"properties":{"lts":3,"name":"Congress Street","osmId":944109700,"goBoston":"future","project":null}},{"type":"Feature","geometry":{"type":"LineString","coordinates":[[-71.05657,42.35812],[-71.05667,42.35847]]},"properties":{"lts":3,"name":"Congress Street","osmId":944116814,"goBoston":"future","project":null}},{"type":"Feature","geometry":{"type":"LineString","coordinates":[[-71.05667,42.35847],[-71.05675,42.35875],[-71.05676,42.35879],[-71.05677,42.35881],[-71.05678,42.35883],[-71.05679,42.35885],[-71.0568,42.35888]]},"properties":{"lts":3,"name":"Congress Street","osmId":8651340,"goBoston":"future","project":null}},{"type":"Feature","geometry":{"type":"LineString","coordinates":[[-71.0568,42.35888],[-71.0568,42.35892],[-71.0568,42.359],[-71.0568,42.35902],[-71.0568,42.35903],[-71.0568,42.35905],[-71.05704,42.35988]]},"properties":{"lts":3,"name":"Congress Street","osmId":8638352,"goBoston":"future","project":null}},{"type":"Feature","geometry":{"type":"LineString","coordinates":[[-71.05704,42.35988],[-71.05705,42.35991],[-71.0571,42.36012],[-71.05711,42.36015],[-71.05714,42.36024],[-71.05716,42.36032]]},"properties":{"lts":3,"name":"Congress Street","osmId":426487627,"goBoston":"future","project":null}},{"type":"Feature","geometry":{"type":"LineString","coordinates":[[-71.05716,42.36032],[-71.05717,42.36037],[-71.05733,42.3609]]},"properties":{"lts":3,"name":"Congress Street","osmId":1154670875,"goBoston":"future","project":null}},{"type":"Feature","geometry":{"type":"LineString","coordinates":[[-71.05733,42.3609],[-71.05736,42.36101],[-71.05739,42.36111],[-71.05743,42.36122],[-71.05748,42.36133],[-71.05751,42.36139],[-71.05754,42.36145],[-71.05755,42.36146],[-71.05759,42.36154]]},"properties":{"lts":3,"name":"Congress Street","osmId":289468262,"goBoston":"future","project":null}},{"type":"Feature","geometry":{"type":"LineString","coordinates":[[-71.05759,42.36154],[-71.05762,42.36159],[-71.05766,42.36164],[-71.05769,42.36168],[-71.05774,42.36172],[-71.05778,42.36175],[-71.05789,42.36183]]},"properties":{"lts":3,"name":"Congress Street","osmId":1160123819,"goBoston":"future","project":null}},{"type":"Feature","geometry":{"type":"LineString","coordinates":[[-71.05789,42.36183],[-71.05799,42.36194]]},"properties":{"lts":3,"name":"Congress Street","osmId":533511492,"goBoston":"future","project":null}},{"type":"Feature","geometry":{"type":"LineString","coordinates":[[-71.05799,42.36194],[-71.05835,42.36235],[-71.05844,42.36245]]},"properties":{"lts":3,"name":"Congress Street","osmId":1353979192,"goBoston":"future","project":null}},{"type":"Feature","geometry":{"type":"LineString","coordinates":[[-71.05844,42.36245],[-71.05848,42.36253],[-71.05851,42.36256],[-71.05867,42.36268],[-71.05897,42.36284],[-71.05912,42.36289]]},"properties":{"lts":3,"name":"Congress Street","osmId":8648635,"goBoston":"future","project":null}},{"type":"Feature","geometry":{"type":"LineString","coordinates":[[-71.05912,42.36289],[-71.05949,42.36298],[-71.0598,42.36303]]},"properties":{"lts":3,"name":"Congress Street","osmId":1395631288,"goBoston":"future","project":null}},{"type":"Feature","geometry":{"type":"LineString","coordinates":[[-71.0598,42.36303],[-71.05953,42.3629],[-71.05918,42.36283],[-71.05901,42.36275],[-71.05876,42.3626],[-71.05868,42.36252],[-71.05862,42.3625],[-71.05844,42.36245]]},"properties":{"lts":3,"name":null,"osmId":1319663435,"goBoston":"future","project":null}},{"type":"Feature","geometry":{"type":"LineString","coordinates":[[-71.05789,42.36183],[-71.05786,42.36173],[-71.05784,42.36168],[-71.05781,42.36162],[-71.05779,42.36158],[-71.05777,42.36154],[-71.05774,42.36149],[-71.05771,42.36144],[-71.05769,42.36141],[-71.05766,42.36136],[-71.05763,42.3613],[-71.05758,42.3612],[-71.05754,42.3611],[-71.05751,42.36099],[-71.05748,42.36088],[-71.05742,42.36069]]},"properties":{"lts":3,"name":"Congress Street","osmId":1223509838,"goBoston":"future","project":null}},{"type":"Feature","geometry":{"type":"LineString","coordinates":[[-71.05742,42.36069],[-71.05733,42.36035],[-71.05732,42.36032],[-71.05729,42.36023]]},"properties":{"lts":3,"name":"Congress Street","osmId":426487621,"goBoston":"future","project":null}},{"type":"Feature","geometry":{"type":"LineString","coordinates":[[-71.05729,42.36023],[-71.05726,42.36013],[-71.05722,42.35998],[-71.0572,42.35989],[-71.05707,42.35944]]},"properties":{"lts":3,"name":"Congress Street","osmId":426487624,"goBoston":"future","project":null}},{"type":"Feature","geometry":{"type":"LineString","coordinates":[[-71.05707,42.35944],[-71.05698,42.35915],[-71.05697,42.35911],[-71.05696,42.35907],[-71.05694,42.35902],[-71.05693,42.359],[-71.05692,42.35899],[-71.05691,42.35897],[-71.05689,42.35895],[-71.05686,42.35893],[-71.05685,42.35892],[-71.05683,42.3589],[-71.0568,42.35888]]},"properties":{"lts":3,"name":"Congress Street","osmId":426487613,"goBoston":"future","project":null}},{"type":"Feature","geometry":{"type":"LineString","coordinates":[[-71.06324,42.36387],[-71.06203,42.36355],[-71.0619,42.36352],[-71.06143,42.3634],[-71.06118,42.36333],[-71.06112,42.36332],[-71.06107,42.36331],[-71.06101,42.3633],[-71.06097,42.36329],[-71.06092,42.36329],[-71.06088,42.36329],[-71.06085,42.36329],[-71.06082,42.36329],[-71.06079,42.3633]]},"properties":{"lts":3,"name":"Merrimac Street","osmId":90294434,"goBoston":"future","project":null}},{"type":"Feature","geometry":{"type":"LineString","coordinates":[[-71.06079,42.3633],[-71.06081,42.36331],[-71.06083,42.36333],[-71.06086,42.36334],[-71.06089,42.36335],[-71.06133,42.36346],[-71.06186,42.3636],[-71.06205,42.36365],[-71.06275,42.36383]]},"properties":{"lts":3,"name":"Merrimac Street","osmId":90441529,"goBoston":"future","project":null}},{"type":"Feature","geometry":{"type":"LineString","coordinates":[[-71.06275,42.36383],[-71.06291,42.36387],[-71.06316,42.36393],[-71.0632,42.36395],[-71.06325,42.36396],[-71.06327,42.36396],[-71.06335,42.36399]]},"properties":{"lts":3,"name":"Merrimac Street","osmId":426456727,"goBoston":"future","project":null}},{"type":"Feature","geometry":{"type":"LineString","coordinates":[[-71.06342,42.36391],[-71.06331,42.36389],[-71.06324,42.36387]]},"properties":{"lts":3,"name":"Merrimac Street","osmId":970425314,"goBoston":"future","project":null}},{"type":"Feature","geometry":{"type":"LineString","coordinates":[[-71.06335,42.36399],[-71.06343,42.36401]]},"properties":{"lts":3,"name":"Merrimac Street","osmId":1120344170,"goBoston":"future","project":null}},{"type":"Feature","geometry":{"type":"LineString","coordinates":[[-71.06079,42.3633],[-71.06057,42.36324],[-71.06014,42.36312],[-71.06008,42.36311],[-71.0598,42.36303]]},"properties":{"lts":3,"name":"Merrimac Street","osmId":1232636593,"goBoston":"future","project":null}},{"type":"Feature","geometry":{"type":"LineString","coordinates":[[-71.0568,42.35888],[-71.0569,42.35884],[-71.05693,42.35883],[-71.05695,42.35882],[-71.05699,42.35879],[-71.05719,42.35867],[-71.0572,42.35866],[-71.05721,42.35865],[-71.05723,42.35864],[-71.05724,42.35863],[-71.05724,42.35862],[-71.05725,42.35861],[-71.05725,42.3586],[-71.05726,42.35859],[-71.05727,42.35846],[-71.05728,42.35828],[-71.05733,42.35764],[-71.05733,42.35758]]},"properties":{"lts":3,"name":"Devonshire Street","osmId":747090068,"goBoston":"future","project":null}},{"type":"Feature","geometry":{"type":"LineString","coordinates":[[-71.05733,42.35758],[-71.05733,42.35751],[-71.05733,42.35745],[-71.05731,42.35685],[-71.05731,42.35682],[-71.05731,42.3568],[-71.05732,42.35675]]},"properties":{"lts":3,"name":"Devonshire Street","osmId":1039343430,"goBoston":"future","project":null}},{"type":"Feature","geometry":{"type":"LineString","coordinates":[[-71.05732,42.35675],[-71.05734,42.35668],[-71.05734,42.35667],[-71.05735,42.35662],[-71.05735,42.35654],[-71.05736,42.35622],[-71.05733,42.35558],[-71.05733,42.35552],[-71.05733,42.35551],[-71.05734,42.35544]]},"properties":{"lts":3,"name":"Devonshire Street","osmId":591217320,"goBoston":"future","project":null}},{"type":"Feature","geometry":{"type":"LineString","coordinates":[[-71.05734,42.35544],[-71.05736,42.35538],[-71.05736,42.35537],[-71.05739,42.35528],[-71.05742,42.35522],[-71.05746,42.35516],[-71.05751,42.35512]]},"properties":{"lts":3,"name":"Devonshire Street","osmId":8640813,"goBoston":"future","project":null}},{"type":"Feature","geometry":{"type":"LineString","coordinates":[[-71.05751,42.35512],[-71.05766,42.35505],[-71.05776,42.35498],[-71.05798,42.35474],[-71.05833,42.35441],[-71.05852,42.35422],[-71.05858,42.35417],[-71.0586,42.35415],[-71.05862,42.35409]]},"properties":{"lts":3,"name":"Otis Street","osmId":289631068,"goBoston":"future","project":null}},{"type":"Feature","geometry":{"type":"LineString","coordinates":[[-71.05862,42.35409],[-71.05865,42.35404],[-71.05869,42.35399],[-71.05892,42.35378],[-71.05901,42.3537],[-71.05933,42.35339],[-71.0594,42.35332]]},"properties":{"lts":3,"name":"Kingston Street","osmId":8647158,"goBoston":"future","project":null}},{"type":"Feature","geometry":{"type":"LineString","coordinates":[[-71.0594,42.35332],[-71.05946,42.35325],[-71.05946,42.35324],[-71.05949,42.35314]]},"properties":{"lts":3,"name":"Kingston Street","osmId":747090066,"goBoston":"future","project":null}},{"type":"Feature","geometry":{"type":"LineString","coordinates":[[-71.05949,42.35314],[-71.05943,42.35281],[-71.0594,42.35261],[-71.0594,42.35258],[-71.05939,42.35252]]},"properties":{"lts":3,"name":"Kingston Street","osmId":591235976,"goBoston":"future","project":null}},{"type":"Feature","geometry":{"type":"LineString","coordinates":[[-71.0594,42.35332],[-71.05948,42.35333],[-71.05962,42.35334],[-71.05985,42.35338]]},"properties":{"lts":2,"name":"Bedford Street","osmId":747090067,"goBoston":"future","project":null}},{"type":"Feature","geometry":{"type":"LineString","coordinates":[[-71.0603,42.35361],[-71.06021,42.35357],[-71.05985,42.35338]]},"properties":{"lts":2,"name":"Bedford Street","osmId":103680391,"goBoston":"future","project":null}},{"type":"Feature","geometry":{"type":"LineString","coordinates":[[-71.06114,42.35252],[-71.06111,42.3526],[-71.06107,42.35273],[-71.06102,42.35281],[-71.06083,42.35303],[-71.06074,42.35311],[-71.0607,42.35315]]},"properties":{"lts":3,"name":"Chauncy Street","osmId":8646690,"goBoston":"future","project":null}},{"type":"Feature","geometry":{"type":"LineString","coordinates":[[-71.0607,42.35315],[-71.06064,42.35322],[-71.06035,42.35355],[-71.0603,42.35361]]},"properties":{"lts":2,"name":"Chauncy Street","osmId":862549735,"goBoston":"future","project":null}},{"type":"Feature","geometry":{"type":"LineString","coordinates":[[-71.0603,42.35361],[-71.06007,42.35382],[-71.06003,42.35387],[-71.0595,42.35433],[-71.05947,42.35435],[-71.05944,42.35437],[-71.05942,42.35439],[-71.05939,42.35441],[-71.05937,42.35442],[-71.05934,42.35443],[-71.05931,42.35444],[-71.05928,42.35445],[-71.05924,42.35446],[-71.05915,42.35449]]},"properties":{"lts":3,"name":"Chauncy Street","osmId":591217296,"goBoston":"future","project":null}},{"type":"Feature","geometry":{"type":"LineString","coordinates":[[-71.05915,42.35449],[-71.05907,42.35451],[-71.05904,42.35452],[-71.05902,42.35453],[-71.05899,42.35454],[-71.05897,42.35455],[-71.05895,42.35456],[-71.05894,42.35457],[-71.05892,42.35458],[-71.05891,42.3546],[-71.05867,42.35482],[-71.05842,42.35506],[-71.05834,42.35513],[-71.05819,42.3553],[-71.05813,42.35537],[-71.05812,42.35537],[-71.05808,42.35541]]},"properties":{"lts":3,"name":"Arch Street","osmId":8648507,"goBoston":"future","project":null}},{"type":"Feature","geometry":{"type":"LineString","coordinates":[[-71.05808,42.35541],[-71.05797,42.3555]]},"properties":{"lts":3,"name":"Arch Street","osmId":747090065,"goBoston":"future","project":null}},{"type":"Feature","geometry":{"type":"LineString","coordinates":[[-71.05797,42.3555],[-71.05794,42.35553],[-71.05793,42.35555],[-71.05789,42.35562],[-71.0578,42.35587],[-71.05778,42.35594],[-71.05776,42.35601],[-71.05776,42.35607],[-71.05776,42.35614],[-71.05778,42.35625],[-71.05782,42.35669],[-71.05782,42.35674]]},"properties":{"lts":3,"name":"Arch Street","osmId":747090064,"goBoston":"future","project":null}},{"type":"Feature","geometry":{"type":"LineString","coordinates":[[-71.07005,42.35606],[-71.07063,42.35592],[-71.07122,42.35578],[-71.07125,42.35578],[-71.07132,42.35576],[-71.07204,42.35557],[-71.07221,42.35552]]},"properties":{"lts":2,"name":"Beacon Street","osmId":89641252,"goBoston":"future","project":null}},{"type":"Feature","geometry":{"type":"LineString","coordinates":[[-71.06956,42.35619],[-71.06972,42.35615],[-71.06986,42.35612],[-71.07005,42.35606]]},"properties":{"lts":3,"name":"Beacon Street","osmId":825494637,"goBoston":"future","project":null}},{"type":"Feature","geometry":{"type":"LineString","coordinates":[[-71.06944,42.35621],[-71.06956,42.35619]]},"properties":{"lts":3,"name":"Beacon Street","osmId":825494639,"goBoston":"future","project":null}},{"type":"Feature","geometry":{"type":"LineString","coordinates":[[-71.06903,42.35628],[-71.06924,42.35625],[-71.06931,42.35624],[-71.06944,42.35621]]},"properties":{"lts":3,"name":"Beacon Street","osmId":206541037,"goBoston":"future","project":null}},{"type":"Feature","geometry":{"type":"LineString","coordinates":[[-71.06903,42.35628],[-71.06806,42.35648],[-71.06772,42.35657],[-71.06768,42.35658],[-71.06761,42.35659]]},"properties":{"lts":3,"name":"Beacon Street","osmId":1175628406,"goBoston":"future","project":null}},{"type":"Feature","geometry":{"type":"LineString","coordinates":[[-71.06761,42.35659],[-71.06757,42.3566],[-71.06752,42.35662],[-71.06711,42.35671],[-71.06661,42.35682],[-71.06586,42.35699],[-71.06579,42.35701],[-71.06564,42.35704],[-71.06516,42.35715],[-71.06512,42.35716],[-71.06509,42.35717]]},"properties":{"lts":3,"name":"Beacon Street","osmId":380662067,"goBoston":"future","project":null}},{"type":"Feature","geometry":{"type":"LineString","coordinates":[[-71.06509,42.35717],[-71.06503,42.35718],[-71.065,42.35718],[-71.06477,42.35724],[-71.0646,42.35728],[-71.06443,42.35733],[-71.06423,42.3574],[-71.06399,42.35747],[-71.06373,42.35755],[-71.06339,42.35765],[-71.06333,42.35767],[-71.06321,42.35772]]},"properties":{"lts":3,"name":"Beacon Street","osmId":8647432,"goBoston":"future","project":null}},{"type":"Feature","geometry":{"type":"LineString","coordinates":[[-71.06941,42.35605],[-71.06946,42.35607],[-71.06948,42.35608],[-71.0695,42.35609],[-71.06954,42.3561],[-71.0696,42.35609],[-71.06965,42.35609],[-71.0698,42.35607],[-71.06989,42.35607],[-71.07005,42.35606]]},"properties":{"lts":2,"name":"Beacon Street","osmId":1348578796,"goBoston":"future","project":null}},{"type":"Feature","geometry":{"type":"LineString","coordinates":[[-71.06927,42.35609],[-71.06926,42.35613],[-71.06924,42.35617],[-71.06921,42.3562],[-71.06918,42.35622],[-71.06915,42.35623],[-71.06914,42.35624],[-71.06903,42.35628]]},"properties":{"lts":3,"name":"Beacon Street","osmId":1348578794,"goBoston":"future","project":null}},{"type":"Feature","geometry":{"type":"LineString","coordinates":[[-71.06321,42.35772],[-71.06316,42.35766],[-71.06314,42.35763],[-71.06307,42.35755],[-71.063,42.35748],[-71.06278,42.35725],[-71.06211,42.35663],[-71.06208,42.3566],[-71.06198,42.35651]]},"properties":{"lts":3,"name":"Park Street","osmId":63104587,"goBoston":"future","project":null}},{"type":"Feature","geometry":{"type":"LineString","coordinates":[[-71.06093,42.36126],[-71.06091,42.36127],[-71.06087,42.36129],[-71.06083,42.36132],[-71.06079,42.36134],[-71.06007,42.36168],[-71.05935,42.36203],[-71.05926,42.36207],[-71.05891,42.36224]]},"properties":{"lts":3,"name":"Sudbury Street","osmId":8644931,"goBoston":"future","project":null}},{"type":"Feature","geometry":{"type":"LineString","coordinates":[[-71.05751,42.36278],[-71.05742,42.36281],[-71.05734,42.36284],[-71.0573,42.36286],[-71.05726,42.36288],[-71.05722,42.3629],[-71.05719,42.36292],[-71.05716,42.36294],[-71.05713,42.36296],[-71.0571,42.36298],[-71.05708,42.36299],[-71.05707,42.36301],[-71.05705,42.36302],[-71.05704,42.36304],[-71.05703,42.36306],[-71.05702,42.36309],[-71.05696,42.36322]]},"properties":{"lts":3,"name":"Sudbury Street","osmId":8650688,"goBoston":"future","project":null}},{"type":"Feature","geometry":{"type":"LineString","coordinates":[[-71.05891,42.36224],[-71.05863,42.36237],[-71.05857,42.3624],[-71.0585,42.36243],[-71.05844,42.36245]]},"properties":{"lts":3,"name":"Sudbury Street","osmId":426487635,"goBoston":"future","project":null}},{"type":"Feature","geometry":{"type":"LineString","coordinates":[[-71.05844,42.36245],[-71.05836,42.36248],[-71.0583,42.3625],[-71.05823,42.36253],[-71.05796,42.36262],[-71.05767,42.36272],[-71.05765,42.36272],[-71.05758,42.36275],[-71.05751,42.36278]]},"properties":{"lts":3,"name":"Sudbury Street","osmId":591493143,"goBoston":"future","project":null}},{"type":"Feature","geometry":{"type":"LineString","coordinates":[[-71.06125,42.36099],[-71.06122,42.36103],[-71.06122,42.36103],[-71.06119,42.36106],[-71.06117,42.36108],[-71.06114,42.36111],[-71.06113,42.36111],[-71.06109,42.36115],[-71.06104,42.36118],[-71.061,42.36121],[-71.06096,42.36124],[-71.06093,42.36126]]},"properties":{"lts":3,"name":"Sudbury Street","osmId":1323781936,"goBoston":"future","project":null}},{"type":"Feature","geometry":{"type":"LineString","coordinates":[[-71.06133,42.36087],[-71.0613,42.36091],[-71.06128,42.36095],[-71.06126,42.36098],[-71.06125,42.36099]]},"properties":{"lts":3,"name":"New Sudbury Street","osmId":426456763,"goBoston":"future","project":null}},{"type":"Feature","geometry":{"type":"LineString","coordinates":[[-71.0607,42.35315],[-71.06076,42.35318],[-71.06124,42.35342],[-71.06133,42.35347]]},"properties":{"lts":1,"name":"Avenue De Lafayette","osmId":851480300,"goBoston":"future","project":null}},{"type":"Feature","geometry":{"type":"LineString","coordinates":[[-71.07271,42.35539],[-71.07264,42.3554],[-71.0726,42.3554],[-71.07258,42.3554],[-71.07255,42.35539],[-71.07253,42.35538],[-71.0725,42.35537],[-71.07249,42.35537],[-71.07248,42.35536]]},"properties":{"lts":3,"name":"Arlington Street","osmId":92028174,"goBoston":"future","project":null}},{"type":"Feature","geometry":{"type":"LineString","coordinates":[[-71.07248,42.35536],[-71.07247,42.35535],[-71.07243,42.35532],[-71.07235,42.35526]]},"properties":{"lts":3,"name":"Arlington Street","osmId":1329768965,"goBoston":"future","project":null}},{"type":"Feature","geometry":{"type":"LineString","coordinates":[[-71.07221,42.35552],[-71.07233,42.35545],[-71.07235,42.35543],[-71.07236,42.3554],[-71.07236,42.35538],[-71.07235,42.35526]]},"properties":{"lts":2,"name":"Arlington Street","osmId":8641171,"goBoston":"future","project":null}},{"type":"Feature","geometry":{"type":"LineString","coordinates":[[-71.07235,42.35526],[-71.07225,42.35505],[-71.07211,42.35475],[-71.0721,42.35473],[-71.07206,42.35466]]},"properties":{"lts":2,"name":"Arlington Street","osmId":89641249,"goBoston":"future","project":null}},{"type":"Feature","geometry":{"type":"LineString","coordinates":[[-71.07206,42.35466],[-71.07188,42.35428],[-71.07173,42.35398],[-71.0717,42.35392],[-71.07166,42.35385]]},"properties":{"lts":2,"name":"Arlington Street","osmId":822078648,"goBoston":"future","project":null}},{"type":"Feature","geometry":{"type":"LineString","coordinates":[[-71.07166,42.35385],[-71.07155,42.35362],[-71.07154,42.35359],[-71.07153,42.35357],[-71.07149,42.3535]]},"properties":{"lts":2,"name":"Arlington Street","osmId":8648766,"goBoston":"future","project":null}},{"type":"Feature","geometry":{"type":"LineString","coordinates":[[-71.07149,42.3535],[-71.07146,42.35345],[-71.07143,42.35337],[-71.07133,42.35316],[-71.07129,42.35308],[-71.07117,42.35284],[-71.07116,42.35281],[-71.07113,42.35276],[-71.0711,42.35269],[-71.07091,42.35231]]},"properties":{"lts":2,"name":"Arlington Street","osmId":8641166,"goBoston":"future","project":null}},{"type":"Feature","geometry":{"type":"LineString","coordinates":[[-71.07091,42.35231],[-71.07085,42.35217]]},"properties":{"lts":2,"name":"Arlington Street","osmId":801839131,"goBoston":"future","project":null}},{"type":"Feature","geometry":{"type":"LineString","coordinates":[[-71.07085,42.35217],[-71.07078,42.35204],[-71.07076,42.35201],[-71.07071,42.35191],[-71.0707,42.3519]]},"properties":{"lts":2,"name":"Arlington Street","osmId":1329768968,"goBoston":"future","project":null}},{"type":"Feature","geometry":{"type":"LineString","coordinates":[[-71.0707,42.3519],[-71.07069,42.35189],[-71.07064,42.35181],[-71.07063,42.35179],[-71.07052,42.35156],[-71.07045,42.35141],[-71.07036,42.35121],[-71.07034,42.35118],[-71.07029,42.35107]]},"properties":{"lts":2,"name":"Arlington Street","osmId":242544492,"goBoston":"future","project":null}},{"type":"Feature","geometry":{"type":"LineString","coordinates":[[-71.07029,42.35107],[-71.07027,42.35101],[-71.07007,42.35052]]},"properties":{"lts":2,"name":"Arlington Street","osmId":846620949,"goBoston":"future","project":null}},{"type":"Feature","geometry":{"type":"LineString","coordinates":[[-71.07007,42.35052],[-71.06999,42.35031],[-71.06998,42.35028],[-71.06993,42.35015]]},"properties":{"lts":2,"name":"Arlington Street","osmId":1108965708,"goBoston":"future","project":null}},{"type":"Feature","geometry":{"type":"LineString","coordinates":[[-71.06993,42.35015],[-71.06986,42.34998]]},"properties":{"lts":2,"name":"Arlington Street","osmId":242631526,"goBoston":"future","project":null}},{"type":"Feature","geometry":{"type":"LineString","coordinates":[[-71.06986,42.34998],[-71.06973,42.34966],[-71.06971,42.3496],[-71.06965,42.34943],[-71.06962,42.34935],[-71.06957,42.3492],[-71.06948,42.34895],[-71.06944,42.34882]]},"properties":{"lts":2,"name":"Arlington Street","osmId":830619409,"goBoston":"future","project":null}},{"type":"Feature","geometry":{"type":"LineString","coordinates":[[-71.06944,42.34882],[-71.06943,42.34877],[-71.06942,42.34868],[-71.06938,42.34861],[-71.06934,42.34855]]},"properties":{"lts":3,"name":"Arlington Street","osmId":1333372331,"goBoston":"future","project":null}},{"type":"Feature","geometry":{"type":"LineString","coordinates":[[-71.06944,42.34882],[-71.0694,42.34875],[-71.06937,42.34869],[-71.06935,42.34863],[-71.06934,42.34855]]},"properties":{"lts":2,"name":"Arlington Street","osmId":1333372332,"goBoston":"future","project":null}},{"type":"Feature","geometry":{"type":"LineString","coordinates":[[-71.06934,42.34855],[-71.06932,42.34849],[-71.06931,42.34847],[-71.06923,42.34821],[-71.06922,42.34818],[-71.06918,42.34809]]},"properties":{"lts":2,"name":"Arlington Street","osmId":1333372330,"goBoston":"future","project":null}},{"type":"Feature","geometry":{"type":"LineString","coordinates":[[-71.06918,42.34809],[-71.06915,42.34802]]},"properties":{"lts":3,"name":"Arlington Street","osmId":1329768969,"goBoston":"future","project":null}},{"type":"Feature","geometry":{"type":"LineString","coordinates":[[-71.06915,42.34802],[-71.06912,42.34797],[-71.06909,42.34791],[-71.06904,42.34785],[-71.06885,42.34764]]},"properties":{"lts":3,"name":"Arlington Street","osmId":43100854,"goBoston":"future","project":null}},{"type":"Feature","geometry":{"type":"LineString","coordinates":[[-71.06885,42.34764],[-71.0688,42.34759],[-71.06877,42.34757],[-71.06874,42.34754],[-71.0687,42.34752],[-71.06868,42.34751],[-71.06862,42.34749]]},"properties":{"lts":3,"name":"Arlington Street","osmId":87109179,"goBoston":"future","project":null}},{"type":"Feature","geometry":{"type":"LineString","coordinates":[[-71.06862,42.34749],[-71.06851,42.34747],[-71.0684,42.34744]]},"properties":{"lts":3,"name":"Herald Street","osmId":1283036468,"goBoston":"future","project":null}},{"type":"Feature","geometry":{"type":"LineString","coordinates":[[-71.0684,42.34744],[-71.06776,42.34731],[-71.06596,42.34692],[-71.06587,42.3469],[-71.06577,42.34688],[-71.06529,42.34678],[-71.06503,42.34672]]},"properties":{"lts":3,"name":"Herald Street","osmId":485286885,"goBoston":"future","project":null}},{"type":"Feature","geometry":{"type":"LineString","coordinates":[[-71.06503,42.34672],[-71.06477,42.34666],[-71.06473,42.34666],[-71.0646,42.34663]]},"properties":{"lts":3,"name":"Herald Street","osmId":1113322504,"goBoston":"future","project":null}},{"type":"Feature","geometry":{"type":"LineString","coordinates":[[-71.0646,42.34663],[-71.06442,42.34659],[-71.0636,42.34642]]},"properties":{"lts":3,"name":"Herald Street","osmId":1212690445,"goBoston":"future","project":null}},{"type":"Feature","geometry":{"type":"LineString","coordinates":[[-71.0636,42.34642],[-71.06339,42.34638],[-71.06336,42.34637],[-71.06326,42.34635]]},"properties":{"lts":3,"name":"Herald Street","osmId":1212690446,"goBoston":"future","project":null}},{"type":"Feature","geometry":{"type":"LineString","coordinates":[[-71.06326,42.34635],[-71.06312,42.34632],[-71.06306,42.34631],[-71.06178,42.34605]]},"properties":{"lts":3,"name":"Herald Street","osmId":8644901,"goBoston":"future","project":null}},{"type":"Feature","geometry":{"type":"LineString","coordinates":[[-71.06178,42.34605],[-71.06149,42.34599],[-71.06144,42.34598],[-71.0614,42.34597],[-71.06127,42.34595]]},"properties":{"lts":3,"name":"Herald Street","osmId":426501669,"goBoston":"future","project":null}},{"type":"Feature","geometry":{"type":"LineString","coordinates":[[-71.10954,42.34022],[-71.10959,42.34024],[-71.10964,42.34026],[-71.10968,42.34027],[-71.1097,42.34028],[-71.10972,42.34028],[-71.10973,42.34029],[-71.10976,42.34029],[-71.10979,42.3403],[-71.10991,42.34032]]},"properties":{"lts":3,"name":"Longwood Avenue","osmId":1377307075,"goBoston":"future","project":null}},{"type":"Feature","geometry":{"type":"LineString","coordinates":[[-71.10906,42.33995],[-71.10925,42.34006],[-71.10941,42.34015],[-71.10943,42.34016],[-71.10945,42.34017],[-71.10949,42.34019],[-71.10952,42.34021],[-71.10954,42.34022]]},"properties":{"lts":2,"name":"Longwood Avenue","osmId":1377307069,"goBoston":"future","project":null}},{"type":"Feature","geometry":{"type":"LineString","coordinates":[[-71.10883,42.33981],[-71.10902,42.33993],[-71.10906,42.33995]]},"properties":{"lts":2,"name":"Longwood Avenue","osmId":1377307076,"goBoston":"future","project":null}},{"type":"Feature","geometry":{"type":"LineString","coordinates":[[-71.10831,42.33951],[-71.10837,42.33955],[-71.10883,42.33981]]},"properties":{"lts":3,"name":"Longwood Avenue","osmId":1377307072,"goBoston":"future","project":null}},{"type":"Feature","geometry":{"type":"LineString","coordinates":[[-71.10798,42.33932],[-71.10826,42.33948],[-71.10831,42.33951]]},"properties":{"lts":3,"name":"Longwood Avenue","osmId":1377307071,"goBoston":"future","project":null}},{"type":"Feature","geometry":{"type":"LineString","coordinates":[[-71.10726,42.33891],[-71.10738,42.33897],[-71.10742,42.339],[-71.10798,42.33932]]},"properties":{"lts":3,"name":"Longwood Avenue","osmId":1377307070,"goBoston":"future","project":null}},{"type":"Feature","geometry":{"type":"LineString","coordinates":[[-71.1068,42.33865],[-71.10716,42.33885],[-71.10726,42.33891]]},"properties":{"lts":3,"name":"Longwood Avenue","osmId":426642624,"goBoston":"future","project":null}},{"type":"Feature","geometry":{"type":"LineString","coordinates":[[-71.10644,42.33845],[-71.1068,42.33865]]},"properties":{"lts":2,"name":"Longwood Avenue","osmId":426642619,"goBoston":"future","project":null}},{"type":"Feature","geometry":{"type":"LineString","coordinates":[[-71.10614,42.33828],[-71.10621,42.33831],[-71.10644,42.33845]]},"properties":{"lts":3,"name":"Longwood Avenue","osmId":301420931,"goBoston":"future","project":null}},{"type":"Feature","geometry":{"type":"LineString","coordinates":[[-71.10585,42.33812],[-71.10608,42.33824],[-71.10614,42.33828]]},"properties":{"lts":2,"name":"Longwood Avenue","osmId":1088867225,"goBoston":"future","project":null}},{"type":"Feature","geometry":{"type":"LineString","coordinates":[[-71.10564,42.33799],[-71.10585,42.33812]]},"properties":{"lts":2,"name":"Longwood Avenue","osmId":426642618,"goBoston":"future","project":null}},{"type":"Feature","geometry":{"type":"LineString","coordinates":[[-71.10515,42.3378],[-71.10523,42.33783],[-71.10555,42.33795],[-71.10559,42.33797],[-71.10564,42.33799]]},"properties":{"lts":3,"name":"Longwood Avenue","osmId":426642626,"goBoston":"future","project":null}},{"type":"Feature","geometry":{"type":"LineString","coordinates":[[-71.10481,42.33767],[-71.10508,42.33777],[-71.10515,42.3378]]},"properties":{"lts":3,"name":"Longwood Avenue","osmId":426645909,"goBoston":"future","project":null}},{"type":"Feature","geometry":{"type":"LineString","coordinates":[[-71.10432,42.33747],[-71.10453,42.33755],[-71.10481,42.33767]]},"properties":{"lts":2,"name":"Longwood Avenue","osmId":1088867227,"goBoston":"future","project":null}},{"type":"Feature","geometry":{"type":"LineString","coordinates":[[-71.1034,42.33712],[-71.10357,42.33718],[-71.10432,42.33747]]},"properties":{"lts":2,"name":"Longwood Avenue","osmId":426642627,"goBoston":"future","project":null}},{"type":"Feature","geometry":{"type":"LineString","coordinates":[[-71.1034,42.33712],[-71.10322,42.33705],[-71.10306,42.33698]]},"properties":{"lts":2,"name":"Longwood Avenue","osmId":426645910,"goBoston":"future","project":null}},{"type":"Feature","geometry":{"type":"LineString","coordinates":[[-71.10306,42.33698],[-71.10294,42.33694],[-71.10264,42.33682],[-71.10237,42.33672],[-71.10208,42.33661],[-71.10163,42.33644],[-71.10098,42.33619],[-71.10095,42.33617],[-71.1009,42.33615],[-71.10046,42.33599],[-71.10042,42.33597],[-71.10033,42.33593]]},"properties":{"lts":2,"name":"Longwood Avenue","osmId":301420928,"goBoston":"future","project":null}},{"type":"Feature","geometry":{"type":"LineString","coordinates":[[-71.10033,42.33593],[-71.10023,42.33589],[-71.10018,42.33587],[-71.10008,42.33583]]},"properties":{"lts":2,"name":"Longwood Avenue","osmId":301468439,"goBoston":"future","project":null}},{"type":"Feature","geometry":{"type":"LineString","coordinates":[[-71.10008,42.33583],[-71.09997,42.33578],[-71.09995,42.33577],[-71.09967,42.33565],[-71.09956,42.3356]]},"properties":{"lts":3,"name":"Longwood Avenue","osmId":420513735,"goBoston":"future","project":null}},{"type":"Feature","geometry":{"type":"LineString","coordinates":[[-71.10077,42.34033],[-71.1008,42.34033],[-71.10083,42.34033],[-71.10086,42.34033],[-71.10088,42.34032],[-71.1009,42.34032],[-71.10092,42.34031],[-71.10094,42.3403],[-71.10096,42.3403],[-71.10098,42.34028],[-71.10099,42.34028],[-71.10101,42.34027],[-71.10102,42.34026],[-71.10103,42.34024],[-71.10103,42.34022],[-71.10106,42.34016]]},"properties":{"lts":3,"name":"Avenue Louis Pasteur","osmId":1395698720,"goBoston":"future","project":null}},{"type":"Feature","geometry":{"type":"LineString","coordinates":[[-71.10106,42.34016],[-71.10129,42.33982],[-71.10156,42.33945],[-71.10166,42.33929]]},"properties":{"lts":3,"name":"Avenue Louis Pasteur","osmId":15090303,"goBoston":"future","project":null}},{"type":"Feature","geometry":{"type":"LineString","coordinates":[[-71.10166,42.33929],[-71.1017,42.33925],[-71.10191,42.33894],[-71.10204,42.33875],[-71.1022,42.33852],[-71.1026,42.33796],[-71.10265,42.33789]]},"properties":{"lts":3,"name":"Avenue Louis Pasteur","osmId":1197161045,"goBoston":"future","project":null}},{"type":"Feature","geometry":{"type":"LineString","coordinates":[[-71.10265,42.33789],[-71.10266,42.33787],[-71.10281,42.33766]]},"properties":{"lts":3,"name":"Avenue Louis Pasteur","osmId":927689653,"goBoston":"future","project":null}},{"type":"Feature","geometry":{"type":"LineString","coordinates":[[-71.10281,42.33766],[-71.10303,42.33735]]},"properties":{"lts":3,"name":"Avenue Louis Pasteur","osmId":927689654,"goBoston":"future","project":null}},{"type":"Feature","geometry":{"type":"LineString","coordinates":[[-71.10303,42.33735],[-71.10308,42.33732],[-71.10316,42.3373],[-71.10324,42.3373],[-71.10329,42.33727],[-71.10334,42.33721],[-71.10336,42.33718],[-71.1034,42.33712]]},"properties":{"lts":3,"name":"Avenue Louis Pasteur","osmId":8647981,"goBoston":"future","project":null}},{"type":"Feature","geometry":{"type":"LineString","coordinates":[[-71.10306,42.33698],[-71.10301,42.33705],[-71.10298,42.33709],[-71.10296,42.33715],[-71.10298,42.33722],[-71.10301,42.33726],[-71.10303,42.3373],[-71.10303,42.33735]]},"properties":{"lts":3,"name":"Avenue Louis Pasteur","osmId":8650908,"goBoston":"future","project":null}},{"type":"Feature","geometry":{"type":"LineString","coordinates":[[-71.10106,42.34016],[-71.10101,42.34019],[-71.10096,42.34021],[-71.10091,42.34023],[-71.10086,42.34024],[-71.10083,42.34025],[-71.10079,42.34025],[-71.10077,42.34025],[-71.10075,42.34025],[-71.10071,42.34025],[-71.10067,42.34025]]},"properties":{"lts":3,"name":"Avenue Louis Pasteur","osmId":87325872,"goBoston":"future","project":null}},{"type":"Feature","geometry":{"type":"LineString","coordinates":[[-71.08327,42.32727],[-71.08328,42.32721],[-71.08333,42.32678],[-71.08336,42.32663],[-71.08341,42.32635]]},"properties":{"lts":3,"name":"Warren Street","osmId":508841761,"goBoston":"future","project":null}},{"type":"Feature","geometry":{"type":"LineString","coordinates":[[-71.08341,42.32635],[-71.08345,42.32609],[-71.08346,42.32607],[-71.08346,42.32605],[-71.08347,42.32593]]},"properties":{"lts":3,"name":"Warren Street","osmId":426461151,"goBoston":"future","project":null}},{"type":"Feature","geometry":{"type":"LineString","coordinates":[[-71.08347,42.32593],[-71.08347,42.32588],[-71.08346,42.32575],[-71.08343,42.32561],[-71.08333,42.32532],[-71.08331,42.32527],[-71.0833,42.32526],[-71.08308,42.32467],[-71.08306,42.32461],[-71.08295,42.32432],[-71.08292,42.32422],[-71.08285,42.32403]]},"properties":{"lts":3,"name":"Warren Street","osmId":312004518,"goBoston":"future","project":null}},{"type":"Feature","geometry":{"type":"LineString","coordinates":[[-71.08285,42.32403],[-71.0828,42.32387],[-71.08273,42.32368],[-71.08259,42.32323],[-71.08255,42.3231],[-71.08239,42.32264],[-71.08234,42.32249],[-71.08224,42.32219]]},"properties":{"lts":3,"name":"Warren Street","osmId":591278013,"goBoston":"future","project":null}},{"type":"Feature","geometry":{"type":"LineString","coordinates":[[-71.08224,42.32219],[-71.08215,42.32192],[-71.08207,42.3217]]},"properties":{"lts":3,"name":"Warren Street","osmId":426490596,"goBoston":"future","project":null}},{"type":"Feature","geometry":{"type":"LineString","coordinates":[[-71.08207,42.3217],[-71.08191,42.32112],[-71.08184,42.3209],[-71.08179,42.32075]]},"properties":{"lts":3,"name":"Warren Street","osmId":426490598,"goBoston":"future","project":null}},{"type":"Feature","geometry":{"type":"LineString","coordinates":[[-71.08179,42.32075],[-71.08168,42.32033],[-71.08159,42.32002],[-71.08156,42.31988],[-71.08155,42.31984],[-71.08154,42.31978],[-71.08153,42.31972],[-71.08153,42.31969],[-71.08154,42.31956]]},"properties":{"lts":3,"name":"Warren Street","osmId":8647878,"goBoston":"future","project":null}},{"type":"Feature","geometry":{"type":"LineString","coordinates":[[-71.08154,42.31956],[-71.08155,42.31946]]},"properties":{"lts":3,"name":"Warren Street","osmId":923712917,"goBoston":"future","project":null}},{"type":"Feature","geometry":{"type":"LineString","coordinates":[[-71.08155,42.31946],[-71.08159,42.31922],[-71.08161,42.31912],[-71.08163,42.31906],[-71.0817,42.31887],[-71.08182,42.31861]]},"properties":{"lts":3,"name":"Warren Street","osmId":923712916,"goBoston":"future","project":null}},{"type":"Feature","geometry":{"type":"LineString","coordinates":[[-71.08182,42.31861],[-71.08194,42.31834]]},"properties":{"lts":3,"name":"Warren Street","osmId":1088849831,"goBoston":"future","project":null}},{"type":"Feature","geometry":{"type":"LineString","coordinates":[[-71.08194,42.31834],[-71.08204,42.31814],[-71.08207,42.31807],[-71.08213,42.31793],[-71.08217,42.31785],[-71.08229,42.31763],[-71.0823,42.3176],[-71.08236,42.31749],[-71.08248,42.31729]]},"properties":{"lts":3,"name":"Warren Street","osmId":8651522,"goBoston":"future","project":null}},{"type":"Feature","geometry":{"type":"LineString","coordinates":[[-71.08248,42.31729],[-71.0827,42.31692],[-71.08284,42.31666],[-71.08289,42.31657],[-71.08292,42.3165],[-71.08292,42.31647],[-71.08295,42.31639]]},"properties":{"lts":3,"name":"Warren Street","osmId":1131107298,"goBoston":"future","project":null}},{"type":"Feature","geometry":{"type":"LineString","coordinates":[[-71.08295,42.31639],[-71.08297,42.31632],[-71.08302,42.31608]]},"properties":{"lts":3,"name":"Warren Street","osmId":1092366269,"goBoston":"future","project":null}},{"type":"Feature","geometry":{"type":"LineString","coordinates":[[-71.08291,42.30996],[-71.08305,42.3102],[-71.08322,42.31048],[-71.08325,42.31059],[-71.08325,42.3106],[-71.08325,42.31067],[-71.08325,42.3108],[-71.08321,42.31095],[-71.08311,42.31118],[-71.08304,42.31133],[-71.083,42.31143],[-71.08293,42.31165],[-71.08291,42.31176],[-71.08292,42.31187],[-71.08292,42.31198],[-71.08296,42.31214],[-71.08297,42.31217],[-71.08301,42.31226],[-71.08312,42.31246],[-71.08312,42.31247],[-71.08334,42.31279],[-71.08344,42.31295],[-71.08349,42.31306],[-71.08355,42.31319],[-71.08359,42.31328],[-71.08362,42.31338],[-71.08365,42.31355],[-71.08367,42.31369],[-71.08371,42.31393],[-71.08371,42.31406],[-71.08371,42.31421],[-71.08371,42.31428],[-71.08367,42.31439],[-71.08354,42.31476],[-71.08332,42.3153],[-71.0833,42.31535],[-71.08328,42.3154],[-71.08302,42.31608]]},"properties":{"lts":2,"name":"Warren Street","osmId":301820170,"goBoston":"future","project":null}},{"type":"Feature","geometry":{"type":"LineString","coordinates":[[-71.08267,42.30954],[-71.08271,42.30963],[-71.08272,42.30964],[-71.08277,42.30975],[-71.08289,42.30994],[-71.08291,42.30996]]},"properties":{"lts":3,"name":"Warren Street","osmId":426454672,"goBoston":"future","project":null}},{"type":"Feature","geometry":{"type":"LineString","coordinates":[[-71.08263,42.30938],[-71.08267,42.30954]]},"properties":{"lts":3,"name":"Warren Street","osmId":8648449,"goBoston":"future","project":null}},{"type":"Feature","geometry":{"type":"LineString","coordinates":[[-71.08302,42.31608],[-71.08291,42.31626],[-71.08289,42.31629],[-71.08285,42.31636]]},"properties":{"lts":3,"name":"Warren Street","osmId":426490101,"goBoston":"future","project":null}},{"type":"Feature","geometry":{"type":"LineString","coordinates":[[-71.08285,42.31636],[-71.08281,42.31645],[-71.08278,42.31652],[-71.08266,42.31672],[-71.08265,42.31674],[-71.08256,42.3169],[-71.08235,42.31727],[-71.08218,42.31757]]},"properties":{"lts":3,"name":"Warren Street","osmId":101441534,"goBoston":"future","project":null}},{"type":"Feature","geometry":{"type":"LineString","coordinates":[[-71.08218,42.31757],[-71.08206,42.31783],[-71.08203,42.3179],[-71.08195,42.31803]]},"properties":{"lts":3,"name":"Warren Street","osmId":508841763,"goBoston":"future","project":null}},{"type":"Feature","geometry":{"type":"LineString","coordinates":[[-71.08195,42.31803],[-71.08192,42.3181],[-71.08182,42.31829]]},"properties":{"lts":3,"name":"Warren Street","osmId":1378032893,"goBoston":"future","project":null}},{"type":"Feature","geometry":{"type":"LineString","coordinates":[[-71.08182,42.31829],[-71.08168,42.31857],[-71.08157,42.31879],[-71.08148,42.31906],[-71.08146,42.31913]]},"properties":{"lts":3,"name":"Warren Street","osmId":426489454,"goBoston":"future","project":null}},{"type":"Feature","geometry":{"type":"LineString","coordinates":[[-71.08146,42.31913],[-71.0814,42.31942],[-71.0814,42.31945]]},"properties":{"lts":3,"name":"Warren Street","osmId":426489453,"goBoston":"future","project":null}},{"type":"Feature","geometry":{"type":"LineString","coordinates":[[-71.0814,42.31945],[-71.08139,42.31955]]},"properties":{"lts":3,"name":"Warren Street","osmId":8647461,"goBoston":"future","project":null}},{"type":"Feature","geometry":{"type":"LineString","coordinates":[[-71.08139,42.31955],[-71.08138,42.31969],[-71.08138,42.3198]]},"properties":{"lts":3,"name":"Warren Street","osmId":1382957654,"goBoston":"future","project":null}},{"type":"Feature","geometry":{"type":"LineString","coordinates":[[-71.08138,42.3198],[-71.08141,42.31991],[-71.08143,42.32006],[-71.08147,42.32018]]},"properties":{"lts":3,"name":"Warren Street","osmId":923712915,"goBoston":"future","project":null}},{"type":"Feature","geometry":{"type":"LineString","coordinates":[[-71.08147,42.32018],[-71.08151,42.32033],[-71.08158,42.32059],[-71.08162,42.32073]]},"properties":{"lts":3,"name":"Warren Street","osmId":426490595,"goBoston":"future","project":null}},{"type":"Feature","geometry":{"type":"LineString","coordinates":[[-71.08162,42.32073],[-71.0819,42.32166],[-71.08192,42.32173],[-71.082,42.32199],[-71.08215,42.3224],[-71.08224,42.32268],[-71.08236,42.323],[-71.08245,42.32326],[-71.08255,42.32355]]},"properties":{"lts":3,"name":"Warren Street","osmId":8651121,"goBoston":"future","project":null}},{"type":"Feature","geometry":{"type":"LineString","coordinates":[[-71.08255,42.32355],[-71.08258,42.32362],[-71.08266,42.32387],[-71.08266,42.3239],[-71.0827,42.32401]]},"properties":{"lts":3,"name":"Warren Street","osmId":426490597,"goBoston":"future","project":null}},{"type":"Feature","geometry":{"type":"LineString","coordinates":[[-71.0827,42.32401],[-71.08277,42.32421],[-71.08293,42.32469],[-71.08297,42.32483],[-71.08304,42.32499],[-71.08309,42.32514],[-71.08315,42.32529],[-71.08316,42.32533],[-71.08326,42.32557]]},"properties":{"lts":3,"name":"Warren Street","osmId":426490601,"goBoston":"future","project":null}},{"type":"Feature","geometry":{"type":"LineString","coordinates":[[-71.08326,42.32557],[-71.08327,42.32561],[-71.0833,42.32575],[-71.08331,42.32581],[-71.0833,42.32594]]},"properties":{"lts":3,"name":"Warren Street","osmId":426490599,"goBoston":"future","project":null}},{"type":"Feature","geometry":{"type":"LineString","coordinates":[[-71.0833,42.32594],[-71.08329,42.32602],[-71.08328,42.32607],[-71.08327,42.32612],[-71.08318,42.32661],[-71.08318,42.3267],[-71.08316,42.3269],[-71.08315,42.32701]]},"properties":{"lts":3,"name":"Warren Street","osmId":426490600,"goBoston":"future","project":null}},{"type":"Feature","geometry":{"type":"LineString","coordinates":[[-71.08315,42.32701],[-71.08314,42.32715],[-71.08314,42.32718],[-71.08313,42.3272],[-71.08312,42.32727]]},"properties":{"lts":3,"name":"Warren Street","osmId":426461144,"goBoston":"future","project":null}},{"type":"Feature","geometry":{"type":"LineString","coordinates":[[-71.08195,42.31803],[-71.08207,42.31807]]},"properties":{"lts":3,"name":"Martin Luther King Jr Boulevard","osmId":1088849832,"goBoston":"future","project":null}},{"type":"Feature","geometry":{"type":"LineString","coordinates":[[-71.08207,42.31807],[-71.08224,42.31811],[-71.08264,42.31822],[-71.08375,42.31851],[-71.08377,42.31852],[-71.08472,42.31879],[-71.08485,42.31883],[-71.08545,42.319]]},"properties":{"lts":3,"name":"Martin Luther King Jr Boulevard","osmId":8638427,"goBoston":"future","project":null}},{"type":"Feature","geometry":{"type":"LineString","coordinates":[[-71.08545,42.319],[-71.08582,42.31911],[-71.08587,42.31912],[-71.08602,42.31916]]},"properties":{"lts":3,"name":"Martin Luther King Jr Boulevard","osmId":426490587,"goBoston":"future","project":null}},{"type":"Feature","geometry":{"type":"LineString","coordinates":[[-71.08602,42.31916],[-71.0862,42.31922],[-71.08677,42.31939],[-71.08735,42.31959],[-71.08768,42.31973],[-71.08788,42.31981]]},"properties":{"lts":3,"name":"Martin Luther King Jr Boulevard","osmId":426490592,"goBoston":"future","project":null}},{"type":"Feature","geometry":{"type":"LineString","coordinates":[[-71.08788,42.31981],[-71.08813,42.31992],[-71.0882,42.31995],[-71.08825,42.31997],[-71.0884,42.32003]]},"properties":{"lts":3,"name":"Martin Luther King Jr Boulevard","osmId":426490588,"goBoston":"future","project":null}},{"type":"Feature","geometry":{"type":"LineString","coordinates":[[-71.0884,42.32003],[-71.08866,42.32015],[-71.08873,42.32018],[-71.08952,42.32054],[-71.09032,42.3209],[-71.09041,42.32094],[-71.09119,42.32129]]},"properties":{"lts":3,"name":"Martin Luther King Jr Boulevard","osmId":426490594,"goBoston":"future","project":null}},{"type":"Feature","geometry":{"type":"LineString","coordinates":[[-71.09119,42.32129],[-71.09135,42.32136]]},"properties":{"lts":3,"name":"Martin Luther King Jr Boulevard","osmId":426828628,"goBoston":"future","project":null}},{"type":"Feature","geometry":{"type":"LineString","coordinates":[[-71.09135,42.32136],[-71.09164,42.3215],[-71.09178,42.32157],[-71.09184,42.32162]]},"properties":{"lts":3,"name":"Martin Luther King Jr Boulevard","osmId":426490591,"goBoston":"future","project":null}},{"type":"Feature","geometry":{"type":"LineString","coordinates":[[-71.09184,42.32162],[-71.09194,42.32169]]},"properties":{"lts":3,"name":"Martin Luther King Jr Boulevard","osmId":1342417939,"goBoston":"future","project":null}},{"type":"Feature","geometry":{"type":"LineString","coordinates":[[-71.09209,42.32158],[-71.09202,42.32153],[-71.09198,42.32151]]},"properties":{"lts":3,"name":"Martin Luther King Jr Boulevard","osmId":1342417941,"goBoston":"future","project":null}},{"type":"Feature","geometry":{"type":"LineString","coordinates":[[-71.09198,42.32151],[-71.09172,42.32139],[-71.0913,42.3212],[-71.09082,42.32099],[-71.09053,42.32086],[-71.09024,42.32072],[-71.09001,42.32061],[-71.08942,42.32036],[-71.0893,42.32031]]},"properties":{"lts":3,"name":"Martin Luther King Jr Boulevard","osmId":426490585,"goBoston":"future","project":null}},{"type":"Feature","geometry":{"type":"LineString","coordinates":[[-71.0893,42.32031],[-71.0891,42.32021]]},"properties":{"lts":3,"name":"Martin Luther King Jr Boulevard","osmId":426490589,"goBoston":"future","project":null}},{"type":"Feature","geometry":{"type":"LineString","coordinates":[[-71.0891,42.32021],[-71.08896,42.32015],[-71.08892,42.32013]]},"properties":{"lts":3,"name":"Martin Luther King Jr Boulevard","osmId":1163872359,"goBoston":"future","project":null}},{"type":"Feature","geometry":{"type":"LineString","coordinates":[[-71.08892,42.32013],[-71.0888,42.32007],[-71.08876,42.32005],[-71.0886,42.31997]]},"properties":{"lts":3,"name":"Martin Luther King Jr Boulevard","osmId":426490590,"goBoston":"future","project":null}},{"type":"Feature","geometry":{"type":"LineString","coordinates":[[-71.0886,42.31997],[-71.08835,42.31987],[-71.0881,42.31977],[-71.08769,42.31959],[-71.08742,42.31948],[-71.08677,42.31925],[-71.08675,42.31925]]},"properties":{"lts":3,"name":"Martin Luther King Jr Boulevard","osmId":8638423,"goBoston":"future","project":null}},{"type":"Feature","geometry":{"type":"LineString","coordinates":[[-71.08675,42.31925],[-71.08625,42.31909],[-71.08621,42.31908],[-71.08604,42.31903]]},"properties":{"lts":3,"name":"Martin Luther King Jr Boulevard","osmId":426490586,"goBoston":"future","project":null}},{"type":"Feature","geometry":{"type":"LineString","coordinates":[[-71.08604,42.31903],[-71.08587,42.31898],[-71.08515,42.31879],[-71.0844,42.31857],[-71.08326,42.31824],[-71.08313,42.3182],[-71.08282,42.31812]]},"properties":{"lts":3,"name":"Martin Luther King Jr Boulevard","osmId":426490593,"goBoston":"future","project":null}},{"type":"Feature","geometry":{"type":"LineString","coordinates":[[-71.08282,42.31812],[-71.0823,42.31797],[-71.08213,42.31793]]},"properties":{"lts":3,"name":"Martin Luther King Jr Boulevard","osmId":426490099,"goBoston":"future","project":null}},{"type":"Feature","geometry":{"type":"LineString","coordinates":[[-71.08213,42.31793],[-71.08203,42.3179]]},"properties":{"lts":3,"name":"Martin Luther King Jr Boulevard","osmId":426490098,"goBoston":"future","project":null}},{"type":"Feature","geometry":{"type":"LineString","coordinates":[[-71.08509,42.3034],[-71.08506,42.3035],[-71.08503,42.30359],[-71.08502,42.30362],[-71.08499,42.30373],[-71.08482,42.30428]]},"properties":{"lts":3,"name":"Blue Hill Avenue","osmId":93124326,"goBoston":"future","project":null}},{"type":"Feature","geometry":{"type":"LineString","coordinates":[[-71.08482,42.30428],[-71.08475,42.30449]]},"properties":{"lts":3,"name":"Blue Hill Avenue","osmId":1088844243,"goBoston":"future","project":null}},{"type":"Feature","geometry":{"type":"LineString","coordinates":[[-71.08475,42.30449],[-71.08471,42.30464],[-71.08468,42.30476],[-71.08466,42.30487],[-71.08464,42.30498],[-71.08462,42.3051],[-71.08462,42.30513],[-71.0846,42.30525]]},"properties":{"lts":3,"name":"Blue Hill Avenue","osmId":426454665,"goBoston":"future","project":null}},{"type":"Feature","geometry":{"type":"LineString","coordinates":[[-71.0846,42.30525],[-71.08458,42.30533],[-71.08454,42.3056]]},"properties":{"lts":3,"name":"Blue Hill Avenue","osmId":426454663,"goBoston":"future","project":null}},{"type":"Feature","geometry":{"type":"LineString","coordinates":[[-71.08454,42.3056],[-71.08447,42.30606]]},"properties":{"lts":3,"name":"Blue Hill Avenue","osmId":426454639,"goBoston":"future","project":null}},{"type":"Feature","geometry":{"type":"LineString","coordinates":[[-71.08447,42.30606],[-71.08443,42.30621],[-71.08436,42.30644],[-71.08425,42.30674],[-71.08415,42.30694],[-71.08406,42.30712],[-71.08396,42.30726],[-71.08389,42.30735],[-71.08383,42.30743],[-71.08375,42.30754],[-71.08372,42.30757],[-71.08329,42.30815],[-71.08327,42.30817],[-71.08322,42.30824]]},"properties":{"lts":3,"name":"Blue Hill Avenue","osmId":301814877,"goBoston":"future","project":null}},{"type":"Feature","geometry":{"type":"LineString","coordinates":[[-71.08322,42.30824],[-71.08315,42.30833]]},"properties":{"lts":3,"name":"Blue Hill Avenue","osmId":1088844242,"goBoston":"future","project":null}},{"type":"Feature","geometry":{"type":"LineString","coordinates":[[-71.08315,42.30833],[-71.08308,42.30845],[-71.08303,42.30852],[-71.08296,42.30869]]},"properties":{"lts":3,"name":"Blue Hill Avenue","osmId":844754800,"goBoston":"future","project":null}},{"type":"Feature","geometry":{"type":"LineString","coordinates":[[-71.08296,42.30869],[-71.08294,42.30875],[-71.08287,42.30889]]},"properties":{"lts":3,"name":"Blue Hill Avenue","osmId":1377947968,"goBoston":"future","project":null}},{"type":"Feature","geometry":{"type":"LineString","coordinates":[[-71.08287,42.30889],[-71.08278,42.30907],[-71.08274,42.30916],[-71.08273,42.30919],[-71.08267,42.3093],[-71.08267,42.30931]]},"properties":{"lts":3,"name":"Blue Hill Avenue","osmId":1201227015,"goBoston":"future","project":null}},{"type":"Feature","geometry":{"type":"LineString","coordinates":[[-71.08267,42.30931],[-71.08264,42.30936],[-71.08263,42.30938]]},"properties":{"lts":3,"name":"Blue Hill Avenue","osmId":570199952,"goBoston":"future","project":null}},{"type":"Feature","geometry":{"type":"LineString","coordinates":[[-71.08263,42.30938],[-71.08251,42.30966]]},"properties":{"lts":3,"name":"Blue Hill Avenue","osmId":8651916,"goBoston":"future","project":null}},{"type":"Feature","geometry":{"type":"LineString","coordinates":[[-71.08251,42.30966],[-71.08267,42.30954]]},"properties":{"lts":3,"name":"Blue Hill Avenue","osmId":8648857,"goBoston":"future","project":null}},{"type":"Feature","geometry":{"type":"LineString","coordinates":[[-71.08267,42.30954],[-71.08274,42.30943],[-71.0828,42.30934]]},"properties":{"lts":3,"name":"Blue Hill Avenue","osmId":570199883,"goBoston":"future","project":null}},{"type":"Feature","geometry":{"type":"LineString","coordinates":[[-71.0828,42.30934],[-71.08285,42.30924],[-71.08297,42.309],[-71.08302,42.30889],[-71.08307,42.3088],[-71.08308,42.30877]]},"properties":{"lts":3,"name":"Blue Hill Avenue","osmId":8649124,"goBoston":"future","project":null}},{"type":"Feature","geometry":{"type":"LineString","coordinates":[[-71.08308,42.30877],[-71.08309,42.30874],[-71.08322,42.30854],[-71.08323,42.30851],[-71.08327,42.30847],[-71.08331,42.30841]]},"properties":{"lts":3,"name":"Blue Hill Avenue","osmId":1323033983,"goBoston":"future","project":null}},{"type":"Feature","geometry":{"type":"LineString","coordinates":[[-71.08331,42.30841],[-71.08337,42.30831]]},"properties":{"lts":3,"name":"Blue Hill Avenue","osmId":1323033984,"goBoston":"future","project":null}},{"type":"Feature","geometry":{"type":"LineString","coordinates":[[-71.08337,42.30831],[-71.08343,42.30824],[-71.08369,42.30789],[-71.08389,42.3076],[-71.08394,42.30754],[-71.08396,42.30751],[-71.08403,42.30742],[-71.08419,42.30719],[-71.08424,42.3071]]},"properties":{"lts":3,"name":"Blue Hill Avenue","osmId":426454669,"goBoston":"future","project":null}},{"type":"Feature","geometry":{"type":"LineString","coordinates":[[-71.08424,42.3071],[-71.0843,42.30702],[-71.08432,42.30696],[-71.0844,42.3068]]},"properties":{"lts":3,"name":"Blue Hill Avenue","osmId":426454650,"goBoston":"future","project":null}},{"type":"Feature","geometry":{"type":"LineString","coordinates":[[-71.0844,42.3068],[-71.08447,42.30661],[-71.08452,42.30647]]},"properties":{"lts":3,"name":"Blue Hill Avenue","osmId":426454647,"goBoston":"future","project":null}},{"type":"Feature","geometry":{"type":"LineString","coordinates":[[-71.08452,42.30647],[-71.08455,42.30638],[-71.08462,42.30612]]},"properties":{"lts":3,"name":"Blue Hill Avenue","osmId":426454632,"goBoston":"future","project":null}},{"type":"Feature","geometry":{"type":"LineString","coordinates":[[-71.08462,42.30612],[-71.08465,42.30593],[-71.08471,42.30559]]},"properties":{"lts":3,"name":"Blue Hill Avenue","osmId":301820171,"goBoston":"future","project":null}},{"type":"Feature","geometry":{"type":"LineString","coordinates":[[-71.08471,42.30559],[-71.08474,42.3054],[-71.08474,42.30537],[-71.08475,42.30532]]},"properties":{"lts":3,"name":"Blue Hill Avenue","osmId":426454626,"goBoston":"future","project":null}},{"type":"Feature","geometry":{"type":"LineString","coordinates":[[-71.08475,42.30532],[-71.08475,42.30529],[-71.08475,42.30526],[-71.08477,42.30516],[-71.08478,42.3051],[-71.08483,42.30485],[-71.08485,42.30474],[-71.08489,42.3046]]},"properties":{"lts":3,"name":"Blue Hill Avenue","osmId":8646757,"goBoston":"future","project":null}},{"type":"Feature","geometry":{"type":"LineString","coordinates":[[-71.08489,42.3046],[-71.08509,42.304]]},"properties":{"lts":3,"name":"Blue Hill Avenue","osmId":8639091,"goBoston":"future","project":null}},{"type":"Feature","geometry":{"type":"LineString","coordinates":[[-71.08509,42.304],[-71.08521,42.30361],[-71.08522,42.30357],[-71.08527,42.30344]]},"properties":{"lts":3,"name":"Blue Hill Avenue","osmId":426454659,"goBoston":"future","project":null}},{"type":"Feature","geometry":{"type":"LineString","coordinates":[[-71.10484,42.33408],[-71.10462,42.33402],[-71.10455,42.33401]]},"properties":{"lts":3,"name":"Tremont Street","osmId":1020427638,"goBoston":"future","project":null}},{"type":"Feature","geometry":{"type":"LineString","coordinates":[[-71.10455,42.33401],[-71.10447,42.33399],[-71.1043,42.33395],[-71.10423,42.33396]]},"properties":{"lts":3,"name":"Tremont Street","osmId":1020427639,"goBoston":"future","project":null}},{"type":"Feature","geometry":{"type":"LineString","coordinates":[[-71.10423,42.33396],[-71.10428,42.334],[-71.10444,42.33407],[-71.10451,42.33409],[-71.10465,42.33414]]},"properties":{"lts":3,"name":"Tremont Street","osmId":920583539,"goBoston":"future","project":null}},{"type":"Feature","geometry":{"type":"LineString","coordinates":[[-71.10333,42.33368],[-71.10371,42.3338],[-71.10423,42.33396]]},"properties":{"lts":3,"name":"Tremont Street","osmId":1225477466,"goBoston":"future","project":null}},{"type":"Feature","geometry":{"type":"LineString","coordinates":[[-71.10267,42.33346],[-71.10274,42.33348],[-71.10333,42.33368]]},"properties":{"lts":3,"name":"Tremont Street","osmId":1225477467,"goBoston":"future","project":null}},{"type":"Feature","geometry":{"type":"LineString","coordinates":[[-71.10197,42.33321],[-71.10231,42.33333],[-71.10262,42.33344],[-71.10267,42.33346]]},"properties":{"lts":3,"name":"Tremont Street","osmId":1225477468,"goBoston":"future","project":null}},{"type":"Feature","geometry":{"type":"LineString","coordinates":[[-71.10169,42.3331],[-71.10197,42.33321]]},"properties":{"lts":3,"name":"Tremont Street","osmId":1225477469,"goBoston":"future","project":null}},{"type":"Feature","geometry":{"type":"LineString","coordinates":[[-71.10132,42.33298],[-71.10145,42.33302],[-71.10169,42.3331]]},"properties":{"lts":3,"name":"Tremont Street","osmId":1225477470,"goBoston":"future","project":null}},{"type":"Feature","geometry":{"type":"LineString","coordinates":[[-71.1009,42.33281],[-71.10114,42.3329],[-71.10121,42.33293],[-71.10132,42.33298]]},"properties":{"lts":3,"name":"Tremont Street","osmId":1225477479,"goBoston":"future","project":null}},{"type":"Feature","geometry":{"type":"LineString","coordinates":[[-71.10058,42.33269],[-71.1009,42.33281]]},"properties":{"lts":2,"name":"Tremont Street","osmId":1378445182,"goBoston":"future","project":null}},{"type":"Feature","geometry":{"type":"LineString","coordinates":[[-71.10004,42.33249],[-71.10013,42.33251],[-71.10058,42.33269]]},"properties":{"lts":2,"name":"Tremont Street","osmId":1225477478,"goBoston":"future","project":null}},{"type":"Feature","geometry":{"type":"LineString","coordinates":[[-71.09932,42.33228],[-71.09938,42.3323],[-71.09959,42.33236],[-71.09974,42.3324],[-71.09996,42.33246],[-71.09998,42.33247],[-71.10004,42.33249]]},"properties":{"lts":2,"name":"Tremont Street","osmId":1225477477,"goBoston":"future","project":null}},{"type":"Feature","geometry":{"type":"LineString","coordinates":[[-71.09911,42.33222],[-71.09932,42.33228]]},"properties":{"lts":2,"name":"Tremont Street","osmId":1225477476,"goBoston":"future","project":null}},{"type":"Feature","geometry":{"type":"LineString","coordinates":[[-71.09887,42.33216],[-71.09911,42.33222]]},"properties":{"lts":2,"name":"Tremont Street","osmId":1225477475,"goBoston":"future","project":null}},{"type":"Feature","geometry":{"type":"LineString","coordinates":[[-71.09789,42.33192],[-71.09887,42.33216]]},"properties":{"lts":2,"name":"Tremont Street","osmId":1225477474,"goBoston":"future","project":null}},{"type":"Feature","geometry":{"type":"LineString","coordinates":[[-71.09773,42.33188],[-71.09789,42.33192]]},"properties":{"lts":2,"name":"Tremont Street","osmId":1225477473,"goBoston":"future","project":null}},{"type":"Feature","geometry":{"type":"LineString","coordinates":[[-71.09715,42.33179],[-71.09723,42.3318],[-71.09726,42.3318],[-71.09742,42.33183],[-71.09756,42.33185],[-71.09773,42.33188]]},"properties":{"lts":2,"name":"Tremont Street","osmId":1225477472,"goBoston":"future","project":null}},{"type":"Feature","geometry":{"type":"LineString","coordinates":[[-71.09614,42.33165],[-71.09622,42.33166],[-71.09715,42.33179]]},"properties":{"lts":2,"name":"Tremont Street","osmId":1225477471,"goBoston":"future","project":null}},{"type":"Feature","geometry":{"type":"LineString","coordinates":[[-71.0952,42.33152],[-71.09551,42.33156],[-71.09607,42.33164],[-71.09614,42.33165]]},"properties":{"lts":3,"name":"Tremont Street","osmId":8647792,"goBoston":"future","project":null}},{"type":"Feature","geometry":{"type":"LineString","coordinates":[[-71.09472,42.33146],[-71.09477,42.33146],[-71.0952,42.33152]]},"properties":{"lts":3,"name":"Tremont Street","osmId":661905440,"goBoston":"future","project":null}},{"type":"Feature","geometry":{"type":"LineString","coordinates":[[-71.056,42.374],[-71.05594,42.37405],[-71.05574,42.37417],[-71.05532,42.37444],[-71.05523,42.3745]]},"properties":{"lts":4,"name":"First Avenue","osmId":8646752,"goBoston":"future","project":null}},{"type":"Feature","geometry":{"type":"LineString","coordinates":[[-71.05517,42.37444],[-71.05523,42.3745]]},"properties":{"lts":2,"name":"Fifth Street","osmId":980643131,"goBoston":"future","project":null}},{"type":"Feature","geometry":{"type":"LineString","coordinates":[[-71.05517,42.37444],[-71.05494,42.37459],[-71.05459,42.3748],[-71.05422,42.37504],[-71.05387,42.37526],[-71.05354,42.37547],[-71.05341,42.37556],[-71.05311,42.37574],[-71.05286,42.3759],[-71.05251,42.37612],[-71.05246,42.37615],[-71.0524,42.37618],[-71.05209,42.37637],[-71.05182,42.37655],[-71.05174,42.37659],[-71.05108,42.37701],[-71.05103,42.37704]]},"properties":{"lts":2,"name":"First Avenue","osmId":8651989,"goBoston":"future","project":null}},{"type":"Feature","geometry":{"type":"LineString","coordinates":[[-71.05103,42.37704],[-71.05096,42.37708],[-71.05069,42.37725],[-71.04966,42.37789],[-71.04959,42.37793]]},"properties":{"lts":2,"name":"First Avenue","osmId":8645734,"goBoston":"future","project":null}},{"type":"Feature","geometry":{"type":"LineString","coordinates":[[-71.05103,42.37704],[-71.05109,42.3771],[-71.05142,42.3774],[-71.05143,42.37741],[-71.0515,42.37747],[-71.05172,42.37768],[-71.05188,42.37782],[-71.05204,42.37796],[-71.05217,42.37822],[-71.0522,42.3783],[-71.05237,42.37862],[-71.05239,42.37867],[-71.05253,42.37875],[-71.05259,42.37878]]},"properties":{"lts":2,"name":"Thirteenth Street","osmId":8651866,"goBoston":"future","project":null}},{"type":"Feature","geometry":{"type":"LineString","coordinates":[[-71.05294,42.37843],[-71.05264,42.37873],[-71.05259,42.37878]]},"properties":{"lts":3,"name":"Chelsea Street","osmId":980643132,"goBoston":"future","project":null}},{"type":"Feature","geometry":{"type":"LineString","coordinates":[[-71.05305,42.37848],[-71.05294,42.37843]]},"properties":{"lts":3,"name":"Medford Street","osmId":980643133,"goBoston":"future","project":null}},{"type":"Feature","geometry":{"type":"LineString","coordinates":[[-71.05305,42.37848],[-71.05298,42.37856]]},"properties":{"lts":1,"name":null,"osmId":1086815234,"goBoston":"future","project":null}},{"type":"Feature","geometry":{"type":"LineString","coordinates":[[-71.06139,42.3807],[-71.06043,42.3803],[-71.06037,42.38027],[-71.06032,42.38025],[-71.05961,42.37995],[-71.05902,42.3797]]},"properties":{"lts":3,"name":"Medford Street","osmId":980643136,"goBoston":"future","project":null}},{"type":"Feature","geometry":{"type":"LineString","coordinates":[[-71.07108,42.38362],[-71.07094,42.38363],[-71.07031,42.38369],[-71.06997,42.38372],[-71.06994,42.38373],[-71.06931,42.38378],[-71.06916,42.38378],[-71.06911,42.38378],[-71.06901,42.38378],[-71.06884,42.38377],[-71.06869,42.38375],[-71.06855,42.38371],[-71.0684,42.38365],[-71.06827,42.3836],[-71.06764,42.38333],[-71.06759,42.38331],[-71.06749,42.38327],[-71.06625,42.38274],[-71.06596,42.38262],[-71.06543,42.3824],[-71.06473,42.3821],[-71.06452,42.38202],[-71.06419,42.38188],[-71.06375,42.38169],[-71.06327,42.38149],[-71.06285,42.38131],[-71.06236,42.3811],[-71.06217,42.38102],[-71.06183,42.38088],[-71.0617,42.38083],[-71.06159,42.38079],[-71.0615,42.38075],[-71.06139,42.3807]]},"properties":{"lts":3,"name":"Medford Street","osmId":82576273,"goBoston":"future","project":null}},{"type":"Feature","geometry":{"type":"LineString","coordinates":[[-71.07108,42.38362],[-71.07128,42.38361],[-71.0714,42.3836],[-71.07152,42.38358],[-71.07162,42.38355],[-71.07167,42.38353],[-71.0717,42.38352],[-71.07176,42.38347]]},"properties":{"lts":3,"name":"Medford Street","osmId":8645108,"goBoston":"future","project":null}},{"type":"Feature","geometry":{"type":"LineString","coordinates":[[-71.07155,42.38347],[-71.0715,42.38349],[-71.07141,42.38353],[-71.07133,42.38356],[-71.07108,42.38362]]},"properties":{"lts":3,"name":"Medford Street","osmId":82576274,"goBoston":"future","project":null}},{"type":"Feature","geometry":{"type":"LineString","coordinates":[[-71.07161,42.38342],[-71.07156,42.38346],[-71.07155,42.38347]]},"properties":{"lts":3,"name":"Medford Street","osmId":1092770565,"goBoston":"future","project":null}},{"type":"Feature","geometry":{"type":"LineString","coordinates":[[-71.06495,42.37251],[-71.06505,42.37256],[-71.06511,42.37259],[-71.06516,42.37262],[-71.06522,42.37265],[-71.06528,42.37268],[-71.06535,42.37271],[-71.06547,42.37276],[-71.0656,42.37282],[-71.06573,42.37288],[-71.06585,42.37293],[-71.06666,42.37328],[-71.06672,42.37331],[-71.06678,42.37334],[-71.06685,42.37337],[-71.06691,42.3734],[-71.06697,42.37344],[-71.06702,42.37347],[-71.06708,42.37351],[-71.06713,42.37355],[-71.06718,42.37359],[-71.06723,42.37363],[-71.06728,42.37367],[-71.06732,42.37372],[-71.06737,42.37377],[-71.06741,42.37381],[-71.06744,42.37386],[-71.06748,42.37391],[-71.06751,42.37396],[-71.06753,42.374],[-71.06756,42.37405]]},"properties":{"lts":0,"name":"New Rutherford Avenue","osmId":8636347,"goBoston":"future","project":null}},{"type":"Feature","geometry":{"type":"LineString","coordinates":[[-71.06771,42.374],[-71.06768,42.37394],[-71.06765,42.37389],[-71.06761,42.37384],[-71.06758,42.37379],[-71.06754,42.37374],[-71.0675,42.37369],[-71.06746,42.37365],[-71.06741,42.37361],[-71.06737,42.37357],[-71.06732,42.37353],[-71.06728,42.37349],[-71.06722,42.37345],[-71.06717,42.37341],[-71.06711,42.37337],[-71.06706,42.37334],[-71.067,42.3733],[-71.06694,42.37327],[-71.06687,42.37324],[-71.06681,42.37321],[-71.06671,42.37317],[-71.06619,42.37294],[-71.06606,42.37288],[-71.06593,42.37281],[-71.06578,42.37272]]},"properties":{"lts":0,"name":"New Rutherford Avenue","osmId":8640469,"goBoston":"future","project":null}},{"type":"Feature","geometry":{"type":"LineString","coordinates":[[-71.06958,42.37703],[-71.06946,42.37685],[-71.06935,42.37667],[-71.06924,42.3765],[-71.06913,42.37634],[-71.06902,42.37618],[-71.0689,42.37599],[-71.06879,42.37579],[-71.06872,42.37568],[-71.06866,42.37559],[-71.06796,42.37442]]},"properties":{"lts":0,"name":"New Rutherford Avenue","osmId":8652545,"goBoston":"future","project":null}},{"type":"Feature","geometry":{"type":"LineString","coordinates":[[-71.06796,42.37442],[-71.06771,42.374]]},"properties":{"lts":0,"name":"New Rutherford Avenue","osmId":94667849,"goBoston":"future","project":null}},{"type":"Feature","geometry":{"type":"LineString","coordinates":[[-71.06781,42.37447],[-71.06791,42.37463],[-71.06882,42.37615],[-71.06888,42.37625],[-71.06894,42.37636],[-71.06904,42.37655],[-71.06924,42.37695],[-71.06936,42.37717]]},"properties":{"lts":0,"name":"New Rutherford Avenue","osmId":94668216,"goBoston":"future","project":null}},{"type":"Feature","geometry":{"type":"LineString","coordinates":[[-71.06756,42.37405],[-71.06769,42.37426],[-71.06781,42.37447]]},"properties":{"lts":0,"name":"New Rutherford Avenue","osmId":94668217,"goBoston":"future","project":null}},{"type":"Feature","geometry":{"type":"LineString","coordinates":[]},"properties":{"lts":0,"name":"New Rutherford Avenue","osmId":354182231,"goBoston":"future","project":null}},{"type":"Feature","geometry":{"type":"LineString","coordinates":[[-71.06263,42.37106],[-71.06256,42.37104],[-71.06251,42.37103]]},"properties":{"lts":0,"name":"New Rutherford Avenue","osmId":383009886,"goBoston":"future","project":null}},{"type":"Feature","geometry":{"type":"LineString","coordinates":[[-71.06394,42.372],[-71.06456,42.37232],[-71.06477,42.37243],[-71.06478,42.37243],[-71.06484,42.37246]]},"properties":{"lts":4,"name":"New Rutherford Avenue","osmId":426642740,"goBoston":"future","project":null}},{"type":"Feature","geometry":{"type":"LineString","coordinates":[[-71.06316,42.37142],[-71.06311,42.3714],[-71.06283,42.37129],[-71.06275,42.37126]]},"properties":{"lts":4,"name":"New Rutherford Avenue","osmId":426642742,"goBoston":"future","project":null}},{"type":"Feature","geometry":{"type":"LineString","coordinates":[[-71.06341,42.37175],[-71.0636,42.37183],[-71.06374,42.37189],[-71.06394,42.372]]},"properties":{"lts":4,"name":"New Rutherford Avenue","osmId":426642743,"goBoston":"future","project":null}},{"type":"Feature","geometry":{"type":"LineString","coordinates":[[-71.0619,42.3711],[-71.06203,42.37116]]},"properties":{"lts":4,"name":"New Rutherford Avenue","osmId":426642745,"goBoston":"future","project":null}},{"type":"Feature","geometry":{"type":"LineString","coordinates":[[-71.06484,42.37246],[-71.06495,42.37251]]},"properties":{"lts":4,"name":"New Rutherford Avenue","osmId":591493142,"goBoston":"future","project":null}},{"type":"Feature","geometry":{"type":"LineString","coordinates":[[-71.06445,42.37204],[-71.06402,42.37182],[-71.06397,42.3718],[-71.06381,42.37171],[-71.06367,42.37165],[-71.06341,42.37153]]},"properties":{"lts":4,"name":"New Rutherford Avenue","osmId":591493145,"goBoston":"future","project":null}},{"type":"Feature","geometry":{"type":"LineString","coordinates":[]},"properties":{"lts":0,"name":"New Rutherford Avenue","osmId":845561527,"goBoston":"future","project":null}},{"type":"Feature","geometry":{"type":"LineString","coordinates":[[-71.06203,42.37116],[-71.06212,42.3712],[-71.06229,42.37127],[-71.0627,42.37144],[-71.06285,42.37151],[-71.06297,42.37155],[-71.06309,42.3716],[-71.06321,42.37166],[-71.06332,42.3717],[-71.06341,42.37175]]},"properties":{"lts":4,"name":"New Rutherford Avenue","osmId":923362892,"goBoston":"future","project":null}},{"type":"Feature","geometry":{"type":"LineString","coordinates":[[-71.06508,42.37237],[-71.06497,42.37232]]},"properties":{"lts":4,"name":"New Rutherford Avenue","osmId":923387697,"goBoston":"future","project":null}},{"type":"Feature","geometry":{"type":"LineString","coordinates":[[-71.06497,42.37232],[-71.06492,42.37229],[-71.06445,42.37204]]},"properties":{"lts":4,"name":"New Rutherford Avenue","osmId":923387699,"goBoston":"future","project":null}},{"type":"Feature","geometry":{"type":"LineString","coordinates":[[-71.06275,42.37126],[-71.06238,42.37111],[-71.06222,42.37105]]},"properties":{"lts":4,"name":"New Rutherford Avenue","osmId":924734235,"goBoston":"future","project":null}},{"type":"Feature","geometry":{"type":"LineString","coordinates":[[-71.06245,42.37102],[-71.06237,42.37099],[-71.06229,42.37096]]},"properties":{"lts":0,"name":"New Rutherford Avenue","osmId":1047484118,"goBoston":"future","project":null}},{"type":"Feature","geometry":{"type":"LineString","coordinates":[[-71.06251,42.37103],[-71.06245,42.37102]]},"properties":{"lts":1,"name":"New Rutherford Avenue","osmId":1047484119,"goBoston":"future","project":null}},{"type":"Feature","geometry":{"type":"LineString","coordinates":[[-71.06578,42.37272],[-71.06556,42.37261],[-71.06539,42.37253],[-71.06536,42.37251],[-71.06521,42.37244],[-71.06518,42.37243],[-71.06508,42.37237]]},"properties":{"lts":4,"name":"New Rutherford Avenue","osmId":1096844246,"goBoston":"future","project":null}},{"type":"Feature","geometry":{"type":"LineString","coordinates":[[-71.06272,42.37119],[-71.0626,42.37114],[-71.06248,42.3711]]},"properties":{"lts":1,"name":"New Rutherford Avenue","osmId":1291968611,"goBoston":"future","project":null}},{"type":"Feature","geometry":{"type":"LineString","coordinates":[[-71.06206,42.37126],[-71.0621,42.37128],[-71.06216,42.3713],[-71.06249,42.37142],[-71.0627,42.37144]]},"properties":{"lts":1,"name":"New Rutherford Avenue","osmId":1314062050,"goBoston":"future","project":null}},{"type":"Feature","geometry":{"type":"LineString","coordinates":[[-71.062,42.37129],[-71.06189,42.37125],[-71.06176,42.3712]]},"properties":{"lts":0,"name":"New Rutherford Avenue","osmId":1314062052,"goBoston":"future","project":null}},{"type":"Feature","geometry":{"type":"LineString","coordinates":[[-71.06222,42.37105],[-71.06215,42.37102],[-71.06209,42.37099],[-71.06207,42.37099]]},"properties":{"lts":4,"name":"New Rutherford Avenue","osmId":1314062053,"goBoston":"future","project":null}},{"type":"Feature","geometry":{"type":"LineString","coordinates":[[-71.06179,42.37118],[-71.06194,42.37122],[-71.06206,42.37126]]},"properties":{"lts":1,"name":"New Rutherford Avenue","osmId":1332936549,"goBoston":"future","project":null}},{"type":"Feature","geometry":{"type":"LineString","coordinates":[]},"properties":{"lts":0,"name":"New Rutherford Avenue","osmId":1337068344,"goBoston":"future","project":null}},{"type":"Feature","geometry":{"type":"LineString","coordinates":[[-71.06341,42.37153],[-71.06316,42.37142]]},"properties":{"lts":4,"name":"New Rutherford Avenue","osmId":1359541904,"goBoston":"future","project":null}},{"type":"Feature","geometry":{"type":"LineString","coordinates":[[-71.06239,42.37106],[-71.06234,42.37104],[-71.06229,42.37103],[-71.06223,42.371],[-71.0622,42.37099],[-71.06217,42.37097],[-71.06211,42.37095]]},"properties":{"lts":1,"name":"New Rutherford Avenue","osmId":1395100939,"goBoston":"future","project":null}},{"type":"Feature","geometry":{"type":"LineString","coordinates":[[-71.06283,42.37129],[-71.06272,42.37119]]},"properties":{"lts":1,"name":"New Rutherford Avenue","osmId":1395413426,"goBoston":"future","project":null}},{"type":"Feature","geometry":{"type":"LineString","coordinates":[[-71.06248,42.3711],[-71.06241,42.37107],[-71.06239,42.37106]]},"properties":{"lts":1,"name":"New Rutherford Avenue","osmId":1395413427,"goBoston":"future","project":null}},{"type":"Feature","geometry":{"type":"LineString","coordinates":[[-71.06936,42.37717],[-71.0699,42.37807]]},"properties":{"lts":4,"name":"Rutherford Avenue","osmId":8642457,"goBoston":"future","project":null}},{"type":"Feature","geometry":{"type":"LineString","coordinates":[[-71.0699,42.37807],[-71.0701,42.37848],[-71.07043,42.37907],[-71.07075,42.3796],[-71.07111,42.38021],[-71.0713,42.38054],[-71.07154,42.38094],[-71.07186,42.38149],[-71.07234,42.38227],[-71.07243,42.38243]]},"properties":{"lts":4,"name":"Rutherford Avenue","osmId":8644055,"goBoston":"future","project":null}},{"type":"Feature","geometry":{"type":"LineString","coordinates":[[-71.06374,42.37189],[-71.06385,42.37206],[-71.06403,42.37239],[-71.06405,42.37243],[-71.06406,42.37246],[-71.06411,42.37264],[-71.06413,42.37273],[-71.06418,42.37292],[-71.06419,42.37296],[-71.0642,42.373],[-71.06421,42.37304],[-71.06421,42.37309],[-71.0642,42.37319],[-71.0642,42.37321],[-71.06419,42.37326],[-71.06417,42.37331],[-71.06415,42.37335]]},"properties":{"lts":2,"name":"Rutherford Avenue","osmId":8645799,"goBoston":"future","project":null}},{"type":"Feature","geometry":{"type":"LineString","coordinates":[[-71.07327,42.38312],[-71.07324,42.38306],[-71.07313,42.38288],[-71.07308,42.38279],[-71.07287,42.38243],[-71.07278,42.38227],[-71.07224,42.38137],[-71.07199,42.38095]]},"properties":{"lts":4,"name":"Rutherford Avenue","osmId":8646568,"goBoston":"future","project":null}},{"type":"Feature","geometry":{"type":"LineString","coordinates":[[-71.07008,42.37786],[-71.06958,42.37703]]},"properties":{"lts":4,"name":"Rutherford Avenue","osmId":8650339,"goBoston":"future","project":null}},{"type":"Feature","geometry":{"type":"LineString","coordinates":[[-71.06415,42.37335],[-71.06423,42.3734],[-71.06522,42.37394],[-71.06532,42.37398]]},"properties":{"lts":2,"name":"Rutherford Avenue","osmId":95049094,"goBoston":"future","project":null}},{"type":"Feature","geometry":{"type":"LineString","coordinates":[[-71.07312,42.38358],[-71.07316,42.38367],[-71.07318,42.38377],[-71.07318,42.38379],[-71.07318,42.38386],[-71.07316,42.38394]]},"properties":{"lts":4,"name":"Rutherford Avenue","osmId":426638833,"goBoston":"future","project":null}},{"type":"Feature","geometry":{"type":"LineString","coordinates":[[-71.07281,42.38307],[-71.07292,42.38326],[-71.073,42.38338],[-71.07312,42.38358]]},"properties":{"lts":4,"name":"Rutherford Avenue","osmId":1109057524,"goBoston":"future","project":null}},{"type":"Feature","geometry":{"type":"LineString","coordinates":[[-71.07263,42.38277],[-71.07281,42.38307]]},"properties":{"lts":4,"name":"Rutherford Avenue","osmId":1109057525,"goBoston":"future","project":null}},{"type":"Feature","geometry":{"type":"LineString","coordinates":[[-71.07015,42.37799],[-71.07011,42.37792],[-71.07008,42.37786]]},"properties":{"lts":4,"name":"Rutherford Avenue","osmId":1121689433,"goBoston":"future","project":null}},{"type":"Feature","geometry":{"type":"LineString","coordinates":[[-71.07106,42.37942],[-71.07046,42.37841],[-71.07032,42.37821],[-71.07015,42.37799]]},"properties":{"lts":4,"name":"Rutherford Avenue","osmId":1322115897,"goBoston":"future","project":null}},{"type":"Feature","geometry":{"type":"LineString","coordinates":[[-71.07199,42.38095],[-71.07187,42.38075]]},"properties":{"lts":4,"name":"Rutherford Avenue","osmId":1322115898,"goBoston":"future","project":null}},{"type":"Feature","geometry":{"type":"LineString","coordinates":[[-71.07381,42.38392],[-71.07376,42.38386],[-71.07371,42.38381],[-71.07367,42.38375],[-71.07344,42.38338],[-71.07342,42.38336]]},"properties":{"lts":4,"name":"Rutherford Avenue","osmId":1326488014,"goBoston":"future","project":null}},{"type":"Feature","geometry":{"type":"LineString","coordinates":[[-71.07342,42.38336],[-71.07327,42.38312]]},"properties":{"lts":4,"name":"Rutherford Avenue","osmId":1326488015,"goBoston":"future","project":null}},{"type":"Feature","geometry":{"type":"LineString","coordinates":[[-71.07187,42.38075],[-71.07122,42.37969]]},"properties":{"lts":4,"name":"Rutherford Avenue","osmId":1326512762,"goBoston":"future","project":null}},{"type":"Feature","geometry":{"type":"LineString","coordinates":[[-71.07122,42.37969],[-71.07106,42.37942]]},"properties":{"lts":4,"name":"Rutherford Avenue","osmId":1326512763,"goBoston":"future","project":null}},{"type":"Feature","geometry":{"type":"LineString","coordinates":[[-71.07243,42.38243],[-71.07263,42.38277]]},"properties":{"lts":4,"name":"Rutherford Avenue","osmId":1327454228,"goBoston":"future","project":null}},{"type":"Feature","geometry":{"type":"LineString","coordinates":[[-71.07408,42.38469],[-71.0742,42.3847]]},"properties":{"lts":4,"name":"Main Street","osmId":1086801843,"goBoston":"future","project":null}},{"type":"Feature","geometry":{"type":"LineString","coordinates":[[-71.0742,42.3847],[-71.07432,42.38474],[-71.0746,42.38487],[-71.07493,42.38502],[-71.07503,42.38506]]},"properties":{"lts":3,"name":"Main Street","osmId":778940110,"goBoston":"future","project":null}},{"type":"Feature","geometry":{"type":"LineString","coordinates":[[-71.07503,42.38506],[-71.07541,42.38525]]},"properties":{"lts":3,"name":"Main Street","osmId":533505478,"goBoston":"future","project":null}},{"type":"Feature","geometry":{"type":"LineString","coordinates":[[-71.07541,42.38525],[-71.07573,42.38539],[-71.07581,42.38543]]},"properties":{"lts":3,"name":"Main Street","osmId":844543102,"goBoston":"future","project":null}},{"type":"Feature","geometry":{"type":"LineString","coordinates":[[-71.07581,42.38543],[-71.07588,42.38546],[-71.07595,42.38549],[-71.07603,42.38552],[-71.07612,42.38558],[-71.0762,42.38564],[-71.07665,42.38601]]},"properties":{"lts":3,"name":"Main Street","osmId":779842026,"goBoston":"future","project":null}},{"type":"Feature","geometry":{"type":"LineString","coordinates":[[-71.07403,42.3847],[-71.07408,42.38469]]},"properties":{"lts":4,"name":"Main Street","osmId":8647620,"goBoston":"future","project":null}},{"type":"Feature","geometry":{"type":"LineString","coordinates":[[-71.07665,42.38601],[-71.0766,42.38612],[-71.07661,42.38614],[-71.07661,42.38618],[-71.07662,42.3862],[-71.07663,42.38622],[-71.07668,42.38627]]},"properties":{"lts":1,"name":null,"osmId":460046716,"goBoston":"future","project":null}},{"type":"Feature","geometry":{"type":"LineString","coordinates":[[-71.07668,42.38627],[-71.07724,42.38674]]},"properties":{"lts":1,"name":null,"osmId":460046715,"goBoston":"future","project":null}},{"type":"Feature","geometry":{"type":"LineString","coordinates":[[-71.07724,42.38674],[-71.07732,42.3868]]},"properties":{"lts":1,"name":null,"osmId":845589522,"goBoston":"future","project":null}},{"type":"Feature","geometry":{"type":"LineString","coordinates":[[-71.07732,42.3868],[-71.07732,42.38683],[-71.07732,42.38687],[-71.07732,42.3869],[-71.07732,42.38695],[-71.07731,42.38699],[-71.07733,42.38704],[-71.07734,42.38707],[-71.07736,42.38709]]},"properties":{"lts":1,"name":null,"osmId":436052151,"goBoston":"future","project":null}},{"type":"Feature","geometry":{"type":"LineString","coordinates":[[-71.07597,42.38511],[-71.07545,42.3848],[-71.07526,42.38468],[-71.07519,42.38463]]},"properties":{"lts":3,"name":"Maffa Way","osmId":8646720,"goBoston":"future","project":null}},{"type":"Feature","geometry":{"type":"LineString","coordinates":[[-71.07722,42.38581],[-71.07663,42.38558]]},"properties":{"lts":3,"name":"Maffa Way","osmId":8649721,"goBoston":"future","project":null}},{"type":"Feature","geometry":{"type":"LineString","coordinates":[[-71.07759,42.38587],[-71.07732,42.38582],[-71.07722,42.38581]]},"properties":{"lts":3,"name":"Maffa Way","osmId":90100362,"goBoston":"future","project":null}},{"type":"Feature","geometry":{"type":"LineString","coordinates":[[-71.07431,42.38404],[-71.07419,42.38401],[-71.07391,42.38398]]},"properties":{"lts":3,"name":"Maffa Way","osmId":426638831,"goBoston":"future","project":null}},{"type":"Feature","geometry":{"type":"LineString","coordinates":[[-71.07468,42.38423],[-71.07466,42.38422],[-71.07454,42.38415],[-71.07448,42.38411],[-71.07444,42.38409],[-71.07443,42.38409]]},"properties":{"lts":3,"name":"Maffa Way","osmId":426638832,"goBoston":"future","project":null}},{"type":"Feature","geometry":{"type":"LineString","coordinates":[[-71.07503,42.38451],[-71.0749,42.3844]]},"properties":{"lts":3,"name":"Maffa Way","osmId":519812479,"goBoston":"future","project":null}},{"type":"Feature","geometry":{"type":"LineString","coordinates":[[-71.07663,42.38558],[-71.0765,42.38553],[-71.0764,42.38548],[-71.07632,42.38543],[-71.07605,42.38518]]},"properties":{"lts":3,"name":"Maffa Way","osmId":591310064,"goBoston":"future","project":null}},{"type":"Feature","geometry":{"type":"LineString","coordinates":[[-71.07519,42.38463],[-71.07509,42.38455],[-71.07503,42.38451]]},"properties":{"lts":3,"name":"Maffa Way","osmId":779744623,"goBoston":"future","project":null}},{"type":"Feature","geometry":{"type":"LineString","coordinates":[[-71.0749,42.3844],[-71.07478,42.38431],[-71.07468,42.38423]]},"properties":{"lts":3,"name":"Maffa Way","osmId":779744627,"goBoston":"future","project":null}},{"type":"Feature","geometry":{"type":"LineString","coordinates":[[-71.07443,42.38409],[-71.07435,42.38406],[-71.07431,42.38404]]},"properties":{"lts":3,"name":"Maffa Way","osmId":966194876,"goBoston":"future","project":null}},{"type":"Feature","geometry":{"type":"LineString","coordinates":[[-71.07605,42.38518],[-71.07597,42.38511]]},"properties":{"lts":3,"name":"Maffa Way","osmId":1086801842,"goBoston":"future","project":null}},{"type":"Feature","geometry":{"type":"LineString","coordinates":[[-71.07581,42.38543],[-71.07588,42.38546],[-71.07595,42.38549],[-71.07603,42.38552],[-71.07612,42.38558],[-71.0762,42.38564],[-71.07665,42.38601]]},"properties":{"lts":3,"name":"Main Street","osmId":779842026,"goBoston":"future","project":null}},{"type":"Feature","geometry":{"type":"LineString","coordinates":[[-71.07403,42.38473],[-71.07403,42.3847],[-71.07403,42.38464]]},"properties":{"lts":1,"name":null,"osmId":966194884,"goBoston":"future","project":null}},{"type":"Feature","geometry":{"type":"LineString","coordinates":[[-71.07403,42.38464],[-71.074,42.3846],[-71.07401,42.38456],[-71.07417,42.38427],[-71.07421,42.38419],[-71.07427,42.38412]]},"properties":{"lts":1,"name":null,"osmId":966194885,"goBoston":"future","project":null}},{"type":"Feature","geometry":{"type":"LineString","coordinates":[[-71.07427,42.38412],[-71.07435,42.38406],[-71.07447,42.38396],[-71.07454,42.38394]]},"properties":{"lts":1,"name":null,"osmId":1387582363,"goBoston":"future","project":null}},{"type":"Feature","geometry":{"type":"LineString","coordinates":[[-71.07363,42.38386],[-71.07352,42.38385],[-71.07342,42.38385],[-71.07342,42.38385],[-71.07332,42.38387],[-71.07324,42.3839]]},"properties":{"lts":1,"name":"Alford Street","osmId":460665568,"goBoston":"future","project":null}},{"type":"Feature","geometry":{"type":"LineString","coordinates":[[-71.07324,42.3839],[-71.07316,42.38394]]},"properties":{"lts":1,"name":"Alford Street","osmId":460665570,"goBoston":"future","project":null}},{"type":"Feature","geometry":{"type":"LineString","coordinates":[[-71.07381,42.38392],[-71.07371,42.38388],[-71.07363,42.38386]]},"properties":{"lts":3,"name":"Alford Street","osmId":592158061,"goBoston":"future","project":null}},{"type":"Feature","geometry":{"type":"LineString","coordinates":[[-71.07391,42.38398],[-71.07388,42.38396],[-71.07381,42.38392]]},"properties":{"lts":0,"name":"Alford Street","osmId":1186115901,"goBoston":"future","project":null}},{"type":"Feature","geometry":{"type":"LineString","coordinates":[[-71.07316,42.38394],[-71.07304,42.38403],[-71.073,42.38406],[-71.07297,42.38409]]},"properties":{"lts":1,"name":"Alford Street","osmId":426638828,"goBoston":"future","project":null}},{"type":"Feature","geometry":{"type":"LineString","coordinates":[[-71.07297,42.38409],[-71.07291,42.38421],[-71.07283,42.38437]]},"properties":{"lts":2,"name":"Alford Street","osmId":426638829,"goBoston":"future","project":null}},{"type":"Feature","geometry":{"type":"LineString","coordinates":[[-71.07283,42.38437],[-71.07283,42.38442],[-71.07282,42.38448]]},"properties":{"lts":2,"name":"Alford Street","osmId":980643128,"goBoston":"future","project":null}},{"type":"Feature","geometry":{"type":"LineString","coordinates":[[-71.07282,42.38448],[-71.07281,42.38452],[-71.07281,42.38453],[-71.07281,42.38455],[-71.07276,42.38483]]},"properties":{"lts":2,"name":"Alford Street","osmId":132174849,"goBoston":"future","project":null}},{"type":"Feature","geometry":{"type":"LineString","coordinates":[[-71.07276,42.38483],[-71.07272,42.38504],[-71.07269,42.38518],[-71.07268,42.38522],[-71.07264,42.38545]]},"properties":{"lts":2,"name":"Alford Street","osmId":8640386,"goBoston":"future","project":null}},{"type":"Feature","geometry":{"type":"LineString","coordinates":[[-71.07269,42.38518],[-71.07276,42.38519],[-71.0728,42.38519],[-71.07284,42.3852],[-71.07288,42.38522],[-71.07292,42.38524],[-71.07297,42.38526],[-71.07298,42.38527]]},"properties":{"lts":1,"name":null,"osmId":1338748627,"goBoston":"future","project":null}},{"type":"Feature","geometry":{"type":"LineString","coordinates":[[-71.07298,42.38527],[-71.07301,42.38528],[-71.07306,42.3853],[-71.07309,42.3853],[-71.07312,42.38531],[-71.07317,42.38531],[-71.07322,42.38532]]},"properties":{"lts":1,"name":null,"osmId":1338748628,"goBoston":"future","project":null}},{"type":"Feature","geometry":{"type":"LineString","coordinates":[[-71.07322,42.38532],[-71.07324,42.38532],[-71.07329,42.38531],[-71.07333,42.38531],[-71.07338,42.38531]]},"properties":{"lts":1,"name":null,"osmId":1338748626,"goBoston":"future","project":null}},{"type":"Feature","geometry":{"type":"LineString","coordinates":[[-71.07338,42.38531],[-71.07345,42.3853],[-71.07349,42.38529]]},"properties":{"lts":1,"name":null,"osmId":1340146854,"goBoston":"future","project":null}},{"type":"Feature","geometry":{"type":"LineString","coordinates":[[-71.07349,42.38529],[-71.07351,42.38529],[-71.07364,42.38527],[-71.07368,42.38526],[-71.0737,42.38526]]},"properties":{"lts":1,"name":null,"osmId":1340146853,"goBoston":"future","project":null}},{"type":"Feature","geometry":{"type":"LineString","coordinates":[[-71.0737,42.38526],[-71.07373,42.3852]]},"properties":{"lts":1,"name":null,"osmId":1318451331,"goBoston":"future","project":null}},{"type":"Feature","geometry":{"type":"LineString","coordinates":[[-71.07373,42.3852],[-71.07376,42.38515],[-71.07377,42.38513]]},"properties":{"lts":1,"name":null,"osmId":1318451330,"goBoston":"future","project":null}},{"type":"Feature","geometry":{"type":"LineString","coordinates":[[-71.07377,42.38513],[-71.07392,42.38485],[-71.07393,42.38483],[-71.07394,42.38482],[-71.07395,42.38481],[-71.07395,42.3848],[-71.07402,42.38475],[-71.07403,42.38475],[-71.07403,42.38473]]},"properties":{"lts":1,"name":null,"osmId":778940109,"goBoston":"future","project":null}},{"type":"Feature","geometry":{"type":"LineString","coordinates":[[-71.07454,42.38394],[-71.07515,42.38373]]},"properties":{"lts":1,"name":null,"osmId":1387582364,"goBoston":"future","project":null}},{"type":"Feature","geometry":{"type":"LineString","coordinates":[[-71.07515,42.38373],[-71.07519,42.38372],[-71.07526,42.3837],[-71.07556,42.38363],[-71.0756,42.38361],[-71.07563,42.3836]]},"properties":{"lts":1,"name":null,"osmId":1387582365,"goBoston":"future","project":null}},{"type":"Feature","geometry":{"type":"LineString","coordinates":[[-71.07563,42.3836],[-71.07606,42.38345],[-71.07632,42.38335],[-71.07636,42.38333]]},"properties":{"lts":1,"name":null,"osmId":1387582367,"goBoston":"future","project":null}},{"type":"Feature","geometry":{"type":"LineString","coordinates":[[-71.07636,42.38333],[-71.0772,42.38298]]},"properties":{"lts":1,"name":null,"osmId":1387582368,"goBoston":"future","project":null}},{"type":"Feature","geometry":{"type":"LineString","coordinates":[[-71.0772,42.38298],[-71.07791,42.38273],[-71.0784,42.38256],[-71.07853,42.38253],[-71.07885,42.38245],[-71.07889,42.38244],[-71.07908,42.38241],[-71.07938,42.38238],[-71.07943,42.38236],[-71.07959,42.3823]]},"properties":{"lts":1,"name":null,"osmId":1387582366,"goBoston":"future","project":null}},{"type":"Feature","geometry":{"type":"LineString","coordinates":[[-71.07974,42.38229],[-71.07959,42.3823]]},"properties":{"lts":2,"name":"Cambridge Street","osmId":1196171462,"goBoston":"future","project":null}},{"type":"Feature","geometry":{"type":"LineString","coordinates":[[-71.0803,42.38223],[-71.08014,42.38225],[-71.07985,42.38228],[-71.0798,42.38228],[-71.07976,42.38228],[-71.07974,42.38229]]},"properties":{"lts":2,"name":"Cambridge Street","osmId":1196171461,"goBoston":"future","project":null}},{"type":"Feature","geometry":{"type":"LineString","coordinates":[[-71.08038,42.38223],[-71.0803,42.38223]]},"properties":{"lts":2,"name":"Cambridge Street","osmId":8651189,"goBoston":"future","project":null}},{"type":"Feature","geometry":{"type":"LineString","coordinates":[[-71.08068,42.38218],[-71.08038,42.38223]]},"properties":{"lts":2,"name":"Cambridge Street","osmId":1086801839,"goBoston":"future","project":null}},{"type":"Feature","geometry":{"type":"LineString","coordinates":[[-71.05161,42.34996],[-71.05111,42.34963],[-71.05077,42.3494],[-71.05068,42.34937]]},"properties":{"lts":2,"name":"Necco Court","osmId":8649461,"goBoston":"future","project":null}},{"type":"Feature","geometry":{"type":"LineString","coordinates":[[-71.05068,42.34937],[-71.05046,42.34966],[-71.05041,42.34971]]},"properties":{"lts":2,"name":"Necco Street","osmId":85310729,"goBoston":"future","project":null}},{"type":"Feature","geometry":{"type":"LineString","coordinates":[[-71.051,42.35012],[-71.05095,42.35008],[-71.05041,42.34971]]},"properties":{"lts":2,"name":"Melcher Street","osmId":293227068,"goBoston":"future","project":null}},{"type":"Feature","geometry":{"type":"LineString","coordinates":[[-71.05096,42.35055],[-71.05103,42.35046],[-71.05105,42.35044],[-71.05106,42.35043],[-71.05107,42.35039],[-71.05108,42.35035],[-71.05108,42.35029],[-71.05107,42.35024],[-71.05106,42.3502],[-71.05103,42.35016],[-71.051,42.35012]]},"properties":{"lts":2,"name":"Melcher Street","osmId":990899889,"goBoston":"future","project":null}},{"type":"Feature","geometry":{"type":"LineString","coordinates":[[-71.03721,42.34463],[-71.03731,42.34464],[-71.03737,42.34465],[-71.03744,42.34465],[-71.0375,42.34466],[-71.03753,42.34466],[-71.0376,42.34466],[-71.03766,42.34467],[-71.03773,42.34467],[-71.03781,42.34467],[-71.03787,42.34467],[-71.03794,42.34466],[-71.038,42.34466],[-71.03806,42.34465],[-71.03813,42.34464],[-71.0382,42.34463],[-71.0383,42.34461]]},"properties":{"lts":3,"name":"Drydock Avenue","osmId":217382370,"goBoston":"future","project":null}},{"type":"Feature","geometry":{"type":"LineString","coordinates":[[-71.03891,42.34428],[-71.03894,42.34425],[-71.03895,42.34422],[-71.03896,42.3442],[-71.03896,42.34415]]},"properties":{"lts":3,"name":"Drydock Avenue","osmId":591217314,"goBoston":"future","project":null}},{"type":"Feature","geometry":{"type":"LineString","coordinates":[[-71.03475,42.34467],[-71.03434,42.34468]]},"properties":{"lts":2,"name":"Drydock Avenue","osmId":1188195651,"goBoston":"future","project":null}},{"type":"Feature","geometry":{"type":"LineString","coordinates":[[-71.0362,42.34465],[-71.03589,42.34465],[-71.03518,42.34466]]},"properties":{"lts":2,"name":"Drydock Avenue","osmId":217387620,"goBoston":"future","project":null}},{"type":"Feature","geometry":{"type":"LineString","coordinates":[[-71.0383,42.34461],[-71.03841,42.34459],[-71.03846,42.34458],[-71.03852,42.34456],[-71.03857,42.34455],[-71.03861,42.34453],[-71.03865,42.3445],[-71.03869,42.34448],[-71.03873,42.34445],[-71.0388,42.34438],[-71.03882,42.34436],[-71.03887,42.34432],[-71.03891,42.34428]]},"properties":{"lts":3,"name":"Drydock Avenue","osmId":1388728901,"goBoston":"future","project":null}},{"type":"Feature","geometry":{"type":"LineString","coordinates":[[-71.03434,42.34468],[-71.03433,42.34468],[-71.03393,42.34469],[-71.03349,42.34469],[-71.0323,42.34471],[-71.0322,42.34471],[-71.03214,42.34471]]},"properties":{"lts":2,"name":"Drydock Avenue","osmId":591136325,"goBoston":"future","project":null}},{"type":"Feature","geometry":{"type":"LineString","coordinates":[[-71.03214,42.34471],[-71.03199,42.34471],[-71.03188,42.34472],[-71.03129,42.34473],[-71.03098,42.34473],[-71.03042,42.34474]]},"properties":{"lts":2,"name":"Drydock Avenue","osmId":1206997379,"goBoston":"future","project":null}},{"type":"Feature","geometry":{"type":"LineString","coordinates":[[-71.03896,42.34415],[-71.03892,42.34417],[-71.03889,42.34418],[-71.03886,42.3442],[-71.03883,42.34422],[-71.03879,42.34426],[-71.03875,42.3443],[-71.03874,42.34431],[-71.03865,42.34439],[-71.03862,42.34441],[-71.03858,42.34444],[-71.03855,42.34446],[-71.03851,42.34447],[-71.03847,42.34448],[-71.03843,42.3445],[-71.03825,42.34454],[-71.03819,42.34455],[-71.03813,42.34455],[-71.03807,42.34456],[-71.038,42.34456],[-71.03758,42.34457],[-71.03751,42.34458],[-71.03745,42.34458],[-71.03737,42.34459],[-71.03733,42.3446],[-71.03721,42.34463]]},"properties":{"lts":3,"name":"Drydock Avenue","osmId":217387627,"goBoston":"future","project":null}},{"type":"Feature","geometry":{"type":"LineString","coordinates":[[-71.03721,42.34463],[-71.03698,42.34463]]},"properties":{"lts":2,"name":"Drydock Avenue","osmId":591136331,"goBoston":"future","project":null}},{"type":"Feature","geometry":{"type":"LineString","coordinates":[[-71.03518,42.34466],[-71.03513,42.34467],[-71.03475,42.34467]]},"properties":{"lts":2,"name":"Drydock Avenue","osmId":1087006191,"goBoston":"future","project":null}},{"type":"Feature","geometry":{"type":"LineString","coordinates":[[-71.03698,42.34463],[-71.03672,42.34464],[-71.0362,42.34465]]},"properties":{"lts":2,"name":"Drydock Avenue","osmId":1087006192,"goBoston":"future","project":null}},{"type":"Feature","geometry":{"type":"LineString","coordinates":[[-71.03042,42.34474],[-71.03027,42.34474],[-71.03017,42.34474],[-71.02997,42.34475],[-71.02927,42.34476],[-71.02905,42.34476],[-71.02897,42.34476],[-71.0282,42.34478],[-71.02793,42.34478],[-71.02784,42.34478],[-71.0275,42.34479],[-71.02744,42.34479],[-71.02739,42.34478],[-71.02735,42.34477],[-71.02731,42.34476],[-71.02727,42.34474],[-71.02723,42.34472],[-71.02721,42.3447],[-71.02718,42.34467],[-71.02716,42.34463],[-71.02715,42.34461],[-71.02715,42.34457],[-71.02715,42.3445],[-71.02715,42.34447],[-71.02715,42.34431],[-71.02714,42.34406],[-71.02714,42.344]]},"properties":{"lts":2,"name":"Drydock Avenue","osmId":8645615,"goBoston":"future","project":null}},{"type":"Feature","geometry":{"type":"LineString","coordinates":[[-71.04841,42.35313],[-71.04835,42.35321],[-71.0483,42.35328],[-71.04828,42.35331],[-71.04811,42.35355]]},"properties":{"lts":3,"name":"Sleeper Street","osmId":292807009,"goBoston":"future","project":null}},{"type":"Feature","geometry":{"type":"LineString","coordinates":[[-71.04811,42.35355],[-71.04808,42.35359],[-71.04792,42.35379],[-71.0479,42.35381],[-71.04784,42.3539]]},"properties":{"lts":3,"name":"Sleeper Street","osmId":1120509015,"goBoston":"future","project":null}},{"type":"Feature","geometry":{"type":"LineString","coordinates":[[-71.0469,42.35346],[-71.04709,42.35355],[-71.04772,42.35384],[-71.04784,42.3539]]},"properties":{"lts":3,"name":"Northern Avenue","osmId":1089085521,"goBoston":"future","project":null}},{"type":"Feature","geometry":{"type":"LineString","coordinates":[[-71.04599,42.35304],[-71.04605,42.35306],[-71.04678,42.3534],[-71.0469,42.35346]]},"properties":{"lts":3,"name":"Northern Avenue","osmId":993825359,"goBoston":"future","project":null}},{"type":"Feature","geometry":{"type":"LineString","coordinates":[[-71.04415,42.35218],[-71.04425,42.35222],[-71.04466,42.35241],[-71.04523,42.35268],[-71.04528,42.3527],[-71.04541,42.35277],[-71.04592,42.353],[-71.04599,42.35304]]},"properties":{"lts":3,"name":"Northern Avenue","osmId":292967031,"goBoston":"future","project":null}},{"type":"Feature","geometry":{"type":"LineString","coordinates":[[-71.0434,42.35183],[-71.0435,42.35187],[-71.04352,42.35188],[-71.04405,42.35213],[-71.04415,42.35218]]},"properties":{"lts":3,"name":"Northern Avenue","osmId":633904936,"goBoston":"future","project":null}},{"type":"Feature","geometry":{"type":"LineString","coordinates":[[-71.0434,42.35183],[-71.04345,42.35176],[-71.04383,42.35121],[-71.04385,42.35118]]},"properties":{"lts":3,"name":"Pier Four Boulevard","osmId":633904939,"goBoston":"future","project":null}},{"type":"Feature","geometry":{"type":"LineString","coordinates":[[-71.04385,42.35118],[-71.0439,42.3511]]},"properties":{"lts":2,"name":"Pier Four Boulevard","osmId":947879228,"goBoston":"future","project":null}},{"type":"Feature","geometry":{"type":"LineString","coordinates":[[-71.0439,42.3511],[-71.04397,42.351]]},"properties":{"lts":2,"name":"Pier Four Boulevard","osmId":292809271,"goBoston":"future","project":null}},{"type":"Feature","geometry":{"type":"LineString","coordinates":[[-71.07525,42.34586],[-71.0753,42.34597],[-71.07545,42.34628],[-71.07564,42.34667]]},"properties":{"lts":2,"name":"Dartmouth Street","osmId":8650297,"goBoston":"future","project":null}},{"type":"Feature","geometry":{"type":"LineString","coordinates":[[-71.07564,42.34667],[-71.07577,42.34694]]},"properties":{"lts":2,"name":"Dartmouth Street","osmId":927057118,"goBoston":"future","project":null}},{"type":"Feature","geometry":{"type":"LineString","coordinates":[[-71.07577,42.34694],[-71.07582,42.34715],[-71.07587,42.34724],[-71.07591,42.34732],[-71.07619,42.34786]]},"properties":{"lts":3,"name":"Dartmouth Street","osmId":40016861,"goBoston":"future","project":null}},{"type":"Feature","geometry":{"type":"LineString","coordinates":[[-71.07619,42.34786],[-71.07637,42.34823],[-71.07642,42.34831]]},"properties":{"lts":3,"name":"Dartmouth Street","osmId":426477489,"goBoston":"future","project":null}},{"type":"Feature","geometry":{"type":"LineString","coordinates":[[-71.07642,42.34831],[-71.07647,42.34839],[-71.0766,42.34863]]},"properties":{"lts":3,"name":"Dartmouth Street","osmId":426477473,"goBoston":"future","project":null}},{"type":"Feature","geometry":{"type":"LineString","coordinates":[[-71.0766,42.34863],[-71.07662,42.34866],[-71.07669,42.34878]]},"properties":{"lts":3,"name":"Dartmouth Street","osmId":426477476,"goBoston":"future","project":null}},{"type":"Feature","geometry":{"type":"LineString","coordinates":[[-71.07669,42.34878],[-71.07689,42.34919],[-71.07693,42.34926]]},"properties":{"lts":3,"name":"Dartmouth Street","osmId":426477485,"goBoston":"future","project":null}},{"type":"Feature","geometry":{"type":"LineString","coordinates":[[-71.07693,42.34926],[-71.07699,42.34939],[-71.07729,42.34999],[-71.07734,42.35009]]},"properties":{"lts":3,"name":"Dartmouth Street","osmId":89639665,"goBoston":"future","project":null}},{"type":"Feature","geometry":{"type":"LineString","coordinates":[[-71.07734,42.35009],[-71.07738,42.35015],[-71.0774,42.35021],[-71.07755,42.3505],[-71.0777,42.35083],[-71.07774,42.3509]]},"properties":{"lts":1,"name":"Dartmouth Street","osmId":579279782,"goBoston":"future","project":null}},{"type":"Feature","geometry":{"type":"LineString","coordinates":[[-71.07774,42.3509],[-71.07778,42.35098],[-71.07793,42.35128],[-71.0781,42.35162],[-71.07812,42.35165],[-71.07814,42.35171]]},"properties":{"lts":1,"name":"Dartmouth Street","osmId":580415495,"goBoston":"future","project":null}},{"type":"Feature","geometry":{"type":"LineString","coordinates":[[-71.07814,42.35171],[-71.07816,42.35175],[-71.07817,42.35177],[-71.07822,42.35189],[-71.07827,42.35198],[-71.07828,42.352],[-71.07831,42.35206]]},"properties":{"lts":1,"name":"Dartmouth Street","osmId":825263818,"goBoston":"future","project":null}},{"type":"Feature","geometry":{"type":"LineString","coordinates":[[-71.07831,42.35206],[-71.07835,42.35214],[-71.07847,42.35238],[-71.07855,42.35247],[-71.07868,42.35275],[-71.07869,42.35278],[-71.07873,42.35286]]},"properties":{"lts":1,"name":"Dartmouth Street","osmId":8641867,"goBoston":"future","project":null}},{"type":"Feature","geometry":{"type":"LineString","coordinates":[[-71.07873,42.35286],[-71.07877,42.35294],[-71.07892,42.35325],[-71.07906,42.35352],[-71.07908,42.35356],[-71.07912,42.35364]]},"properties":{"lts":1,"name":"Dartmouth Street","osmId":802333194,"goBoston":"future","project":null}},{"type":"Feature","geometry":{"type":"LineString","coordinates":[[-71.07931,42.35418],[-71.0793,42.35415],[-71.07925,42.35404],[-71.07913,42.35378],[-71.07913,42.35374],[-71.07912,42.35371],[-71.07912,42.35368],[-71.07912,42.35364]]},"properties":{"lts":1,"name":"Dartmouth Street","osmId":801835116,"goBoston":"future","project":null}},{"type":"Feature","geometry":{"type":"LineString","coordinates":[[-71.07685,42.34821],[-71.07673,42.34821],[-71.07665,42.34821],[-71.07658,42.34819],[-71.07656,42.34818],[-71.07653,42.34817],[-71.07646,42.34813],[-71.07643,42.34808],[-71.07607,42.34738],[-71.07603,42.34729],[-71.07599,42.34722],[-71.07594,42.34712],[-71.07577,42.34694]]},"properties":{"lts":3,"name":"Dartmouth Street","osmId":87075316,"goBoston":"future","project":null}},{"type":"Feature","geometry":{"type":"LineString","coordinates":[[-71.07685,42.34821],[-71.07678,42.34825],[-71.07673,42.34828],[-71.07669,42.34832],[-71.07667,42.34834],[-71.07665,42.34836],[-71.07663,42.34841],[-71.07661,42.34846],[-71.0766,42.34851],[-71.07659,42.34856],[-71.0766,42.34863]]},"properties":{"lts":3,"name":null,"osmId":40017578,"goBoston":"future","project":null}},{"type":"Feature","geometry":{"type":"LineString","coordinates":[[-71.08922,42.34689],[-71.08913,42.34692],[-71.08909,42.34693],[-71.08866,42.34705],[-71.08808,42.3472]]},"properties":{"lts":3,"name":"Boylston Street","osmId":591284906,"goBoston":"future","project":null}},{"type":"Feature","geometry":{"type":"LineString","coordinates":[[-71.08808,42.3472],[-71.088,42.34723],[-71.08795,42.34724],[-71.08789,42.34726],[-71.08775,42.3473]]},"properties":{"lts":3,"name":"Boylston Street","osmId":1295951200,"goBoston":"future","project":null}},{"type":"Feature","geometry":{"type":"LineString","coordinates":[[-71.08775,42.3473],[-71.08752,42.34732],[-71.08733,42.34737],[-71.08729,42.34738]]},"properties":{"lts":2,"name":"Boylston Street","osmId":1343631696,"goBoston":"future","project":null}},{"type":"Feature","geometry":{"type":"LineString","coordinates":[[-71.08729,42.34738],[-71.0872,42.3474],[-71.08674,42.34753],[-71.08597,42.34774],[-71.08584,42.34777],[-71.08574,42.34781]]},"properties":{"lts":2,"name":"Boylston Street","osmId":826552820,"goBoston":"future","project":null}},{"type":"Feature","geometry":{"type":"LineString","coordinates":[[-71.08574,42.34781],[-71.08572,42.34782],[-71.08557,42.34788]]},"properties":{"lts":2,"name":"Boylston Street","osmId":1333332903,"goBoston":"future","project":null}},{"type":"Feature","geometry":{"type":"LineString","coordinates":[[-71.08557,42.34788],[-71.08546,42.34791]]},"properties":{"lts":2,"name":"Boylston Street","osmId":8645818,"goBoston":"future","project":null}},{"type":"Feature","geometry":{"type":"LineString","coordinates":[[-71.08546,42.34791],[-71.08538,42.34793],[-71.08526,42.34797]]},"properties":{"lts":2,"name":"Boylston Street","osmId":1354961429,"goBoston":"future","project":null}},{"type":"Feature","geometry":{"type":"LineString","coordinates":[[-71.08526,42.34797],[-71.08514,42.348],[-71.08469,42.34812],[-71.08389,42.34834],[-71.08384,42.34835],[-71.08375,42.34837],[-71.08344,42.34846],[-71.08252,42.3487],[-71.08249,42.34871],[-71.08237,42.34874],[-71.08224,42.34878],[-71.08179,42.3489]]},"properties":{"lts":2,"name":"Boylston Street","osmId":852187438,"goBoston":"future","project":null}},{"type":"Feature","geometry":{"type":"LineString","coordinates":[[-71.08179,42.3489],[-71.08093,42.34913],[-71.08089,42.34914],[-71.08077,42.34917]]},"properties":{"lts":2,"name":"Boylston Street","osmId":825263836,"goBoston":"future","project":null}},{"type":"Feature","geometry":{"type":"LineString","coordinates":[[-71.08077,42.34917],[-71.07996,42.34939],[-71.07966,42.34947],[-71.0796,42.34949],[-71.0795,42.34952]]},"properties":{"lts":2,"name":"Boylston Street","osmId":591236042,"goBoston":"future","project":null}},{"type":"Feature","geometry":{"type":"LineString","coordinates":[[-71.0795,42.34952],[-71.0794,42.34954],[-71.07862,42.34975]]},"properties":{"lts":2,"name":"Boylston Street","osmId":815774828,"goBoston":"future","project":null}},{"type":"Feature","geometry":{"type":"LineString","coordinates":[[-71.07862,42.34975],[-71.07766,42.35001],[-71.07747,42.35006],[-71.07734,42.35009]]},"properties":{"lts":2,"name":"Boylston Street","osmId":852187439,"goBoston":"future","project":null}},{"type":"Feature","geometry":{"type":"LineString","coordinates":[[-71.07734,42.35009],[-71.0773,42.3501],[-71.07714,42.35015],[-71.07619,42.3504],[-71.07533,42.35064],[-71.07529,42.35065],[-71.0752,42.35067]]},"properties":{"lts":2,"name":"Boylston Street","osmId":814346830,"goBoston":"future","project":null}},{"type":"Feature","geometry":{"type":"LineString","coordinates":[[-71.0752,42.35067],[-71.07512,42.35069],[-71.07428,42.35092],[-71.07373,42.35106],[-71.0732,42.35121],[-71.07316,42.35122],[-71.07306,42.35125]]},"properties":{"lts":2,"name":"Boylston Street","osmId":814346831,"goBoston":"future","project":null}},{"type":"Feature","geometry":{"type":"LineString","coordinates":[[-71.07306,42.35125],[-71.07296,42.35128],[-71.07145,42.35168],[-71.07085,42.35185],[-71.07081,42.35186],[-71.0707,42.3519]]},"properties":{"lts":2,"name":"Boylston Street","osmId":825263838,"goBoston":"future","project":null}},{"type":"Feature","geometry":{"type":"LineString","coordinates":[[-71.08756,42.34739],[-71.08761,42.34738]]},"properties":{"lts":1,"name":"Boylston Street","osmId":1343631698,"goBoston":"future","project":null}},{"type":"Feature","geometry":{"type":"LineString","coordinates":[[-71.08761,42.34738],[-71.08777,42.34735],[-71.08789,42.34733]]},"properties":{"lts":1,"name":"Boylston Street","osmId":1343631697,"goBoston":"future","project":null}},{"type":"Feature","geometry":{"type":"LineString","coordinates":[[-71.08789,42.34733],[-71.08795,42.34732],[-71.08798,42.34731],[-71.08807,42.34728],[-71.08809,42.34728],[-71.08811,42.34728],[-71.08813,42.34728],[-71.08814,42.34728],[-71.0887,42.34712],[-71.08878,42.3471],[-71.08879,42.3471],[-71.0888,42.34709],[-71.08882,42.34709],[-71.08884,42.34708],[-71.08898,42.34704],[-71.08918,42.34698],[-71.08922,42.34689]]},"properties":{"lts":1,"name":"Boylston Street","osmId":1239006679,"goBoston":"future","project":null}},{"type":"Feature","geometry":{"type":"LineString","coordinates":[[-71.08604,42.34781],[-71.08678,42.3476],[-71.0871,42.34751],[-71.0875,42.3474],[-71.08756,42.34739],[-71.08758,42.34738]]},"properties":{"lts":3,"name":"Boylston Street","osmId":170661024,"goBoston":"future","project":null}},{"type":"Feature","geometry":{"type":"LineString","coordinates":[[-71.08557,42.34788],[-71.08573,42.34786],[-71.08594,42.34783],[-71.08604,42.34781]]},"properties":{"lts":3,"name":"Boylston Street","osmId":1333332901,"goBoston":"future","project":null}},{"type":"Feature","geometry":{"type":"LineString","coordinates":[[-71.09622,42.26534],[-71.09634,42.26523],[-71.09659,42.26503],[-71.09669,42.26495],[-71.09677,42.26488],[-71.09683,42.2648],[-71.09689,42.26471],[-71.09696,42.26459],[-71.09715,42.26421],[-71.09728,42.26398],[-71.09742,42.26375],[-71.09754,42.2636],[-71.09764,42.2635],[-71.09777,42.26337],[-71.0979,42.26325],[-71.09803,42.26314],[-71.09814,42.26308],[-71.09826,42.26302],[-71.09838,42.26298],[-71.09862,42.26292],[-71.0988,42.26288],[-71.09895,42.26281],[-71.09912,42.26273],[-71.09927,42.26263],[-71.09944,42.2625],[-71.09953,42.26241],[-71.09964,42.2623],[-71.10023,42.26166],[-71.10034,42.26156],[-71.10046,42.26147],[-71.10059,42.26137],[-71.10159,42.26077]]},"properties":{"lts":null,"name":null,"osmId":839091363,"goBoston":"future","project":null}},{"type":"Feature","geometry":{"type":"LineString","coordinates":[[-71.02482,42.37969],[-71.02511,42.37986],[-71.02521,42.37992],[-71.02535,42.37998],[-71.02548,42.38004]]},"properties":{"lts":3,"name":"Neptune Road","osmId":924349472,"goBoston":"future","project":null}},{"type":"Feature","geometry":{"type":"LineString","coordinates":[[-71.02472,42.37962],[-71.02482,42.37969]]},"properties":{"lts":3,"name":"Neptune Road","osmId":291407295,"goBoston":"future","project":null}},{"type":"Feature","geometry":{"type":"LineString","coordinates":[[-71.02548,42.38004],[-71.0254,42.37996]]},"properties":{"lts":3,"name":"Neptune Road","osmId":591493104,"goBoston":"future","project":null}},{"type":"Feature","geometry":{"type":"LineString","coordinates":[[-71.0254,42.37996],[-71.02532,42.37987]]},"properties":{"lts":3,"name":"Neptune Road","osmId":1226254426,"goBoston":"future","project":null}},{"type":"Feature","geometry":{"type":"LineString","coordinates":[[-71.02532,42.37987],[-71.02524,42.37982],[-71.02489,42.3796],[-71.02481,42.37955]]},"properties":{"lts":3,"name":"Neptune Road","osmId":291407291,"goBoston":"future","project":null}},{"type":"Feature","geometry":{"type":"LineString","coordinates":[[-71.02613,42.38043],[-71.02606,42.38039],[-71.02603,42.38037],[-71.02575,42.3802],[-71.02562,42.38012],[-71.02548,42.38004]]},"properties":{"lts":3,"name":"Neptune Road","osmId":8642155,"goBoston":"future","project":null}},{"type":"Feature","geometry":{"type":"LineString","coordinates":[[-71.02613,42.38043],[-71.02618,42.38043],[-71.02621,42.38044],[-71.02629,42.38045],[-71.02632,42.38047],[-71.02635,42.38048],[-71.02642,42.38053]]},"properties":{"lts":3,"name":"Saratoga Street","osmId":196017483,"goBoston":"future","project":null}},{"type":"Feature","geometry":{"type":"LineString","coordinates":[[-71.02652,42.38045],[-71.02643,42.3804],[-71.02639,42.38039],[-71.02634,42.38038],[-71.02626,42.38038],[-71.02618,42.38041],[-71.02613,42.38043]]},"properties":{"lts":3,"name":"Saratoga Street","osmId":196017487,"goBoston":"future","project":null}},{"type":"Feature","geometry":{"type":"LineString","coordinates":[[-71.02652,42.38045],[-71.02642,42.38053]]},"properties":{"lts":3,"name":"Chelsea Street","osmId":591493105,"goBoston":"future","project":null}},{"type":"Feature","geometry":{"type":"LineString","coordinates":[[-71.02642,42.38053],[-71.02636,42.38059],[-71.02616,42.38076]]},"properties":{"lts":3,"name":"Chelsea Street","osmId":924107775,"goBoston":"future","project":null}},{"type":"Feature","geometry":{"type":"LineString","coordinates":[[-71.02616,42.38076],[-71.02622,42.38084],[-71.02623,42.38086],[-71.02625,42.38088],[-71.02628,42.38092]]},"properties":{"lts":2,"name":"Eagle Square","osmId":8652496,"goBoston":"future","project":null}},{"type":"Feature","geometry":{"type":"LineString","coordinates":[[-71.02628,42.38092],[-71.0264,42.38111],[-71.02655,42.38133]]},"properties":{"lts":2,"name":"Eagle Square","osmId":924107776,"goBoston":"future","project":null}},{"type":"Feature","geometry":{"type":"LineString","coordinates":[[-71.02816,42.38134],[-71.02787,42.38134],[-71.02774,42.38134],[-71.02691,42.38133],[-71.02655,42.38133]]},"properties":{"lts":3,"name":"East Eagle Street","osmId":591493019,"goBoston":"future","project":null}},{"type":"Feature","geometry":{"type":"LineString","coordinates":[[-71.02862,42.38134],[-71.02816,42.38134]]},"properties":{"lts":3,"name":"East Eagle Street","osmId":8644432,"goBoston":"future","project":null}},{"type":"Feature","geometry":{"type":"LineString","coordinates":[[-71.03932,42.38261],[-71.03922,42.38261],[-71.03734,42.38261],[-71.03664,42.38261],[-71.03613,42.3826],[-71.03607,42.3826],[-71.03554,42.3826],[-71.03339,42.3826],[-71.03107,42.38259],[-71.03027,42.38259],[-71.03018,42.38259],[-71.0299,42.38259],[-71.0293,42.38258],[-71.02902,42.38258],[-71.02898,42.38258],[-71.02895,42.38257],[-71.02892,42.38257],[-71.02888,42.38255],[-71.02885,42.38254],[-71.02883,42.38252],[-71.02882,42.3825],[-71.0288,42.38248],[-71.02879,42.38246],[-71.02879,42.38243],[-71.02878,42.38241],[-71.02871,42.38196],[-71.0287,42.38187],[-71.02863,42.38142],[-71.02862,42.38134]]},"properties":{"lts":3,"name":"Condor Street","osmId":8652290,"goBoston":"future","project":null}},{"type":"Feature","geometry":{"type":"LineString","coordinates":[[-71.04033,42.38257],[-71.04031,42.38258],[-71.04029,42.38259],[-71.04027,42.3826],[-71.04024,42.38261],[-71.04021,42.38261],[-71.04019,42.38261],[-71.0401,42.38261],[-71.03993,42.38261],[-71.03951,42.38261],[-71.03941,42.38261],[-71.03932,42.38261]]},"properties":{"lts":2,"name":"Condor Street","osmId":8648540,"goBoston":"future","project":null}},{"type":"Feature","geometry":{"type":"LineString","coordinates":[[-71.0402,42.38053],[-71.04021,42.38068],[-71.04025,42.38103],[-71.04025,42.3811],[-71.04028,42.38136],[-71.04033,42.38192],[-71.04033,42.38195],[-71.04034,42.38199],[-71.04036,42.38222],[-71.04038,42.38246],[-71.04038,42.38248],[-71.04038,42.3825],[-71.04037,42.38252],[-71.04036,42.38254],[-71.04035,42.38255],[-71.04033,42.38257]]},"properties":{"lts":2,"name":"Border Street","osmId":"8644565","goBoston":"future","project":null}},{"type":"Feature","geometry":{"type":"LineString","coordinates":[[-71.03992,42.3747],[-71.03974,42.37531],[-71.03973,42.37537],[-71.03972,42.37539]]},"properties":{"lts":2,"name":"Border Street","osmId":575422180,"goBoston":"future","project":null}},{"type":"Feature","geometry":{"type":"LineString","coordinates":[[-71.03997,42.37454],[-71.03995,42.37453],[-71.03992,42.37452],[-71.03989,42.37452],[-71.03984,42.37449],[-71.0394,42.37429],[-71.0393,42.37425],[-71.03928,42.37424],[-71.03926,42.37424],[-71.03924,42.37423],[-71.03922,42.37423],[-71.0392,42.37423],[-71.03918,42.37423],[-71.03907,42.37423]]},"properties":{"lts":3,"name":"Central Square South","osmId":8648329,"goBoston":"future","project":null}},{"type":"Feature","geometry":{"type":"LineString","coordinates":[[-71.03907,42.37423],[-71.03907,42.37429],[-71.03907,42.37432],[-71.03909,42.37478],[-71.03909,42.37481],[-71.03909,42.37488]]},"properties":{"lts":3,"name":"Meridian Street","osmId":817579891,"goBoston":"future","project":null}},{"type":"Feature","geometry":{"type":"LineString","coordinates":[[-71.03909,42.37497],[-71.03909,42.37488]]},"properties":{"lts":3,"name":"Meridian Street","osmId":1346548991,"goBoston":"future","project":null}},{"type":"Feature","geometry":{"type":"LineString","coordinates":[[-71.03911,42.37558],[-71.0391,42.3755],[-71.0391,42.37543],[-71.0391,42.3754],[-71.03909,42.37502],[-71.03909,42.37497]]},"properties":{"lts":3,"name":"Meridian Street","osmId":591493027,"goBoston":"future","project":null}},{"type":"Feature","geometry":{"type":"LineString","coordinates":[[-71.03911,42.37558],[-71.03921,42.37554],[-71.03923,42.37553]]},"properties":{"lts":3,"name":"Central Square North","osmId":1086799598,"goBoston":"future","project":null}},{"type":"Feature","geometry":{"type":"LineString","coordinates":[[-71.03923,42.37553],[-71.03939,42.37548]]},"properties":{"lts":3,"name":"Central Square North","osmId":1086799596,"goBoston":"future","project":null}},{"type":"Feature","geometry":{"type":"LineString","coordinates":[[-71.03939,42.37548],[-71.03958,42.37541]]},"properties":{"lts":3,"name":"Central Square North","osmId":1086799597,"goBoston":"future","project":null}},{"type":"Feature","geometry":{"type":"LineString","coordinates":[[-71.03958,42.37541],[-71.03961,42.37539],[-71.03963,42.37539],[-71.03965,42.37538],[-71.03967,42.37538],[-71.03969,42.37538],[-71.0397,42.37538],[-71.03972,42.37539]]},"properties":{"lts":3,"name":"Central Square North","osmId":8643845,"goBoston":"future","project":null}},{"type":"Feature","geometry":{"type":"LineString","coordinates":[[-71.03997,42.37454],[-71.03997,42.37456],[-71.03996,42.37458],[-71.03994,42.37463],[-71.03992,42.3747]]},"properties":{"lts":3,"name":"Border Street","osmId":8652159,"goBoston":"future","project":null}},{"type":"Feature","geometry":{"type":"LineString","coordinates":[[-71.03659,42.37339],[-71.03667,42.37345]]},"properties":{"lts":null,"name":null,"osmId":839091363,"goBoston":"future","project":null}},{"type":"Feature","geometry":{"type":"LineString","coordinates":[[-71.03667,42.37345],[-71.03676,42.37331],[-71.03678,42.37332]]},"properties":{"lts":1,"name":null,"osmId":4790735,"goBoston":"future","project":null}},{"type":"Feature","geometry":{"type":"LineString","coordinates":[[-71.03666,42.37339],[-71.03666,42.3734],[-71.03682,42.3735],[-71.03687,42.37349],[-71.03678,42.37332]]},"properties":{"lts":1,"name":null,"osmId":935703051,"goBoston":"future","project":null}},{"type":"Feature","geometry":{"type":"LineString","coordinates":[[-71.03666,42.3734],[-71.03632,42.3739]]},"properties":{"lts":1,"name":"Henry Selvitella Overpass","osmId":93211412,"goBoston":"future","project":null}},{"type":"Feature","geometry":{"type":"LineString","coordinates":[[-71.03632,42.3739],[-71.03664,42.37411]]},"properties":{"lts":1,"name":null,"osmId":935703052,"goBoston":"future","project":null}},{"type":"Feature","geometry":{"type":"LineString","coordinates":[[-71.03664,42.37411],[-71.0367,42.37414],[-71.03676,42.37409]]},"properties":{"lts":1,"name":null,"osmId":93211410,"goBoston":"future","project":null}},{"type":"Feature","geometry":{"type":"LineString","coordinates":[[-71.03659,42.37339],[-71.03652,42.37335]]},"properties":{"lts":0,"name":null,"osmId":839095615,"goBoston":"future","project":null}},{"type":"Feature","geometry":{"type":"LineString","coordinates":[[-71.03647,42.3734],[-71.03652,42.37335]]},"properties":{"lts":2,"name":"Paris Street","osmId":290292468,"goBoston":"future","project":null}},{"type":"Feature","geometry":{"type":"LineString","coordinates":[[-71.0368,42.3736],[-71.03647,42.3734],[-71.03617,42.37321],[-71.0358,42.37298]]},"properties":{"lts":3,"name":"Porter Street","osmId":8652310,"goBoston":"future","project":null}},{"type":"Feature","geometry":{"type":"LineString","coordinates":[[-71.0358,42.37298],[-71.03577,42.37295],[-71.0356,42.37285],[-71.03556,42.37282],[-71.03546,42.37276]]},"properties":{"lts":3,"name":"Porter Street","osmId":1119840926,"goBoston":"future","project":null}},{"type":"Feature","geometry":{"type":"LineString","coordinates":[[-71.03535,42.37286],[-71.03525,42.3728],[-71.035,42.37263],[-71.03484,42.37254]]},"properties":{"lts":3,"name":"Porter Street","osmId":8648017,"goBoston":"future","project":null}},{"type":"Feature","geometry":{"type":"LineString","coordinates":[[-71.03484,42.37254],[-71.0348,42.37251],[-71.03474,42.37247],[-71.03468,42.37243],[-71.03417,42.37211]]},"properties":{"lts":3,"name":"Porter Street","osmId":196470771,"goBoston":"future","project":null}},{"type":"Feature","geometry":{"type":"LineString","coordinates":[[-71.03417,42.37211],[-71.03402,42.37201]]},"properties":{"lts":3,"name":"Porter Street","osmId":196470774,"goBoston":"future","project":null}},{"type":"Feature","geometry":{"type":"LineString","coordinates":[[-71.03402,42.37201],[-71.03398,42.37198],[-71.03392,42.37194]]},"properties":{"lts":3,"name":"Porter Street","osmId":196470772,"goBoston":"future","project":null}},{"type":"Feature","geometry":{"type":"LineString","coordinates":[[-71.03742,42.3741],[-71.03747,42.37414],[-71.03769,42.37433],[-71.03773,42.37436],[-71.03777,42.37439]]},"properties":{"lts":4,"name":"Porter Street","osmId":933747310,"goBoston":"future","project":null}},{"type":"Feature","geometry":{"type":"LineString","coordinates":[[-71.03777,42.37439],[-71.03787,42.37444],[-71.03837,42.37476]]},"properties":{"lts":3,"name":"Porter Street","osmId":8639377,"goBoston":"future","project":null}},{"type":"Feature","geometry":{"type":"LineString","coordinates":[[-71.03837,42.37476],[-71.03854,42.37487],[-71.03857,42.37489],[-71.0386,42.37491],[-71.03863,42.37493],[-71.03866,42.37494],[-71.03868,42.37495]]},"properties":{"lts":3,"name":"Porter Street","osmId":1124201030,"goBoston":"future","project":null}},{"type":"Feature","geometry":{"type":"LineString","coordinates":[[-71.03868,42.37495],[-71.03871,42.37496],[-71.03875,42.37497],[-71.03879,42.37497],[-71.03883,42.37498],[-71.03886,42.37498],[-71.0389,42.37498],[-71.03909,42.37497]]},"properties":{"lts":3,"name":"Porter Street","osmId":933754813,"goBoston":"future","project":null}},{"type":"Feature","geometry":{"type":"LineString","coordinates":[[-71.03426,42.37288],[-71.0342,42.37284]]},"properties":{"lts":1,"name":null,"osmId":937879180,"goBoston":"future","project":null}},{"type":"Feature","geometry":{"type":"LineString","coordinates":[[-71.03434,42.37282],[-71.03426,42.37288]]},"properties":{"lts":3,"name":"Bremen Street","osmId":975014954,"goBoston":"future","project":null}},{"type":"Feature","geometry":{"type":"LineString","coordinates":[[-71.0369,42.37407],[-71.03689,42.37408],[-71.03688,42.3741],[-71.03687,42.37411],[-71.03686,42.37413]]},"properties":{"lts":2,"name":"Havre Street","osmId":182080645,"goBoston":"future","project":null}},{"type":"Feature","geometry":{"type":"LineString","coordinates":[[-71.03676,42.37409],[-71.03686,42.37413]]},"properties":{"lts":0,"name":null,"osmId":807855418,"goBoston":"future","project":null}},{"type":"Feature","geometry":{"type":"LineString","coordinates":[[-71.03434,42.37282],[-71.03439,42.37283],[-71.03444,42.37284],[-71.03448,42.37286],[-71.03453,42.37288],[-71.03458,42.37289],[-71.03463,42.37291],[-71.03467,42.37293],[-71.03472,42.37295],[-71.03478,42.37298],[-71.03482,42.373],[-71.03487,42.37303],[-71.03492,42.37306],[-71.03495,42.37307],[-71.03504,42.37312]]},"properties":{"lts":3,"name":"George R. Visconti Road","osmId":591677134,"goBoston":"future","project":null}},{"type":"Feature","geometry":{"type":"LineString","coordinates":[[-71.03504,42.37312],[-71.03514,42.37317],[-71.03522,42.37322],[-71.03588,42.37357],[-71.03597,42.37361],[-71.03605,42.37366],[-71.03612,42.37371],[-71.03618,42.37375],[-71.03627,42.37379],[-71.03638,42.37385],[-71.03648,42.37389],[-71.03661,42.37395],[-71.03676,42.37401],[-71.0369,42.37407]]},"properties":{"lts":3,"name":"George R. Visconti Road","osmId":8650966,"goBoston":"future","project":null}},{"type":"Feature","geometry":{"type":"LineString","coordinates":[[-71.0369,42.37407],[-71.037,42.37411],[-71.0371,42.37414],[-71.03717,42.37416],[-71.03721,42.37417],[-71.03725,42.37418],[-71.03728,42.37418],[-71.03731,42.37417],[-71.03734,42.37416],[-71.03737,42.37414],[-71.03739,42.37412],[-71.03742,42.3741]]},"properties":{"lts":3,"name":"George R. Visconti Road","osmId":762142668,"goBoston":"future","project":null}},{"type":"Feature","geometry":{"type":"LineString","coordinates":[[-71.03902,42.37237],[-71.03891,42.37238],[-71.03889,42.37238],[-71.03888,42.37238],[-71.03887,42.37239],[-71.03886,42.37239],[-71.03885,42.3724],[-71.03881,42.37243],[-71.03873,42.37251],[-71.03868,42.37255],[-71.03854,42.37267],[-71.0381,42.37305],[-71.03785,42.37327],[-71.03783,42.37329],[-71.0378,42.3733],[-71.03777,42.37332],[-71.03774,42.37333],[-71.03771,42.37335],[-71.03767,42.37336],[-71.03755,42.37339],[-71.03733,42.37344]]},"properties":{"lts":3,"name":"Havre Street","osmId":178913902,"goBoston":"future","project":null}},{"type":"Feature","geometry":{"type":"LineString","coordinates":[[-71.03733,42.37344],[-71.03726,42.37347],[-71.03716,42.37349],[-71.03706,42.37352],[-71.03697,42.37355],[-71.0368,42.3736]]},"properties":{"lts":3,"name":"Havre Street","osmId":846287697,"goBoston":"future","project":null}},{"type":"Feature","geometry":{"type":"LineString","coordinates":[[-71.07547,42.28033],[-71.0756,42.28072],[-71.07574,42.28104],[-71.07586,42.28137],[-71.07596,42.28165],[-71.07599,42.28174],[-71.07602,42.28182],[-71.07606,42.28193],[-71.0761,42.28221],[-71.07616,42.28255],[-71.07622,42.28291],[-71.07624,42.28304],[-71.07626,42.28316],[-71.0763,42.28327],[-71.07665,42.28379],[-71.07683,42.28404],[-71.07707,42.2844],[-71.07714,42.28453]]},"properties":{"lts":2,"name":"Milton Avenue","osmId":8647271,"goBoston":"future","project":null}},{"type":"Feature","geometry":{"type":"LineString","coordinates":[[-71.07475,42.27816],[-71.07478,42.27828],[-71.07486,42.27854],[-71.07502,42.27899],[-71.07509,42.27919],[-71.07525,42.27968],[-71.0753,42.27979],[-71.07541,42.28009],[-71.07547,42.28033]]},"properties":{"lts":2,"name":"Milton Avenue","osmId":8638270,"goBoston":"future","project":null}},{"type":"Feature","geometry":{"type":"LineString","coordinates":[[-71.0789,42.28707],[-71.07885,42.287],[-71.07878,42.2869],[-71.07811,42.28591],[-71.07762,42.2852],[-71.07748,42.28499],[-71.07744,42.28493],[-71.07742,42.28487],[-71.07733,42.28473],[-71.07724,42.28461],[-71.07714,42.28453]]},"properties":{"lts":2,"name":"Milton Avenue","osmId":8644503,"goBoston":"future","project":null}},{"type":"Feature","geometry":{"type":"LineString","coordinates":[[-71.07714,42.28453],[-71.07714,42.28465],[-71.07718,42.28478],[-71.07724,42.28493],[-71.07728,42.28499],[-71.07731,42.28506],[-71.07751,42.28569],[-71.07816,42.28764],[-71.07819,42.28773]]},"properties":{"lts":2,"name":"Edson Street","osmId":8649405,"goBoston":"future","project":null}},{"type":"Feature","geometry":{"type":"LineString","coordinates":[[-71.07724,42.28493],[-71.07729,42.28495],[-71.07734,42.28495],[-71.07739,42.28493],[-71.0774,42.28491],[-71.07742,42.28487]]},"properties":{"lts":2,"name":null,"osmId":1181793161,"goBoston":"future","project":null}},{"type":"Feature","geometry":{"type":"LineString","coordinates":[[-71.07733,42.28473],[-71.07726,42.28472],[-71.07723,42.28472],[-71.0772,42.28475],[-71.07718,42.28478]]},"properties":{"lts":2,"name":null,"osmId":1181793162,"goBoston":"future","project":null}},{"type":"Feature","geometry":{"type":"LineString","coordinates":[[-71.07475,42.27816],[-71.07456,42.27765],[-71.07422,42.27674],[-71.07402,42.27617],[-71.074,42.27611],[-71.07393,42.27589]]},"properties":{"lts":3,"name":"Oakridge Street","osmId":8646552,"goBoston":"future","project":null}},{"type":"Feature","geometry":{"type":"LineString","coordinates":[[-71.08025,42.27885],[-71.08017,42.27875],[-71.07987,42.27856],[-71.07985,42.27854],[-71.07968,42.27845],[-71.07952,42.27838]]},"properties":{"lts":3,"name":"Morton Street","osmId":8639600,"goBoston":"future","project":null}},{"type":"Feature","geometry":{"type":"LineString","coordinates":[[-71.07952,42.27838],[-71.07951,42.27837],[-71.07948,42.27835],[-71.07947,42.27835],[-71.07945,42.27833],[-71.07925,42.27822],[-71.07909,42.27812]]},"properties":{"lts":3,"name":"Morton Street","osmId":1052345011,"goBoston":"future","project":null}},{"type":"Feature","geometry":{"type":"LineString","coordinates":[[-71.07909,42.27812],[-71.07903,42.27808],[-71.0789,42.278]]},"properties":{"lts":3,"name":"Morton Street","osmId":1378321224,"goBoston":"future","project":null}},{"type":"Feature","geometry":{"type":"LineString","coordinates":[[-71.0789,42.278],[-71.07872,42.27791],[-71.07862,42.27786],[-71.07829,42.27771],[-71.07794,42.27753],[-71.07767,42.27741],[-71.0776,42.27738],[-71.07735,42.27726],[-71.07725,42.27722],[-71.07687,42.27703],[-71.07646,42.27686],[-71.07611,42.27672],[-71.07504,42.2763],[-71.07502,42.27629],[-71.07495,42.27626],[-71.07431,42.27602],[-71.07416,42.27597],[-71.07393,42.27589],[-71.0739,42.27588],[-71.07384,42.27585],[-71.07344,42.27568],[-71.07324,42.2756],[-71.07265,42.27527],[-71.07221,42.275],[-71.07216,42.27498],[-71.07205,42.27491],[-71.07129,42.27447],[-71.07072,42.27414],[-71.07065,42.27409],[-71.07034,42.27389],[-71.07009,42.2737]]},"properties":{"lts":4,"name":"Morton Street","osmId":277957942,"goBoston":"future","project":null}},{"type":"Feature","geometry":{"type":"LineString","coordinates":[[-71.07952,42.27838],[-71.07956,42.27842],[-71.07962,42.2785],[-71.07965,42.27855],[-71.07977,42.27872]]},"properties":{"lts":3,"name":"Morton Street","osmId":1052345012,"goBoston":"future","project":null}},{"type":"Feature","geometry":{"type":"LineString","coordinates":[[-71.06894,42.27239],[-71.0691,42.27242],[-71.06915,42.27243],[-71.06921,42.27244],[-71.06929,42.27246],[-71.06938,42.2725],[-71.0694,42.2725],[-71.06943,42.27252]]},"properties":{"lts":3,"name":"Washington Street","osmId":426485766,"goBoston":"future","project":null}},{"type":"Feature","geometry":{"type":"LineString","coordinates":[[-71.06943,42.27252],[-71.06946,42.27254],[-71.06951,42.27258],[-71.06952,42.27259],[-71.06961,42.27269],[-71.06966,42.27276]]},"properties":{"lts":3,"name":"Washington Street","osmId":8646856,"goBoston":"future","project":null}},{"type":"Feature","geometry":{"type":"LineString","coordinates":[[-71.06966,42.27276],[-71.06975,42.27293],[-71.06992,42.27326],[-71.07003,42.27351],[-71.07005,42.27358],[-71.07009,42.2737]]},"properties":{"lts":3,"name":"Washington Street","osmId":426485769,"goBoston":"future","project":null}},{"type":"Feature","geometry":{"type":"LineString","coordinates":[[-71.0684,42.27227],[-71.06836,42.27225],[-71.06832,42.27223],[-71.06828,42.27221],[-71.06823,42.2722],[-71.06818,42.27219],[-71.06815,42.27218],[-71.06809,42.27218],[-71.06805,42.27218],[-71.06798,42.27218],[-71.06792,42.27218]]},"properties":{"lts":3,"name":"Washington Street","osmId":426485745,"goBoston":"future","project":null}},{"type":"Feature","geometry":{"type":"LineString","coordinates":[[-71.06805,42.27226],[-71.06818,42.27227],[-71.0684,42.27227]]},"properties":{"lts":3,"name":"Washington Street","osmId":506838520,"goBoston":"future","project":null}},{"type":"Feature","geometry":{"type":"LineString","coordinates":[[-71.0684,42.27227],[-71.06894,42.27239]]},"properties":{"lts":3,"name":"Washington Street","osmId":506838522,"goBoston":"future","project":null}},{"type":"Feature","geometry":{"type":"LineString","coordinates":[[-71.09146,42.2707],[-71.09104,42.27048],[-71.0902,42.27004],[-71.09016,42.27002],[-71.09015,42.27002],[-71.09013,42.27],[-71.0901,42.26998],[-71.09008,42.26995]]},"properties":{"lts":2,"name":"Fremont Street","osmId":8642557,"goBoston":"future","project":null}},{"type":"Feature","geometry":{"type":"LineString","coordinates":[[-71.09146,42.2707],[-71.09125,42.27089],[-71.09074,42.27136],[-71.09025,42.2718],[-71.09018,42.27184],[-71.09009,42.27188],[-71.08981,42.27202],[-71.08959,42.27212],[-71.08945,42.27224],[-71.08937,42.27235],[-71.08936,42.27239],[-71.08937,42.27253],[-71.08942,42.27264],[-71.08947,42.27271],[-71.08957,42.27279],[-71.08988,42.27301]]},"properties":{"lts":2,"name":"Faunce Road","osmId":8652435,"goBoston":"future","project":null}},{"type":"Feature","geometry":{"type":"LineString","coordinates":[[-71.08988,42.27301],[-71.08959,42.27334],[-71.0894,42.27357],[-71.0889,42.27411],[-71.08862,42.27439],[-71.08851,42.27451],[-71.08837,42.27466],[-71.08809,42.27497],[-71.08788,42.2752],[-71.08766,42.27544],[-71.0872,42.27593],[-71.08676,42.27642],[-71.08622,42.27701],[-71.08599,42.27727],[-71.08559,42.27774],[-71.08542,42.27794],[-71.08474,42.27869],[-71.08472,42.27871],[-71.0843,42.27918],[-71.08385,42.27965],[-71.0836,42.2799],[-71.08342,42.27999],[-71.083,42.28023],[-71.08288,42.28031],[-71.08285,42.28033],[-71.08269,42.28044]]},"properties":{"lts":2,"name":"West Selden Street","osmId":8651151,"goBoston":"future","project":null}},{"type":"Feature","geometry":{"type":"LineString","coordinates":[[-71.08269,42.28044],[-71.08251,42.28036]]},"properties":{"lts":3,"name":"Morton Street","osmId":1412813708,"goBoston":"future","project":null}},{"type":"Feature","geometry":{"type":"LineString","coordinates":[[-71.08251,42.28036],[-71.08236,42.28045],[-71.08234,42.28046],[-71.08182,42.28057],[-71.08159,42.28062],[-71.08073,42.28082],[-71.07971,42.28104],[-71.07919,42.28114],[-71.07911,42.28116],[-71.07903,42.28118],[-71.07853,42.28128],[-71.07711,42.28158],[-71.07614,42.28179],[-71.0761,42.2818],[-71.07602,42.28182]]},"properties":{"lts":2,"name":"Selden Street","osmId":8646737,"goBoston":"future","project":null}},{"type":"Feature","geometry":{"type":"LineString","coordinates":[[-71.07853,42.28042],[-71.07864,42.28058],[-71.07887,42.28087],[-71.07907,42.28111],[-71.07911,42.28116]]},"properties":{"lts":2,"name":"Capen Street","osmId":8643645,"goBoston":"future","project":null}},{"type":"Feature","geometry":{"type":"LineString","coordinates":[[-71.07126,42.28203],[-71.07134,42.282],[-71.0715,42.28196],[-71.07233,42.28179],[-71.07315,42.28163],[-71.07523,42.28121],[-71.07538,42.28116],[-71.07574,42.28104],[-71.07604,42.28097],[-71.0766,42.28085],[-71.07764,42.28062],[-71.07853,42.28042]]},"properties":{"lts":2,"name":"Fuller Street","osmId":8651563,"goBoston":"future","project":null}},{"type":"Feature","geometry":{"type":"LineString","coordinates":[[-71.06479,42.28398],[-71.06483,42.28399],[-71.06486,42.28399],[-71.0649,42.28399],[-71.06494,42.28398],[-71.06696,42.28336],[-71.06766,42.28315],[-71.06836,42.28293],[-71.06907,42.28272],[-71.07018,42.28237],[-71.07111,42.28209],[-71.07118,42.28206],[-71.07126,42.28203]]},"properties":{"lts":2,"name":"Fuller Street","osmId":1181845817,"goBoston":"future","project":null}},{"type":"Feature","geometry":{"type":"LineString","coordinates":[[-71.07596,42.28165],[-71.07589,42.28167],[-71.07525,42.28178],[-71.0745,42.28192],[-71.07362,42.2821],[-71.07229,42.28237],[-71.07148,42.28253],[-71.07145,42.28254],[-71.07135,42.28255]]},"properties":{"lts":2,"name":"Mora Street","osmId":8650177,"goBoston":"future","project":null}},{"type":"Feature","geometry":{"type":"LineString","coordinates":[[-71.07135,42.28255],[-71.07135,42.28266],[-71.07136,42.28279],[-71.07136,42.28283],[-71.07138,42.28303]]},"properties":{"lts":2,"name":"Washington Street","osmId":8640106,"goBoston":"future","project":null}},{"type":"Feature","geometry":{"type":"LineString","coordinates":[[-71.07138,42.28303],[-71.0713,42.28305],[-71.07123,42.28307],[-71.07054,42.28326],[-71.06957,42.28356],[-71.06883,42.28378],[-71.06854,42.28388],[-71.06796,42.28405],[-71.06745,42.28421],[-71.06741,42.28422],[-71.06698,42.28435],[-71.06649,42.28451],[-71.06613,42.28461],[-71.066,42.28466],[-71.0659,42.28471],[-71.06552,42.28488],[-71.06549,42.28489],[-71.06546,42.2849],[-71.06543,42.2849],[-71.06539,42.2849],[-71.06471,42.2848],[-71.06467,42.28479],[-71.06457,42.28477]]},"properties":{"lts":2,"name":"Bailey Street","osmId":8642468,"goBoston":"future","project":null}},{"type":"Feature","geometry":{"type":"LineString","coordinates":[[-71.06431,42.28576],[-71.06433,42.28568],[-71.06434,42.28564],[-71.06435,42.28561],[-71.06453,42.28491]]},"properties":{"lts":3,"name":"Dorchester Avenue","osmId":301814883,"goBoston":"future","project":null}},{"type":"Feature","geometry":{"type":"LineString","coordinates":[[-71.06453,42.28491],[-71.06457,42.28477]]},"properties":{"lts":3,"name":"Dorchester Avenue","osmId":847056295,"goBoston":"future","project":null}},{"type":"Feature","geometry":{"type":"LineString","coordinates":[[-71.06457,42.28477],[-71.06457,42.28475]]},"properties":{"lts":3,"name":"Dorchester Avenue","osmId":1189751548,"goBoston":"future","project":null}},{"type":"Feature","geometry":{"type":"LineString","coordinates":[[-71.06457,42.28475],[-71.06459,42.2847],[-71.06476,42.28408],[-71.06479,42.28398]]},"properties":{"lts":3,"name":"Dorchester Avenue","osmId":1189751549,"goBoston":"future","project":null}},{"type":"Feature","geometry":{"type":"LineString","coordinates":[[-71.06431,42.28576],[-71.06415,42.2858],[-71.0641,42.28582],[-71.06377,42.28591]]},"properties":{"lts":3,"name":"Ashmont Street","osmId":426678900,"goBoston":"future","project":null}},{"type":"Feature","geometry":{"type":"LineString","coordinates":[[-71.06341,42.28525],[-71.06371,42.28581],[-71.06373,42.28584],[-71.06377,42.28591]]},"properties":{"lts":2,"name":"Bushnell Street","osmId":8650942,"goBoston":"future","project":null}},{"type":"Feature","geometry":{"type":"LineString","coordinates":[[-71.06174,42.28575],[-71.0623,42.28559],[-71.06341,42.28525]]},"properties":{"lts":2,"name":"Lombard Street","osmId":8648468,"goBoston":"future","project":null}},{"type":"Feature","geometry":{"type":"LineString","coordinates":[[-71.06169,42.28561],[-71.06174,42.28575]]},"properties":{"lts":2,"name":"Carruth Street","osmId":8651645,"goBoston":"future","project":null}},{"type":"Feature","geometry":{"type":"LineString","coordinates":[[-71.05472,42.28744],[-71.05481,42.28741],[-71.05545,42.28724],[-71.0561,42.28707],[-71.05689,42.28685],[-71.05713,42.28679],[-71.0576,42.28666],[-71.05831,42.28647],[-71.05868,42.28637],[-71.05905,42.28627],[-71.05956,42.28613],[-71.05991,42.28605],[-71.06036,42.28594],[-71.06075,42.28584],[-71.06142,42.28567],[-71.06162,42.28563],[-71.06169,42.28561]]},"properties":{"lts":2,"name":"Elmer Road","osmId":8646806,"goBoston":"future","project":null}},{"type":"Feature","geometry":{"type":"LineString","coordinates":[[-71.05477,42.28751],[-71.05472,42.28744]]},"properties":{"lts":3,"name":"Adams Street","osmId":213617919,"goBoston":"future","project":null}},{"type":"Feature","geometry":{"type":"LineString","coordinates":[[-71.05477,42.28751],[-71.05468,42.28752],[-71.05444,42.28757],[-71.05376,42.28768],[-71.05223,42.28795],[-71.05158,42.28806],[-71.05137,42.28812],[-71.05098,42.28819],[-71.05092,42.28821]]},"properties":{"lts":2,"name":"Nahant Avenue","osmId":8640420,"goBoston":"future","project":null}},{"type":"Feature","geometry":{"type":"LineString","coordinates":[[-71.05092,42.28821],[-71.05117,42.2887]]},"properties":{"lts":2,"name":"Newhall Street","osmId":8648912,"goBoston":"future","project":null}},{"type":"Feature","geometry":{"type":"LineString","coordinates":[[-71.05117,42.2887],[-71.0511,42.28871],[-71.05039,42.28886],[-71.05028,42.28886],[-71.04987,42.28887],[-71.04935,42.2889],[-71.04904,42.28892],[-71.04884,42.28894],[-71.04873,42.28895],[-71.04862,42.28899],[-71.04833,42.28906],[-71.04789,42.28919],[-71.04784,42.2892],[-71.04775,42.28923]]},"properties":{"lts":2,"name":"Coffey Street","osmId":8637992,"goBoston":"future","project":null}},{"type":"Feature","geometry":{"type":"LineString","coordinates":[[-71.04733,42.2887],[-71.04775,42.28923]]},"properties":{"lts":2,"name":"Neponset Avenue","osmId":508840883,"goBoston":"future","project":null}},{"type":"Feature","geometry":{"type":"LineString","coordinates":[[-71.04733,42.2887],[-71.04723,42.28874],[-71.04681,42.28893],[-71.04675,42.28896],[-71.04664,42.28905],[-71.04598,42.28967],[-71.04572,42.28991],[-71.04566,42.28998]]},"properties":{"lts":2,"name":"Tolman Street","osmId":8643740,"goBoston":"future","project":null}},{"type":"Feature","geometry":{"type":"LineString","coordinates":[[-71.05397,42.29597],[-71.05384,42.29598],[-71.05377,42.29598],[-71.0537,42.29598],[-71.05363,42.29599],[-71.0534,42.29599],[-71.05335,42.29599],[-71.05329,42.29599],[-71.05324,42.29599],[-71.05319,42.296],[-71.05314,42.296],[-71.05309,42.29601],[-71.05303,42.29602],[-71.05299,42.29603],[-71.05295,42.29604],[-71.05292,42.29605],[-71.05289,42.29606],[-71.05286,42.29607],[-71.05284,42.29608],[-71.05281,42.2961],[-71.05278,42.29611],[-71.05275,42.29613],[-71.05272,42.29616],[-71.0527,42.29618],[-71.05225,42.29657],[-71.05219,42.29662],[-71.05211,42.2967],[-71.05205,42.29675],[-71.052,42.29679],[-71.05195,42.29684],[-71.05191,42.29688],[-71.05187,42.29692],[-71.05183,42.29696],[-71.05179,42.297],[-71.05154,42.29726],[-71.05152,42.29728],[-71.0515,42.2973],[-71.05148,42.29732],[-71.05146,42.29733],[-71.05144,42.29734],[-71.05142,42.29735],[-71.0514,42.29736],[-71.05137,42.29738],[-71.05133,42.29739],[-71.0513,42.2974],[-71.05127,42.29741],[-71.05123,42.29742],[-71.05059,42.29756],[-71.05053,42.29757],[-71.05045,42.29759],[-71.05035,42.29761],[-71.05029,42.29763],[-71.05023,42.29764],[-71.05017,42.29766],[-71.05008,42.29769],[-71.04965,42.29784]]},"properties":{"lts":3,"name":"Victory Road","osmId":8647441,"goBoston":"future","project":null}},{"type":"Feature","geometry":{"type":"LineString","coordinates":[[-71.04965,42.29784],[-71.04962,42.29784],[-71.0496,42.29784],[-71.04958,42.29783],[-71.04957,42.29783],[-71.04956,42.29782],[-71.04954,42.29781],[-71.04952,42.2978],[-71.04949,42.29778],[-71.04947,42.29776],[-71.04944,42.29773]]},"properties":{"lts":3,"name":"Victory Road","osmId":215715938,"goBoston":"future","project":null}},{"type":"Feature","geometry":{"type":"LineString","coordinates":[[-71.0495,42.29799],[-71.0495,42.29798],[-71.04951,42.29796],[-71.04951,42.29795],[-71.04952,42.29793],[-71.04954,42.29792],[-71.04955,42.2979],[-71.04956,42.2979],[-71.04957,42.29789],[-71.0496,42.29787],[-71.04965,42.29784]]},"properties":{"lts":3,"name":"Victory Road","osmId":215719108,"goBoston":"future","project":null}},{"type":"Feature","geometry":{"type":"LineString","coordinates":[[-71.05449,42.29594],[-71.05433,42.29595],[-71.05429,42.29595],[-71.05397,42.29597]]},"properties":{"lts":3,"name":"Victory Road","osmId":426489199,"goBoston":"future","project":null}},{"type":"Feature","geometry":{"type":"LineString","coordinates":[[-71.13993,42.34847],[-71.13985,42.34852],[-71.13969,42.3486],[-71.13948,42.34866],[-71.13929,42.34869],[-71.13915,42.34871],[-71.13901,42.3487],[-71.13887,42.34868],[-71.13876,42.34865],[-71.13834,42.34851],[-71.1379,42.34837],[-71.13786,42.34836],[-71.13778,42.34834],[-71.1377,42.34831],[-71.13754,42.34825],[-71.13716,42.34812],[-71.13691,42.34805],[-71.13661,42.348],[-71.13647,42.34799],[-71.13624,42.34797],[-71.13596,42.34796],[-71.13575,42.34798],[-71.13557,42.34801],[-71.13537,42.34805],[-71.13504,42.34817]]},"properties":{"lts":3,"name":"Commonwealth Avenue","osmId":627755984,"goBoston":"future","project":null}},{"type":"Feature","geometry":{"type":"LineString","coordinates":[[-71.13504,42.34817],[-71.13489,42.34823],[-71.13455,42.3484],[-71.13413,42.3486],[-71.13406,42.34863],[-71.13309,42.34909],[-71.13301,42.34913],[-71.13287,42.34919],[-71.13263,42.34931],[-71.13199,42.34963],[-71.13103,42.35007],[-71.13099,42.35009],[-71.13087,42.35016]]},"properties":{"lts":3,"name":"Commonwealth Avenue","osmId":923790484,"goBoston":"future","project":null}},{"type":"Feature","geometry":{"type":"LineString","coordinates":[[-71.13087,42.35016],[-71.13076,42.35021],[-71.1305,42.35031],[-71.13031,42.35035],[-71.13014,42.35037],[-71.1299,42.35039],[-71.12983,42.35039],[-71.12968,42.35038],[-71.12944,42.35036],[-71.12904,42.35032],[-71.12891,42.3503],[-71.1287,42.35028],[-71.12848,42.35026],[-71.12842,42.35026],[-71.12829,42.35026],[-71.12794,42.35027],[-71.12787,42.35028],[-71.12772,42.35031],[-71.12757,42.35033],[-71.12741,42.35036],[-71.12726,42.3504],[-71.1271,42.35044],[-71.12695,42.35048],[-71.1268,42.35053],[-71.12665,42.35058],[-71.12651,42.35065],[-71.12646,42.35067],[-71.12638,42.35071],[-71.12625,42.35078],[-71.126,42.35091],[-71.12575,42.35106],[-71.12552,42.3512],[-71.12528,42.35135],[-71.12503,42.35153],[-71.12492,42.35162],[-71.12468,42.35181],[-71.1246,42.35186],[-71.12456,42.35189],[-71.12453,42.35191],[-71.12446,42.35194],[-71.12439,42.35197],[-71.12428,42.352],[-71.12419,42.35202],[-71.12406,42.35203]]},"properties":{"lts":3,"name":"Commonwealth Avenue","osmId":571190608,"goBoston":"future","project":null}},{"type":"Feature","geometry":{"type":"LineString","coordinates":[[-71.12406,42.35203],[-71.12379,42.352],[-71.12342,42.35195]]},"properties":{"lts":3,"name":"Commonwealth Avenue","osmId":1055101268,"goBoston":"future","project":null}},{"type":"Feature","geometry":{"type":"LineString","coordinates":[[-71.12498,42.35211],[-71.12504,42.35206],[-71.12508,42.35203],[-71.1252,42.35194],[-71.12552,42.35171],[-71.12571,42.35157],[-71.12589,42.35145],[-71.12609,42.35132],[-71.12629,42.3512],[-71.12653,42.35107],[-71.12665,42.35101],[-71.12677,42.35095],[-71.12688,42.3509],[-71.12701,42.35086],[-71.12714,42.35081],[-71.12727,42.35078],[-71.1274,42.35074],[-71.12754,42.35071],[-71.12768,42.35069],[-71.12781,42.35067],[-71.12793,42.35066],[-71.12805,42.35065],[-71.12817,42.35064],[-71.12829,42.35063],[-71.12841,42.35063],[-71.12852,42.35064],[-71.12866,42.35065],[-71.12893,42.35067],[-71.12897,42.35068],[-71.12984,42.35077],[-71.12997,42.35077],[-71.13002,42.35077],[-71.13021,42.35075],[-71.13047,42.35071],[-71.13067,42.35067],[-71.13087,42.35059],[-71.1309,42.35058],[-71.13094,42.35056],[-71.13106,42.3505]]},"properties":{"lts":2,"name":"Commonwealth Avenue","osmId":326399426,"goBoston":"future","project":null}},{"type":"Feature","geometry":{"type":"LineString","coordinates":[[-71.13106,42.3505],[-71.13123,42.35042],[-71.13152,42.35029],[-71.13204,42.35004],[-71.13257,42.34978],[-71.13291,42.34963],[-71.13296,42.3496],[-71.13354,42.34932],[-71.13391,42.34914],[-71.13445,42.34889],[-71.13488,42.34867],[-71.13527,42.3485]]},"properties":{"lts":2,"name":"Commonwealth Avenue","osmId":570156797,"goBoston":"future","project":null}},{"type":"Feature","geometry":{"type":"LineString","coordinates":[[-71.13527,42.3485],[-71.13539,42.34845],[-71.13554,42.3484],[-71.13576,42.34835],[-71.13603,42.34832],[-71.13621,42.34832],[-71.13639,42.34833],[-71.1366,42.34835],[-71.1368,42.34841],[-71.13723,42.34854],[-71.13748,42.34862],[-71.13752,42.34863],[-71.13758,42.34865]]},"properties":{"lts":2,"name":"Commonwealth Avenue","osmId":521562487,"goBoston":"future","project":null}},{"type":"Feature","geometry":{"type":"LineString","coordinates":[[-71.13758,42.34865],[-71.13766,42.34868],[-71.13827,42.34889],[-71.13857,42.34898],[-71.13872,42.34901],[-71.13888,42.34905],[-71.13907,42.34906],[-71.13927,42.34906],[-71.13946,42.34904],[-71.1396,42.34902],[-71.13972,42.349]]},"properties":{"lts":2,"name":"Commonwealth Avenue","osmId":102521641,"goBoston":"future","project":null}},{"type":"Feature","geometry":{"type":"LineString","coordinates":[[-71.13972,42.349],[-71.13981,42.34897],[-71.13993,42.34892],[-71.1401,42.34885],[-71.14021,42.34879],[-71.14023,42.34878],[-71.14028,42.34875],[-71.14038,42.34869]]},"properties":{"lts":2,"name":"Commonwealth Avenue","osmId":8651803,"goBoston":"future","project":null}},{"type":"Feature","geometry":{"type":"LineString","coordinates":[[-71.12281,42.35205],[-71.12321,42.3521]]},"properties":{"lts":3,"name":"Commonwealth Avenue","osmId":1292265426,"goBoston":"future","project":null}},{"type":"Feature","geometry":{"type":"LineString","coordinates":[[-71.12321,42.3521],[-71.12364,42.35214]]},"properties":{"lts":3,"name":"Commonwealth Avenue","osmId":1055101265,"goBoston":"future","project":null}},{"type":"Feature","geometry":{"type":"LineString","coordinates":[[-71.12364,42.35214],[-71.12408,42.35219]]},"properties":{"lts":3,"name":"Commonwealth Avenue","osmId":1281866156,"goBoston":"future","project":null}},{"type":"Feature","geometry":{"type":"LineString","coordinates":[[-71.12467,42.35209],[-71.12443,42.35207],[-71.12424,42.35205],[-71.12406,42.35203]]},"properties":{"lts":3,"name":"Commonwealth Avenue","osmId":1192462675,"goBoston":"future","project":null}},{"type":"Feature","geometry":{"type":"LineString","coordinates":[[-71.13368,42.35325],[-71.1341,42.3533]]},"properties":{"lts":3,"name":"Brighton Avenue","osmId":533612833,"goBoston":"future","project":null}},{"type":"Feature","geometry":{"type":"LineString","coordinates":[[-71.12986,42.3528],[-71.13008,42.35282],[-71.13012,42.35283],[-71.13018,42.35284]]},"properties":{"lts":3,"name":"Brighton Avenue","osmId":1161634788,"goBoston":"future","project":null}},{"type":"Feature","geometry":{"type":"LineString","coordinates":[[-71.13541,42.35346],[-71.13573,42.3535],[-71.136,42.35352],[-71.13625,42.35353],[-71.13635,42.35353],[-71.13637,42.35354],[-71.13647,42.35354],[-71.13666,42.35355]]},"properties":{"lts":3,"name":"Brighton Avenue","osmId":290701543,"goBoston":"future","project":null}},{"type":"Feature","geometry":{"type":"LineString","coordinates":[[-71.12519,42.35224],[-71.12573,42.3523],[-71.12669,42.35242],[-71.1269,42.35244],[-71.1273,42.35249],[-71.12769,42.35254]]},"properties":{"lts":3,"name":"Brighton Avenue","osmId":8647304,"goBoston":"future","project":null}},{"type":"Feature","geometry":{"type":"LineString","coordinates":[[-71.12836,42.35262],[-71.12846,42.35263],[-71.12986,42.3528]]},"properties":{"lts":3,"name":"Brighton Avenue","osmId":1022566896,"goBoston":"future","project":null}},{"type":"Feature","geometry":{"type":"LineString","coordinates":[[-71.13666,42.35355],[-71.13683,42.35357],[-71.13694,42.35358],[-71.13698,42.35358],[-71.13702,42.35359],[-71.13708,42.35359],[-71.13731,42.35362]]},"properties":{"lts":2,"name":"Brighton Avenue","osmId":533472081,"goBoston":"future","project":null}},{"type":"Feature","geometry":{"type":"LineString","coordinates":[[-71.12408,42.35219],[-71.1243,42.35224],[-71.12445,42.35225],[-71.12451,42.35225],[-71.12459,42.35225],[-71.12467,42.35224],[-71.12471,42.35224],[-71.12484,42.35223],[-71.12496,42.35223],[-71.12507,42.35223],[-71.12512,42.35223],[-71.12519,42.35224]]},"properties":{"lts":3,"name":"Brighton Avenue","osmId":1055101266,"goBoston":"future","project":null}},{"type":"Feature","geometry":{"type":"LineString","coordinates":[[-71.13211,42.35306],[-71.13229,42.35308],[-71.13309,42.35318],[-71.13313,42.35318],[-71.13368,42.35325]]},"properties":{"lts":3,"name":"Brighton Avenue","osmId":426490108,"goBoston":"future","project":null}},{"type":"Feature","geometry":{"type":"LineString","coordinates":[[-71.13439,42.35334],[-71.13453,42.35335],[-71.13521,42.35344],[-71.13541,42.35346]]},"properties":{"lts":3,"name":"Brighton Avenue","osmId":426490102,"goBoston":"future","project":null}},{"type":"Feature","geometry":{"type":"LineString","coordinates":[[-71.13144,42.35298],[-71.13188,42.35304],[-71.13192,42.35304],[-71.13211,42.35306]]},"properties":{"lts":3,"name":"Brighton Avenue","osmId":426490104,"goBoston":"future","project":null}},{"type":"Feature","geometry":{"type":"LineString","coordinates":[[-71.13018,42.35284],[-71.13026,42.35285],[-71.13144,42.35298]]},"properties":{"lts":3,"name":"Brighton Avenue","osmId":924060508,"goBoston":"future","project":null}},{"type":"Feature","geometry":{"type":"LineString","coordinates":[[-71.1341,42.3533],[-71.13414,42.35331],[-71.1343,42.35333],[-71.13439,42.35334]]},"properties":{"lts":3,"name":"Brighton Avenue","osmId":426490109,"goBoston":"future","project":null}},{"type":"Feature","geometry":{"type":"LineString","coordinates":[[-71.12769,42.35254],[-71.12826,42.35261],[-71.12836,42.35262]]},"properties":{"lts":3,"name":"Brighton Avenue","osmId":1162470046,"goBoston":"future","project":null}},{"type":"Feature","geometry":{"type":"LineString","coordinates":[[-71.13749,42.35355],[-71.13741,42.35353],[-71.13733,42.35352],[-71.13704,42.35348],[-71.13695,42.35347],[-71.13678,42.35345]]},"properties":{"lts":3,"name":"Brighton Avenue","osmId":426490112,"goBoston":"future","project":null}},{"type":"Feature","geometry":{"type":"LineString","coordinates":[[-71.13004,42.35271],[-71.12962,42.35266],[-71.12928,42.35262]]},"properties":{"lts":3,"name":"Brighton Avenue","osmId":1166311041,"goBoston":"future","project":null}},{"type":"Feature","geometry":{"type":"LineString","coordinates":[[-71.12928,42.35262],[-71.12849,42.35253],[-71.12844,42.35252],[-71.12839,42.35252]]},"properties":{"lts":3,"name":"Brighton Avenue","osmId":1166311042,"goBoston":"future","project":null}},{"type":"Feature","geometry":{"type":"LineString","coordinates":[[-71.12692,42.35233],[-71.12593,42.35222]]},"properties":{"lts":3,"name":"Brighton Avenue","osmId":924060513,"goBoston":"future","project":null}},{"type":"Feature","geometry":{"type":"LineString","coordinates":[[-71.12839,42.35252],[-71.1283,42.3525],[-71.12771,42.35243]]},"properties":{"lts":3,"name":"Brighton Avenue","osmId":1166311044,"goBoston":"future","project":null}},{"type":"Feature","geometry":{"type":"LineString","coordinates":[[-71.12771,42.35243],[-71.12692,42.35233]]},"properties":{"lts":3,"name":"Brighton Avenue","osmId":1166311046,"goBoston":"future","project":null}},{"type":"Feature","geometry":{"type":"LineString","coordinates":[[-71.13565,42.35338],[-71.13549,42.35336],[-71.13534,42.35335],[-71.13526,42.35334],[-71.13514,42.35332],[-71.13479,42.35328],[-71.13459,42.35326],[-71.13455,42.35325],[-71.13442,42.35324]]},"properties":{"lts":3,"name":"Brighton Avenue","osmId":923297083,"goBoston":"future","project":null}},{"type":"Feature","geometry":{"type":"LineString","coordinates":[[-71.12521,42.35213],[-71.1252,42.35213],[-71.12516,42.35212],[-71.12512,42.35212],[-71.12498,42.35211],[-71.12488,42.3521],[-71.12481,42.35209],[-71.12467,42.35209]]},"properties":{"lts":3,"name":"Brighton Avenue","osmId":1192462674,"goBoston":"future","project":null}},{"type":"Feature","geometry":{"type":"LineString","coordinates":[[-71.13442,42.35324],[-71.13404,42.35319],[-71.13396,42.35318]]},"properties":{"lts":3,"name":"Brighton Avenue","osmId":1166139475,"goBoston":"future","project":null}},{"type":"Feature","geometry":{"type":"LineString","coordinates":[[-71.13637,42.35342],[-71.13636,42.35342],[-71.13607,42.35341],[-71.13592,42.3534],[-71.13577,42.35339],[-71.13565,42.35338]]},"properties":{"lts":3,"name":"Brighton Avenue","osmId":1166139476,"goBoston":"future","project":null}},{"type":"Feature","geometry":{"type":"LineString","coordinates":[[-71.1302,42.35273],[-71.13014,42.35272],[-71.13004,42.35271]]},"properties":{"lts":3,"name":"Brighton Avenue","osmId":8647285,"goBoston":"future","project":null}},{"type":"Feature","geometry":{"type":"LineString","coordinates":[[-71.12593,42.35222],[-71.1257,42.35219],[-71.12552,42.35217],[-71.12526,42.35213],[-71.12521,42.35213]]},"properties":{"lts":3,"name":"Brighton Avenue","osmId":1055101267,"goBoston":"future","project":null}},{"type":"Feature","geometry":{"type":"LineString","coordinates":[[-71.1328,42.35303],[-71.13235,42.35297],[-71.13229,42.35297],[-71.13208,42.35294]]},"properties":{"lts":3,"name":"Brighton Avenue","osmId":426490103,"goBoston":"future","project":null}},{"type":"Feature","geometry":{"type":"LineString","coordinates":[[-71.13396,42.35318],[-71.13371,42.35314]]},"properties":{"lts":3,"name":"Brighton Avenue","osmId":426490105,"goBoston":"future","project":null}},{"type":"Feature","geometry":{"type":"LineString","coordinates":[[-71.13089,42.35281],[-71.13036,42.35274],[-71.13028,42.35273],[-71.1302,42.35273]]},"properties":{"lts":3,"name":"Brighton Avenue","osmId":426490106,"goBoston":"future","project":null}},{"type":"Feature","geometry":{"type":"LineString","coordinates":[[-71.13208,42.35294],[-71.13191,42.35292],[-71.13141,42.35286],[-71.13113,42.35283],[-71.13089,42.35281]]},"properties":{"lts":3,"name":"Brighton Avenue","osmId":426490107,"goBoston":"future","project":null}},{"type":"Feature","geometry":{"type":"LineString","coordinates":[[-71.13678,42.35345],[-71.13666,42.35343],[-71.13651,42.35342],[-71.13637,42.35342]]},"properties":{"lts":3,"name":"Brighton Avenue","osmId":923297084,"goBoston":"future","project":null}},{"type":"Feature","geometry":{"type":"LineString","coordinates":[[-71.13371,42.35314],[-71.13316,42.35308],[-71.1328,42.35303]]},"properties":{"lts":3,"name":"Brighton Avenue","osmId":426490110,"goBoston":"future","project":null}},{"type":"Feature","geometry":{"type":"LineString","coordinates":[[-71.14498,42.35111],[-71.14507,42.35106],[-71.14512,42.35101]]},"properties":{"lts":3,"name":"Cambridge Street","osmId":1088539392,"goBoston":"future","project":null}},{"type":"Feature","geometry":{"type":"LineString","coordinates":[[-71.13631,42.35403],[-71.13621,42.35407],[-71.13601,42.35415],[-71.1357,42.35428]]},"properties":{"lts":2,"name":"Cambridge Street","osmId":8647553,"goBoston":"future","project":null}},{"type":"Feature","geometry":{"type":"LineString","coordinates":[[-71.11843,42.36074],[-71.1183,42.36077],[-71.11816,42.36081],[-71.11805,42.36084],[-71.11792,42.36088],[-71.11779,42.36092]]},"properties":{"lts":3,"name":"Cambridge Street","osmId":829942531,"goBoston":"future","project":null}},{"type":"Feature","geometry":{"type":"LineString","coordinates":[[-71.12807,42.35738],[-71.12815,42.35735]]},"properties":{"lts":3,"name":"Cambridge Street","osmId":1389685381,"goBoston":"future","project":null}},{"type":"Feature","geometry":{"type":"LineString","coordinates":[[-71.13158,42.35606],[-71.1318,42.35598],[-71.132,42.35591],[-71.13215,42.35581]]},"properties":{"lts":3,"name":"Cambridge Street","osmId":88477190,"goBoston":"future","project":null}},{"type":"Feature","geometry":{"type":"LineString","coordinates":[[-71.13298,42.35544],[-71.13291,42.35547],[-71.13276,42.35554]]},"properties":{"lts":2,"name":"Cambridge Street","osmId":1292989837,"goBoston":"future","project":null}},{"type":"Feature","geometry":{"type":"LineString","coordinates":[[-71.12329,42.35907],[-71.12337,42.35903],[-71.1234,42.35902],[-71.12348,42.35899]]},"properties":{"lts":3,"name":"Cambridge Street","osmId":1292989838,"goBoston":"future","project":null}},{"type":"Feature","geometry":{"type":"LineString","coordinates":[[-71.11905,42.36061],[-71.11862,42.3607],[-71.11852,42.36072],[-71.11843,42.36074]]},"properties":{"lts":3,"name":"Cambridge Street","osmId":829942542,"goBoston":"future","project":null}},{"type":"Feature","geometry":{"type":"LineString","coordinates":[[-71.12479,42.35842],[-71.12434,42.35857],[-71.12415,42.35864],[-71.12392,42.35872]]},"properties":{"lts":4,"name":"Cambridge Street","osmId":1096312591,"goBoston":"future","project":null}},{"type":"Feature","geometry":{"type":"LineString","coordinates":[[-71.13215,42.35581],[-71.13228,42.35576],[-71.13233,42.35574],[-71.13237,42.35572]]},"properties":{"lts":3,"name":"Cambridge Street","osmId":1121986196,"goBoston":"future","project":null}},{"type":"Feature","geometry":{"type":"LineString","coordinates":[[-71.14642,42.35045],[-71.14623,42.35054],[-71.14597,42.35065]]},"properties":{"lts":2,"name":"Cambridge Street","osmId":1082211478,"goBoston":"future","project":null}},{"type":"Feature","geometry":{"type":"LineString","coordinates":[[-71.14708,42.35017],[-71.14665,42.35035]]},"properties":{"lts":3,"name":"Cambridge Street","osmId":1082211479,"goBoston":"future","project":null}},{"type":"Feature","geometry":{"type":"LineString","coordinates":[[-71.13005,42.35663],[-71.13158,42.35606]]},"properties":{"lts":3,"name":"Cambridge Street","osmId":8644374,"goBoston":"future","project":null}},{"type":"Feature","geometry":{"type":"LineString","coordinates":[[-71.14309,42.35161],[-71.14299,42.35164],[-71.14279,42.35168],[-71.14271,42.3517],[-71.14268,42.35171],[-71.1424,42.35179],[-71.14215,42.35188],[-71.14207,42.35191],[-71.14193,42.35196],[-71.14161,42.35207],[-71.14108,42.35226],[-71.14102,42.35228],[-71.14042,42.35249],[-71.14027,42.35254]]},"properties":{"lts":2,"name":"Cambridge Street","osmId":8648349,"goBoston":"future","project":null}},{"type":"Feature","geometry":{"type":"LineString","coordinates":[[-71.13649,42.35395],[-71.13631,42.35403]]},"properties":{"lts":3,"name":"Cambridge Street","osmId":1134063775,"goBoston":"future","project":null}},{"type":"Feature","geometry":{"type":"LineString","coordinates":[[-71.13651,42.35394],[-71.13649,42.35395]]},"properties":{"lts":3,"name":"Cambridge Street","osmId":1134063776,"goBoston":"future","project":null}},{"type":"Feature","geometry":{"type":"LineString","coordinates":[[-71.12019,42.36045],[-71.12032,42.36042],[-71.12044,42.36039],[-71.12062,42.36035]]},"properties":{"lts":3,"name":"Cambridge Street","osmId":1356530465,"goBoston":"future","project":null}},{"type":"Feature","geometry":{"type":"LineString","coordinates":[[-71.14027,42.35254],[-71.14015,42.35258],[-71.13985,42.3527],[-71.13958,42.3528],[-71.13951,42.35282],[-71.13928,42.35291],[-71.139,42.35299]]},"properties":{"lts":2,"name":"Cambridge Street","osmId":845899935,"goBoston":"future","project":null}},{"type":"Feature","geometry":{"type":"LineString","coordinates":[[-71.13264,42.3556],[-71.13276,42.35554]]},"properties":{"lts":3,"name":"Cambridge Street","osmId":1327129635,"goBoston":"future","project":null}},{"type":"Feature","geometry":{"type":"LineString","coordinates":[[-71.12747,42.35761],[-71.12756,42.35758],[-71.12763,42.35755]]},"properties":{"lts":3,"name":"Cambridge Street","osmId":1327129636,"goBoston":"future","project":null}},{"type":"Feature","geometry":{"type":"LineString","coordinates":[[-71.1194,42.36054],[-71.11905,42.36061]]},"properties":{"lts":3,"name":"Cambridge Street","osmId":1267768736,"goBoston":"future","project":null}},{"type":"Feature","geometry":{"type":"LineString","coordinates":[[-71.12347,42.35888],[-71.12342,42.3589],[-71.12337,42.35893],[-71.12333,42.35894],[-71.1233,42.35896],[-71.12322,42.359]]},"properties":{"lts":2,"name":"Cambridge Street","osmId":1327129633,"goBoston":"future","project":null}},{"type":"Feature","geometry":{"type":"LineString","coordinates":[[-71.12392,42.35872],[-71.12382,42.35875]]},"properties":{"lts":2,"name":"Cambridge Street","osmId":1327129632,"goBoston":"future","project":null}},{"type":"Feature","geometry":{"type":"LineString","coordinates":[[-71.13215,42.35581],[-71.13196,42.35584],[-71.13185,42.35588]]},"properties":{"lts":2,"name":"Cambridge Street","osmId":1267768737,"goBoston":"future","project":null}},{"type":"Feature","geometry":{"type":"LineString","coordinates":[[-71.13185,42.35588],[-71.1314,42.35603]]},"properties":{"lts":2,"name":"Cambridge Street","osmId":88477227,"goBoston":"future","project":null}},{"type":"Feature","geometry":{"type":"LineString","coordinates":[[-71.12264,42.35941],[-71.12276,42.35934],[-71.12293,42.35925],[-71.12303,42.35919],[-71.12311,42.35916],[-71.12329,42.35907]]},"properties":{"lts":2,"name":"Cambridge Street","osmId":426625715,"goBoston":"future","project":null}},{"type":"Feature","geometry":{"type":"LineString","coordinates":[[-71.12382,42.35875],[-71.12374,42.35878],[-71.12364,42.35881],[-71.12355,42.35885],[-71.12347,42.35888]]},"properties":{"lts":4,"name":"Cambridge Street","osmId":426625716,"goBoston":"future","project":null}},{"type":"Feature","geometry":{"type":"LineString","coordinates":[[-71.12643,42.35787],[-71.12479,42.35842]]},"properties":{"lts":4,"name":"Cambridge Street","osmId":426625718,"goBoston":"future","project":null}},{"type":"Feature","geometry":{"type":"LineString","coordinates":[[-71.12132,42.3601],[-71.12145,42.36005],[-71.12162,42.35997],[-71.12171,42.35992],[-71.12181,42.35986],[-71.12202,42.35975],[-71.12229,42.3596]]},"properties":{"lts":2,"name":"Cambridge Street","osmId":426625719,"goBoston":"future","project":null}},{"type":"Feature","geometry":{"type":"LineString","coordinates":[[-71.14665,42.35035],[-71.14642,42.35045]]},"properties":{"lts":2,"name":"Cambridge Street","osmId":1323812792,"goBoston":"future","project":null}},{"type":"Feature","geometry":{"type":"LineString","coordinates":[[-71.11846,42.36084],[-71.11925,42.36065],[-71.11933,42.36063],[-71.11941,42.36061]]},"properties":{"lts":3,"name":"Cambridge Street","osmId":923367748,"goBoston":"future","project":null}},{"type":"Feature","geometry":{"type":"LineString","coordinates":[[-71.12062,42.36035],[-71.1207,42.36032],[-71.12076,42.3603],[-71.1209,42.36026],[-71.12103,42.36021],[-71.12116,42.36016],[-71.12132,42.3601]]},"properties":{"lts":2,"name":"Cambridge Street","osmId":261609285,"goBoston":"future","project":null}},{"type":"Feature","geometry":{"type":"LineString","coordinates":[[-71.12763,42.35755],[-71.12793,42.35744],[-71.12799,42.35741],[-71.12807,42.35738]]},"properties":{"lts":3,"name":"Cambridge Street","osmId":426490566,"goBoston":"future","project":null}},{"type":"Feature","geometry":{"type":"LineString","coordinates":[[-71.12601,42.35812],[-71.12627,42.35803],[-71.12632,42.35801],[-71.12649,42.35796]]},"properties":{"lts":3,"name":"Cambridge Street","osmId":426490567,"goBoston":"future","project":null}},{"type":"Feature","geometry":{"type":"LineString","coordinates":[[-71.12322,42.359],[-71.12314,42.35904],[-71.12305,42.35908],[-71.12293,42.35915],[-71.1228,42.35922],[-71.12273,42.35926],[-71.12264,42.3593],[-71.12254,42.35936],[-71.1224,42.35944],[-71.12218,42.35957],[-71.12186,42.35974],[-71.1218,42.35977],[-71.1217,42.35983],[-71.1216,42.35988],[-71.1215,42.35993],[-71.12141,42.35997],[-71.12131,42.36001]]},"properties":{"lts":2,"name":"Cambridge Street","osmId":88477253,"goBoston":"future","project":null}},{"type":"Feature","geometry":{"type":"LineString","coordinates":[[-71.12871,42.35703],[-71.12819,42.35722],[-71.12804,42.35728]]},"properties":{"lts":2,"name":"Cambridge Street","osmId":426490565,"goBoston":"future","project":null}},{"type":"Feature","geometry":{"type":"LineString","coordinates":[[-71.12815,42.35735],[-71.13005,42.35663]]},"properties":{"lts":3,"name":"Cambridge Street","osmId":426490570,"goBoston":"future","project":null}},{"type":"Feature","geometry":{"type":"LineString","coordinates":[[-71.11779,42.36092],[-71.11783,42.36093],[-71.11786,42.36094],[-71.11789,42.36094],[-71.11794,42.36094],[-71.11797,42.36094],[-71.11801,42.36093],[-71.11805,42.36092],[-71.11826,42.36088],[-71.11838,42.36085],[-71.11846,42.36084]]},"properties":{"lts":3,"name":"Cambridge Street","osmId":44558794,"goBoston":"future","project":null}},{"type":"Feature","geometry":{"type":"LineString","coordinates":[[-71.12649,42.35796],[-71.12662,42.35792],[-71.12747,42.35761]]},"properties":{"lts":3,"name":"Cambridge Street","osmId":426490572,"goBoston":"future","project":null}},{"type":"Feature","geometry":{"type":"LineString","coordinates":[[-71.1298,42.35664],[-71.12896,42.35694],[-71.12871,42.35703]]},"properties":{"lts":2,"name":"Cambridge Street","osmId":426490568,"goBoston":"future","project":null}},{"type":"Feature","geometry":{"type":"LineString","coordinates":[[-71.13823,42.35326],[-71.13819,42.35328]]},"properties":{"lts":3,"name":"Cambridge Street","osmId":1363236686,"goBoston":"future","project":null}},{"type":"Feature","geometry":{"type":"LineString","coordinates":[[-71.13819,42.35328],[-71.13807,42.35332]]},"properties":{"lts":3,"name":"Cambridge Street","osmId":1363236687,"goBoston":"future","project":null}},{"type":"Feature","geometry":{"type":"LineString","coordinates":[[-71.12131,42.36001],[-71.12122,42.36005],[-71.12112,42.36009],[-71.12098,42.36014],[-71.12087,42.36018],[-71.12072,42.36023],[-71.12059,42.36027],[-71.12044,42.36031],[-71.12031,42.36035],[-71.12019,42.36038]]},"properties":{"lts":2,"name":"Cambridge Street","osmId":44468176,"goBoston":"future","project":null}},{"type":"Feature","geometry":{"type":"LineString","coordinates":[[-71.12723,42.35759],[-71.12659,42.35781],[-71.12655,42.35783],[-71.12643,42.35787]]},"properties":{"lts":2,"name":"Cambridge Street","osmId":426490569,"goBoston":"future","project":null}},{"type":"Feature","geometry":{"type":"LineString","coordinates":[[-71.12804,42.35728],[-71.12793,42.35732],[-71.12723,42.35759]]},"properties":{"lts":2,"name":"Cambridge Street","osmId":426490571,"goBoston":"future","project":null}},{"type":"Feature","geometry":{"type":"LineString","coordinates":[[-71.14512,42.35101],[-71.14504,42.35102],[-71.14494,42.35105],[-71.14472,42.35114],[-71.14447,42.35123],[-71.14426,42.3513],[-71.14394,42.35139],[-71.14367,42.35145],[-71.14332,42.35153],[-71.14318,42.35156],[-71.14313,42.35158],[-71.14309,42.35161]]},"properties":{"lts":3,"name":"Cambridge Street","osmId":1088539390,"goBoston":"future","project":null}},{"type":"Feature","geometry":{"type":"LineString","coordinates":[[-71.13731,42.35362],[-71.13749,42.35355]]},"properties":{"lts":3,"name":"Cambridge Street","osmId":8647252,"goBoston":"future","project":null}},{"type":"Feature","geometry":{"type":"LineString","coordinates":[[-71.13668,42.35387],[-71.13651,42.35394]]},"properties":{"lts":3,"name":"Cambridge Street","osmId":533472085,"goBoston":"future","project":null}},{"type":"Feature","geometry":{"type":"LineString","coordinates":[[-71.13807,42.35332],[-71.13766,42.35348],[-71.13762,42.3535],[-71.13749,42.35355]]},"properties":{"lts":3,"name":"Cambridge Street","osmId":426491734,"goBoston":"future","project":null}},{"type":"Feature","geometry":{"type":"LineString","coordinates":[[-71.14597,42.35065],[-71.14562,42.3508]]},"properties":{"lts":2,"name":"Cambridge Street","osmId":426491735,"goBoston":"future","project":null}},{"type":"Feature","geometry":{"type":"LineString","coordinates":[[-71.14562,42.3508],[-71.14554,42.35083],[-71.14512,42.35101]]},"properties":{"lts":2,"name":"Cambridge Street","osmId":426491736,"goBoston":"future","project":null}},{"type":"Feature","geometry":{"type":"LineString","coordinates":[[-71.13668,42.35387],[-71.13707,42.35371],[-71.13709,42.35371],[-71.13713,42.35369],[-71.13731,42.35362]]},"properties":{"lts":3,"name":"Cambridge Street","osmId":533472089,"goBoston":"future","project":null}},{"type":"Feature","geometry":{"type":"LineString","coordinates":[[-71.13834,42.35322],[-71.1383,42.35324],[-71.13823,42.35326]]},"properties":{"lts":3,"name":"Cambridge Street","osmId":206773726,"goBoston":"future","project":null}},{"type":"Feature","geometry":{"type":"LineString","coordinates":[[-71.1314,42.35603],[-71.13134,42.35605]]},"properties":{"lts":2,"name":"Cambridge Street","osmId":26428902,"goBoston":"future","project":null}},{"type":"Feature","geometry":{"type":"LineString","coordinates":[[-71.12348,42.35899],[-71.12354,42.35896],[-71.1236,42.35894],[-71.1237,42.35891],[-71.1238,42.35887],[-71.12395,42.35882],[-71.12469,42.35856],[-71.12601,42.35812]]},"properties":{"lts":3,"name":"Cambridge Street","osmId":923413864,"goBoston":"future","project":null}},{"type":"Feature","geometry":{"type":"LineString","coordinates":[[-71.11941,42.36061],[-71.11969,42.36055],[-71.11998,42.36049],[-71.12019,42.36045]]},"properties":{"lts":3,"name":"Cambridge Street","osmId":1356246378,"goBoston":"future","project":null}},{"type":"Feature","geometry":{"type":"LineString","coordinates":[[-71.12019,42.36038],[-71.12012,42.36039],[-71.12003,42.36041],[-71.11989,42.36044],[-71.1194,42.36054]]},"properties":{"lts":2,"name":"Cambridge Street","osmId":26404844,"goBoston":"future","project":null}},{"type":"Feature","geometry":{"type":"LineString","coordinates":[[-71.13237,42.35572],[-71.13247,42.35568],[-71.13264,42.3556]]},"properties":{"lts":3,"name":"Cambridge Street","osmId":426490866,"goBoston":"future","project":null}},{"type":"Feature","geometry":{"type":"LineString","coordinates":[[-71.12229,42.3596],[-71.12264,42.35941]]},"properties":{"lts":2,"name":"Cambridge Street","osmId":1088539385,"goBoston":"future","project":null}},{"type":"Feature","geometry":{"type":"LineString","coordinates":[[-71.13134,42.35605],[-71.1298,42.35664]]},"properties":{"lts":2,"name":"Cambridge Street","osmId":1088539388,"goBoston":"future","project":null}},{"type":"Feature","geometry":{"type":"LineString","coordinates":[[-71.139,42.35299],[-71.13886,42.35304],[-71.13834,42.35322]]},"properties":{"lts":3,"name":"Cambridge Street","osmId":1088539389,"goBoston":"future","project":null}},{"type":"Feature","geometry":{"type":"LineString","coordinates":[[-71.1357,42.35428],[-71.13532,42.35444],[-71.13521,42.35449],[-71.13508,42.35455],[-71.13492,42.35462],[-71.13469,42.35471],[-71.1345,42.35479],[-71.1344,42.35484],[-71.1343,42.35488],[-71.13404,42.35499],[-71.13383,42.35508],[-71.1336,42.35518],[-71.13327,42.35532],[-71.13324,42.35533],[-71.13298,42.35544]]},"properties":{"lts":2,"name":"Cambridge Street","osmId":8651646,"goBoston":"future","project":null}},{"type":"Feature","geometry":{"type":"LineString","coordinates":[[-71.14309,42.35161],[-71.14315,42.35162],[-71.14321,42.35162],[-71.14366,42.35156],[-71.14383,42.35154],[-71.14399,42.3515],[-71.1442,42.35144],[-71.14437,42.35137],[-71.14457,42.35128],[-71.14474,42.35121],[-71.14498,42.35111]]},"properties":{"lts":3,"name":"Cambridge Street","osmId":1088539391,"goBoston":"future","project":null}},{"type":"Feature","geometry":{"type":"LineString","coordinates":[[-71.13094,42.35028],[-71.13098,42.35036]]},"properties":{"lts":2,"name":"Harvard Avenue","osmId":570156800,"goBoston":"future","project":null}},{"type":"Feature","geometry":{"type":"LineString","coordinates":[[-71.1327,42.35523],[-71.13274,42.35542],[-71.13275,42.35548],[-71.13276,42.35554]]},"properties":{"lts":3,"name":"Harvard Avenue","osmId":426490113,"goBoston":"future","project":null}},{"type":"Feature","geometry":{"type":"LineString","coordinates":[[-71.13144,42.35117],[-71.13147,42.35122],[-71.1316,42.35144],[-71.13167,42.35162],[-71.13173,42.35179],[-71.13175,42.35185]]},"properties":{"lts":2,"name":"Harvard Avenue","osmId":521563940,"goBoston":"future","project":null}},{"type":"Feature","geometry":{"type":"LineString","coordinates":[[-71.13175,42.35185],[-71.13181,42.35201],[-71.13192,42.35237]]},"properties":{"lts":2,"name":"Harvard Avenue","osmId":290701541,"goBoston":"future","project":null}},{"type":"Feature","geometry":{"type":"LineString","coordinates":[[-71.13192,42.35237],[-71.13193,42.3524],[-71.13198,42.35257],[-71.132,42.35264]]},"properties":{"lts":2,"name":"Harvard Avenue","osmId":290701542,"goBoston":"future","project":null}},{"type":"Feature","geometry":{"type":"LineString","coordinates":[[-71.13208,42.35294],[-71.13211,42.35306]]},"properties":{"lts":2,"name":"Harvard Avenue","osmId":591284839,"goBoston":"future","project":null}},{"type":"Feature","geometry":{"type":"LineString","coordinates":[[-71.13211,42.35306],[-71.13213,42.35315],[-71.13213,42.35317],[-71.13217,42.35337],[-71.13219,42.35346],[-71.13225,42.35376],[-71.13234,42.35407],[-71.13237,42.35414],[-71.13239,42.35422],[-71.13251,42.35461],[-71.13253,42.35468],[-71.13264,42.35504],[-71.1327,42.35522],[-71.1327,42.35523]]},"properties":{"lts":2,"name":"Harvard Avenue","osmId":290701544,"goBoston":"future","project":null}},{"type":"Feature","geometry":{"type":"LineString","coordinates":[[-71.12974,42.34885],[-71.12978,42.3489],[-71.12989,42.34905],[-71.12991,42.34907],[-71.13003,42.34921],[-71.13011,42.34931],[-71.13021,42.34939],[-71.13036,42.34954],[-71.13052,42.3497],[-71.13058,42.34976],[-71.13064,42.34983],[-71.13067,42.34986],[-71.13081,42.35007],[-71.13084,42.3501],[-71.13087,42.35016]]},"properties":{"lts":2,"name":"Harvard Avenue","osmId":8636516,"goBoston":"future","project":null}},{"type":"Feature","geometry":{"type":"LineString","coordinates":[[-71.13087,42.35016],[-71.13094,42.35028]]},"properties":{"lts":2,"name":"Harvard Avenue","osmId":571190609,"goBoston":"future","project":null}},{"type":"Feature","geometry":{"type":"LineString","coordinates":[[-71.132,42.35264],[-71.13205,42.35285],[-71.13206,42.35289],[-71.13207,42.35291],[-71.13208,42.35294]]},"properties":{"lts":2,"name":"Harvard Avenue","osmId":1088855669,"goBoston":"future","project":null}},{"type":"Feature","geometry":{"type":"LineString","coordinates":[[-71.13106,42.3505],[-71.1311,42.35056],[-71.13111,42.35059],[-71.13128,42.35087],[-71.13144,42.35117]]},"properties":{"lts":2,"name":"Harvard Avenue","osmId":570156796,"goBoston":"future","project":null}},{"type":"Feature","geometry":{"type":"LineString","coordinates":[[-71.13098,42.35036],[-71.13102,42.35042],[-71.13103,42.35045],[-71.13106,42.3505]]},"properties":{"lts":2,"name":"Harvard Avenue","osmId":570156798,"goBoston":"future","project":null}},{"type":"Feature","geometry":{"type":"LineString","coordinates":[[-71.11706,42.36424],[-71.11759,42.3642]]},"properties":{"lts":3,"name":"Western Avenue","osmId":1154666978,"goBoston":"future","project":null}},{"type":"Feature","geometry":{"type":"LineString","coordinates":[[-71.11759,42.3642],[-71.11767,42.36419],[-71.11771,42.36419]]},"properties":{"lts":3,"name":"Western Avenue","osmId":1336401887,"goBoston":"future","project":null}},{"type":"Feature","geometry":{"type":"LineString","coordinates":[[-71.11771,42.36419],[-71.11783,42.36418]]},"properties":{"lts":2,"name":"Western Avenue","osmId":41740493,"goBoston":"future","project":null}},{"type":"Feature","geometry":{"type":"LineString","coordinates":[[-71.11783,42.36418],[-71.11788,42.36418]]},"properties":{"lts":3,"name":"Western Avenue","osmId":1119834877,"goBoston":"future","project":null}},{"type":"Feature","geometry":{"type":"LineString","coordinates":[[-71.11788,42.36418],[-71.1181,42.36416]]},"properties":{"lts":3,"name":"Western Avenue","osmId":86340453,"goBoston":"future","project":null}},{"type":"Feature","geometry":{"type":"LineString","coordinates":[[-71.1181,42.36416],[-71.11814,42.36416],[-71.11818,42.36416]]},"properties":{"lts":3,"name":"Western Avenue","osmId":591284854,"goBoston":"future","project":null}},{"type":"Feature","geometry":{"type":"LineString","coordinates":[[-71.11818,42.36416],[-71.11834,42.36416],[-71.11836,42.36416],[-71.1184,42.36416],[-71.1186,42.36414],[-71.11867,42.36414],[-71.11874,42.36413],[-71.11881,42.36412],[-71.11891,42.3641]]},"properties":{"lts":2,"name":"Western Avenue","osmId":328012571,"goBoston":"future","project":null}},{"type":"Feature","geometry":{"type":"LineString","coordinates":[[-71.14389,42.36184],[-71.14438,42.36175]]},"properties":{"lts":3,"name":"Western Avenue","osmId":1336401888,"goBoston":"future","project":null}},{"type":"Feature","geometry":{"type":"LineString","coordinates":[[-71.14525,42.36159],[-71.14535,42.36159],[-71.14543,42.36159],[-71.14551,42.36159],[-71.14555,42.36159],[-71.14558,42.36159],[-71.14564,42.3616],[-71.1457,42.3616]]},"properties":{"lts":3,"name":"Western Avenue","osmId":41826148,"goBoston":"future","project":null}},{"type":"Feature","geometry":{"type":"LineString","coordinates":[[-71.14601,42.36163],[-71.14608,42.36164],[-71.14622,42.36165]]},"properties":{"lts":3,"name":"Western Avenue","osmId":1355612773,"goBoston":"future","project":null}},{"type":"Feature","geometry":{"type":"LineString","coordinates":[[-71.14438,42.36175],[-71.14444,42.36174],[-71.14451,42.36173]]},"properties":{"lts":3,"name":"Western Avenue","osmId":924770822,"goBoston":"future","project":null}},{"type":"Feature","geometry":{"type":"LineString","coordinates":[[-71.13863,42.36277],[-71.13881,42.36275],[-71.13922,42.36269],[-71.13966,42.36261],[-71.13975,42.3626],[-71.14015,42.36254],[-71.14024,42.36252],[-71.14035,42.3625],[-71.14066,42.36245],[-71.14082,42.36242],[-71.14099,42.36239],[-71.14121,42.36234],[-71.14217,42.36216],[-71.14228,42.36214],[-71.14245,42.36211],[-71.14252,42.3621],[-71.14284,42.36204],[-71.14287,42.36203],[-71.14313,42.36198],[-71.14335,42.36194],[-71.14349,42.36192],[-71.14389,42.36184]]},"properties":{"lts":2,"name":"Western Avenue","osmId":924770823,"goBoston":"future","project":null}},{"type":"Feature","geometry":{"type":"LineString","coordinates":[[-71.14622,42.36155],[-71.14611,42.36154]]},"properties":{"lts":3,"name":"Western Avenue","osmId":1355612776,"goBoston":"future","project":null}},{"type":"Feature","geometry":{"type":"LineString","coordinates":[[-71.14638,42.36157],[-71.14629,42.36156],[-71.14622,42.36155]]},"properties":{"lts":3,"name":"Western Avenue","osmId":1355612777,"goBoston":"future","project":null}},{"type":"Feature","geometry":{"type":"LineString","coordinates":[[-71.13738,42.36292],[-71.13749,42.3629],[-71.13797,42.36285],[-71.13822,42.36282],[-71.1383,42.36281],[-71.13843,42.36279],[-71.13852,42.36278],[-71.13854,42.36278],[-71.13863,42.36277]]},"properties":{"lts":2,"name":"Western Avenue","osmId":563435946,"goBoston":"future","project":null}},{"type":"Feature","geometry":{"type":"LineString","coordinates":[[-71.14622,42.36165],[-71.14629,42.36166]]},"properties":{"lts":3,"name":"Western Avenue","osmId":1355612774,"goBoston":"future","project":null}},{"type":"Feature","geometry":{"type":"LineString","coordinates":[[-71.14577,42.36151],[-71.14572,42.36151],[-71.14566,42.36151],[-71.1456,42.36151],[-71.14555,42.36152],[-71.1455,42.36152],[-71.14545,42.36153],[-71.1454,42.36154],[-71.14535,42.36155],[-71.1453,42.36157],[-71.14525,42.36159]]},"properties":{"lts":2,"name":"Western Avenue","osmId":41826163,"goBoston":"future","project":null}},{"type":"Feature","geometry":{"type":"LineString","coordinates":[[-71.1457,42.3616],[-71.14601,42.36163]]},"properties":{"lts":3,"name":"Western Avenue","osmId":41826164,"goBoston":"future","project":null}},{"type":"Feature","geometry":{"type":"LineString","coordinates":[[-71.14451,42.36173],[-71.14525,42.36159]]},"properties":{"lts":3,"name":"Western Avenue","osmId":426484632,"goBoston":"future","project":null}},{"type":"Feature","geometry":{"type":"LineString","coordinates":[[-71.14664,42.3616],[-71.14638,42.36157]]},"properties":{"lts":3,"name":"Western Avenue","osmId":100920950,"goBoston":"future","project":null}},{"type":"Feature","geometry":{"type":"LineString","coordinates":[[-71.14654,42.36168],[-71.14669,42.36169]]},"properties":{"lts":3,"name":"Western Avenue","osmId":768261951,"goBoston":"future","project":null}},{"type":"Feature","geometry":{"type":"LineString","coordinates":[[-71.14629,42.36166],[-71.14638,42.36166],[-71.14654,42.36168]]},"properties":{"lts":3,"name":"Western Avenue","osmId":768261944,"goBoston":"future","project":null}},{"type":"Feature","geometry":{"type":"LineString","coordinates":[[-71.14611,42.36154],[-71.14602,42.36153],[-71.14591,42.36152]]},"properties":{"lts":3,"name":"Western Avenue","osmId":768261946,"goBoston":"future","project":null}},{"type":"Feature","geometry":{"type":"LineString","coordinates":[[-71.14591,42.36152],[-71.14587,42.36152],[-71.14582,42.36151],[-71.14577,42.36151]]},"properties":{"lts":3,"name":"Western Avenue","osmId":768261949,"goBoston":"future","project":null}},{"type":"Feature","geometry":{"type":"LineString","coordinates":[[-71.14677,42.36162],[-71.14672,42.36161],[-71.14668,42.3616],[-71.14664,42.3616]]},"properties":{"lts":3,"name":"Western Avenue","osmId":1199625247,"goBoston":"future","project":null}},{"type":"Feature","geometry":{"type":"LineString","coordinates":[[-71.14577,42.36151],[-71.1457,42.3616]]},"properties":{"lts":3,"name":"Leo M. Birmingham Parkway","osmId":8651589,"goBoston":"future","project":null}},{"type":"Feature","geometry":{"type":"LineString","coordinates":[[-71.1457,42.3616],[-71.14577,42.36159],[-71.14581,42.36157],[-71.14585,42.36156],[-71.14589,42.36154],[-71.14591,42.36152]]},"properties":{"lts":3,"name":"Leo M. Birmingham Parkway","osmId":8650663,"goBoston":"future","project":null}},{"type":"Feature","geometry":{"type":"LineString","coordinates":[[-71.14618,42.36087],[-71.14588,42.36136],[-71.14577,42.36151]]},"properties":{"lts":3,"name":"Leo M. Birmingham Parkway","osmId":427628715,"goBoston":"future","project":null}},{"type":"Feature","geometry":{"type":"LineString","coordinates":[[-71.14635,42.36061],[-71.14627,42.36073],[-71.14618,42.36087]]},"properties":{"lts":3,"name":"Leo M. Birmingham Parkway","osmId":1412408019,"goBoston":"future","project":null}},{"type":"Feature","geometry":{"type":"LineString","coordinates":[[-71.14661,42.36052],[-71.1467,42.36038],[-71.14711,42.35972],[-71.14733,42.35936]]},"properties":{"lts":3,"name":"Leo M. Birmingham Parkway","osmId":426484630,"goBoston":"future","project":null}},{"type":"Feature","geometry":{"type":"LineString","coordinates":[[-71.14754,42.35884],[-71.14751,42.35884],[-71.14745,42.35884]]},"properties":{"lts":3,"name":"Leo M. Birmingham Parkway","osmId":1375091544,"goBoston":"future","project":null}},{"type":"Feature","geometry":{"type":"LineString","coordinates":[[-71.14733,42.35936],[-71.1475,42.35906],[-71.14751,42.35903],[-71.14754,42.35884]]},"properties":{"lts":3,"name":"Leo M. Birmingham Parkway","osmId":1421284376,"goBoston":"future","project":null}},{"type":"Feature","geometry":{"type":"LineString","coordinates":[[-71.14591,42.36152],[-71.14593,42.36151],[-71.14596,42.36149],[-71.14598,42.36146],[-71.14601,42.36144],[-71.14603,42.36141],[-71.14615,42.36122],[-71.14619,42.36115],[-71.14624,42.36109],[-71.14654,42.36063],[-71.14661,42.36052]]},"properties":{"lts":3,"name":"Leo M. Birmingham Parkway","osmId":768261948,"goBoston":"future","project":null}},{"type":"Feature","geometry":{"type":"LineString","coordinates":[[-71.14745,42.35884],[-71.14736,42.35898],[-71.14713,42.35935],[-71.14705,42.35949],[-71.1468,42.35988],[-71.14654,42.3603],[-71.14652,42.36033],[-71.14645,42.36044],[-71.14635,42.36061]]},"properties":{"lts":3,"name":"Leo M. Birmingham Parkway","osmId":41826175,"goBoston":"future","project":null}},{"type":"Feature","geometry":{"type":"LineString","coordinates":[[-71.13738,42.36292],[-71.13739,42.36299],[-71.13753,42.36367],[-71.13755,42.36375],[-71.13759,42.36394],[-71.13759,42.36396],[-71.1376,42.36399],[-71.13761,42.36401],[-71.13762,42.36403]]},"properties":{"lts":2,"name":"Telford Street","osmId":8644847,"goBoston":"future","project":null}},{"type":"Feature","geometry":{"type":"LineString","coordinates":[[-71.08642,42.34342],[-71.08607,42.34337],[-71.08603,42.34336],[-71.08588,42.34337],[-71.08579,42.34337]]},"properties":{"lts":3,"name":"Westland Avenue","osmId":672327411,"goBoston":"future","project":null}},{"type":"Feature","geometry":{"type":"LineString","coordinates":[[-71.08678,42.34348],[-71.08647,42.34343],[-71.08642,42.34342]]},"properties":{"lts":2,"name":"Westland Avenue","osmId":1377364080,"goBoston":"future","project":null}},{"type":"Feature","geometry":{"type":"LineString","coordinates":[[-71.08724,42.34355],[-71.08693,42.3435],[-71.08678,42.34348]]},"properties":{"lts":2,"name":"Westland Avenue","osmId":1081022445,"goBoston":"future","project":null}},{"type":"Feature","geometry":{"type":"LineString","coordinates":[[-71.08761,42.34361],[-71.08724,42.34355]]},"properties":{"lts":2,"name":"Westland Avenue","osmId":1309546613,"goBoston":"future","project":null}},{"type":"Feature","geometry":{"type":"LineString","coordinates":[[-71.08691,42.34379],[-71.08699,42.34377],[-71.08749,42.34364],[-71.08761,42.34361]]},"properties":{"lts":1,"name":"Westland Avenue","osmId":8645709,"goBoston":"future","project":null}},{"type":"Feature","geometry":{"type":"LineString","coordinates":[[-71.08944,42.34389],[-71.08859,42.34376],[-71.08801,42.34367],[-71.08781,42.34364],[-71.08776,42.34363],[-71.08761,42.34361]]},"properties":{"lts":2,"name":"Westland Avenue","osmId":8646628,"goBoston":"future","project":null}},{"type":"Feature","geometry":{"type":"LineString","coordinates":[[-71.08991,42.34396],[-71.08981,42.34394],[-71.08979,42.34394],[-71.08944,42.34389]]},"properties":{"lts":2,"name":"Westland Avenue","osmId":1317061165,"goBoston":"future","project":null}},{"type":"Feature","geometry":{"type":"LineString","coordinates":[[-71.08991,42.34396],[-71.09001,42.34398],[-71.09001,42.34398],[-71.09002,42.34398],[-71.09017,42.34401],[-71.09033,42.34406]]},"properties":{"lts":3,"name":"Westland Avenue","osmId":426623435,"goBoston":"future","project":null}},{"type":"Feature","geometry":{"type":"LineString","coordinates":[[-71.09033,42.34406],[-71.09049,42.34413]]},"properties":{"lts":2,"name":"Westland Avenue","osmId":1303611196,"goBoston":"future","project":null}},{"type":"Feature","geometry":{"type":"LineString","coordinates":[[-71.09049,42.34413],[-71.09058,42.34419],[-71.0906,42.34422],[-71.09063,42.34425]]},"properties":{"lts":2,"name":"Westland Avenue","osmId":426623439,"goBoston":"future","project":null}},{"type":"Feature","geometry":{"type":"LineString","coordinates":[[-71.09077,42.34439],[-71.09068,42.3443],[-71.09064,42.34426],[-71.09063,42.34425]]},"properties":{"lts":3,"name":"Westland Avenue","osmId":1088867214,"goBoston":"future","project":null}},{"type":"Feature","geometry":{"type":"LineString","coordinates":[[-71.10266,42.34612],[-71.10265,42.34612],[-71.10263,42.34614],[-71.10255,42.34619],[-71.10251,42.34621],[-71.10247,42.34623],[-71.10243,42.34625],[-71.10236,42.34628],[-71.10231,42.3463],[-71.10228,42.34631],[-71.10223,42.34634],[-71.10219,42.34637],[-71.10208,42.34644],[-71.10195,42.34651],[-71.1019,42.34655],[-71.10184,42.34658],[-71.10175,42.34663],[-71.10171,42.34666],[-71.10165,42.34669],[-71.10159,42.34672],[-71.10143,42.34678],[-71.1014,42.3468],[-71.10138,42.34681],[-71.10127,42.34686],[-71.10122,42.34688]]},"properties":{"lts":1,"name":"Fenway Multi-Use Path","osmId":240750652,"goBoston":"future","project":null}},{"type":"Feature","geometry":{"type":"LineString","coordinates":[[-71.10388,42.34468],[-71.10384,42.3447],[-71.10389,42.34479],[-71.10393,42.34486],[-71.10396,42.3449],[-71.10398,42.34494],[-71.104,42.34497],[-71.10401,42.345],[-71.10402,42.34503],[-71.10403,42.34506],[-71.10404,42.34509],[-71.10405,42.34511],[-71.10405,42.34513],[-71.10405,42.34515],[-71.10405,42.34518],[-71.10405,42.3452],[-71.10405,42.34522],[-71.10405,42.34525],[-71.10405,42.34528],[-71.10404,42.34532],[-71.10404,42.34534],[-71.10403,42.34536],[-71.10403,42.34538],[-71.10403,42.34539],[-71.10402,42.3454],[-71.10401,42.34541],[-71.104,42.34543],[-71.10399,42.34544],[-71.10398,42.34545],[-71.10396,42.34546],[-71.10378,42.34556],[-71.1033,42.34583],[-71.10292,42.34604],[-71.1029,42.34605],[-71.10289,42.34605],[-71.10287,42.34606],[-71.10286,42.34606],[-71.10284,42.34606],[-71.10282,42.34606],[-71.10281,42.34606],[-71.10279,42.34607],[-71.10277,42.34608],[-71.10275,42.34609]]},"properties":{"lts":1,"name":"Fenway Multi-Use Path","osmId":835388366,"goBoston":"future","project":null}},{"type":"Feature","geometry":{"type":"LineString","coordinates":[[-71.10275,42.34609],[-71.1027,42.3461],[-71.10266,42.34612]]},"properties":{"lts":1,"name":"Fenway Multi-Use Path","osmId":1291151684,"goBoston":"future","project":null}},{"type":"Feature","geometry":{"type":"LineString","coordinates":[[-71.10115,42.34691],[-71.10121,42.34689],[-71.10122,42.34688]]},"properties":{"lts":1,"name":"Fenway Multi-Use Path","osmId":1333656315,"goBoston":"future","project":null}},{"type":"Feature","geometry":{"type":"LineString","coordinates":[[-71.09159,42.3492],[-71.0917,42.3492]]},"properties":{"lts":3,"name":"Commonwealth Avenue","osmId":822646968,"goBoston":"future","project":null}},{"type":"Feature","geometry":{"type":"LineString","coordinates":[[-71.0917,42.3492],[-71.09195,42.34919]]},"properties":{"lts":3,"name":"Commonwealth Avenue","osmId":822646969,"goBoston":"future","project":null}},{"type":"Feature","geometry":{"type":"LineString","coordinates":[[-71.09195,42.34919],[-71.09272,42.34917],[-71.09285,42.34917]]},"properties":{"lts":3,"name":"Commonwealth Avenue","osmId":1119772946,"goBoston":"future","project":null}},{"type":"Feature","geometry":{"type":"LineString","coordinates":[[-71.09285,42.34917],[-71.09295,42.34917],[-71.09484,42.34914],[-71.09489,42.34914],[-71.09499,42.34914]]},"properties":{"lts":3,"name":"Commonwealth Avenue","osmId":822646970,"goBoston":"future","project":null}},{"type":"Feature","geometry":{"type":"LineString","coordinates":[[-71.09499,42.34914],[-71.0951,42.34913],[-71.09514,42.34913],[-71.09525,42.34913]]},"properties":{"lts":3,"name":"Commonwealth Avenue","osmId":1413368793,"goBoston":"future","project":null}},{"type":"Feature","geometry":{"type":"LineString","coordinates":[[-71.09525,42.34913],[-71.09546,42.34913],[-71.09561,42.34912],[-71.09569,42.34912],[-71.09575,42.34912],[-71.09576,42.34912],[-71.09578,42.34912],[-71.09581,42.34912],[-71.09585,42.34911],[-71.09591,42.3491],[-71.09597,42.34909],[-71.09604,42.34908]]},"properties":{"lts":2,"name":"Commonwealth Avenue","osmId":1389436947,"goBoston":"future","project":null}},{"type":"Feature","geometry":{"type":"LineString","coordinates":[[-71.09604,42.34908],[-71.09616,42.34905],[-71.09623,42.34904],[-71.09633,42.34903],[-71.09637,42.34902],[-71.09642,42.34901],[-71.09649,42.34901],[-71.09656,42.349],[-71.0966,42.349],[-71.09665,42.34899],[-71.09669,42.34899],[-71.09674,42.34899]]},"properties":{"lts":3,"name":"Commonwealth Avenue","osmId":1389671761,"goBoston":"future","project":null}},{"type":"Feature","geometry":{"type":"LineString","coordinates":[[-71.09674,42.34899],[-71.09689,42.34899],[-71.09695,42.34899]]},"properties":{"lts":3,"name":"Commonwealth Avenue","osmId":1389671762,"goBoston":"future","project":null}},{"type":"Feature","geometry":{"type":"LineString","coordinates":[[-71.09695,42.34899],[-71.09701,42.34899],[-71.09706,42.34899],[-71.09711,42.34899],[-71.09717,42.34899],[-71.0972,42.34899],[-71.09725,42.349],[-71.09733,42.349],[-71.0974,42.34901],[-71.0975,42.34902],[-71.09759,42.34903]]},"properties":{"lts":2,"name":"Commonwealth Avenue","osmId":240745677,"goBoston":"future","project":null}},{"type":"Feature","geometry":{"type":"LineString","coordinates":[[-71.09759,42.34903],[-71.09813,42.34909],[-71.09928,42.34923],[-71.10039,42.34936],[-71.10044,42.34937],[-71.10057,42.34938]]},"properties":{"lts":3,"name":"Commonwealth Avenue","osmId":1394170882,"goBoston":"future","project":null}},{"type":"Feature","geometry":{"type":"LineString","coordinates":[[-71.10057,42.34938],[-71.10072,42.3494],[-71.10206,42.34957]]},"properties":{"lts":3,"name":"Commonwealth Avenue","osmId":519868599,"goBoston":"future","project":null}},{"type":"Feature","geometry":{"type":"LineString","coordinates":[[-71.10206,42.34957],[-71.10302,42.34968],[-71.10342,42.34973],[-71.10347,42.34974],[-71.10364,42.34976]]},"properties":{"lts":1,"name":"Commonwealth Avenue","osmId":1267795949,"goBoston":"future","project":null}},{"type":"Feature","geometry":{"type":"LineString","coordinates":[[-71.10364,42.34976],[-71.10376,42.34977],[-71.10388,42.34979],[-71.10484,42.34991],[-71.10489,42.34991],[-71.1049,42.34991],[-71.105,42.34993],[-71.1057,42.35001]]},"properties":{"lts":3,"name":"Commonwealth Avenue","osmId":519868604,"goBoston":"future","project":null}},{"type":"Feature","geometry":{"type":"LineString","coordinates":[[-71.1057,42.35001],[-71.10636,42.35009],[-71.10641,42.3501],[-71.10644,42.3501],[-71.10655,42.35012]]},"properties":{"lts":3,"name":"Commonwealth Avenue","osmId":426494693,"goBoston":"future","project":null}},{"type":"Feature","geometry":{"type":"LineString","coordinates":[[-71.10655,42.35012],[-71.10668,42.35014],[-71.10832,42.35034],[-71.10853,42.35036],[-71.10871,42.35037]]},"properties":{"lts":2,"name":"Commonwealth Avenue","osmId":426494697,"goBoston":"future","project":null}},{"type":"Feature","geometry":{"type":"LineString","coordinates":[[-71.10871,42.35037],[-71.10931,42.35044],[-71.10937,42.35044],[-71.10969,42.35048]]},"properties":{"lts":2,"name":"Commonwealth Avenue","osmId":8648572,"goBoston":"future","project":null}},{"type":"Feature","geometry":{"type":"LineString","coordinates":[[-71.10969,42.35048],[-71.11051,42.35057]]},"properties":{"lts":2,"name":"Commonwealth Avenue","osmId":1088886562,"goBoston":"future","project":null}},{"type":"Feature","geometry":{"type":"LineString","coordinates":[[-71.11051,42.35057],[-71.11073,42.3506],[-71.11076,42.35061],[-71.11092,42.35063]]},"properties":{"lts":2,"name":"Commonwealth Avenue","osmId":521561072,"goBoston":"future","project":null}},{"type":"Feature","geometry":{"type":"LineString","coordinates":[[-71.11099,42.35047],[-71.11092,42.35046]]},"properties":{"lts":2,"name":"Commonwealth Avenue","osmId":521561073,"goBoston":"future","project":null}},{"type":"Feature","geometry":{"type":"LineString","coordinates":[[-71.11092,42.35046],[-71.1108,42.35044],[-71.11068,42.35042]]},"properties":{"lts":2,"name":"Commonwealth Avenue","osmId":436643920,"goBoston":"future","project":null}},{"type":"Feature","geometry":{"type":"LineString","coordinates":[[-71.11068,42.35042],[-71.11025,42.35036],[-71.11009,42.35034]]},"properties":{"lts":2,"name":"Commonwealth Avenue","osmId":1088886561,"goBoston":"future","project":null}},{"type":"Feature","geometry":{"type":"LineString","coordinates":[[-71.11009,42.35034],[-71.10998,42.35033],[-71.10964,42.35028],[-71.10945,42.35026]]},"properties":{"lts":2,"name":"Commonwealth Avenue","osmId":421279232,"goBoston":"future","project":null}},{"type":"Feature","geometry":{"type":"LineString","coordinates":[[-71.10945,42.35026],[-71.10919,42.35022],[-71.10904,42.35021]]},"properties":{"lts":3,"name":"Commonwealth Avenue","osmId":1279430139,"goBoston":"future","project":null}},{"type":"Feature","geometry":{"type":"LineString","coordinates":[[-71.10904,42.35021],[-71.10882,42.35018],[-71.10874,42.35017],[-71.10679,42.34994],[-71.10675,42.34993],[-71.10659,42.34991]]},"properties":{"lts":3,"name":"Commonwealth Avenue","osmId":521561075,"goBoston":"future","project":null}},{"type":"Feature","geometry":{"type":"LineString","coordinates":[[-71.10659,42.34991],[-71.10646,42.34989],[-71.10516,42.34974],[-71.10505,42.34972]]},"properties":{"lts":3,"name":"Commonwealth Avenue","osmId":1408116831,"goBoston":"future","project":null}},{"type":"Feature","geometry":{"type":"LineString","coordinates":[[-71.10505,42.34972],[-71.10492,42.34971],[-71.10387,42.34958],[-71.10381,42.34958],[-71.10368,42.34956],[-71.10353,42.34954],[-71.10286,42.34946]]},"properties":{"lts":2,"name":"Commonwealth Avenue","osmId":196203206,"goBoston":"future","project":null}},{"type":"Feature","geometry":{"type":"LineString","coordinates":[[-71.10286,42.34946],[-71.10184,42.34934]]},"properties":{"lts":3,"name":"Commonwealth Avenue","osmId":1394171434,"goBoston":"future","project":null}},{"type":"Feature","geometry":{"type":"LineString","coordinates":[[-71.10184,42.34934],[-71.1008,42.34921],[-71.10075,42.3492],[-71.10061,42.34919]]},"properties":{"lts":2,"name":"Commonwealth Avenue","osmId":519869878,"goBoston":"future","project":null}},{"type":"Feature","geometry":{"type":"LineString","coordinates":[[-71.10061,42.34919],[-71.10045,42.34917],[-71.09918,42.34903]]},"properties":{"lts":3,"name":"Commonwealth Avenue","osmId":1394171031,"goBoston":"future","project":null}},{"type":"Feature","geometry":{"type":"LineString","coordinates":[[-71.09918,42.34903],[-71.09908,42.34902],[-71.09852,42.34895],[-71.09813,42.3489],[-71.09802,42.34889],[-71.09799,42.34889]]},"properties":{"lts":2,"name":"Commonwealth Avenue","osmId":519869879,"goBoston":"future","project":null}},{"type":"Feature","geometry":{"type":"LineString","coordinates":[[-71.09799,42.34889],[-71.0977,42.34885],[-71.09766,42.34885],[-71.09741,42.34882]]},"properties":{"lts":2,"name":"Commonwealth Avenue","osmId":1394170672,"goBoston":"future","project":null}},{"type":"Feature","geometry":{"type":"LineString","coordinates":[[-71.09741,42.34882],[-71.09716,42.34879]]},"properties":{"lts":2,"name":"Commonwealth Avenue","osmId":1389673835,"goBoston":"future","project":null}},{"type":"Feature","geometry":{"type":"LineString","coordinates":[[-71.09716,42.34879],[-71.09712,42.34878],[-71.09708,42.34878],[-71.09704,42.34877],[-71.09699,42.34877],[-71.09696,42.34877]]},"properties":{"lts":3,"name":"Commonwealth Avenue","osmId":1389673836,"goBoston":"future","project":null}},{"type":"Feature","geometry":{"type":"LineString","coordinates":[[-71.09696,42.34877],[-71.09686,42.34876],[-71.09673,42.34877]]},"properties":{"lts":3,"name":"Commonwealth Avenue","osmId":8637705,"goBoston":"future","project":null}},{"type":"Feature","geometry":{"type":"LineString","coordinates":[[-71.09673,42.34877],[-71.09513,42.3488],[-71.09509,42.34881],[-71.09497,42.34881],[-71.09488,42.34881],[-71.09378,42.34884]]},"properties":{"lts":3,"name":"Commonwealth Avenue","osmId":822618756,"goBoston":"future","project":null}},{"type":"Feature","geometry":{"type":"LineString","coordinates":[[-71.09378,42.34884],[-71.09366,42.34884],[-71.09357,42.34884],[-71.09346,42.34884],[-71.09319,42.34883],[-71.09306,42.34883],[-71.09299,42.34883],[-71.09294,42.34883],[-71.09284,42.34883]]},"properties":{"lts":3,"name":"Commonwealth Avenue","osmId":485271437,"goBoston":"future","project":null}},{"type":"Feature","geometry":{"type":"LineString","coordinates":[[-71.09284,42.34883],[-71.09215,42.34884]]},"properties":{"lts":3,"name":"Commonwealth Avenue","osmId":822646986,"goBoston":"future","project":null}},{"type":"Feature","geometry":{"type":"LineString","coordinates":[[-71.09215,42.34884],[-71.09194,42.34884]]},"properties":{"lts":3,"name":"Commonwealth Avenue","osmId":426831435,"goBoston":"future","project":null}},{"type":"Feature","geometry":{"type":"LineString","coordinates":[[-71.09194,42.34884],[-71.09178,42.34884],[-71.09172,42.34884],[-71.09171,42.34884]]},"properties":{"lts":3,"name":"Commonwealth Avenue","osmId":822378767,"goBoston":"future","project":null}},{"type":"Feature","geometry":{"type":"LineString","coordinates":[[-71.09171,42.34884],[-71.09158,42.34884]]},"properties":{"lts":3,"name":"Commonwealth Avenue","osmId":822646987,"goBoston":"future","project":null}},{"type":"Feature","geometry":{"type":"LineString","coordinates":[[-71.10185,42.34754],[-71.10201,42.34749],[-71.10204,42.34748],[-71.10256,42.34734],[-71.10261,42.34733],[-71.10304,42.34721],[-71.10333,42.34713],[-71.10345,42.3471],[-71.1041,42.34692]]},"properties":{"lts":1,"name":"Beacon Street","osmId":43100847,"goBoston":"future","project":null}},{"type":"Feature","geometry":{"type":"LineString","coordinates":[[-71.1041,42.34692],[-71.10423,42.34688],[-71.10437,42.34685]]},"properties":{"lts":1,"name":"Beacon Street","osmId":1365066789,"goBoston":"future","project":null}},{"type":"Feature","geometry":{"type":"LineString","coordinates":[[-71.10507,42.34658],[-71.1049,42.34664],[-71.10461,42.34674],[-71.10437,42.34685]]},"properties":{"lts":1,"name":"Beacon Street","osmId":1317316050,"goBoston":"future","project":null}},{"type":"Feature","geometry":{"type":"LineString","coordinates":[[-71.10437,42.34685],[-71.10452,42.34683],[-71.10467,42.34682],[-71.10488,42.34676],[-71.10493,42.34675],[-71.10494,42.34674],[-71.10513,42.34669]]},"properties":{"lts":1,"name":"Beacon Street","osmId":924355646,"goBoston":"future","project":null}},{"type":"Feature","geometry":{"type":"LineString","coordinates":[[-71.10115,42.34691],[-71.10103,42.34683],[-71.10084,42.34672],[-71.09984,42.34614],[-71.09982,42.34613],[-71.09974,42.34608]]},"properties":{"lts":1,"name":"Overland Street","osmId":327660233,"goBoston":"future","project":null}},{"type":"Feature","geometry":{"type":"LineString","coordinates":[[-71.10121,42.34694],[-71.10128,42.34696],[-71.10132,42.34697],[-71.10135,42.34699],[-71.10145,42.34704],[-71.10148,42.34707],[-71.10151,42.34709],[-71.10152,42.3471],[-71.10154,42.34711],[-71.10155,42.34713],[-71.10157,42.34714],[-71.10157,42.34715],[-71.10159,42.34718],[-71.10162,42.34722],[-71.10172,42.34741],[-71.10174,42.34744],[-71.10181,42.3475],[-71.10185,42.34754]]},"properties":{"lts":2,"name":"Maitland Street","osmId":815133957,"goBoston":"future","project":null}},{"type":"Feature","geometry":{"type":"LineString","coordinates":[[-71.09257,42.33953],[-71.09246,42.33957],[-71.09234,42.33962],[-71.09206,42.33973],[-71.09192,42.3398],[-71.09184,42.33989],[-71.09161,42.34024],[-71.09133,42.34067],[-71.09132,42.3407],[-71.09129,42.34074],[-71.09128,42.34076],[-71.09122,42.34084],[-71.09115,42.34096],[-71.09114,42.34098],[-71.09064,42.34174],[-71.09044,42.34206],[-71.0904,42.34214],[-71.09035,42.34229],[-71.09028,42.34259],[-71.09026,42.34264],[-71.09012,42.34319],[-71.09012,42.3432],[-71.09011,42.34323],[-71.09002,42.34354],[-71.08993,42.34387],[-71.08992,42.34391],[-71.08991,42.34396]]},"properties":{"lts":3,"name":"Hemenway Street","osmId":42825653,"goBoston":"future","project":null}},{"type":"Feature","geometry":{"type":"LineString","coordinates":[[-71.08991,42.34396],[-71.08989,42.34402],[-71.08988,42.34406],[-71.08982,42.34431],[-71.08972,42.34464],[-71.0897,42.34473],[-71.08952,42.34536],[-71.08951,42.34543],[-71.08937,42.34592],[-71.08927,42.34631],[-71.08925,42.34635],[-71.08925,42.34638],[-71.08922,42.34647],[-71.08915,42.34671],[-71.08915,42.34676],[-71.08915,42.34678],[-71.08916,42.34681],[-71.08918,42.34684],[-71.08922,42.34689]]},"properties":{"lts":3,"name":"Hemenway Street","osmId":246500791,"goBoston":"future","project":null}},{"type":"Feature","geometry":{"type":"LineString","coordinates":[[-71.12068,42.28068],[-71.12088,42.28081],[-71.12094,42.28086]]},"properties":{"lts":3,"name":"Cummins Highway","osmId":1088529936,"goBoston":"future","project":null}},{"type":"Feature","geometry":{"type":"LineString","coordinates":[[-71.11084,42.27536],[-71.11105,42.27548],[-71.11126,42.27558],[-71.11249,42.2762],[-71.11273,42.27633],[-71.11282,42.27637],[-71.11323,42.27658],[-71.11358,42.27676]]},"properties":{"lts":1,"name":"Cummins Highway","osmId":8648848,"goBoston":"future","project":null}},{"type":"Feature","geometry":{"type":"LineString","coordinates":[[-71.10662,42.27177],[-71.10669,42.27183],[-71.10681,42.27192],[-71.10695,42.27203],[-71.10706,42.27212],[-71.10713,42.2722],[-71.10742,42.27249],[-71.10763,42.2727],[-71.10807,42.27317],[-71.10842,42.27353],[-71.10862,42.27374],[-71.10912,42.27426],[-71.10919,42.27434]]},"properties":{"lts":3,"name":"Cummins Highway","osmId":533642258,"goBoston":"future","project":null}},{"type":"Feature","geometry":{"type":"LineString","coordinates":[[-71.11678,42.27909],[-71.11696,42.27916],[-71.11701,42.27918],[-71.1172,42.27925],[-71.11742,42.27934]]},"properties":{"lts":3,"name":"Cummins Highway","osmId":426602280,"goBoston":"future","project":null}},{"type":"Feature","geometry":{"type":"LineString","coordinates":[[-71.11663,42.279],[-71.11678,42.27909]]},"properties":{"lts":3,"name":"Cummins Highway","osmId":426602284,"goBoston":"future","project":null}},{"type":"Feature","geometry":{"type":"LineString","coordinates":[[-71.10945,42.27457],[-71.10949,42.27459],[-71.10963,42.27468],[-71.10967,42.2747],[-71.10975,42.27474]]},"properties":{"lts":3,"name":"Cummins Highway","osmId":1332530734,"goBoston":"future","project":null}},{"type":"Feature","geometry":{"type":"LineString","coordinates":[[-71.11638,42.27886],[-71.11648,42.27892],[-71.11652,42.27894],[-71.11663,42.279]]},"properties":{"lts":3,"name":"Cummins Highway","osmId":426602288,"goBoston":"future","project":null}},{"type":"Feature","geometry":{"type":"LineString","coordinates":[[-71.11959,42.28023],[-71.11986,42.28034]]},"properties":{"lts":3,"name":"Cummins Highway","osmId":141392689,"goBoston":"future","project":null}},{"type":"Feature","geometry":{"type":"LineString","coordinates":[[-71.11986,42.28034],[-71.12055,42.28063],[-71.12068,42.28068]]},"properties":{"lts":3,"name":"Cummins Highway","osmId":141392690,"goBoston":"future","project":null}},{"type":"Feature","geometry":{"type":"LineString","coordinates":[[-71.11742,42.27934],[-71.11777,42.27947],[-71.11838,42.27973],[-71.11875,42.27988],[-71.11878,42.27989],[-71.11887,42.27994]]},"properties":{"lts":3,"name":"Cummins Highway","osmId":426602292,"goBoston":"future","project":null}},{"type":"Feature","geometry":{"type":"LineString","coordinates":[[-71.11622,42.27874],[-71.11638,42.27886]]},"properties":{"lts":1,"name":"Cummins Highway","osmId":1087278021,"goBoston":"future","project":null}},{"type":"Feature","geometry":{"type":"LineString","coordinates":[[-71.11586,42.27845],[-71.11596,42.27853],[-71.11608,42.27863],[-71.11618,42.2787]]},"properties":{"lts":1,"name":"Cummins Highway","osmId":1087278022,"goBoston":"future","project":null}},{"type":"Feature","geometry":{"type":"LineString","coordinates":[[-71.10975,42.27474],[-71.11007,42.27491],[-71.11037,42.27508],[-71.11051,42.27516],[-71.11084,42.27536]]},"properties":{"lts":1,"name":"Cummins Highway","osmId":1087278023,"goBoston":"future","project":null}},{"type":"Feature","geometry":{"type":"LineString","coordinates":[[-71.1093,42.27445],[-71.10939,42.27452],[-71.10945,42.27457]]},"properties":{"lts":3,"name":"Cummins Highway","osmId":1087278024,"goBoston":"future","project":null}},{"type":"Feature","geometry":{"type":"LineString","coordinates":[[-71.11618,42.2787],[-71.11622,42.27874]]},"properties":{"lts":1,"name":"Cummins Highway","osmId":1363825874,"goBoston":"future","project":null}},{"type":"Feature","geometry":{"type":"LineString","coordinates":[[-71.11534,42.27804],[-71.11586,42.27845]]},"properties":{"lts":1,"name":"Cummins Highway","osmId":1333418470,"goBoston":"future","project":null}},{"type":"Feature","geometry":{"type":"LineString","coordinates":[[-71.11522,42.27794],[-71.11534,42.27804]]},"properties":{"lts":1,"name":"Cummins Highway","osmId":1333418471,"goBoston":"future","project":null}},{"type":"Feature","geometry":{"type":"LineString","coordinates":[[-71.11897,42.27998],[-71.11911,42.28003],[-71.11914,42.28005],[-71.11936,42.28014],[-71.11959,42.28023]]},"properties":{"lts":3,"name":"Cummins Highway","osmId":508217065,"goBoston":"future","project":null}},{"type":"Feature","geometry":{"type":"LineString","coordinates":[[-71.11419,42.2771],[-71.11436,42.27724],[-71.1145,42.27734],[-71.11453,42.27737]]},"properties":{"lts":1,"name":"Cummins Highway","osmId":426678898,"goBoston":"future","project":null}},{"type":"Feature","geometry":{"type":"LineString","coordinates":[[-71.11453,42.27737],[-71.11459,42.27742],[-71.11463,42.27745],[-71.11465,42.27748],[-71.11489,42.27766],[-71.11492,42.27769],[-71.11522,42.27794]]},"properties":{"lts":1,"name":"Cummins Highway","osmId":426678899,"goBoston":"future","project":null}},{"type":"Feature","geometry":{"type":"LineString","coordinates":[[-71.10919,42.27434],[-71.1093,42.27445]]},"properties":{"lts":3,"name":"Cummins Highway","osmId":1413408882,"goBoston":"future","project":null}},{"type":"Feature","geometry":{"type":"LineString","coordinates":[[-71.11358,42.27676],[-71.11402,42.27699],[-71.11419,42.2771]]},"properties":{"lts":1,"name":"Cummins Highway","osmId":1052347001,"goBoston":"future","project":null}},{"type":"Feature","geometry":{"type":"LineString","coordinates":[[-71.11887,42.27994],[-71.11897,42.27998]]},"properties":{"lts":3,"name":"Cummins Highway","osmId":1052347002,"goBoston":"future","project":null}},{"type":"Feature","geometry":{"type":"LineString","coordinates":[[-71.10664,42.27171],[-71.10663,42.27168],[-71.10662,42.27167],[-71.1066,42.27166],[-71.10657,42.27164],[-71.10653,42.27163],[-71.10649,42.27163],[-71.10644,42.27164],[-71.10641,42.27166],[-71.10639,42.27168],[-71.10637,42.27171],[-71.10638,42.27175],[-71.1064,42.27177],[-71.10642,42.2718],[-71.10646,42.27181],[-71.10651,42.27182],[-71.10655,42.27181],[-71.10659,42.2718],[-71.10662,42.27177],[-71.10663,42.27174],[-71.10664,42.27171]]},"properties":{"lts":3,"name":"Cummins Highway","osmId":1385133555,"goBoston":"future","project":null}},{"type":"Feature","geometry":{"type":"LineString","coordinates":[[-71.09373,42.26723],[-71.09374,42.26726],[-71.09375,42.26729],[-71.09377,42.26731],[-71.09379,42.26733],[-71.09382,42.26736],[-71.09386,42.26738],[-71.0939,42.26741]]},"properties":{"lts":3,"name":"Cummins Highway","osmId":591278113,"goBoston":"future","project":null}},{"type":"Feature","geometry":{"type":"LineString","coordinates":[[-71.0939,42.26741],[-71.09395,42.26743],[-71.09407,42.26748],[-71.09411,42.2675],[-71.09414,42.26752]]},"properties":{"lts":3,"name":"Cummins Highway","osmId":693598215,"goBoston":"future","project":null}},{"type":"Feature","geometry":{"type":"LineString","coordinates":[[-71.10246,42.27081],[-71.10336,42.27102],[-71.10345,42.27104],[-71.10475,42.27134],[-71.1049,42.27137],[-71.10512,42.27142],[-71.10556,42.27152],[-71.10593,42.2716],[-71.10613,42.27165],[-71.10639,42.27168]]},"properties":{"lts":3,"name":"Cummins Highway","osmId":1280217161,"goBoston":"future","project":null}},{"type":"Feature","geometry":{"type":"LineString","coordinates":[[-71.09414,42.26752],[-71.0942,42.26757],[-71.09441,42.26772],[-71.09491,42.26809],[-71.09511,42.26823],[-71.09523,42.26832]]},"properties":{"lts":3,"name":"Cummins Highway","osmId":1087278025,"goBoston":"future","project":null}},{"type":"Feature","geometry":{"type":"LineString","coordinates":[[-71.09423,42.26748],[-71.09406,42.26737]]},"properties":{"lts":3,"name":"Cummins Highway","osmId":693598217,"goBoston":"future","project":null}},{"type":"Feature","geometry":{"type":"LineString","coordinates":[[-71.09537,42.26836],[-71.09531,42.26828],[-71.09507,42.2681],[-71.09462,42.26776],[-71.09433,42.26756],[-71.09429,42.26753],[-71.09423,42.26748]]},"properties":{"lts":3,"name":"Cummins Highway","osmId":1413408878,"goBoston":"future","project":null}},{"type":"Feature","geometry":{"type":"LineString","coordinates":[[-71.09797,42.27011],[-71.09801,42.27013],[-71.09805,42.27015],[-71.0981,42.27016],[-71.09818,42.27019],[-71.09823,42.2702],[-71.09827,42.27021],[-71.09828,42.27021],[-71.09835,42.27023],[-71.09844,42.27024],[-71.09857,42.27025],[-71.09868,42.27025],[-71.09879,42.27026],[-71.09889,42.27027],[-71.09905,42.27028],[-71.09927,42.27031],[-71.09947,42.27033],[-71.09956,42.27034],[-71.10011,42.27041],[-71.10065,42.27048],[-71.10086,42.27051],[-71.10112,42.27054],[-71.1013,42.27057],[-71.10147,42.2706],[-71.10156,42.27062],[-71.10172,42.27065],[-71.10199,42.27071],[-71.10229,42.27078],[-71.10246,42.27081]]},"properties":{"lts":3,"name":"Cummins Highway","osmId":211854671,"goBoston":"future","project":null}},{"type":"Feature","geometry":{"type":"LineString","coordinates":[[-71.09769,42.26998],[-71.09793,42.27009],[-71.09797,42.27011]]},"properties":{"lts":3,"name":"Cummins Highway","osmId":1413408880,"goBoston":"future","project":null}},{"type":"Feature","geometry":{"type":"LineString","coordinates":[[-71.09537,42.26836],[-71.09543,42.26841],[-71.09565,42.26857],[-71.09577,42.26866],[-71.09598,42.26882],[-71.09603,42.26886],[-71.09611,42.26891],[-71.0962,42.26898],[-71.09652,42.26922],[-71.09667,42.26933],[-71.09681,42.26944],[-71.09691,42.26951],[-71.09695,42.26954],[-71.09702,42.26959],[-71.09707,42.26963],[-71.09719,42.26971],[-71.09724,42.26975],[-71.0973,42.26978],[-71.09738,42.26983],[-71.09765,42.26996],[-71.09769,42.26998]]},"properties":{"lts":3,"name":"Cummins Highway","osmId":1413408879,"goBoston":"future","project":null}},{"type":"Feature","geometry":{"type":"LineString","coordinates":[[-71.09523,42.26832],[-71.09537,42.26836]]},"properties":{"lts":3,"name":"Cummins Highway","osmId":1413408881,"goBoston":"future","project":null}},{"type":"Feature","geometry":{"type":"LineString","coordinates":[[-71.09406,42.26737],[-71.09396,42.2673],[-71.09394,42.26728],[-71.09392,42.26726],[-71.09391,42.26723]]},"properties":{"lts":3,"name":"Cummins Highway","osmId":591278130,"goBoston":"future","project":null}},{"type":"Feature","geometry":{"type":"LineString","coordinates":[[-71.11634,42.27464],[-71.11609,42.27498],[-71.11599,42.27513]]},"properties":{"lts":3,"name":"American Legion Highway","osmId":1088529937,"goBoston":"future","project":null}},{"type":"Feature","geometry":{"type":"LineString","coordinates":[[-71.1164,42.27456],[-71.11634,42.27464]]},"properties":{"lts":3,"name":"American Legion Highway","osmId":1088529938,"goBoston":"future","project":null}},{"type":"Feature","geometry":{"type":"LineString","coordinates":[[-71.1167,42.27417],[-71.11652,42.2744]]},"properties":{"lts":3,"name":"American Legion Highway","osmId":1088529939,"goBoston":"future","project":null}},{"type":"Feature","geometry":{"type":"LineString","coordinates":[[-71.11585,42.2772],[-71.11584,42.27703],[-71.11583,42.27687],[-71.11585,42.27645],[-71.11587,42.2762]]},"properties":{"lts":3,"name":"American Legion Highway","osmId":508839215,"goBoston":"future","project":null}},{"type":"Feature","geometry":{"type":"LineString","coordinates":[[-71.12009,42.27256],[-71.11995,42.27255],[-71.11969,42.27254],[-71.11909,42.27249]]},"properties":{"lts":3,"name":"American Legion Highway","osmId":740715951,"goBoston":"future","project":null}},{"type":"Feature","geometry":{"type":"LineString","coordinates":[[-71.12008,42.27265],[-71.1202,42.27266]]},"properties":{"lts":3,"name":"American Legion Highway","osmId":740715953,"goBoston":"future","project":null}},{"type":"Feature","geometry":{"type":"LineString","coordinates":[[-71.11907,42.27259],[-71.11964,42.27262],[-71.1199,42.27264],[-71.11995,42.27264],[-71.12008,42.27265]]},"properties":{"lts":3,"name":"American Legion Highway","osmId":8648499,"goBoston":"future","project":null}},{"type":"Feature","geometry":{"type":"LineString","coordinates":[[-71.12021,42.27258],[-71.12009,42.27256]]},"properties":{"lts":3,"name":"American Legion Highway","osmId":186051125,"goBoston":"future","project":null}},{"type":"Feature","geometry":{"type":"LineString","coordinates":[[-71.11592,42.27574],[-71.11578,42.27573]]},"properties":{"lts":3,"name":"American Legion Highway","osmId":426679378,"goBoston":"future","project":null}},{"type":"Feature","geometry":{"type":"LineString","coordinates":[[-71.11634,42.27464],[-71.11647,42.2747]]},"properties":{"lts":3,"name":"American Legion Highway","osmId":426679379,"goBoston":"future","project":null}},{"type":"Feature","geometry":{"type":"LineString","coordinates":[[-71.11909,42.27249],[-71.11883,42.27249],[-71.11866,42.2725],[-71.11846,42.27255],[-71.11816,42.27268],[-71.11786,42.27285],[-71.11759,42.27305],[-71.11731,42.27334],[-71.11715,42.27353],[-71.11714,42.27355],[-71.11685,42.27396],[-71.1167,42.27417]]},"properties":{"lts":3,"name":"American Legion Highway","osmId":426627157,"goBoston":"future","project":null}},{"type":"Feature","geometry":{"type":"LineString","coordinates":[[-71.11647,42.2747],[-71.11656,42.27458],[-71.11701,42.27396],[-71.11743,42.2734],[-71.11752,42.2733],[-71.11761,42.27321],[-71.11772,42.2731],[-71.11788,42.27299],[-71.11799,42.27291],[-71.11823,42.27278],[-71.11843,42.27268],[-71.11861,42.27262],[-71.11879,42.27259],[-71.11907,42.27259]]},"properties":{"lts":3,"name":"American Legion Highway","osmId":426627158,"goBoston":"future","project":null}},{"type":"Feature","geometry":{"type":"LineString","coordinates":[[-71.11652,42.2744],[-71.1164,42.27456]]},"properties":{"lts":3,"name":"American Legion Highway","osmId":426627159,"goBoston":"future","project":null}},{"type":"Feature","geometry":{"type":"LineString","coordinates":[[-71.11587,42.2762],[-71.1159,42.27598],[-71.11592,42.27574]]},"properties":{"lts":3,"name":"American Legion Highway","osmId":426627160,"goBoston":"future","project":null}},{"type":"Feature","geometry":{"type":"LineString","coordinates":[[-71.11616,42.2751],[-71.11625,42.27498],[-71.11647,42.2747]]},"properties":{"lts":3,"name":"American Legion Highway","osmId":426627161,"goBoston":"future","project":null}},{"type":"Feature","geometry":{"type":"LineString","coordinates":[[-71.11585,42.27536],[-71.11582,42.27546],[-71.11579,42.27564]]},"properties":{"lts":3,"name":"American Legion Highway","osmId":426627162,"goBoston":"future","project":null}},{"type":"Feature","geometry":{"type":"LineString","coordinates":[[-71.11592,42.27574],[-71.11594,42.27558],[-71.11598,42.27542],[-71.11608,42.27522],[-71.11616,42.2751]]},"properties":{"lts":3,"name":"American Legion Highway","osmId":426627163,"goBoston":"future","project":null}},{"type":"Feature","geometry":{"type":"LineString","coordinates":[[-71.11599,42.27513],[-71.11594,42.2752],[-71.11585,42.27536]]},"properties":{"lts":3,"name":"American Legion Highway","osmId":426627164,"goBoston":"future","project":null}},{"type":"Feature","geometry":{"type":"LineString","coordinates":[[-71.11579,42.27564],[-71.11578,42.27573],[-71.11574,42.27597],[-71.11571,42.27666],[-71.11569,42.27692],[-71.11572,42.27722],[-71.11577,42.27748],[-71.11585,42.27764],[-71.11597,42.27785],[-71.11617,42.2781],[-71.11638,42.27834],[-71.11648,42.27847],[-71.1165,42.27851],[-71.11654,42.27861],[-71.11659,42.27874],[-71.1166,42.27879],[-71.11661,42.27883],[-71.11663,42.279]]},"properties":{"lts":3,"name":"American Legion Highway","osmId":8636786,"goBoston":"future","project":null}},{"type":"Feature","geometry":{"type":"LineString","coordinates":[[-71.11678,42.27909],[-71.11675,42.2788],[-71.11667,42.27855],[-71.11659,42.27839],[-71.11639,42.27816],[-71.11621,42.27795],[-71.11609,42.27779],[-71.11607,42.27776],[-71.11598,42.27762],[-71.11592,42.27746],[-71.11587,42.27727],[-71.11585,42.2772]]},"properties":{"lts":3,"name":"American Legion Highway","osmId":8636788,"goBoston":"future","project":null}},{"type":"Feature","geometry":{"type":"LineString","coordinates":[[-71.09656,42.26514],[-71.0964,42.26527],[-71.09633,42.26532],[-71.09627,42.26538],[-71.09621,42.26544],[-71.09616,42.26549],[-71.0961,42.26556],[-71.09605,42.26562],[-71.096,42.26569],[-71.09527,42.26668],[-71.09525,42.26674],[-71.09526,42.26679],[-71.09526,42.26685],[-71.09528,42.26687],[-71.09533,42.26693]]},"properties":{"lts":2,"name":"Edgewater Drive","osmId":8649091,"goBoston":"future","project":null}},{"type":"Feature","geometry":{"type":"LineString","coordinates":[[-71.09656,42.26514],[-71.09668,42.26504],[-71.09674,42.26498],[-71.0968,42.26492],[-71.09685,42.26486],[-71.09691,42.26478],[-71.09695,42.26472],[-71.09699,42.26465],[-71.09702,42.26458],[-71.09728,42.2641],[-71.09734,42.264],[-71.0974,42.26391],[-71.09745,42.26383],[-71.09751,42.26374],[-71.09758,42.26365],[-71.09763,42.26358],[-71.09769,42.26351],[-71.09777,42.26343],[-71.09781,42.26339],[-71.09786,42.26334],[-71.09792,42.26329],[-71.09798,42.26324],[-71.09806,42.26319],[-71.0981,42.26316],[-71.09814,42.26314]]},"properties":{"lts":2,"name":"Edgewater Drive","osmId":8643632,"goBoston":"future","project":null}},{"type":"Feature","geometry":{"type":"LineString","coordinates":[[-71.09814,42.26314],[-71.0982,42.26311],[-71.09825,42.26308],[-71.09833,42.26305],[-71.0984,42.26303],[-71.09848,42.26301],[-71.09855,42.26299],[-71.09872,42.26296]]},"properties":{"lts":1,"name":"Edgewater Drive","osmId":660250306,"goBoston":"future","project":null}},{"type":"Feature","geometry":{"type":"LineString","coordinates":[[-71.10159,42.26092],[-71.10176,42.26114],[-71.1022,42.26172],[-71.10226,42.26178],[-71.10269,42.26235],[-71.10274,42.26241],[-71.10317,42.26298],[-71.10323,42.26304],[-71.10344,42.26331],[-71.10345,42.26334],[-71.10345,42.26337],[-71.10345,42.26339]]},"properties":{"lts":2,"name":"Osceola Street","osmId":8648176,"goBoston":"future","project":null}},{"type":"Feature","geometry":{"type":"LineString","coordinates":[[-71.10345,42.26339],[-71.1034,42.26339],[-71.10335,42.26339],[-71.10298,42.26343],[-71.10289,42.26345],[-71.10275,42.26347],[-71.10272,42.26348],[-71.1027,42.26349],[-71.10268,42.26351],[-71.10266,42.26353],[-71.10265,42.26356],[-71.10265,42.26362]]},"properties":{"lts":2,"name":"River Street","osmId":8642245,"goBoston":"future","project":null}},{"type":"Feature","geometry":{"type":"LineString","coordinates":[[-71.10877,42.26232],[-71.10885,42.26227],[-71.10893,42.26222],[-71.10901,42.26218],[-71.1091,42.26215],[-71.10919,42.26211],[-71.10928,42.26208],[-71.10938,42.26205],[-71.10945,42.26203],[-71.10948,42.26202],[-71.10984,42.26194],[-71.10989,42.26192],[-71.11033,42.26182],[-71.11049,42.26178],[-71.11099,42.26167],[-71.11125,42.2616],[-71.11211,42.26139],[-71.11218,42.26137],[-71.11226,42.26135],[-71.11235,42.26133],[-71.11245,42.26131],[-71.11256,42.26129],[-71.11267,42.26127],[-71.11278,42.26126],[-71.11354,42.26115],[-71.11361,42.26114],[-71.11372,42.26112],[-71.11381,42.26111],[-71.1139,42.26109],[-71.114,42.26107],[-71.11409,42.26105],[-71.11418,42.26103],[-71.11426,42.261],[-71.11435,42.26098],[-71.11443,42.26095],[-71.11478,42.26082],[-71.11513,42.26068],[-71.11561,42.26046],[-71.11567,42.26043],[-71.11574,42.26039],[-71.11582,42.26035],[-71.11637,42.26006],[-71.11644,42.26003],[-71.11651,42.25999],[-71.11658,42.25994],[-71.11665,42.2599],[-71.11674,42.25985],[-71.1168,42.2598],[-71.11682,42.25979],[-71.11691,42.25973],[-71.11701,42.25965],[-71.11745,42.2593],[-71.11753,42.25922],[-71.1176,42.25916],[-71.11767,42.25911],[-71.11769,42.25908],[-71.11772,42.25905],[-71.11778,42.25898],[-71.11792,42.25882],[-71.11795,42.25878],[-71.11798,42.25874],[-71.11801,42.2587],[-71.11804,42.25866],[-71.11817,42.25842],[-71.1182,42.25837],[-71.11824,42.25832],[-71.11828,42.25826],[-71.11833,42.25821],[-71.11838,42.25817],[-71.11843,42.25813],[-71.11848,42.25809],[-71.11854,42.25806],[-71.1186,42.25802],[-71.11961,42.25751],[-71.11965,42.25749],[-71.11971,42.25746],[-71.11972,42.25745],[-71.11976,42.25743],[-71.11981,42.2574],[-71.11986,42.25736],[-71.1199,42.25732],[-71.11993,42.25729],[-71.11997,42.25725],[-71.12001,42.25721],[-71.12004,42.25716],[-71.12007,42.25711],[-71.12029,42.25678],[-71.12033,42.25672],[-71.12045,42.25655],[-71.12058,42.25635],[-71.12071,42.25618],[-71.1208,42.2561],[-71.12084,42.25606]]},"properties":{"lts":3,"name":"River Street","osmId":8645089,"goBoston":"future","project":null}},{"type":"Feature","geometry":{"type":"LineString","coordinates":[[-71.10444,42.26362],[-71.10387,42.26362],[-71.10322,42.26363],[-71.10308,42.26363],[-71.10296,42.26363],[-71.10265,42.26362]]},"properties":{"lts":3,"name":"River Street","osmId":34729476,"goBoston":"future","project":null}},{"type":"Feature","geometry":{"type":"LineString","coordinates":[[-71.10472,42.26362],[-71.10444,42.26362]]},"properties":{"lts":3,"name":"River Street","osmId":34729477,"goBoston":"future","project":null}},{"type":"Feature","geometry":{"type":"LineString","coordinates":[[-71.10794,42.26291],[-71.10774,42.26299]]},"properties":{"lts":3,"name":"River Street","osmId":426628619,"goBoston":"future","project":null}},{"type":"Feature","geometry":{"type":"LineString","coordinates":[[-71.10877,42.26232],[-71.1087,42.26237],[-71.10863,42.26242],[-71.10842,42.2626]]},"properties":{"lts":3,"name":"River Street","osmId":426628620,"goBoston":"future","project":null}},{"type":"Feature","geometry":{"type":"LineString","coordinates":[[-71.10842,42.2626],[-71.10831,42.2627],[-71.10825,42.26274],[-71.10819,42.26278],[-71.10813,42.26282],[-71.10806,42.26286],[-71.108,42.26289],[-71.10794,42.26291]]},"properties":{"lts":3,"name":"River Street","osmId":426628621,"goBoston":"future","project":null}},{"type":"Feature","geometry":{"type":"LineString","coordinates":[[-71.10774,42.26299],[-71.10767,42.26302]]},"properties":{"lts":3,"name":"River Street","osmId":1113625876,"goBoston":"future","project":null}},{"type":"Feature","geometry":{"type":"LineString","coordinates":[[-71.10754,42.26307],[-71.10709,42.26324],[-71.10699,42.26328],[-71.10691,42.2633],[-71.10682,42.26333],[-71.10673,42.26336],[-71.10664,42.26339],[-71.1065,42.26343],[-71.10644,42.26344],[-71.1063,42.26347],[-71.1062,42.26349],[-71.10609,42.2635],[-71.10602,42.26351],[-71.10599,42.26352],[-71.10589,42.26353],[-71.10546,42.26356],[-71.10531,42.26358],[-71.10514,42.26359],[-71.10495,42.26361],[-71.10488,42.26361],[-71.1048,42.26362],[-71.10472,42.26362]]},"properties":{"lts":3,"name":"River Street","osmId":1113625877,"goBoston":"future","project":null}},{"type":"Feature","geometry":{"type":"LineString","coordinates":[[-71.10767,42.26302],[-71.10754,42.26307]]},"properties":{"lts":3,"name":"River Street","osmId":1113625878,"goBoston":"future","project":null}},{"type":"Feature","geometry":{"type":"LineString","coordinates":[[-71.1212,42.25583],[-71.12116,42.25586],[-71.12113,42.25588],[-71.1211,42.2559],[-71.12093,42.256],[-71.12089,42.25603],[-71.12084,42.25606]]},"properties":{"lts":3,"name":"River Street","osmId":591278141,"goBoston":"future","project":null}},{"type":"Feature","geometry":{"type":"LineString","coordinates":[[-71.12008,42.25476],[-71.12012,42.25482],[-71.12016,42.25488],[-71.12019,42.25493],[-71.12023,42.25498],[-71.12028,42.25504],[-71.12031,42.25507],[-71.12033,42.25509],[-71.12034,42.2551],[-71.12037,42.25513],[-71.12042,42.25518],[-71.12048,42.25522],[-71.12057,42.2553],[-71.12109,42.25573],[-71.12111,42.25575],[-71.1212,42.25583]]},"properties":{"lts":3,"name":"Fairmount Avenue","osmId":8646791,"goBoston":"future","project":null}},{"type":"Feature","geometry":{"type":"LineString","coordinates":[[-71.11957,42.25389],[-71.11966,42.25402],[-71.11974,42.25415],[-71.11988,42.25439],[-71.12005,42.25469],[-71.12006,42.25472],[-71.12008,42.25476]]},"properties":{"lts":3,"name":"Fairmount Avenue","osmId":34729484,"goBoston":"future","project":null}},{"type":"Feature","geometry":{"type":"LineString","coordinates":[[-71.11919,42.25344],[-71.11925,42.2535],[-71.11931,42.25356],[-71.11937,42.25363],[-71.11943,42.25369],[-71.11943,42.2537],[-71.11948,42.25377],[-71.11953,42.25383],[-71.11957,42.25389]]},"properties":{"lts":3,"name":"Fairmount Avenue","osmId":213215110,"goBoston":"future","project":null}},{"type":"Feature","geometry":{"type":"LineString","coordinates":[[-71.119,42.25325],[-71.11903,42.25328],[-71.11919,42.25344]]},"properties":{"lts":3,"name":"Fairmount Avenue","osmId":213215111,"goBoston":"future","project":null}},{"type":"Feature","geometry":{"type":"LineString","coordinates":[[-71.11877,42.25303],[-71.119,42.25325]]},"properties":{"lts":3,"name":"Fairmount Avenue","osmId":34729483,"goBoston":"future","project":null}},{"type":"Feature","geometry":{"type":"LineString","coordinates":[[-71.11832,42.25261],[-71.1184,42.25268],[-71.11842,42.25271],[-71.11863,42.2529],[-71.11877,42.25303]]},"properties":{"lts":3,"name":"Fairmount Avenue","osmId":8638999,"goBoston":"future","project":null}},{"type":"Feature","geometry":{"type":"LineString","coordinates":[[-71.11627,42.25496],[-71.11704,42.25409],[-71.11772,42.25332]]},"properties":{"lts":3,"name":"Truman Parkway","osmId":503099012,"goBoston":"future","project":null}},{"type":"Feature","geometry":{"type":"LineString","coordinates":[[-71.11772,42.25332],[-71.11799,42.25299],[-71.11813,42.25282],[-71.11822,42.25272],[-71.11824,42.25269],[-71.11832,42.25261]]},"properties":{"lts":3,"name":"Truman Parkway","osmId":985556390,"goBoston":"future","project":null}},{"type":"Feature","geometry":{"type":"LineString","coordinates":[[-71.11832,42.25261],[-71.11838,42.25254],[-71.11844,42.25248],[-71.11849,42.25243],[-71.11862,42.25233],[-71.1187,42.25227],[-71.11881,42.25219],[-71.11892,42.25213],[-71.11904,42.25205],[-71.11907,42.25204],[-71.11981,42.25161],[-71.12046,42.25123],[-71.12118,42.25082],[-71.12189,42.25042],[-71.12201,42.25035],[-71.12235,42.25015],[-71.12239,42.25012],[-71.12244,42.25008]]},"properties":{"lts":3,"name":"Truman Parkway","osmId":213190126,"goBoston":"future","project":null}},{"type":"Feature","geometry":{"type":"LineString","coordinates":[[-71.06554,42.34863],[-71.06555,42.34856],[-71.06566,42.34792],[-71.06569,42.3478]]},"properties":{"lts":2,"name":"Shawmut Avenue","osmId":1089092080,"goBoston":"priority","project":"Shawmut Ave"}},{"type":"Feature","geometry":{"type":"LineString","coordinates":[[-71.06569,42.3478],[-71.06569,42.34777],[-71.06571,42.34768]]},"properties":{"lts":2,"name":"Shawmut Avenue","osmId":8650174,"goBoston":"priority","project":"Shawmut Ave"}},{"type":"Feature","geometry":{"type":"LineString","coordinates":[[-71.06571,42.34768],[-71.06572,42.34761],[-71.06573,42.34758]]},"properties":{"lts":2,"name":"Shawmut Avenue","osmId":1119776243,"goBoston":"priority","project":"Shawmut Ave"}},{"type":"Feature","geometry":{"type":"LineString","coordinates":[[-71.06573,42.34758],[-71.06585,42.34698]]},"properties":{"lts":2,"name":"Shawmut Avenue","osmId":87109178,"goBoston":"priority","project":"Shawmut Ave"}},{"type":"Feature","geometry":{"type":"LineString","coordinates":[[-71.06585,42.34698],[-71.06585,42.34696],[-71.06587,42.3469]]},"properties":{"lts":2,"name":"Shawmut Avenue","osmId":970427244,"goBoston":"priority","project":"Shawmut Ave"}},{"type":"Feature","geometry":{"type":"LineString","coordinates":[[-71.06587,42.3469],[-71.06588,42.34684],[-71.06602,42.34648],[-71.06611,42.34626],[-71.06629,42.34588],[-71.06639,42.34568],[-71.06663,42.34519],[-71.06669,42.34505],[-71.0668,42.34484],[-71.06683,42.34477],[-71.06702,42.34441],[-71.06703,42.34439],[-71.06706,42.34432]]},"properties":{"lts":3,"name":"Shawmut Avenue","osmId":43100856,"goBoston":"priority","project":"Shawmut Ave"}},{"type":"Feature","geometry":{"type":"LineString","coordinates":[[-71.06843,42.3434],[-71.06839,42.34342],[-71.06806,42.34362],[-71.06771,42.34385],[-71.06741,42.34403],[-71.06729,42.3441],[-71.06718,42.34416],[-71.06713,42.34421],[-71.0671,42.34424],[-71.06708,42.34426],[-71.06706,42.34432]]},"properties":{"lts":3,"name":"Shawmut Avenue","osmId":8649645,"goBoston":"priority","project":"Shawmut Ave"}},{"type":"Feature","geometry":{"type":"LineString","coordinates":[[-71.07205,42.34131],[-71.07198,42.34134],[-71.07159,42.34157],[-71.07138,42.34169],[-71.07108,42.34187],[-71.07068,42.3421],[-71.07059,42.34215],[-71.07051,42.3422],[-71.06997,42.34251],[-71.06993,42.34253],[-71.06986,42.34257],[-71.0698,42.34261],[-71.06914,42.34299],[-71.06848,42.34337],[-71.06843,42.3434]]},"properties":{"lts":3,"name":"Shawmut Avenue","osmId":41743611,"goBoston":"priority","project":"Shawmut Ave"}},{"type":"Feature","geometry":{"type":"LineString","coordinates":[[-71.07205,42.34131],[-71.0721,42.34127],[-71.07275,42.34084],[-71.07335,42.34045],[-71.07337,42.34044],[-71.07343,42.3404],[-71.07349,42.34036],[-71.07401,42.34004],[-71.07447,42.33972],[-71.07449,42.3397],[-71.07455,42.33966],[-71.07461,42.33962],[-71.07489,42.33943],[-71.07517,42.33924],[-71.07523,42.3392],[-71.0753,42.33916],[-71.07558,42.33897],[-71.07587,42.33878],[-71.07595,42.33873],[-71.07599,42.33871],[-71.07629,42.33851],[-71.0766,42.33831],[-71.07664,42.33829],[-71.07669,42.33825],[-71.07728,42.33787],[-71.07734,42.33783],[-71.0774,42.33779],[-71.0777,42.33758],[-71.07789,42.33746],[-71.0779,42.33745],[-71.07793,42.33743],[-71.07798,42.3374],[-71.07807,42.33733],[-71.07811,42.33731],[-71.07813,42.33729],[-71.07837,42.33713],[-71.07862,42.33695],[-71.07872,42.33691],[-71.07881,42.33685],[-71.07926,42.33655],[-71.07974,42.33621],[-71.07983,42.33614],[-71.07991,42.33609],[-71.08005,42.33599],[-71.0801,42.33595],[-71.08014,42.33592],[-71.0806,42.33558],[-71.0808,42.33544],[-71.08098,42.3353],[-71.08146,42.33492],[-71.08192,42.33445],[-71.08204,42.33432],[-71.08228,42.33406],[-71.08245,42.33388],[-71.08247,42.33386],[-71.08252,42.33381],[-71.08258,42.33374],[-71.08262,42.3337],[-71.08279,42.33351],[-71.08325,42.33301],[-71.0833,42.33294],[-71.08336,42.33287],[-71.08369,42.33246],[-71.08398,42.33211],[-71.08403,42.33204]]},"properties":{"lts":3,"name":"Shawmut Avenue","osmId":301846671,"goBoston":"priority","project":"Shawmut Ave"}},{"type":"Feature","geometry":{"type":"LineString","coordinates":[[-71.08403,42.33204],[-71.08408,42.33198],[-71.08422,42.33182],[-71.08469,42.33124],[-71.08501,42.33085]]},"properties":{"lts":3,"name":"Shawmut Avenue","osmId":591236176,"goBoston":"priority","project":"Shawmut Ave"}},{"type":"Feature","geometry":{"type":"LineString","coordinates":[[-71.08501,42.33085],[-71.08521,42.33061],[-71.0854,42.33038],[-71.08545,42.3303],[-71.0855,42.33024],[-71.0856,42.33012],[-71.08579,42.32986]]},"properties":{"lts":3,"name":"Shawmut Avenue","osmId":591236167,"goBoston":"priority","project":"Shawmut Ave"}},{"type":"Feature","geometry":{"type":"LineString","coordinates":[[-71.08579,42.32986],[-71.08597,42.32965],[-71.08602,42.32959]]},"properties":{"lts":3,"name":"Shawmut Avenue","osmId":1130552408,"goBoston":"priority","project":"Shawmut Ave"}},{"type":"Feature","geometry":{"type":"LineString","coordinates":[[-71.06599,42.34396],[-71.06613,42.344],[-71.06625,42.34405],[-71.06627,42.34405],[-71.06646,42.34412],[-71.06687,42.34426],[-71.06694,42.34428],[-71.06698,42.34429],[-71.06706,42.34432],[-71.06716,42.34435],[-71.06806,42.34467],[-71.06897,42.34499],[-71.06927,42.34509]]},"properties":{"lts":3,"name":"East Berkeley Street","osmId":8646152,"goBoston":"priority","project":"Berkeley St"}},{"type":"Feature","geometry":{"type":"LineString","coordinates":[[-71.06256,42.34302],[-71.06266,42.34305],[-71.06276,42.34308],[-71.06317,42.34318],[-71.06324,42.3432],[-71.06348,42.34327],[-71.06418,42.34345],[-71.06422,42.34346],[-71.06434,42.34349],[-71.06454,42.34355],[-71.06539,42.34379],[-71.0658,42.34391],[-71.06583,42.34392],[-71.06599,42.34396]]},"properties":{"lts":3,"name":"East Berkeley Street","osmId":591235983,"goBoston":"priority","project":"Berkeley St"}},{"type":"Feature","geometry":{"type":"LineString","coordinates":[[-71.06927,42.34509],[-71.06964,42.34522],[-71.06967,42.34523],[-71.06983,42.34528]]},"properties":{"lts":3,"name":"East Berkeley Street","osmId":1121229609,"goBoston":"priority","project":"Berkeley St"}},{"type":"Feature","geometry":{"type":"LineString","coordinates":[[-71.06983,42.34528],[-71.06992,42.3453],[-71.06995,42.3453],[-71.07,42.34532],[-71.07003,42.34534],[-71.07019,42.34542],[-71.0702,42.34543],[-71.07022,42.34544],[-71.07023,42.34545],[-71.07023,42.34546]]},"properties":{"lts":3,"name":"Berkeley Street","osmId":8691837,"goBoston":"priority","project":"Berkeley St"}},{"type":"Feature","geometry":{"type":"LineString","coordinates":[[-71.07023,42.34546],[-71.07027,42.34553],[-71.07043,42.34586],[-71.07057,42.34616],[-71.07058,42.34618],[-71.07062,42.34625],[-71.07065,42.34632],[-71.07069,42.34639],[-71.07083,42.34668],[-71.07093,42.3469],[-71.07097,42.34698],[-71.07102,42.34706],[-71.07117,42.34738]]},"properties":{"lts":2,"name":"Berkeley Street","osmId":32575491,"goBoston":"priority","project":"Berkeley St"}},{"type":"Feature","geometry":{"type":"LineString","coordinates":[[-71.07117,42.34738],[-71.07149,42.34808]]},"properties":{"lts":2,"name":"Berkeley Street","osmId":36835948,"goBoston":"priority","project":"Berkeley St"}},{"type":"Feature","geometry":{"type":"LineString","coordinates":[[-71.07149,42.34808],[-71.07153,42.34815],[-71.07161,42.34828]]},"properties":{"lts":2,"name":"Berkeley Street","osmId":1285816844,"goBoston":"priority","project":"Berkeley St"}},{"type":"Feature","geometry":{"type":"LineString","coordinates":[[-71.07161,42.34828],[-71.0717,42.34847],[-71.07174,42.34856],[-71.07176,42.3486],[-71.07179,42.34866]]},"properties":{"lts":2,"name":"Berkeley Street","osmId":383058041,"goBoston":"priority","project":"Berkeley St"}},{"type":"Feature","geometry":{"type":"LineString","coordinates":[[-71.06068,42.34516],[-71.06056,42.34514],[-71.06045,42.34512],[-71.06039,42.3451],[-71.06028,42.34509],[-71.06021,42.34508],[-71.06017,42.34507],[-71.06013,42.34506],[-71.06007,42.34504],[-71.06002,42.34502],[-71.06,42.34501],[-71.05997,42.34498],[-71.05995,42.34496],[-71.05994,42.34494],[-71.05993,42.34493],[-71.05993,42.34492],[-71.05993,42.34491],[-71.05993,42.3449],[-71.05993,42.34488],[-71.05994,42.34485],[-71.05995,42.34483],[-71.05995,42.34481],[-71.05996,42.3448],[-71.05996,42.34479],[-71.05997,42.34478],[-71.05998,42.34477],[-71.05999,42.34476],[-71.06,42.34475],[-71.06002,42.34474],[-71.06003,42.34473],[-71.06007,42.3447],[-71.06013,42.34465],[-71.0602,42.3446],[-71.06023,42.34457],[-71.06025,42.34455],[-71.06027,42.34453],[-71.06028,42.34451],[-71.0603,42.34449],[-71.06035,42.34441],[-71.06037,42.34437],[-71.0604,42.34435],[-71.06042,42.34434],[-71.06044,42.34433],[-71.06046,42.34433],[-71.0605,42.34432],[-71.06052,42.34431],[-71.06054,42.3443],[-71.06057,42.34428],[-71.06059,42.34427],[-71.06066,42.34422],[-71.06083,42.34405],[-71.06088,42.34398],[-71.06089,42.34394]]},"properties":{"lts":1,"name":"South Bay Harbor Trail","osmId":812975016,"goBoston":"priority","project":null}},{"type":"Feature","geometry":{"type":"LineString","coordinates":[[-71.06096,42.34356],[-71.06116,42.34316]]},"properties":{"lts":1,"name":"South Bay Harbor Trail","osmId":812975017,"goBoston":"priority","project":null}},{"type":"Feature","geometry":{"type":"LineString","coordinates":[[-71.06243,42.3429],[-71.06195,42.34277]]},"properties":{"lts":1,"name":"South Bay Harbor Trail","osmId":823185049,"goBoston":"priority","project":null}},{"type":"Feature","geometry":{"type":"LineString","coordinates":[[-71.06266,42.34297],[-71.06264,42.34296],[-71.06259,42.34295],[-71.06246,42.3429],[-71.06243,42.3429]]},"properties":{"lts":1,"name":"South Bay Harbor Trail","osmId":823185050,"goBoston":"priority","project":null}},{"type":"Feature","geometry":{"type":"LineString","coordinates":[[-71.06195,42.34277],[-71.06186,42.34273],[-71.06171,42.34269],[-71.06169,42.34268]]},"properties":{"lts":1,"name":"South Bay Harbor Trail","osmId":823185052,"goBoston":"priority","project":null}},{"type":"Feature","geometry":{"type":"LineString","coordinates":[[-71.06169,42.34268],[-71.06164,42.34278],[-71.06158,42.34292]]},"properties":{"lts":1,"name":"South Bay Harbor Trail","osmId":823185053,"goBoston":"priority","project":null}},{"type":"Feature","geometry":{"type":"LineString","coordinates":[[-71.06116,42.34316],[-71.06106,42.34313],[-71.06085,42.34352]]},"properties":{"lts":1,"name":"South Bay Harbor Trail","osmId":823185054,"goBoston":"priority","project":null}},{"type":"Feature","geometry":{"type":"LineString","coordinates":[[-71.06105,42.3437],[-71.06102,42.34374],[-71.06099,42.3438],[-71.06097,42.34382],[-71.06094,42.34386],[-71.06089,42.34394]]},"properties":{"lts":1,"name":"South Bay Harbor Trail","osmId":823307746,"goBoston":"priority","project":null}},{"type":"Feature","geometry":{"type":"LineString","coordinates":[[-71.07224,42.3329],[-71.07224,42.33292],[-71.07225,42.33295]]},"properties":{"lts":1,"name":"South Bay Harbor Trail","osmId":830564425,"goBoston":"priority","project":null}},{"type":"Feature","geometry":{"type":"LineString","coordinates":[[-71.07226,42.33297],[-71.07217,42.33298],[-71.07209,42.333],[-71.07097,42.33382],[-71.07038,42.3342],[-71.07015,42.33434],[-71.07003,42.33442],[-71.06941,42.33476],[-71.06894,42.33499],[-71.06858,42.33516],[-71.06821,42.3353],[-71.06778,42.33541],[-71.06722,42.33549],[-71.06661,42.33558],[-71.06645,42.3356],[-71.06636,42.33562],[-71.06632,42.33563],[-71.06626,42.33565],[-71.06619,42.33568],[-71.06615,42.3357],[-71.0661,42.33573],[-71.06605,42.33577],[-71.06601,42.33581],[-71.066,42.33584],[-71.06599,42.33588],[-71.066,42.33604],[-71.06599,42.3362],[-71.06597,42.33644],[-71.06595,42.33654],[-71.06594,42.33664],[-71.06588,42.33678],[-71.06584,42.33693],[-71.06582,42.33703],[-71.06579,42.33713],[-71.06576,42.33722],[-71.06571,42.33732],[-71.06567,42.33742],[-71.06562,42.33753],[-71.06557,42.33763],[-71.0655,42.33774],[-71.06541,42.3379],[-71.06532,42.33804],[-71.06526,42.33814],[-71.06521,42.33822],[-71.06511,42.33837],[-71.06503,42.3385],[-71.06494,42.33865],[-71.06476,42.33893],[-71.06445,42.33944],[-71.06443,42.33948],[-71.06444,42.33952],[-71.06446,42.33956],[-71.0645,42.3396],[-71.06455,42.33962],[-71.0646,42.33963],[-71.06464,42.33964],[-71.0647,42.33963]]},"properties":{"lts":1,"name":"South Bay Harbor Trail","osmId":830564426,"goBoston":"priority","project":null}},{"type":"Feature","geometry":{"type":"LineString","coordinates":[[-71.0647,42.33963],[-71.06461,42.33968],[-71.06455,42.33973]]},"properties":{"lts":1,"name":"South Bay Harbor Trail","osmId":830631260,"goBoston":"priority","project":null}},{"type":"Feature","geometry":{"type":"LineString","coordinates":[]},"properties":{"lts":0,"name":"South Bay Harbor Trail","osmId":830631261,"goBoston":"priority","project":null}},{"type":"Feature","geometry":{"type":"LineString","coordinates":[[-71.0641,42.34006],[-71.06415,42.34009],[-71.06423,42.34015],[-71.06429,42.34019]]},"properties":{"lts":1,"name":"South Bay Harbor Trail","osmId":830631263,"goBoston":"priority","project":null}},{"type":"Feature","geometry":{"type":"LineString","coordinates":[[-71.06429,42.34019],[-71.06409,42.34033],[-71.06401,42.3404],[-71.06391,42.3405],[-71.06385,42.34057],[-71.0638,42.34064],[-71.06374,42.34072],[-71.06372,42.34075],[-71.06361,42.34096]]},"properties":{"lts":1,"name":"South Bay Harbor Trail","osmId":830631264,"goBoston":"priority","project":null}},{"type":"Feature","geometry":{"type":"LineString","coordinates":[[-71.06361,42.34096],[-71.0636,42.341],[-71.06358,42.34105]]},"properties":{"lts":1,"name":"South Bay Harbor Trail","osmId":830631272,"goBoston":"priority","project":null}},{"type":"Feature","geometry":{"type":"LineString","coordinates":[[-71.06358,42.34105],[-71.06355,42.34111],[-71.06352,42.34118],[-71.06354,42.34124],[-71.06335,42.3416],[-71.06328,42.3417],[-71.06313,42.34197]]},"properties":{"lts":1,"name":"South Bay Harbor Trail","osmId":830631273,"goBoston":"priority","project":null}},{"type":"Feature","geometry":{"type":"LineString","coordinates":[[-71.06313,42.34197],[-71.06312,42.34201],[-71.06309,42.34207]]},"properties":{"lts":1,"name":"South Bay Harbor Trail","osmId":830631275,"goBoston":"priority","project":null}},{"type":"Feature","geometry":{"type":"LineString","coordinates":[[-71.06309,42.34207],[-71.06305,42.34214],[-71.06296,42.34234]]},"properties":{"lts":1,"name":"South Bay Harbor Trail","osmId":830631276,"goBoston":"priority","project":null}},{"type":"Feature","geometry":{"type":"LineString","coordinates":[[-71.06296,42.34234],[-71.06294,42.34238],[-71.06292,42.34243]]},"properties":{"lts":1,"name":"South Bay Harbor Trail","osmId":830631278,"goBoston":"priority","project":null}},{"type":"Feature","geometry":{"type":"LineString","coordinates":[[-71.06292,42.34243],[-71.06281,42.34266],[-71.06279,42.34269],[-71.06266,42.34297]]},"properties":{"lts":1,"name":"South Bay Harbor Trail","osmId":830631279,"goBoston":"priority","project":null}},{"type":"Feature","geometry":{"type":"LineString","coordinates":[[-71.07253,42.33258],[-71.07248,42.33263],[-71.07244,42.33263]]},"properties":{"lts":1,"name":"South Bay Harbor Trail","osmId":836464097,"goBoston":"priority","project":null}},{"type":"Feature","geometry":{"type":"LineString","coordinates":[[-71.06096,42.34356],[-71.06109,42.34361],[-71.06105,42.3437]]},"properties":{"lts":1,"name":"South Bay Harbor Trail","osmId":836464098,"goBoston":"priority","project":null}},{"type":"Feature","geometry":{"type":"LineString","coordinates":[[-71.06132,42.34285],[-71.06116,42.34316]]},"properties":{"lts":1,"name":"South Bay Harbor Trail","osmId":991248724,"goBoston":"priority","project":null}},{"type":"Feature","geometry":{"type":"LineString","coordinates":[[-71.07242,42.33264],[-71.07238,42.33268],[-71.07231,42.33274]]},"properties":{"lts":1,"name":"South Bay Harbor Trail","osmId":1286115826,"goBoston":"priority","project":null}},{"type":"Feature","geometry":{"type":"LineString","coordinates":[[-71.07221,42.33284],[-71.07219,42.33286],[-71.07224,42.3329]]},"properties":{"lts":1,"name":"South Bay Harbor Trail","osmId":1286115832,"goBoston":"priority","project":null}},{"type":"Feature","geometry":{"type":"LineString","coordinates":[]},"properties":{"lts":0,"name":"South Bay Harbor Trail","osmId":1290383172,"goBoston":"priority","project":null}},{"type":"Feature","geometry":{"type":"LineString","coordinates":[[-71.07244,42.33263],[-71.07242,42.33264]]},"properties":{"lts":1,"name":"South Bay Harbor Trail","osmId":1387080019,"goBoston":"priority","project":null}},{"type":"Feature","geometry":{"type":"LineString","coordinates":[[-71.07225,42.33295],[-71.07226,42.33297]]},"properties":{"lts":1,"name":"South Bay Harbor Trail","osmId":1387080024,"goBoston":"priority","project":null}},{"type":"Feature","geometry":{"type":"LineString","coordinates":[[-71.0723,42.33275],[-71.07225,42.33279],[-71.07221,42.33284]]},"properties":{"lts":1,"name":"South Bay Harbor Trail","osmId":1413355411,"goBoston":"priority","project":null}},{"type":"Feature","geometry":{"type":"LineString","coordinates":[[-71.07231,42.33274],[-71.0723,42.33275]]},"properties":{"lts":1,"name":"South Bay Harbor Trail","osmId":1413355412,"goBoston":"priority","project":null}},{"type":"Feature","geometry":{"type":"LineString","coordinates":[[-71.06455,42.33973],[-71.06454,42.33973],[-71.06449,42.33977],[-71.06438,42.33984],[-71.06428,42.33989],[-71.06416,42.33999],[-71.0641,42.34006]]},"properties":{"lts":1,"name":null,"osmId":1210319902,"goBoston":"priority","project":null}},{"type":"Feature","geometry":{"type":"LineString","coordinates":[[-71.0647,42.33963],[-71.06461,42.33968],[-71.06455,42.33973]]},"properties":{"lts":1,"name":"South Bay Harbor Trail","osmId":830631260,"goBoston":"priority","project":null}},{"type":"Feature","geometry":{"type":"LineString","coordinates":[[-71.06158,42.34292],[-71.06156,42.34292],[-71.06152,42.34291],[-71.06132,42.34285]]},"properties":{"lts":1,"name":null,"osmId":991248725,"goBoston":"priority","project":null}},{"type":"Feature","geometry":{"type":"LineString","coordinates":[[-71.06134,42.34529],[-71.06126,42.34527],[-71.0612,42.34526],[-71.06116,42.34525],[-71.06101,42.34523],[-71.06095,42.34521],[-71.06092,42.34521],[-71.06068,42.34516]]},"properties":{"lts":1,"name":null,"osmId":991248722,"goBoston":"priority","project":null}},{"type":"Feature","geometry":{"type":"LineString","coordinates":[[-71.0803,42.33934],[-71.08025,42.33937],[-71.08023,42.33938],[-71.07978,42.33962]]},"properties":{"lts":2,"name":"Tremont Street","osmId":426462292,"goBoston":"priority","project":"Tremont St"}},{"type":"Feature","geometry":{"type":"LineString","coordinates":[[-71.07978,42.33962],[-71.07967,42.33967],[-71.07959,42.33971],[-71.07952,42.33975],[-71.0789,42.34008],[-71.07882,42.34012],[-71.07876,42.34015],[-71.07815,42.34048],[-71.07811,42.3405],[-71.07807,42.34052],[-71.07803,42.34054],[-71.078,42.34056],[-71.0778,42.34066],[-71.07767,42.34074],[-71.07737,42.34089],[-71.0773,42.34093],[-71.07723,42.34097],[-71.07664,42.34129],[-71.07661,42.34131],[-71.07656,42.34134],[-71.07652,42.34136],[-71.07649,42.34138],[-71.07601,42.34163],[-71.07594,42.34167],[-71.07587,42.34171],[-71.07549,42.34191],[-71.0754,42.34196],[-71.07534,42.342],[-71.07526,42.34204],[-71.07518,42.34208],[-71.07466,42.34236],[-71.07459,42.3424],[-71.07451,42.34244],[-71.07421,42.3426]]},"properties":{"lts":1,"name":"Tremont Street","osmId":1323803043,"goBoston":"priority","project":"Tremont St"}},{"type":"Feature","geometry":{"type":"LineString","coordinates":[[-71.07421,42.3426],[-71.07391,42.34276],[-71.07383,42.3428],[-71.07377,42.34283]]},"properties":{"lts":2,"name":"Tremont Street","osmId":1323803044,"goBoston":"priority","project":"Tremont St"}},{"type":"Feature","geometry":{"type":"LineString","coordinates":[[-71.07377,42.34283],[-71.0737,42.34287],[-71.07367,42.34288],[-71.07325,42.34312]]},"properties":{"lts":2,"name":"Tremont Street","osmId":1323806679,"goBoston":"priority","project":"Tremont St"}},{"type":"Feature","geometry":{"type":"LineString","coordinates":[[-71.07325,42.34312],[-71.07315,42.34317],[-71.07307,42.34321],[-71.07282,42.34334],[-71.07239,42.34357],[-71.07231,42.34361],[-71.07226,42.34364],[-71.07194,42.34381],[-71.07191,42.34383],[-71.07184,42.34387],[-71.07175,42.34392],[-71.07168,42.34396],[-71.07157,42.34402],[-71.07112,42.34425],[-71.07105,42.34429],[-71.07064,42.34451],[-71.07057,42.34455],[-71.0705,42.34459],[-71.07045,42.34464],[-71.07032,42.34475],[-71.07019,42.34489],[-71.07011,42.34497]]},"properties":{"lts":1,"name":"Tremont Street","osmId":8636133,"goBoston":"priority","project":"Tremont St"}},{"type":"Feature","geometry":{"type":"LineString","coordinates":[[-71.07011,42.34497],[-71.07002,42.34506],[-71.06991,42.34519],[-71.06989,42.34521],[-71.06983,42.34528]]},"properties":{"lts":2,"name":"Tremont Street","osmId":1384542880,"goBoston":"priority","project":"Tremont St"}},{"type":"Feature","geometry":{"type":"LineString","coordinates":[[-71.06983,42.34528],[-71.06978,42.34536],[-71.06977,42.34538],[-71.06963,42.34562],[-71.06949,42.34587],[-71.06916,42.34649],[-71.06913,42.34655],[-71.06904,42.3467],[-71.06896,42.34685]]},"properties":{"lts":1,"name":"Tremont Street","osmId":1384542879,"goBoston":"priority","project":"Tremont St"}},{"type":"Feature","geometry":{"type":"LineString","coordinates":[[-71.06896,42.34685],[-71.0689,42.34696],[-71.06887,42.34703],[-71.06882,42.34711]]},"properties":{"lts":2,"name":"Tremont Street","osmId":1323778199,"goBoston":"priority","project":"Tremont St"}},{"type":"Feature","geometry":{"type":"LineString","coordinates":[[-71.06882,42.34711],[-71.06875,42.34724],[-71.06868,42.34739]]},"properties":{"lts":2,"name":"Tremont Street","osmId":533521496,"goBoston":"priority","project":"Tremont St"}},{"type":"Feature","geometry":{"type":"LineString","coordinates":[[-71.06868,42.34739],[-71.06866,42.34741],[-71.06864,42.34745],[-71.06862,42.34749]]},"properties":{"lts":2,"name":"Tremont Street","osmId":1323778200,"goBoston":"priority","project":"Tremont St"}},{"type":"Feature","geometry":{"type":"LineString","coordinates":[[-71.06862,42.34749],[-71.06859,42.34753],[-71.06855,42.34757],[-71.06854,42.34759],[-71.06852,42.34761]]},"properties":{"lts":2,"name":"Tremont Street","osmId":1283036470,"goBoston":"priority","project":"Tremont St"}},{"type":"Feature","geometry":{"type":"LineString","coordinates":[[-71.06852,42.34761],[-71.06848,42.34765],[-71.06844,42.34769],[-71.06812,42.34793]]},"properties":{"lts":1,"name":"Tremont Street","osmId":87109176,"goBoston":"priority","project":"Tremont St"}},{"type":"Feature","geometry":{"type":"LineString","coordinates":[[-71.06812,42.34793],[-71.06802,42.348]]},"properties":{"lts":1,"name":"Tremont Street","osmId":1329768970,"goBoston":"priority","project":"Tremont St"}},{"type":"Feature","geometry":{"type":"LineString","coordinates":[[-71.06802,42.348],[-71.06786,42.34809],[-71.06782,42.34811],[-71.06777,42.34814],[-71.06753,42.34828],[-71.06673,42.34874],[-71.0667,42.34876],[-71.06666,42.34878],[-71.06661,42.34881]]},"properties":{"lts":3,"name":"Tremont Street","osmId":43100855,"goBoston":"priority","project":"Tremont St"}},{"type":"Feature","geometry":{"type":"LineString","coordinates":[[-71.08775,42.33641],[-71.08761,42.3365],[-71.08757,42.33652],[-71.08727,42.33671],[-71.08716,42.33677],[-71.0868,42.33699],[-71.0867,42.33706],[-71.08629,42.33731],[-71.08618,42.33738],[-71.08609,42.33744],[-71.08575,42.33765],[-71.08573,42.33766],[-71.08567,42.3377],[-71.08562,42.33773],[-71.08519,42.33801],[-71.08513,42.33804],[-71.08504,42.3381],[-71.08502,42.33811],[-71.08474,42.33829],[-71.08469,42.33832],[-71.08429,42.33858],[-71.08418,42.33865],[-71.08405,42.33874],[-71.08377,42.33896],[-71.08337,42.33927],[-71.08331,42.33932]]},"properties":{"lts":1,"name":"Columbus Avenue","osmId":301736990,"goBoston":"priority","project":"Columbus Ave"}},{"type":"Feature","geometry":{"type":"LineString","coordinates":[[-71.08331,42.33932],[-71.08327,42.33936],[-71.08252,42.33996],[-71.08247,42.34]]},"properties":{"lts":2,"name":"Columbus Avenue","osmId":697223501,"goBoston":"priority","project":"Columbus Ave"}},{"type":"Feature","geometry":{"type":"LineString","coordinates":[[-71.08247,42.34],[-71.08243,42.34003],[-71.08238,42.34008]]},"properties":{"lts":2,"name":"Columbus Avenue","osmId":485286880,"goBoston":"priority","project":"Columbus Ave"}},{"type":"Feature","geometry":{"type":"LineString","coordinates":[[-71.08195,42.34042],[-71.0821,42.3403],[-71.08238,42.34008]]},"properties":{"lts":3,"name":"Columbus Avenue","osmId":1088869489,"goBoston":"priority","project":"Columbus Ave"}},{"type":"Feature","geometry":{"type":"LineString","coordinates":[[-71.08178,42.34056],[-71.08181,42.34053],[-71.08183,42.34052],[-71.08185,42.3405],[-71.08195,42.34042]]},"properties":{"lts":3,"name":"Columbus Avenue","osmId":426462215,"goBoston":"priority","project":"Columbus Ave"}},{"type":"Feature","geometry":{"type":"LineString","coordinates":[[-71.10606,42.30021],[-71.10631,42.30027],[-71.10635,42.30028],[-71.10638,42.30029],[-71.1065,42.30033],[-71.10656,42.30035],[-71.10661,42.30036],[-71.10672,42.30039]]},"properties":{"lts":1,"name":null,"osmId":1287902977,"goBoston":"priority","project":"Casey Arborway"}},{"type":"Feature","geometry":{"type":"LineString","coordinates":[[-71.10684,42.30044],[-71.10678,42.30041],[-71.10672,42.30039]]},"properties":{"lts":1,"name":null,"osmId":1287902979,"goBoston":"priority","project":"Casey Arborway"}},{"type":"Feature","geometry":{"type":"LineString","coordinates":[[-71.1146,42.30164],[-71.11459,42.30164],[-71.11456,42.30163]]},"properties":{"lts":1,"name":null,"osmId":1092483717,"goBoston":"priority","project":"Casey Arborway"}},{"type":"Feature","geometry":{"type":"LineString","coordinates":[[-71.11466,42.30162],[-71.11471,42.3016],[-71.11472,42.3016]]},"properties":{"lts":1,"name":null,"osmId":1092483718,"goBoston":"priority","project":"Casey Arborway"}},{"type":"Feature","geometry":{"type":"LineString","coordinates":[[-71.11472,42.3016],[-71.11471,42.30158],[-71.1147,42.30157],[-71.11469,42.30155],[-71.11468,42.30153],[-71.11468,42.30151],[-71.11467,42.30148],[-71.11467,42.30146],[-71.11466,42.30144],[-71.11466,42.30142],[-71.11467,42.30138],[-71.11467,42.30134],[-71.11467,42.30129],[-71.11468,42.30122],[-71.11469,42.30114],[-71.11469,42.30114],[-71.11469,42.30113],[-71.11469,42.30112],[-71.1147,42.30111],[-71.1147,42.30111],[-71.11471,42.3011],[-71.11471,42.30109],[-71.11471,42.30109],[-71.11472,42.30108],[-71.11473,42.30108],[-71.11473,42.30105],[-71.11473,42.30105]]},"properties":{"lts":1,"name":null,"osmId":1288146439,"goBoston":"priority","project":"Casey Arborway"}},{"type":"Feature","geometry":{"type":"LineString","coordinates":[[-71.11473,42.30105],[-71.11473,42.301],[-71.11474,42.30096]]},"properties":{"lts":1,"name":null,"osmId":1288146441,"goBoston":"priority","project":"Casey Arborway"}},{"type":"Feature","geometry":{"type":"LineString","coordinates":[[-71.11474,42.30096],[-71.11474,42.30095],[-71.11473,42.30087],[-71.11474,42.30081],[-71.11474,42.30078],[-71.11474,42.30074],[-71.11475,42.3007],[-71.11476,42.30064],[-71.11477,42.30058]]},"properties":{"lts":1,"name":null,"osmId":1288146442,"goBoston":"priority","project":"Casey Arborway"}},{"type":"Feature","geometry":{"type":"LineString","coordinates":[[-71.11477,42.30058],[-71.11477,42.30056],[-71.11478,42.30053],[-71.11478,42.30051]]},"properties":{"lts":1,"name":null,"osmId":1288146444,"goBoston":"priority","project":"Casey Arborway"}},{"type":"Feature","geometry":{"type":"LineString","coordinates":[[-71.10573,42.30015],[-71.10568,42.30014],[-71.10563,42.30013]]},"properties":{"lts":1,"name":null,"osmId":1287902992,"goBoston":"priority","project":"Casey Arborway"}},{"type":"Feature","geometry":{"type":"LineString","coordinates":[[-71.11435,42.30153],[-71.11427,42.30149],[-71.11422,42.30147],[-71.11414,42.30144],[-71.11409,42.30142],[-71.11405,42.30141],[-71.11403,42.3014],[-71.114,42.30139],[-71.11397,42.30138],[-71.11393,42.30136],[-71.1139,42.30134],[-71.11389,42.30134],[-71.11386,42.30132],[-71.11383,42.30131],[-71.11378,42.30129],[-71.11374,42.30128],[-71.11371,42.30127],[-71.11365,42.30126],[-71.11359,42.30124],[-71.11356,42.30124],[-71.11352,42.30123],[-71.11349,42.30123],[-71.11346,42.30122],[-71.11342,42.30122],[-71.11338,42.30121],[-71.11336,42.30121],[-71.11333,42.30121],[-71.11327,42.3012],[-71.11322,42.3012],[-71.11321,42.3012],[-71.11317,42.3012],[-71.11314,42.3012],[-71.11309,42.30121],[-71.11301,42.30121],[-71.1129,42.30122],[-71.11288,42.30123],[-71.11286,42.30122],[-71.11285,42.30122],[-71.11281,42.30122],[-71.11277,42.30121]]},"properties":{"lts":1,"name":null,"osmId":660275125,"goBoston":"priority","project":"Casey Arborway"}},{"type":"Feature","geometry":{"type":"LineString","coordinates":[[-71.11163,42.30124],[-71.11173,42.30123],[-71.11184,42.30123],[-71.1119,42.30122],[-71.11193,42.30122],[-71.11197,42.30122],[-71.11201,42.30122],[-71.11206,42.30123],[-71.11214,42.30123],[-71.11218,42.30122],[-71.11233,42.30122],[-71.11235,42.30121],[-71.11249,42.30121]]},"properties":{"lts":1,"name":null,"osmId":1330014518,"goBoston":"priority","project":"Casey Arborway"}},{"type":"Feature","geometry":{"type":"LineString","coordinates":[[-71.11152,42.30125],[-71.11157,42.30124],[-71.11163,42.30124]]},"properties":{"lts":1,"name":null,"osmId":1330014517,"goBoston":"priority","project":"Casey Arborway"}},{"type":"Feature","geometry":{"type":"LineString","coordinates":[[-71.1167,42.30228],[-71.11671,42.30231],[-71.11682,42.30232],[-71.11693,42.30233],[-71.11703,42.30234],[-71.11707,42.30234],[-71.1171,42.30235],[-71.11712,42.30235],[-71.11716,42.30236],[-71.11728,42.30238],[-71.11741,42.30241],[-71.11755,42.30244],[-71.11775,42.30249],[-71.11792,42.30254]]},"properties":{"lts":1,"name":null,"osmId":1088840252,"goBoston":"priority","project":"Casey Arborway"}},{"type":"Feature","geometry":{"type":"LineString","coordinates":[[-71.10563,42.30013],[-71.10555,42.30013],[-71.10553,42.30013],[-71.10552,42.30013],[-71.10551,42.30013],[-71.1055,42.30013],[-71.10549,42.30014],[-71.10545,42.30015],[-71.10535,42.30019]]},"properties":{"lts":1,"name":null,"osmId":1413413190,"goBoston":"priority","project":"Casey Arborway"}},{"type":"Feature","geometry":{"type":"LineString","coordinates":[[-71.10684,42.30044],[-71.10687,42.30045],[-71.10689,42.30046],[-71.10691,42.30047],[-71.10692,42.30049],[-71.10695,42.30051],[-71.10698,42.30053],[-71.10705,42.30057],[-71.10715,42.30062],[-71.10726,42.30068],[-71.10738,42.30075],[-71.10745,42.30078],[-71.10757,42.30085],[-71.10774,42.30094],[-71.10783,42.30098],[-71.10789,42.30101],[-71.10797,42.30105],[-71.108,42.30106],[-71.10806,42.30108],[-71.10811,42.3011],[-71.10815,42.30112],[-71.10822,42.30114],[-71.10828,42.30116],[-71.10829,42.30116],[-71.10831,42.30117],[-71.10835,42.30118],[-71.10839,42.30119],[-71.10845,42.3012],[-71.10851,42.30121],[-71.10858,42.30123],[-71.10864,42.30124],[-71.10867,42.30124],[-71.1087,42.30124],[-71.10876,42.30125],[-71.10883,42.30126],[-71.10887,42.30126],[-71.10893,42.30126],[-71.10898,42.30126],[-71.10903,42.30126],[-71.1094,42.30128],[-71.10981,42.30129],[-71.10985,42.30129],[-71.11008,42.3013],[-71.11014,42.3013],[-71.11018,42.3013],[-71.11021,42.3013],[-71.11023,42.30131],[-71.11026,42.30131],[-71.1103,42.30132],[-71.11033,42.30133],[-71.11036,42.30133],[-71.11039,42.30134],[-71.11043,42.30134],[-71.11047,42.30135],[-71.11052,42.30135],[-71.11055,42.30135],[-71.11058,42.30135],[-71.11062,42.30135],[-71.11067,42.30135],[-71.11072,42.30134],[-71.11077,42.30133],[-71.11081,42.30133],[-71.11086,42.30132],[-71.11092,42.3013],[-71.11103,42.30128],[-71.11108,42.30127],[-71.11113,42.30126],[-71.11119,42.30126],[-71.11123,42.30126],[-71.11152,42.30125]]},"properties":{"lts":1,"name":null,"osmId":1090870651,"goBoston":"priority","project":"Casey Arborway"}},{"type":"Feature","geometry":{"type":"LineString","coordinates":[[-71.10598,42.3002],[-71.10602,42.30021],[-71.10606,42.30021]]},"properties":{"lts":1,"name":null,"osmId":1329969242,"goBoston":"priority","project":"Casey Arborway"}},{"type":"Feature","geometry":{"type":"LineString","coordinates":[[-71.10573,42.30015],[-71.10577,42.30016],[-71.10598,42.3002]]},"properties":{"lts":1,"name":null,"osmId":1329969243,"goBoston":"priority","project":"Casey Arborway"}},{"type":"Feature","geometry":{"type":"LineString","coordinates":[[-71.11472,42.3016],[-71.11474,42.30162],[-71.11476,42.30166],[-71.11477,42.30167],[-71.11478,42.30168],[-71.11479,42.30169],[-71.11481,42.30171],[-71.11483,42.30172],[-71.11486,42.30173],[-71.11488,42.30175],[-71.11492,42.30177],[-71.11496,42.30179],[-71.11502,42.30182],[-71.11514,42.30187],[-71.11524,42.30192],[-71.11536,42.30197],[-71.11548,42.30202],[-71.11556,42.30206],[-71.11563,42.30208],[-71.11568,42.3021],[-71.11575,42.30213],[-71.11582,42.30215],[-71.1159,42.30217],[-71.11591,42.30217],[-71.11596,42.30219],[-71.11601,42.30221],[-71.11609,42.30223],[-71.11614,42.30224],[-71.11619,42.30225],[-71.11625,42.30226],[-71.11634,42.30227],[-71.1164,42.30228],[-71.11647,42.30229],[-71.11651,42.3023],[-71.11654,42.30229],[-71.11657,42.30229],[-71.11662,42.30229],[-71.11665,42.30228],[-71.1167,42.30228]]},"properties":{"lts":1,"name":null,"osmId":754052063,"goBoston":"priority","project":"Casey Arborway"}},{"type":"Feature","geometry":{"type":"LineString","coordinates":[[-71.11277,42.30121],[-71.11259,42.30121],[-71.11251,42.30121],[-71.11249,42.30121]]},"properties":{"lts":1,"name":null,"osmId":1287902963,"goBoston":"priority","project":"Casey Arborway"}},{"type":"Feature","geometry":{"type":"LineString","coordinates":[[-71.11435,42.30153],[-71.11439,42.30155],[-71.11448,42.30159],[-71.11456,42.30163]]},"properties":{"lts":1,"name":null,"osmId":970452854,"goBoston":"priority","project":"Casey Arborway"}},{"type":"Feature","geometry":{"type":"LineString","coordinates":[[-71.11803,42.30268],[-71.11792,42.30254]]},"properties":{"lts":1,"name":null,"osmId":970452856,"goBoston":"priority","project":"Casey Arborway"}},{"type":"Feature","geometry":{"type":"LineString","coordinates":[[-71.1146,42.30164],[-71.11463,42.30163],[-71.11466,42.30162]]},"properties":{"lts":1,"name":null,"osmId":1092483705,"goBoston":"priority","project":"Casey Arborway"}},{"type":"Feature","geometry":{"type":"LineString","coordinates":[[-71.11478,42.30051],[-71.11482,42.30038],[-71.11484,42.3003],[-71.11486,42.30024],[-71.11486,42.30021],[-71.11487,42.30018],[-71.11487,42.30015],[-71.11486,42.30013],[-71.11486,42.3001],[-71.11482,42.29993]]},"properties":{"lts":1,"name":null,"osmId":1415523451,"goBoston":"priority","project":"Casey Arborway"}},{"type":"Feature","geometry":{"type":"LineString","coordinates":[[-71.11466,42.30171],[-71.11465,42.30172],[-71.11465,42.30174]]},"properties":{"lts":1,"name":null,"osmId":1092483713,"goBoston":"priority","project":"Casey Arborway"}},{"type":"Feature","geometry":{"type":"LineString","coordinates":[[-71.1146,42.30006],[-71.11463,42.30007],[-71.11465,42.30008],[-71.11474,42.3001],[-71.11481,42.30011],[-71.11484,42.30012],[-71.11486,42.30013]]},"properties":{"lts":1,"name":null,"osmId":970452868,"goBoston":"priority","project":"Casey Arborway"}},{"type":"Feature","geometry":{"type":"LineString","coordinates":[[-71.11425,42.30168],[-71.11425,42.30163],[-71.11425,42.30157]]},"properties":{"lts":1,"name":null,"osmId":1092491910,"goBoston":"priority","project":"Casey Arborway"}},{"type":"Feature","geometry":{"type":"LineString","coordinates":[[-71.11471,42.30168],[-71.11476,42.30166]]},"properties":{"lts":1,"name":null,"osmId":1092483719,"goBoston":"priority","project":"Casey Arborway"}},{"type":"Feature","geometry":{"type":"LineString","coordinates":[[-71.11469,42.30204],[-71.11469,42.30203],[-71.11468,42.30196],[-71.11467,42.3019]]},"properties":{"lts":1,"name":null,"osmId":1092698137,"goBoston":"priority","project":"Casey Arborway"}},{"type":"Feature","geometry":{"type":"LineString","coordinates":[[-71.11456,42.30205],[-71.1146,42.30206],[-71.11461,42.30207],[-71.11462,42.30207],[-71.11463,42.30207],[-71.11464,42.30207],[-71.11465,42.30207],[-71.11466,42.30206],[-71.11469,42.30204]]},"properties":{"lts":1,"name":null,"osmId":1092698138,"goBoston":"priority","project":"Casey Arborway"}},{"type":"Feature","geometry":{"type":"LineString","coordinates":[[-71.11435,42.30195],[-71.11424,42.3019],[-71.11424,42.30186],[-71.11424,42.30185]]},"properties":{"lts":1,"name":null,"osmId":1092698144,"goBoston":"priority","project":"Casey Arborway"}},{"type":"Feature","geometry":{"type":"LineString","coordinates":[[-71.11425,42.30172],[-71.11425,42.30168]]},"properties":{"lts":1,"name":null,"osmId":1092698145,"goBoston":"priority","project":"Casey Arborway"}},{"type":"Feature","geometry":{"type":"LineString","coordinates":[[-71.11367,42.30202],[-71.11375,42.30199]]},"properties":{"lts":1,"name":null,"osmId":1113383245,"goBoston":"priority","project":"Casey Arborway"}},{"type":"Feature","geometry":{"type":"LineString","coordinates":[[-71.11375,42.30199],[-71.11377,42.30198],[-71.11379,42.30197],[-71.1138,42.30197],[-71.11382,42.30197],[-71.11385,42.30196],[-71.11389,42.30196],[-71.11399,42.30196],[-71.11407,42.30195],[-71.11413,42.30195],[-71.11435,42.30195]]},"properties":{"lts":1,"name":null,"osmId":825315808,"goBoston":"priority","project":"Casey Arborway"}},{"type":"Feature","geometry":{"type":"LineString","coordinates":[[-71.11425,42.30157],[-71.11426,42.30154],[-71.11427,42.30149],[-71.11427,42.30144],[-71.11428,42.30142],[-71.11429,42.30124],[-71.11429,42.3012],[-71.1143,42.30117],[-71.1143,42.30112],[-71.11432,42.30097],[-71.11434,42.30085],[-71.1144,42.30054],[-71.1144,42.30051],[-71.1144,42.30049],[-71.11439,42.30047],[-71.11436,42.30036],[-71.11435,42.30035],[-71.11435,42.30033],[-71.11436,42.3003],[-71.11437,42.30027],[-71.11439,42.30024],[-71.11441,42.30022],[-71.11444,42.3002],[-71.11448,42.30017]]},"properties":{"lts":1,"name":null,"osmId":825315810,"goBoston":"priority","project":"Casey Arborway"}},{"type":"Feature","geometry":{"type":"LineString","coordinates":[[-71.11575,42.29844],[-71.11556,42.29853],[-71.11553,42.29855],[-71.11548,42.29859],[-71.11526,42.29892],[-71.11525,42.29893],[-71.11525,42.29894],[-71.11524,42.29895],[-71.11524,42.29896],[-71.11524,42.29897],[-71.11523,42.29898],[-71.11523,42.29898],[-71.11523,42.29899],[-71.11522,42.299],[-71.11512,42.29916]]},"properties":{"lts":1,"name":null,"osmId":825315813,"goBoston":"priority","project":"Casey Arborway"}},{"type":"Feature","geometry":{"type":"LineString","coordinates":[[-71.11512,42.29916],[-71.11512,42.29917],[-71.11509,42.29923],[-71.11506,42.29928]]},"properties":{"lts":1,"name":null,"osmId":1338511468,"goBoston":"priority","project":"Casey Arborway"}},{"type":"Feature","geometry":{"type":"LineString","coordinates":[[-71.11468,42.2999],[-71.11464,42.29997],[-71.11462,42.30001]]},"properties":{"lts":1,"name":null,"osmId":1092440558,"goBoston":"priority","project":"Casey Arborway"}},{"type":"Feature","geometry":{"type":"LineString","coordinates":[[-71.11462,42.30001],[-71.1146,42.30006]]},"properties":{"lts":1,"name":null,"osmId":1092440559,"goBoston":"priority","project":"Casey Arborway"}},{"type":"Feature","geometry":{"type":"LineString","coordinates":[[-71.11455,42.30013],[-71.11458,42.3001],[-71.1146,42.30006]]},"properties":{"lts":1,"name":null,"osmId":1092440560,"goBoston":"priority","project":"Casey Arborway"}},{"type":"Feature","geometry":{"type":"LineString","coordinates":[[-71.11448,42.30017],[-71.11449,42.30016],[-71.11451,42.30015],[-71.11455,42.30013]]},"properties":{"lts":1,"name":null,"osmId":1092440561,"goBoston":"priority","project":"Casey Arborway"}},{"type":"Feature","geometry":{"type":"LineString","coordinates":[[-71.11435,42.30195],[-71.11438,42.30196],[-71.11446,42.302],[-71.11455,42.30204],[-71.11456,42.30205]]},"properties":{"lts":1,"name":null,"osmId":970452853,"goBoston":"priority","project":"Casey Arborway"}},{"type":"Feature","geometry":{"type":"LineString","coordinates":[[-71.11506,42.29928],[-71.11471,42.29984],[-71.11468,42.2999]]},"properties":{"lts":1,"name":null,"osmId":1329963000,"goBoston":"priority","project":"Casey Arborway"}},{"type":"Feature","geometry":{"type":"LineString","coordinates":[[-71.11466,42.30171],[-71.11468,42.30169],[-71.11471,42.30168]]},"properties":{"lts":1,"name":null,"osmId":1092483707,"goBoston":"priority","project":"Casey Arborway"}},{"type":"Feature","geometry":{"type":"LineString","coordinates":[[-71.11467,42.30186],[-71.11466,42.3018],[-71.11465,42.30174]]},"properties":{"lts":1,"name":null,"osmId":1092483708,"goBoston":"priority","project":"Casey Arborway"}},{"type":"Feature","geometry":{"type":"LineString","coordinates":[[-71.11467,42.3019],[-71.11467,42.30186]]},"properties":{"lts":1,"name":null,"osmId":1092483709,"goBoston":"priority","project":"Casey Arborway"}},{"type":"Feature","geometry":{"type":"LineString","coordinates":[[-71.11424,42.30185],[-71.11424,42.30184],[-71.11424,42.30177],[-71.11425,42.30172]]},"properties":{"lts":1,"name":null,"osmId":1092491902,"goBoston":"priority","project":"Casey Arborway"}},{"type":"Feature","geometry":{"type":"LineString","coordinates":[[-71.11355,42.30201],[-71.11349,42.30197],[-71.11347,42.30195],[-71.11345,42.30193],[-71.11343,42.30192],[-71.11341,42.30191],[-71.11272,42.30165],[-71.1127,42.30164],[-71.11268,42.30163],[-71.11266,42.30163],[-71.11264,42.30163],[-71.1126,42.30163],[-71.11252,42.30163],[-71.11247,42.30163],[-71.11244,42.30163]]},"properties":{"lts":1,"name":"Pierre Lallement Bike Path","osmId":402081506,"goBoston":"priority","project":"Casey Arborway"}},{"type":"Feature","geometry":{"type":"LineString","coordinates":[[-71.10643,42.30048],[-71.10647,42.30045]]},"properties":{"lts":1,"name":null,"osmId":1329969251,"goBoston":"priority","project":"Casey Arborway"}},{"type":"Feature","geometry":{"type":"LineString","coordinates":[[-71.10647,42.30045],[-71.1065,42.30042],[-71.10654,42.30038]]},"properties":{"lts":1,"name":null,"osmId":1329969252,"goBoston":"priority","project":"Casey Arborway"}},{"type":"Feature","geometry":{"type":"LineString","coordinates":[[-71.10633,42.30057],[-71.10637,42.30053],[-71.10643,42.30048]]},"properties":{"lts":1,"name":null,"osmId":1287902984,"goBoston":"priority","project":"Casey Arborway"}},{"type":"Feature","geometry":{"type":"LineString","coordinates":[[-71.10635,42.30067],[-71.10634,42.30066],[-71.10633,42.30066],[-71.10632,42.30065],[-71.10631,42.30064],[-71.10631,42.30063],[-71.1063,42.30063],[-71.1063,42.30062],[-71.1063,42.30061],[-71.1063,42.3006],[-71.10632,42.30058],[-71.10633,42.30057]]},"properties":{"lts":1,"name":null,"osmId":1287902985,"goBoston":"priority","project":"Casey Arborway"}},{"type":"Feature","geometry":{"type":"LineString","coordinates":[[-71.11062,42.30168],[-71.11047,42.30168]]},"properties":{"lts":1,"name":null,"osmId":1330014509,"goBoston":"priority","project":"Casey Arborway"}},{"type":"Feature","geometry":{"type":"LineString","coordinates":[[-71.11203,42.30165],[-71.112,42.30165],[-71.11188,42.30165],[-71.11175,42.30166],[-71.11171,42.30167],[-71.11167,42.30167],[-71.11163,42.30166],[-71.11161,42.30166],[-71.11158,42.30166],[-71.11157,42.30166],[-71.11148,42.30167],[-71.1111,42.30168],[-71.11089,42.30168],[-71.11082,42.30168],[-71.11076,42.30168],[-71.11062,42.30168]]},"properties":{"lts":1,"name":null,"osmId":1330014510,"goBoston":"priority","project":"Casey Arborway"}},{"type":"Feature","geometry":{"type":"LineString","coordinates":[[-71.10694,42.30091],[-71.10675,42.3008],[-71.10672,42.30078],[-71.1067,42.30078],[-71.10668,42.30077],[-71.10663,42.30076],[-71.10659,42.30076],[-71.10658,42.30076],[-71.10656,42.30075]]},"properties":{"lts":1,"name":null,"osmId":1288190832,"goBoston":"priority","project":"Casey Arborway"}},{"type":"Feature","geometry":{"type":"LineString","coordinates":[[-71.10856,42.30157],[-71.1085,42.30156],[-71.10844,42.30155]]},"properties":{"lts":1,"name":null,"osmId":1330014513,"goBoston":"priority","project":"Casey Arborway"}},{"type":"Feature","geometry":{"type":"LineString","coordinates":[[-71.10844,42.30155],[-71.10832,42.30151],[-71.10825,42.3015],[-71.10819,42.30148],[-71.1081,42.30145],[-71.10806,42.30144],[-71.10803,42.30143],[-71.10797,42.30141],[-71.10791,42.30139],[-71.10787,42.30137],[-71.10782,42.30135],[-71.10779,42.30134],[-71.10772,42.30131],[-71.10768,42.30129],[-71.10764,42.30127],[-71.10759,42.30124],[-71.10728,42.30108],[-71.10704,42.30096],[-71.10703,42.30095]]},"properties":{"lts":1,"name":null,"osmId":1330014514,"goBoston":"priority","project":"Casey Arborway"}},{"type":"Feature","geometry":{"type":"LineString","coordinates":[[-71.11244,42.30163],[-71.1124,42.30163],[-71.1122,42.30164],[-71.11209,42.30165],[-71.11204,42.30165],[-71.11203,42.30165]]},"properties":{"lts":1,"name":null,"osmId":1287902966,"goBoston":"priority","project":"Casey Arborway"}},{"type":"Feature","geometry":{"type":"LineString","coordinates":[[-71.11047,42.30168],[-71.11042,42.30168],[-71.1104,42.30168],[-71.11038,42.30168],[-71.11035,42.30169],[-71.11032,42.30169],[-71.11028,42.3017],[-71.11024,42.3017],[-71.11021,42.3017],[-71.11016,42.3017],[-71.11014,42.3017],[-71.11011,42.3017],[-71.11006,42.3017],[-71.11003,42.3017],[-71.11001,42.3017],[-71.10999,42.3017],[-71.10989,42.30169],[-71.10969,42.30169],[-71.10966,42.30168],[-71.10965,42.30168],[-71.10963,42.30168],[-71.10961,42.30168],[-71.10958,42.30167],[-71.10955,42.30166],[-71.10952,42.30166],[-71.10949,42.30165],[-71.10946,42.30165],[-71.10943,42.30165],[-71.10931,42.30164],[-71.10909,42.30164],[-71.10905,42.30163],[-71.109,42.30163],[-71.10896,42.30163],[-71.10888,42.30162],[-71.10885,42.30161],[-71.1088,42.30161],[-71.10875,42.3016],[-71.10869,42.30159],[-71.10864,42.30158],[-71.10856,42.30157]]},"properties":{"lts":1,"name":null,"osmId":727904413,"goBoston":"priority","project":"Casey Arborway"}},{"type":"Feature","geometry":{"type":"LineString","coordinates":[[-71.10703,42.30095],[-71.10698,42.30093],[-71.10694,42.30091]]},"properties":{"lts":1,"name":null,"osmId":1329969241,"goBoston":"priority","project":"Casey Arborway"}},{"type":"Feature","geometry":{"type":"LineString","coordinates":[[-71.10654,42.30038],[-71.10654,42.30037],[-71.10656,42.30035]]},"properties":{"lts":1,"name":null,"osmId":1329969245,"goBoston":"priority","project":"Casey Arborway"}},{"type":"Feature","geometry":{"type":"LineString","coordinates":[[-71.10656,42.30075],[-71.10655,42.30075],[-71.10651,42.30073],[-71.10646,42.30071],[-71.10635,42.30067]]},"properties":{"lts":1,"name":null,"osmId":1287902974,"goBoston":"priority","project":"Casey Arborway"}},{"type":"Feature","geometry":{"type":"LineString","coordinates":[[-71.11215,42.3013],[-71.11211,42.30137],[-71.11209,42.30141]]},"properties":{"lts":1,"name":null,"osmId":1287902968,"goBoston":"priority","project":"Casey Arborway"}},{"type":"Feature","geometry":{"type":"LineString","coordinates":[[-71.11214,42.30123],[-71.11214,42.30128],[-71.11215,42.3013]]},"properties":{"lts":1,"name":null,"osmId":1329992060,"goBoston":"priority","project":"Casey Arborway"}},{"type":"Feature","geometry":{"type":"LineString","coordinates":[[-71.11201,42.30159],[-71.112,42.30165]]},"properties":{"lts":1,"name":null,"osmId":1329992061,"goBoston":"priority","project":"Casey Arborway"}},{"type":"Feature","geometry":{"type":"LineString","coordinates":[[-71.11209,42.30141],[-71.11209,42.30144]]},"properties":{"lts":1,"name":null,"osmId":1329992062,"goBoston":"priority","project":"Casey Arborway"}},{"type":"Feature","geometry":{"type":"LineString","coordinates":[[-71.11209,42.30144],[-71.11204,42.30152],[-71.11201,42.30158],[-71.11201,42.30159]]},"properties":{"lts":1,"name":null,"osmId":1329992063,"goBoston":"priority","project":"Casey Arborway"}},{"type":"Feature","geometry":{"type":"LineString","coordinates":[[-71.11279,42.30139],[-71.11275,42.30143]]},"properties":{"lts":1,"name":null,"osmId":1329992064,"goBoston":"priority","project":"Casey Arborway"}},{"type":"Feature","geometry":{"type":"LineString","coordinates":[[-71.11275,42.30143],[-71.1127,42.30149],[-71.11266,42.30153]]},"properties":{"lts":1,"name":null,"osmId":1329992065,"goBoston":"priority","project":"Casey Arborway"}},{"type":"Feature","geometry":{"type":"LineString","coordinates":[[-71.11266,42.30153],[-71.11266,42.30156],[-71.11266,42.30159],[-71.11266,42.30161],[-71.11266,42.30163]]},"properties":{"lts":1,"name":null,"osmId":1299581348,"goBoston":"priority","project":"Casey Arborway"}},{"type":"Feature","geometry":{"type":"LineString","coordinates":[[-71.11289,42.30128],[-71.11282,42.30135],[-71.11279,42.30139]]},"properties":{"lts":1,"name":null,"osmId":1287902959,"goBoston":"priority","project":"Casey Arborway"}},{"type":"Feature","geometry":{"type":"LineString","coordinates":[[-71.11288,42.30123],[-71.11288,42.30126],[-71.11288,42.30127],[-71.11289,42.30128]]},"properties":{"lts":1,"name":null,"osmId":1287902961,"goBoston":"priority","project":"Casey Arborway"}},{"type":"Feature","geometry":{"type":"LineString","coordinates":[[-71.10673,42.30073],[-71.10668,42.30077]]},"properties":{"lts":1,"name":null,"osmId":1329969254,"goBoston":"priority","project":"Casey Arborway"}},{"type":"Feature","geometry":{"type":"LineString","coordinates":[[-71.10695,42.30051],[-71.10692,42.30055]]},"properties":{"lts":1,"name":null,"osmId":1329969256,"goBoston":"priority","project":"Casey Arborway"}},{"type":"Feature","geometry":{"type":"LineString","coordinates":[[-71.10681,42.30065],[-71.10679,42.30067]]},"properties":{"lts":1,"name":null,"osmId":1329969259,"goBoston":"priority","project":"Casey Arborway"}},{"type":"Feature","geometry":{"type":"LineString","coordinates":[[-71.10679,42.30067],[-71.10677,42.3007],[-71.10673,42.30073]]},"properties":{"lts":1,"name":null,"osmId":1329969260,"goBoston":"priority","project":"Casey Arborway"}},{"type":"Feature","geometry":{"type":"LineString","coordinates":[[-71.10692,42.30055],[-71.10689,42.30058],[-71.10681,42.30065]]},"properties":{"lts":1,"name":null,"osmId":1287902973,"goBoston":"priority","project":"Casey Arborway"}},{"type":"Feature","geometry":{"type":"LineString","coordinates":[[-71.11509,42.2997],[-71.11517,42.2997],[-71.11519,42.2997],[-71.11522,42.29969],[-71.11526,42.29969],[-71.1153,42.29968],[-71.11535,42.29967],[-71.1155,42.29962],[-71.11572,42.29954],[-71.11589,42.29945],[-71.11634,42.29914],[-71.11667,42.29887],[-71.11686,42.29877],[-71.11694,42.29873],[-71.11703,42.29872],[-71.11719,42.29873],[-71.11734,42.29875],[-71.11748,42.29877],[-71.11782,42.29891],[-71.118,42.29898],[-71.11817,42.29907],[-71.11831,42.29915],[-71.11845,42.29922],[-71.1186,42.29926],[-71.11876,42.29927],[-71.11887,42.29924],[-71.11892,42.29922],[-71.11896,42.29918],[-71.11907,42.29908],[-71.11913,42.29902],[-71.1192,42.29895],[-71.11929,42.29888],[-71.11937,42.29883],[-71.11949,42.29877],[-71.11954,42.29874],[-71.11956,42.29871],[-71.11962,42.29862],[-71.11966,42.29849],[-71.11973,42.29833],[-71.11981,42.29819],[-71.11986,42.29811],[-71.11993,42.29804],[-71.12007,42.29789],[-71.12015,42.29781],[-71.12022,42.29775]]},"properties":{"lts":0,"name":"Blackwell Footpath","osmId":102710233,"goBoston":"priority","project":"Arboretum Paths"}},{"type":"Feature","geometry":{"type":"LineString","coordinates":[[-71.12012,42.29604],[-71.12025,42.29616],[-71.1201,42.29637],[-71.12006,42.29652],[-71.12005,42.29662],[-71.12009,42.29682],[-71.12014,42.29693],[-71.12017,42.29707],[-71.12023,42.29718],[-71.12025,42.29727],[-71.12029,42.29741],[-71.12029,42.29751],[-71.12029,42.29759],[-71.12028,42.29773]]},"properties":{"lts":1,"name":"Tupelo Path","osmId":1382159918,"goBoston":"priority","project":"Arboretum Paths"}},{"type":"Feature","geometry":{"type":"LineString","coordinates":[[-71.12025,42.29616],[-71.12145,42.29545],[-71.12218,42.2956]]},"properties":{"lts":null,"name":null,"osmId":null,"goBoston":"priority","project":null}},{"type":"Feature","geometry":{"type":"LineString","coordinates":[[-71.12487,42.2944],[-71.12479,42.29443],[-71.12473,42.29446],[-71.12467,42.29448],[-71.12464,42.29449],[-71.12461,42.2945],[-71.12451,42.29455],[-71.12444,42.29459],[-71.12429,42.29467],[-71.12416,42.29474],[-71.1241,42.29476],[-71.12404,42.29478],[-71.12391,42.29482],[-71.12379,42.29485],[-71.12363,42.29488],[-71.12356,42.2949],[-71.12343,42.29493],[-71.12326,42.29498],[-71.12315,42.29503],[-71.12304,42.29508],[-71.12291,42.29516],[-71.1228,42.29524],[-71.12268,42.29533],[-71.12257,42.29538],[-71.12249,42.29542],[-71.12237,42.29546],[-71.1223,42.2955],[-71.12218,42.2956]]},"properties":{"lts":2,"name":null,"osmId":8652118,"goBoston":"priority","project":"Arboretum Paths"}},{"type":"Feature","geometry":{"type":"LineString","coordinates":[[-71.12506,42.29188],[-71.12497,42.29225],[-71.12491,42.29255],[-71.12482,42.29267],[-71.1247,42.29286],[-71.12465,42.2931],[-71.12454,42.29345],[-71.12451,42.2937],[-71.12456,42.29397],[-71.12469,42.29421],[-71.1247,42.2943],[-71.12464,42.2944],[-71.12462,42.29444],[-71.12464,42.29449]]},"properties":{"lts":1,"name":null,"osmId":1171016972,"goBoston":"priority","project":"Arboretum Paths"}},{"type":"Feature","geometry":{"type":"LineString","coordinates":[[-71.12506,42.29188],[-71.1251,42.29183],[-71.12525,42.2916],[-71.12538,42.29145],[-71.12552,42.29133],[-71.12567,42.29115],[-71.12591,42.29082],[-71.12607,42.29061],[-71.12623,42.29042],[-71.12626,42.29039],[-71.12629,42.29037]]},"properties":{"lts":1,"name":null,"osmId":139333642,"goBoston":"priority","project":"Arboretum Paths"}},{"type":"Feature","geometry":{"type":"LineString","coordinates":[[-71.12629,42.29037],[-71.13024,42.28756]]},"properties":{"lts":null,"name":null,"osmId":null,"goBoston":"priority","project":"Arboretum Paths"}},{"type":"Feature","geometry":{"type":"LineString","coordinates":[[-71.0573,42.34413],[-71.0573,42.34412],[-71.05729,42.34388],[-71.05729,42.34367],[-71.05729,42.3434],[-71.05728,42.34331],[-71.05727,42.34323],[-71.05727,42.3432],[-71.05726,42.34314],[-71.05725,42.34303],[-71.05725,42.34301],[-71.05725,42.3429],[-71.05725,42.34285],[-71.05726,42.34272],[-71.05726,42.34267],[-71.05726,42.34266],[-71.05726,42.34264],[-71.05727,42.34258],[-71.05727,42.34238],[-71.05726,42.34234],[-71.05725,42.34222],[-71.05725,42.34219],[-71.05725,42.34213],[-71.05725,42.34195],[-71.05724,42.34181],[-71.05725,42.34175],[-71.0571,42.34159]]},"properties":{"lts":1,"name":null,"osmId":1290383168,"goBoston":"priority","project":"South Bay Harbor Trail"}},{"type":"Feature","geometry":{"type":"LineString","coordinates":[[-71.05732,42.34452],[-71.05727,42.34452],[-71.05719,42.34454],[-71.05715,42.34455]]},"properties":{"lts":1,"name":null,"osmId":991248736,"goBoston":"priority","project":"South Bay Harbor Trail"}},{"type":"Feature","geometry":{"type":"LineString","coordinates":[[-71.05732,42.34452],[-71.05732,42.3444],[-71.05731,42.34428],[-71.05731,42.34427],[-71.0573,42.34417],[-71.0573,42.34413]]},"properties":{"lts":1,"name":null,"osmId":1290383173,"goBoston":"priority","project":"South Bay Harbor Trail"}},{"type":"Feature","geometry":{"type":"LineString","coordinates":[[-71.05735,42.34425],[-71.05734,42.3442]]},"properties":{"lts":1,"name":null,"osmId":1257564197,"goBoston":"priority","project":"South Bay Harbor Trail"}},{"type":"Feature","geometry":{"type":"LineString","coordinates":[[-71.05733,42.34413],[-71.0573,42.34413],[-71.05724,42.34413],[-71.05717,42.34413],[-71.05715,42.34413]]},"properties":{"lts":1,"name":"South Bay Harbor Trail","osmId":990899881,"goBoston":"priority","project":"South Bay Harbor Trail"}},{"type":"Feature","geometry":{"type":"LineString","coordinates":[[-71.0571,42.34159],[-71.05733,42.34172],[-71.05737,42.34173],[-71.05796,42.34189],[-71.05856,42.34204],[-71.05861,42.34205]]},"properties":{"lts":1,"name":null,"osmId":1290383165,"goBoston":"priority","project":"South Bay Harbor Trail"}},{"type":"Feature","geometry":{"type":"LineString","coordinates":[[-71.06031,42.34248],[-71.06035,42.34249],[-71.06058,42.34255],[-71.06078,42.3426],[-71.06079,42.34261],[-71.06085,42.34263],[-71.06088,42.34264],[-71.0609,42.34265],[-71.06092,42.34267],[-71.06094,42.34268],[-71.06136,42.34279],[-71.06145,42.34282],[-71.06148,42.34284],[-71.0615,42.34286],[-71.06151,42.34288],[-71.06152,42.34291]]},"properties":{"lts":1,"name":null,"osmId":1290383166,"goBoston":"priority","project":"South Bay Harbor Trail"}},{"type":"Feature","geometry":{"type":"LineString","coordinates":[[-71.05861,42.34205],[-71.05948,42.34227],[-71.06031,42.34248]]},"properties":{"lts":1,"name":null,"osmId":1286115831,"goBoston":"priority","project":"South Bay Harbor Trail"}},{"type":"Feature","geometry":{"type":"LineString","coordinates":[[-71.05734,42.3442],[-71.05734,42.34418],[-71.05733,42.34413]]},"properties":{"lts":1,"name":null,"osmId":991248733,"goBoston":"priority","project":"South Bay Harbor Trail"}},{"type":"Feature","geometry":{"type":"LineString","coordinates":[[-71.05735,42.34425],[-71.05736,42.3443],[-71.05736,42.34437]]},"properties":{"lts":1,"name":null,"osmId":991248734,"goBoston":"priority","project":"South Bay Harbor Trail"}},{"type":"Feature","geometry":{"type":"LineString","coordinates":[[-71.05736,42.34437],[-71.0574,42.34443],[-71.05737,42.34451],[-71.05732,42.34452]]},"properties":{"lts":1,"name":null,"osmId":991248735,"goBoston":"priority","project":"South Bay Harbor Trail"}},{"type":"Feature","geometry":{"type":"LineString","coordinates":[[-71.0607,42.34368],[-71.06067,42.34368],[-71.0604,42.34364],[-71.05987,42.34358],[-71.05917,42.3435],[-71.0587,42.34344],[-71.0584,42.34341],[-71.05827,42.34339],[-71.05818,42.34338],[-71.05811,42.34337],[-71.05805,42.34335],[-71.05802,42.34335]]},"properties":{"lts":1,"name":null,"osmId":1290383169,"goBoston":"priority","project":"South Bay Harbor Trail"}},{"type":"Feature","geometry":{"type":"LineString","coordinates":[[-71.06102,42.34374],[-71.06088,42.34372],[-71.06078,42.34369],[-71.0607,42.34368]]},"properties":{"lts":1,"name":null,"osmId":1290383170,"goBoston":"priority","project":"South Bay Harbor Trail"}},{"type":"Feature","geometry":{"type":"LineString","coordinates":[[-71.05802,42.34335],[-71.05798,42.34333],[-71.05792,42.3433],[-71.05784,42.34324],[-71.05781,42.34322],[-71.05778,42.34319],[-71.05772,42.34312],[-71.05767,42.34306],[-71.05763,42.34301],[-71.05757,42.34292],[-71.05754,42.34289],[-71.05753,42.34288],[-71.05748,42.34283],[-71.05745,42.34281],[-71.05742,42.34278],[-71.05738,42.34276],[-71.05734,42.34274],[-71.05731,42.34271],[-71.05728,42.3427],[-71.05726,42.34267]]},"properties":{"lts":1,"name":null,"osmId":1290383171,"goBoston":"priority","project":"South Bay Harbor Trail"}},{"type":"Feature","geometry":{"type":"LineString","coordinates":[[-71.05767,42.34306],[-71.05767,42.34303],[-71.05772,42.34301],[-71.05776,42.34302],[-71.05801,42.34308],[-71.05806,42.3431],[-71.0581,42.34313],[-71.05811,42.34317],[-71.05811,42.34322],[-71.05806,42.34331]]},"properties":{"lts":1,"name":null,"osmId":991248730,"goBoston":"priority","project":"South Bay Harbor Trail"}},{"type":"Feature","geometry":{"type":"LineString","coordinates":[[-71.05806,42.34331],[-71.05796,42.34351]]},"properties":{"lts":1,"name":null,"osmId":991248731,"goBoston":"priority","project":"South Bay Harbor Trail"}},{"type":"Feature","geometry":{"type":"LineString","coordinates":[[-71.05796,42.34351],[-71.05785,42.34375],[-71.05774,42.34395],[-71.05757,42.34423],[-71.05746,42.3442],[-71.05737,42.34419],[-71.05734,42.34418]]},"properties":{"lts":1,"name":null,"osmId":991248732,"goBoston":"priority","project":"South Bay Harbor Trail"}},{"type":"Feature","geometry":{"type":"LineString","coordinates":[[-71.0716,42.33242],[-71.07167,42.33245],[-71.07175,42.33249],[-71.07181,42.33253],[-71.07187,42.33257],[-71.0719,42.33259],[-71.07191,42.33259],[-71.07202,42.33266]]},"properties":{"lts":3,"name":"Southampton Street","osmId":426469558,"goBoston":"priority","project":null}},{"type":"Feature","geometry":{"type":"LineString","coordinates":[[-71.07124,42.33231],[-71.07142,42.33237],[-71.07154,42.3324],[-71.0716,42.33242]]},"properties":{"lts":3,"name":"Southampton Street","osmId":426469553,"goBoston":"priority","project":null}},{"type":"Feature","geometry":{"type":"LineString","coordinates":[[-71.07003,42.33207],[-71.07015,42.3321],[-71.07024,42.33211],[-71.07043,42.33215],[-71.07097,42.33226],[-71.07117,42.3323],[-71.07118,42.3323],[-71.07124,42.33231]]},"properties":{"lts":3,"name":"Southampton Street","osmId":426469548,"goBoston":"priority","project":null}},{"type":"Feature","geometry":{"type":"LineString","coordinates":[[-71.06909,42.33189],[-71.06963,42.33199],[-71.06976,42.33202],[-71.06984,42.33203],[-71.07003,42.33207]]},"properties":{"lts":3,"name":"Southampton Street","osmId":1131469955,"goBoston":"priority","project":null}},{"type":"Feature","geometry":{"type":"LineString","coordinates":[[-71.06832,42.33176],[-71.0686,42.3318],[-71.06871,42.33182],[-71.0689,42.33185],[-71.06909,42.33189]]},"properties":{"lts":3,"name":"Southampton Street","osmId":8644726,"goBoston":"priority","project":null}},{"type":"Feature","geometry":{"type":"LineString","coordinates":[[-71.06794,42.33169],[-71.06812,42.33172],[-71.06832,42.33176]]},"properties":{"lts":3,"name":"Southampton Street","osmId":591236228,"goBoston":"priority","project":null}},{"type":"Feature","geometry":{"type":"LineString","coordinates":[[-71.0694,42.33031],[-71.06917,42.33044],[-71.06908,42.33048],[-71.06891,42.33058],[-71.06876,42.33067],[-71.0686,42.33079]]},"properties":{"lts":3,"name":"Theodore A. Glynn Way","osmId":354897248,"goBoston":"priority","project":null}},{"type":"Feature","geometry":{"type":"LineString","coordinates":[[-71.06951,42.32997],[-71.06953,42.33007],[-71.06954,42.33012],[-71.06955,42.33014],[-71.06954,42.33016],[-71.06954,42.33017],[-71.06953,42.33019],[-71.06951,42.33022],[-71.06948,42.33025],[-71.0694,42.33031]]},"properties":{"lts":4,"name":null,"osmId":8644466,"goBoston":"priority","project":null}},{"type":"Feature","geometry":{"type":"LineString","coordinates":[[-71.06986,42.33038],[-71.06982,42.33036],[-71.06975,42.33031],[-71.06969,42.33029],[-71.06965,42.33028],[-71.06961,42.33028],[-71.06955,42.33029],[-71.0694,42.33031]]},"properties":{"lts":4,"name":null,"osmId":8652147,"goBoston":"priority","project":null}},{"type":"Feature","geometry":{"type":"LineString","coordinates":[[-71.0686,42.33079],[-71.06852,42.33088],[-71.06843,42.33099],[-71.06837,42.33108],[-71.0681,42.33145]]},"properties":{"lts":3,"name":"Theodore A. Glynn Way","osmId":1413841065,"goBoston":"priority","project":null}},{"type":"Feature","geometry":{"type":"LineString","coordinates":[[-71.0681,42.33145],[-71.0681,42.3315],[-71.06811,42.33157],[-71.06812,42.33162],[-71.06816,42.33167],[-71.06822,42.33171],[-71.06832,42.33176]]},"properties":{"lts":3,"name":null,"osmId":354897247,"goBoston":"priority","project":null}},{"type":"Feature","geometry":{"type":"LineString","coordinates":[[-71.0681,42.33145],[-71.06804,42.3315],[-71.06799,42.33156],[-71.06796,42.33163],[-71.06794,42.33169]]},"properties":{"lts":3,"name":null,"osmId":294591218,"goBoston":"priority","project":null}},{"type":"Feature","geometry":{"type":"LineString","coordinates":[[-71.05752,42.32037],[-71.05766,42.32032],[-71.0578,42.32027],[-71.05793,42.32023],[-71.05807,42.32019],[-71.05814,42.32017],[-71.05821,42.32015],[-71.05835,42.32012],[-71.05849,42.3201],[-71.05863,42.32007],[-71.05877,42.32005],[-71.05893,42.32004],[-71.05906,42.32003],[-71.05921,42.32002],[-71.05936,42.32001],[-71.05952,42.32001],[-71.05953,42.32001],[-71.05969,42.32002]]},"properties":{"lts":2,"name":"Columbia Road","osmId":8644673,"goBoston":"priority","project":"Columbia Road"}},{"type":"Feature","geometry":{"type":"LineString","coordinates":[[-71.08509,42.3034],[-71.08493,42.3034],[-71.08474,42.30341],[-71.08458,42.30341],[-71.08446,42.30342],[-71.08436,42.30342]]},"properties":{"lts":3,"name":"Columbia Road","osmId":591252047,"goBoston":"priority","project":"Columbia Road"}},{"type":"Feature","geometry":{"type":"LineString","coordinates":[[-71.05651,42.32095],[-71.05653,42.32094],[-71.05664,42.32088],[-71.05678,42.32079]]},"properties":{"lts":3,"name":"Columbia Road","osmId":923413072,"goBoston":"priority","project":"Columbia Road"}},{"type":"Feature","geometry":{"type":"LineString","coordinates":[[-71.06631,42.31581],[-71.0663,42.31585],[-71.06628,42.31588],[-71.06625,42.31593],[-71.06623,42.31596],[-71.06589,42.31635],[-71.06584,42.31641]]},"properties":{"lts":3,"name":"Columbia Road","osmId":848326226,"goBoston":"priority","project":"Columbia Road"}},{"type":"Feature","geometry":{"type":"LineString","coordinates":[[-71.06521,42.31706],[-71.0654,42.31696],[-71.06548,42.31692],[-71.06553,42.31688],[-71.06558,42.31684],[-71.06562,42.31679],[-71.0657,42.31671],[-71.06578,42.31662],[-71.06586,42.31652],[-71.06588,42.3165],[-71.06593,42.31644],[-71.06615,42.31619],[-71.0663,42.316],[-71.06633,42.31597],[-71.06642,42.31586]]},"properties":{"lts":3,"name":"Columbia Road","osmId":591252060,"goBoston":"priority","project":"Columbia Road"}},{"type":"Feature","geometry":{"type":"LineString","coordinates":[[-71.06657,42.31546],[-71.06646,42.31559],[-71.06644,42.31561],[-71.06637,42.31569]]},"properties":{"lts":3,"name":"Columbia Road","osmId":591252061,"goBoston":"priority","project":"Columbia Road"}},{"type":"Feature","geometry":{"type":"LineString","coordinates":[[-71.08396,42.30342],[-71.08385,42.30342],[-71.08377,42.30342],[-71.08368,42.30343],[-71.0836,42.30344],[-71.08352,42.30346],[-71.08344,42.30347]]},"properties":{"lts":3,"name":"Columbia Road","osmId":1198827625,"goBoston":"priority","project":"Columbia Road"}},{"type":"Feature","geometry":{"type":"LineString","coordinates":[[-71.08427,42.30342],[-71.08422,42.30342],[-71.08412,42.30342],[-71.08396,42.30342]]},"properties":{"lts":3,"name":"Columbia Road","osmId":1198827626,"goBoston":"priority","project":"Columbia Road"}},{"type":"Feature","geometry":{"type":"LineString","coordinates":[[-71.06503,42.317],[-71.0649,42.31707],[-71.06481,42.31712],[-71.06469,42.31719],[-71.06458,42.31726],[-71.06447,42.31734],[-71.06437,42.31742],[-71.06428,42.3175],[-71.06419,42.31759],[-71.06411,42.31768],[-71.06403,42.31778],[-71.06396,42.31787],[-71.06361,42.31836],[-71.06345,42.31857],[-71.06341,42.31862],[-71.06296,42.31925],[-71.06289,42.31935],[-71.06281,42.31944],[-71.06272,42.31953],[-71.06263,42.31962],[-71.06254,42.3197],[-71.06241,42.31981]]},"properties":{"lts":3,"name":"Columbia Road","osmId":102474870,"goBoston":"priority","project":"Columbia Road"}},{"type":"Feature","geometry":{"type":"LineString","coordinates":[[-71.06211,42.32003],[-71.062,42.32011],[-71.06165,42.32033],[-71.06162,42.32035],[-71.06152,42.32048]]},"properties":{"lts":3,"name":"Columbia Road","osmId":102474877,"goBoston":"priority","project":"Columbia Road"}},{"type":"Feature","geometry":{"type":"LineString","coordinates":[[-71.06152,42.32048],[-71.06169,42.32046],[-71.06171,42.32045],[-71.06173,42.32045],[-71.06177,42.32042],[-71.06196,42.32029],[-71.06223,42.32011],[-71.06236,42.32002],[-71.06244,42.31996],[-71.06253,42.31989]]},"properties":{"lts":3,"name":"Columbia Road","osmId":102474889,"goBoston":"priority","project":"Columbia Road"}},{"type":"Feature","geometry":{"type":"LineString","coordinates":[[-71.06664,42.31537],[-71.06657,42.31546]]},"properties":{"lts":3,"name":"Columbia Road","osmId":1125204632,"goBoston":"priority","project":"Columbia Road"}},{"type":"Feature","geometry":{"type":"LineString","coordinates":[[-71.05416,42.32151],[-71.05428,42.32151],[-71.05439,42.32151],[-71.05453,42.3215],[-71.0547,42.32149],[-71.05485,42.32147],[-71.055,42.32145],[-71.05515,42.32142],[-71.0553,42.32139],[-71.05543,42.32136]]},"properties":{"lts":4,"name":"Columbia Road","osmId":503380632,"goBoston":"priority","project":"Columbia Road"}},{"type":"Feature","geometry":{"type":"LineString","coordinates":[[-71.05677,42.32065],[-71.05638,42.32087],[-71.05627,42.32093],[-71.05615,42.32099],[-71.05603,42.32104],[-71.05594,42.32107],[-71.05586,42.3211]]},"properties":{"lts":3,"name":"Columbia Road","osmId":8650397,"goBoston":"priority","project":"Columbia Road"}},{"type":"Feature","geometry":{"type":"LineString","coordinates":[[-71.0665,42.31576],[-71.06657,42.31569],[-71.0666,42.31565]]},"properties":{"lts":3,"name":"Columbia Road","osmId":844685984,"goBoston":"priority","project":"Columbia Road"}},{"type":"Feature","geometry":{"type":"LineString","coordinates":[[-71.08016,42.30566],[-71.08045,42.3055],[-71.0805,42.30548],[-71.08056,42.30544]]},"properties":{"lts":3,"name":"Columbia Road","osmId":426676386,"goBoston":"priority","project":"Columbia Road"}},{"type":"Feature","geometry":{"type":"LineString","coordinates":[[-71.06637,42.31569],[-71.06635,42.31573],[-71.06633,42.31576],[-71.06631,42.31581]]},"properties":{"lts":3,"name":"Columbia Road","osmId":844685986,"goBoston":"priority","project":"Columbia Road"}},{"type":"Feature","geometry":{"type":"LineString","coordinates":[[-71.06745,42.31425],[-71.06729,42.31452],[-71.06727,42.31456],[-71.06723,42.31462]]},"properties":{"lts":3,"name":"Columbia Road","osmId":426442405,"goBoston":"priority","project":"Columbia Road"}},{"type":"Feature","geometry":{"type":"LineString","coordinates":[[-71.06551,42.31673],[-71.06532,42.31684],[-71.06531,42.31685],[-71.06527,42.31687],[-71.06503,42.317]]},"properties":{"lts":3,"name":"Columbia Road","osmId":426442406,"goBoston":"priority","project":"Columbia Road"}},{"type":"Feature","geometry":{"type":"LineString","coordinates":[[-71.08056,42.30544],[-71.08065,42.30539],[-71.08071,42.30535],[-71.08119,42.30505],[-71.0814,42.30493],[-71.08185,42.30465],[-71.08215,42.30444]]},"properties":{"lts":3,"name":"Columbia Road","osmId":426676391,"goBoston":"priority","project":"Columbia Road"}},{"type":"Feature","geometry":{"type":"LineString","coordinates":[[-71.0698,42.31159],[-71.06994,42.31149],[-71.0701,42.3114],[-71.07014,42.31138],[-71.07022,42.31133]]},"properties":{"lts":3,"name":"Columbia Road","osmId":426442408,"goBoston":"priority","project":"Columbia Road"}},{"type":"Feature","geometry":{"type":"LineString","coordinates":[[-71.0687,42.31234],[-71.06865,42.31238],[-71.06852,42.31251],[-71.0685,42.31254],[-71.06836,42.31268]]},"properties":{"lts":3,"name":"Columbia Road","osmId":426442407,"goBoston":"priority","project":"Columbia Road"}},{"type":"Feature","geometry":{"type":"LineString","coordinates":[[-71.06743,42.3146],[-71.06747,42.31453],[-71.06791,42.31377],[-71.06824,42.31319],[-71.06834,42.31302]]},"properties":{"lts":3,"name":"Columbia Road","osmId":426442410,"goBoston":"priority","project":"Columbia Road"}},{"type":"Feature","geometry":{"type":"LineString","coordinates":[[-71.06464,42.31739],[-71.06475,42.31731],[-71.06484,42.31725],[-71.06493,42.3172],[-71.06503,42.31715],[-71.06508,42.31713],[-71.06521,42.31706]]},"properties":{"lts":3,"name":"Columbia Road","osmId":426442411,"goBoston":"priority","project":"Columbia Road"}},{"type":"Feature","geometry":{"type":"LineString","coordinates":[[-71.06834,42.31302],[-71.06844,42.31283],[-71.06845,42.31281],[-71.0685,42.31273]]},"properties":{"lts":3,"name":"Columbia Road","osmId":426442412,"goBoston":"priority","project":"Columbia Road"}},{"type":"Feature","geometry":{"type":"LineString","coordinates":[[-71.06715,42.31501],[-71.06722,42.31492],[-71.06727,42.31485],[-71.06735,42.31473],[-71.06737,42.3147],[-71.06743,42.3146]]},"properties":{"lts":3,"name":"Columbia Road","osmId":426442413,"goBoston":"priority","project":"Columbia Road"}},{"type":"Feature","geometry":{"type":"LineString","coordinates":[[-71.0666,42.31565],[-71.06715,42.31501]]},"properties":{"lts":3,"name":"Columbia Road","osmId":426442414,"goBoston":"priority","project":"Columbia Road"}},{"type":"Feature","geometry":{"type":"LineString","coordinates":[[-71.06836,42.31268],[-71.06829,42.3128],[-71.0682,42.31293],[-71.06809,42.31312],[-71.06785,42.31356],[-71.06776,42.31373],[-71.06745,42.31425]]},"properties":{"lts":3,"name":"Columbia Road","osmId":426442415,"goBoston":"priority","project":"Columbia Road"}},{"type":"Feature","geometry":{"type":"LineString","coordinates":[[-71.07002,42.31128],[-71.06993,42.31133],[-71.06963,42.31153],[-71.0695,42.31163],[-71.06932,42.31178],[-71.0693,42.3118],[-71.06917,42.31192],[-71.06913,42.31195],[-71.0687,42.31234]]},"properties":{"lts":3,"name":"Columbia Road","osmId":426442416,"goBoston":"priority","project":"Columbia Road"}},{"type":"Feature","geometry":{"type":"LineString","coordinates":[[-71.06723,42.31462],[-71.06717,42.31472],[-71.06714,42.31477],[-71.06709,42.31484],[-71.06686,42.31512],[-71.06664,42.31537]]},"properties":{"lts":3,"name":"Columbia Road","osmId":426442417,"goBoston":"priority","project":"Columbia Road"}},{"type":"Feature","geometry":{"type":"LineString","coordinates":[[-71.0685,42.31273],[-71.06858,42.31263],[-71.06863,42.31257],[-71.06884,42.31239],[-71.0693,42.31199],[-71.06955,42.31178],[-71.06958,42.31175],[-71.06972,42.31164],[-71.0698,42.31159]]},"properties":{"lts":3,"name":"Columbia Road","osmId":426442418,"goBoston":"priority","project":"Columbia Road"}},{"type":"Feature","geometry":{"type":"LineString","coordinates":[[-71.053,42.3215],[-71.05307,42.32151],[-71.05315,42.32151],[-71.05345,42.32151]]},"properties":{"lts":4,"name":"Columbia Road","osmId":1125191876,"goBoston":"priority","project":"Columbia Road"}},{"type":"Feature","geometry":{"type":"LineString","coordinates":[[-71.0751,42.3082],[-71.07482,42.30841],[-71.07459,42.30857],[-71.07458,42.30857],[-71.07449,42.30863],[-71.07403,42.30893],[-71.07398,42.30897],[-71.07386,42.30905],[-71.07381,42.30908],[-71.07361,42.30921],[-71.07349,42.30929]]},"properties":{"lts":3,"name":"Columbia Road","osmId":93124328,"goBoston":"priority","project":"Columbia Road"}},{"type":"Feature","geometry":{"type":"LineString","coordinates":[[-71.07841,42.30615],[-71.0786,42.30612],[-71.07865,42.30611],[-71.07928,42.30598],[-71.07944,42.30594],[-71.07971,42.30587],[-71.07989,42.3058],[-71.07992,42.30579],[-71.07996,42.30577],[-71.08016,42.30566]]},"properties":{"lts":3,"name":"Columbia Road","osmId":93124332,"goBoston":"priority","project":"Columbia Road"}},{"type":"Feature","geometry":{"type":"LineString","coordinates":[[-71.08245,42.30422],[-71.0825,42.30418],[-71.08271,42.30401],[-71.08296,42.30381],[-71.08299,42.30379],[-71.08319,42.30368],[-71.08339,42.30361],[-71.08347,42.30358],[-71.08355,42.30357],[-71.08363,42.30355],[-71.08371,42.30354],[-71.0838,42.30354],[-71.08391,42.30353],[-71.08406,42.30353]]},"properties":{"lts":3,"name":"Columbia Road","osmId":426450157,"goBoston":"priority","project":"Columbia Road"}},{"type":"Feature","geometry":{"type":"LineString","coordinates":[[-71.08215,42.30444],[-71.08236,42.30429],[-71.08241,42.30425],[-71.08245,42.30422]]},"properties":{"lts":3,"name":"Columbia Road","osmId":426450158,"goBoston":"priority","project":"Columbia Road"}},{"type":"Feature","geometry":{"type":"LineString","coordinates":[[-71.08506,42.3035],[-71.08511,42.3035],[-71.08517,42.30348],[-71.08522,42.30346],[-71.08527,42.30344]]},"properties":{"lts":3,"name":"Columbia Road","osmId":426450159,"goBoston":"priority","project":"Columbia Road"}},{"type":"Feature","geometry":{"type":"LineString","coordinates":[[-71.08265,42.30387],[-71.08259,42.30392],[-71.0824,42.30405],[-71.08236,42.30408],[-71.08231,42.30412]]},"properties":{"lts":3,"name":"Columbia Road","osmId":426450160,"goBoston":"priority","project":"Columbia Road"}},{"type":"Feature","geometry":{"type":"LineString","coordinates":[[-71.08406,42.30353],[-71.08487,42.30351],[-71.08491,42.30351],[-71.08506,42.3035]]},"properties":{"lts":3,"name":"Columbia Road","osmId":426450161,"goBoston":"priority","project":"Columbia Road"}},{"type":"Feature","geometry":{"type":"LineString","coordinates":[[-71.08231,42.30412],[-71.08227,42.30415],[-71.08215,42.30425],[-71.08191,42.30443],[-71.08173,42.30455],[-71.08164,42.30462],[-71.08126,42.30485],[-71.08121,42.30488],[-71.08084,42.30511]]},"properties":{"lts":3,"name":"Columbia Road","osmId":426450162,"goBoston":"priority","project":"Columbia Road"}},{"type":"Feature","geometry":{"type":"LineString","coordinates":[[-71.06584,42.31641],[-71.06571,42.31656],[-71.06567,42.31661],[-71.06563,42.31665],[-71.06559,42.31668],[-71.06555,42.31671],[-71.06551,42.31673]]},"properties":{"lts":3,"name":"Columbia Road","osmId":1122579713,"goBoston":"priority","project":"Columbia Road"}},{"type":"Feature","geometry":{"type":"LineString","coordinates":[[-71.05969,42.32002],[-71.05983,42.32002],[-71.05998,42.32003],[-71.06011,42.32005],[-71.06023,42.32006],[-71.06034,42.32008],[-71.06044,42.3201],[-71.06055,42.32013]]},"properties":{"lts":2,"name":"Columbia Road","osmId":1289726725,"goBoston":"priority","project":"Columbia Road"}},{"type":"Feature","geometry":{"type":"LineString","coordinates":[[-71.07173,42.31057],[-71.0719,42.31048],[-71.07193,42.31046]]},"properties":{"lts":3,"name":"Columbia Road","osmId":1164094217,"goBoston":"priority","project":"Columbia Road"}},{"type":"Feature","geometry":{"type":"LineString","coordinates":[[-71.07193,42.31046],[-71.07233,42.31021]]},"properties":{"lts":3,"name":"Columbia Road","osmId":1164094218,"goBoston":"priority","project":"Columbia Road"}},{"type":"Feature","geometry":{"type":"LineString","coordinates":[[-71.05195,42.32153],[-71.05199,42.32151],[-71.05202,42.3215],[-71.05206,42.32149],[-71.05209,42.32148],[-71.05213,42.32147],[-71.05216,42.32147],[-71.05219,42.32147],[-71.05223,42.32146]]},"properties":{"lts":4,"name":"Columbia Road","osmId":215752970,"goBoston":"priority","project":"Columbia Road"}},{"type":"Feature","geometry":{"type":"LineString","coordinates":[[-71.05166,42.3218],[-71.05168,42.32176],[-71.0517,42.32172],[-71.05173,42.32169],[-71.05175,42.32166],[-71.05178,42.32164],[-71.0518,42.32161],[-71.05183,42.32159],[-71.05186,42.32157],[-71.05188,42.32156],[-71.05191,42.32154],[-71.05195,42.32153]]},"properties":{"lts":4,"name":"Columbia Road","osmId":8641809,"goBoston":"priority","project":"Columbia Road"}},{"type":"Feature","geometry":{"type":"LineString","coordinates":[[-71.07229,42.31007],[-71.07191,42.31029],[-71.07159,42.31049],[-71.07132,42.31064],[-71.07076,42.31091],[-71.07052,42.31103]]},"properties":{"lts":3,"name":"Columbia Road","osmId":1370794262,"goBoston":"priority","project":"Columbia Road"}},{"type":"Feature","geometry":{"type":"LineString","coordinates":[[-71.07826,42.30604],[-71.07814,42.30608],[-71.07796,42.30614],[-71.07756,42.30632],[-71.07754,42.30633],[-71.0774,42.3064],[-71.07724,42.30649],[-71.07687,42.30674],[-71.0768,42.30679]]},"properties":{"lts":3,"name":"Columbia Road","osmId":426446102,"goBoston":"priority","project":"Columbia Road"}},{"type":"Feature","geometry":{"type":"LineString","coordinates":[[-71.06055,42.32013],[-71.06085,42.32025]]},"properties":{"lts":3,"name":"Columbia Road","osmId":857964823,"goBoston":"priority","project":"Columbia Road"}},{"type":"Feature","geometry":{"type":"LineString","coordinates":[[-71.05223,42.32146],[-71.05268,42.32146]]},"properties":{"lts":4,"name":"Columbia Road","osmId":504306972,"goBoston":"priority","project":"Columbia Road"}},{"type":"Feature","geometry":{"type":"LineString","coordinates":[[-71.07299,42.30979],[-71.07309,42.30973],[-71.07323,42.30962]]},"properties":{"lts":3,"name":"Columbia Road","osmId":426446110,"goBoston":"priority","project":"Columbia Road"}},{"type":"Feature","geometry":{"type":"LineString","coordinates":[[-71.07584,42.30777],[-71.07601,42.30762],[-71.07603,42.30761],[-71.07608,42.30757]]},"properties":{"lts":3,"name":"Columbia Road","osmId":426446116,"goBoston":"priority","project":"Columbia Road"}},{"type":"Feature","geometry":{"type":"LineString","coordinates":[[-71.0768,42.30679],[-71.07652,42.30699]]},"properties":{"lts":3,"name":"Columbia Road","osmId":426446120,"goBoston":"priority","project":"Columbia Road"}},{"type":"Feature","geometry":{"type":"LineString","coordinates":[[-71.05285,42.32142],[-71.05279,42.32143],[-71.05274,42.32144],[-71.05268,42.32146]]},"properties":{"lts":3,"name":"Columbia Road","osmId":980135726,"goBoston":"priority","project":"Columbia Road"}},{"type":"Feature","geometry":{"type":"LineString","coordinates":[[-71.05345,42.32151],[-71.05394,42.32151],[-71.05416,42.32151]]},"properties":{"lts":4,"name":"Columbia Road","osmId":980135727,"goBoston":"priority","project":"Columbia Road"}},{"type":"Feature","geometry":{"type":"LineString","coordinates":[[-71.08084,42.30511],[-71.08066,42.30522],[-71.08057,42.30528],[-71.08054,42.3053],[-71.08045,42.30535]]},"properties":{"lts":3,"name":"Columbia Road","osmId":426446131,"goBoston":"priority","project":"Columbia Road"}},{"type":"Feature","geometry":{"type":"LineString","coordinates":[[-71.07349,42.30929],[-71.07323,42.30944],[-71.07322,42.30944],[-71.07317,42.30948],[-71.07308,42.30953]]},"properties":{"lts":3,"name":"Columbia Road","osmId":426446136,"goBoston":"priority","project":"Columbia Road"}},{"type":"Feature","geometry":{"type":"LineString","coordinates":[[-71.07479,42.3086],[-71.075,42.30846],[-71.07508,42.30839],[-71.07517,42.30832]]},"properties":{"lts":3,"name":"Columbia Road","osmId":426446142,"goBoston":"priority","project":"Columbia Road"}},{"type":"Feature","geometry":{"type":"LineString","coordinates":[[-71.07052,42.31103],[-71.07042,42.31108],[-71.07017,42.31119],[-71.07015,42.31121],[-71.07013,42.31122],[-71.07002,42.31128]]},"properties":{"lts":3,"name":"Columbia Road","osmId":426442409,"goBoston":"priority","project":"Columbia Road"}},{"type":"Feature","geometry":{"type":"LineString","coordinates":[[-71.0755,42.30786],[-71.07542,42.30793],[-71.07539,42.30795],[-71.07522,42.3081],[-71.07519,42.30812],[-71.0751,42.3082]]},"properties":{"lts":3,"name":"Columbia Road","osmId":426446147,"goBoston":"priority","project":"Columbia Road"}},{"type":"Feature","geometry":{"type":"LineString","coordinates":[[-71.07652,42.30699],[-71.07621,42.30724],[-71.076,42.30742],[-71.07598,42.30744],[-71.07594,42.30748],[-71.07589,42.30752],[-71.0755,42.30786]]},"properties":{"lts":3,"name":"Columbia Road","osmId":426446151,"goBoston":"priority","project":"Columbia Road"}},{"type":"Feature","geometry":{"type":"LineString","coordinates":[[-71.07517,42.30832],[-71.07533,42.3082],[-71.07553,42.30804],[-71.07569,42.3079],[-71.07584,42.30777]]},"properties":{"lts":3,"name":"Columbia Road","osmId":426446156,"goBoston":"priority","project":"Columbia Road"}},{"type":"Feature","geometry":{"type":"LineString","coordinates":[[-71.07608,42.30757],[-71.07612,42.30753],[-71.07628,42.30739],[-71.07664,42.30708],[-71.07701,42.3068],[-71.07727,42.30664]]},"properties":{"lts":3,"name":"Columbia Road","osmId":426446161,"goBoston":"priority","project":"Columbia Road"}},{"type":"Feature","geometry":{"type":"LineString","coordinates":[[-71.07233,42.31021],[-71.07299,42.30979]]},"properties":{"lts":3,"name":"Columbia Road","osmId":426446166,"goBoston":"priority","project":"Columbia Road"}},{"type":"Feature","geometry":{"type":"LineString","coordinates":[[-71.07308,42.30953],[-71.07229,42.31007]]},"properties":{"lts":3,"name":"Columbia Road","osmId":426446171,"goBoston":"priority","project":"Columbia Road"}},{"type":"Feature","geometry":{"type":"LineString","coordinates":[[-71.07727,42.30664],[-71.07735,42.30658],[-71.07763,42.30644],[-71.0777,42.30641],[-71.07792,42.30631],[-71.07815,42.30623],[-71.07821,42.30621],[-71.07828,42.30619],[-71.07841,42.30615]]},"properties":{"lts":3,"name":"Columbia Road","osmId":426446177,"goBoston":"priority","project":"Columbia Road"}},{"type":"Feature","geometry":{"type":"LineString","coordinates":[[-71.05752,42.32037],[-71.05733,42.32042],[-71.05724,42.32045],[-71.05714,42.32048],[-71.05707,42.32051],[-71.05693,42.32058],[-71.05691,42.32059],[-71.05688,42.3206],[-71.05683,42.32063],[-71.05677,42.32065]]},"properties":{"lts":3,"name":"Columbia Road","osmId":426485094,"goBoston":"priority","project":"Columbia Road"}},{"type":"Feature","geometry":{"type":"LineString","coordinates":[[-71.07323,42.30962],[-71.07332,42.30957],[-71.0736,42.30937],[-71.07395,42.30916],[-71.07416,42.30902],[-71.07433,42.30891],[-71.07434,42.3089],[-71.0746,42.30873],[-71.07479,42.3086]]},"properties":{"lts":3,"name":"Columbia Road","osmId":426446183,"goBoston":"priority","project":"Columbia Road"}},{"type":"Feature","geometry":{"type":"LineString","coordinates":[[-71.05483,42.32134],[-71.05471,42.32136],[-71.05462,42.32137],[-71.05452,42.32137],[-71.05442,42.32138],[-71.05431,42.32138],[-71.05427,42.32139],[-71.05413,42.32139]]},"properties":{"lts":4,"name":"Columbia Road","osmId":426485096,"goBoston":"priority","project":"Columbia Road"}},{"type":"Feature","geometry":{"type":"LineString","coordinates":[[-71.05678,42.32079],[-71.05692,42.32073],[-71.05713,42.32061],[-71.05723,42.32055],[-71.05752,42.32037]]},"properties":{"lts":3,"name":"Columbia Road","osmId":426485097,"goBoston":"priority","project":"Columbia Road"}},{"type":"Feature","geometry":{"type":"LineString","coordinates":[[-71.05614,42.32112],[-71.05624,42.32108],[-71.05629,42.32106],[-71.05632,42.32104],[-71.0564,42.32101],[-71.05647,42.32097],[-71.05651,42.32095]]},"properties":{"lts":3,"name":"Columbia Road","osmId":426485099,"goBoston":"priority","project":"Columbia Road"}},{"type":"Feature","geometry":{"type":"LineString","coordinates":[[-71.05413,42.32139],[-71.05319,42.3214],[-71.05311,42.3214],[-71.05304,42.3214],[-71.05298,42.32141],[-71.05291,42.32141],[-71.05285,42.32142]]},"properties":{"lts":3,"name":"Columbia Road","osmId":426485102,"goBoston":"priority","project":"Columbia Road"}},{"type":"Feature","geometry":{"type":"LineString","coordinates":[[-71.05223,42.32146],[-71.05216,42.32146],[-71.05212,42.32145],[-71.05207,42.32145],[-71.05203,42.32145],[-71.05199,42.32144],[-71.05195,42.32144],[-71.05191,42.32144]]},"properties":{"lts":4,"name":"Columbia Road","osmId":31492980,"goBoston":"priority","project":"Columbia Road"}},{"type":"Feature","geometry":{"type":"LineString","coordinates":[[-71.06114,42.32024],[-71.06106,42.32021],[-71.06097,42.32019],[-71.0609,42.32017],[-71.06081,42.32016],[-71.06072,42.32014],[-71.06064,42.32013],[-71.06055,42.32013]]},"properties":{"lts":3,"name":"Columbia Road","osmId":503384979,"goBoston":"priority","project":"Columbia Road"}},{"type":"Feature","geometry":{"type":"LineString","coordinates":[[-71.06253,42.31989],[-71.06262,42.3198],[-71.06271,42.31972],[-71.06279,42.31963],[-71.06288,42.31954],[-71.06295,42.31944],[-71.06303,42.31935],[-71.0631,42.31925],[-71.06315,42.31918],[-71.06351,42.31869],[-71.06353,42.31866],[-71.06356,42.31861],[-71.06398,42.31804],[-71.06409,42.3179],[-71.06416,42.31781],[-71.06424,42.31772],[-71.06433,42.31763],[-71.06443,42.31754],[-71.06453,42.31746],[-71.06464,42.31739]]},"properties":{"lts":3,"name":"Columbia Road","osmId":859165078,"goBoston":"priority","project":"Columbia Road"}},{"type":"Feature","geometry":{"type":"LineString","coordinates":[[-71.08436,42.30342],[-71.08427,42.30342]]},"properties":{"lts":3,"name":"Columbia Road","osmId":1289084833,"goBoston":"priority","project":"Columbia Road"}},{"type":"Feature","geometry":{"type":"LineString","coordinates":[[-71.05268,42.32146],[-71.05274,42.32147],[-71.0528,42.32148],[-71.05286,42.32149],[-71.05293,42.3215],[-71.053,42.3215]]},"properties":{"lts":4,"name":"Columbia Road","osmId":8651690,"goBoston":"priority","project":"Columbia Road"}},{"type":"Feature","geometry":{"type":"LineString","coordinates":[[-71.07904,42.30589],[-71.07886,42.30593],[-71.07861,42.30597],[-71.07857,42.30598],[-71.07826,42.30604]]},"properties":{"lts":3,"name":"Columbia Road","osmId":426676390,"goBoston":"priority","project":"Columbia Road"}},{"type":"Feature","geometry":{"type":"LineString","coordinates":[[-71.05543,42.32136],[-71.05559,42.32132],[-71.05572,42.32128],[-71.05586,42.32123]]},"properties":{"lts":4,"name":"Columbia Road","osmId":923406788,"goBoston":"priority","project":"Columbia Road"}},{"type":"Feature","geometry":{"type":"LineString","coordinates":[[-71.06642,42.31586],[-71.06649,42.31577],[-71.0665,42.31576]]},"properties":{"lts":3,"name":"Columbia Road","osmId":923408332,"goBoston":"priority","project":"Columbia Road"}},{"type":"Feature","geometry":{"type":"LineString","coordinates":[[-71.08045,42.30535],[-71.08039,42.30539],[-71.08003,42.30559],[-71.07978,42.30571],[-71.07958,42.30578],[-71.07934,42.30584],[-71.07925,42.30586],[-71.07904,42.30589]]},"properties":{"lts":3,"name":"Columbia Road","osmId":426676392,"goBoston":"priority","project":"Columbia Road"}},{"type":"Feature","geometry":{"type":"LineString","coordinates":[[-71.08344,42.30347],[-71.08334,42.3035],[-71.08325,42.30353],[-71.08316,42.30356],[-71.08299,42.30363],[-71.08286,42.30371],[-71.08265,42.30387]]},"properties":{"lts":3,"name":"Columbia Road","osmId":924135377,"goBoston":"priority","project":"Columbia Road"}},{"type":"Feature","geometry":{"type":"LineString","coordinates":[[-71.06152,42.32048],[-71.06136,42.32033],[-71.06125,42.32029],[-71.06114,42.32024]]},"properties":{"lts":3,"name":"Columbia Road","osmId":1088844244,"goBoston":"priority","project":"Columbia Road"}},{"type":"Feature","geometry":{"type":"LineString","coordinates":[[-71.06241,42.31981],[-71.06226,42.31992],[-71.06219,42.31998],[-71.06216,42.32],[-71.06211,42.32003]]},"properties":{"lts":3,"name":"Columbia Road","osmId":1088844245,"goBoston":"priority","project":"Columbia Road"}},{"type":"Feature","geometry":{"type":"LineString","coordinates":[[-71.07127,42.31081],[-71.07157,42.31067],[-71.07173,42.31057]]},"properties":{"lts":3,"name":"Columbia Road","osmId":1088844246,"goBoston":"priority","project":"Columbia Road"}},{"type":"Feature","geometry":{"type":"LineString","coordinates":[[-71.07022,42.31133],[-71.0703,42.31129],[-71.07078,42.31105],[-71.07127,42.31081]]},"properties":{"lts":3,"name":"Columbia Road","osmId":1088844247,"goBoston":"priority","project":"Columbia Road"}},{"type":"Feature","geometry":{"type":"LineString","coordinates":[[-71.08527,42.30344],[-71.08523,42.30342],[-71.08518,42.3034],[-71.08514,42.3034],[-71.08509,42.3034]]},"properties":{"lts":3,"name":"Columbia Road","osmId":1088844248,"goBoston":"priority","project":"Columbia Road"}},{"type":"Feature","geometry":{"type":"LineString","coordinates":[[-71.06085,42.32025],[-71.06104,42.32033],[-71.0611,42.32036],[-71.06127,42.32044],[-71.06152,42.32048]]},"properties":{"lts":3,"name":"Columbia Road","osmId":981184995,"goBoston":"priority","project":"Columbia Road"}},{"type":"Feature","geometry":{"type":"LineString","coordinates":[[-71.05191,42.32144],[-71.05176,42.32144],[-71.05143,42.32145]]},"properties":{"lts":4,"name":"Columbia Road","osmId":504307175,"goBoston":"priority","project":"Columbia Road"}},{"type":"Feature","geometry":{"type":"LineString","coordinates":[[-71.05586,42.32123],[-71.05595,42.3212],[-71.05604,42.32116],[-71.05614,42.32112]]},"properties":{"lts":4,"name":"Columbia Road","osmId":675898363,"goBoston":"priority","project":"Columbia Road"}},{"type":"Feature","geometry":{"type":"LineString","coordinates":[[-71.05586,42.3211],[-71.05577,42.32113],[-71.05565,42.32117],[-71.05551,42.32121],[-71.05537,42.32124],[-71.05523,42.32128],[-71.05509,42.3213],[-71.05494,42.32133],[-71.05483,42.32134]]},"properties":{"lts":3,"name":"Columbia Road","osmId":675898364,"goBoston":"priority","project":"Columbia Road"}},{"type":"Feature","geometry":{"type":"LineString","coordinates":[[-71.05092,42.32155],[-71.0509,42.32157],[-71.05089,42.3216],[-71.05088,42.32162],[-71.05087,42.32164],[-71.05086,42.32166],[-71.05086,42.32169],[-71.05085,42.32171],[-71.05085,42.32173],[-71.05086,42.32176],[-71.05086,42.32178],[-71.05087,42.3218],[-71.05088,42.32183],[-71.05089,42.32185],[-71.05091,42.32187],[-71.05092,42.32189],[-71.05094,42.32191],[-71.05096,42.32193],[-71.05099,42.32195],[-71.05101,42.32196],[-71.05104,42.32198],[-71.05107,42.32199],[-71.05109,42.322],[-71.05113,42.32201]]},"properties":{"lts":4,"name":"Kosciuszko Circle","osmId":591236121,"goBoston":"priority","project":"Columbia Road"}},{"type":"Feature","geometry":{"type":"LineString","coordinates":[[-71.0514,42.32144],[-71.05137,42.32143],[-71.05134,42.32142],[-71.05131,42.32142],[-71.05128,42.32142],[-71.05125,42.32142],[-71.05121,42.32142],[-71.05118,42.32142],[-71.05115,42.32143],[-71.05112,42.32144],[-71.05109,42.32145],[-71.05106,42.32146],[-71.05104,42.32147],[-71.05101,42.32148],[-71.05099,42.3215],[-71.05096,42.32151],[-71.05094,42.32153]]},"properties":{"lts":4,"name":"Kosciuszko Circle","osmId":955485937,"goBoston":"priority","project":"Columbia Road"}},{"type":"Feature","geometry":{"type":"LineString","coordinates":[[-71.05166,42.3218],[-71.05167,42.32178],[-71.05167,42.32175],[-71.05167,42.32173],[-71.05167,42.32171],[-71.05167,42.32168],[-71.05166,42.32166],[-71.05166,42.32164],[-71.05165,42.32161],[-71.05163,42.32159],[-71.05162,42.32157],[-71.0516,42.32155],[-71.05158,42.32153],[-71.05156,42.32151],[-71.05154,42.3215],[-71.05151,42.32148],[-71.05149,42.32147],[-71.05146,42.32146],[-71.05143,42.32145]]},"properties":{"lts":4,"name":"Kosciuszko Circle","osmId":1031873526,"goBoston":"priority","project":"Columbia Road"}},{"type":"Feature","geometry":{"type":"LineString","coordinates":[[-71.05164,42.32185],[-71.05165,42.32183],[-71.05166,42.3218]]},"properties":{"lts":4,"name":"Kosciuszko Circle","osmId":1031873527,"goBoston":"priority","project":"Columbia Road"}},{"type":"Feature","geometry":{"type":"LineString","coordinates":[[-71.05094,42.32153],[-71.05092,42.32155]]},"properties":{"lts":4,"name":"Kosciuszko Circle","osmId":1031873528,"goBoston":"priority","project":"Columbia Road"}},{"type":"Feature","geometry":{"type":"LineString","coordinates":[[-71.05143,42.32145],[-71.0514,42.32144]]},"properties":{"lts":4,"name":"Kosciuszko Circle","osmId":1031873529,"goBoston":"priority","project":"Columbia Road"}},{"type":"Feature","geometry":{"type":"LineString","coordinates":[[-71.05113,42.32201],[-71.05116,42.32202],[-71.0512,42.32202],[-71.05124,42.32202],[-71.05127,42.32202],[-71.05131,42.32202],[-71.05135,42.32202],[-71.05138,42.32201],[-71.05142,42.322],[-71.05145,42.32199],[-71.05149,42.32198],[-71.05152,42.32196],[-71.05154,42.32194],[-71.05157,42.32192],[-71.0516,42.3219],[-71.05162,42.32188],[-71.05164,42.32185]]},"properties":{"lts":4,"name":"Kosciuszko Circle","osmId":1413593079,"goBoston":"priority","project":"Columbia Road"}},{"type":"Feature","geometry":{"type":"LineString","coordinates":[[-71.08045,42.30535],[-71.08039,42.3053],[-71.08036,42.30527],[-71.07992,42.30491],[-71.07956,42.30462],[-71.07953,42.3046],[-71.07941,42.30451],[-71.07925,42.30432],[-71.07902,42.30404],[-71.07896,42.30395],[-71.07892,42.30391],[-71.07881,42.30374],[-71.07879,42.30372],[-71.07856,42.30342],[-71.07853,42.30339]]},"properties":{"lts":3,"name":"Washington Street","osmId":591252038,"goBoston":"priority","project":"Codman Sq-Four Corners Neighborways"}},{"type":"Feature","geometry":{"type":"LineString","coordinates":[[-71.07846,42.30328],[-71.07853,42.30339]]},"properties":{"lts":3,"name":"Washington Street","osmId":1031881781,"goBoston":"priority","project":"Codman Sq-Four Corners Neighborways"}},{"type":"Feature","geometry":{"type":"LineString","coordinates":[[-71.07835,42.30312],[-71.07838,42.30317],[-71.07842,42.30322],[-71.07846,42.30328]]},"properties":{"lts":3,"name":"Washington Street","osmId":34729453,"goBoston":"priority","project":"Codman Sq-Four Corners Neighborways"}},{"type":"Feature","geometry":{"type":"LineString","coordinates":[[-71.07823,42.30297],[-71.07835,42.30312]]},"properties":{"lts":3,"name":"Washington Street","osmId":1031881782,"goBoston":"priority","project":"Codman Sq-Four Corners Neighborways"}},{"type":"Feature","geometry":{"type":"LineString","coordinates":[[-71.07759,42.30213],[-71.07777,42.30235],[-71.07792,42.30254],[-71.07803,42.30269],[-71.07823,42.30297]]},"properties":{"lts":3,"name":"Washington Street","osmId":1379025787,"goBoston":"priority","project":"Codman Sq-Four Corners Neighborways"}},{"type":"Feature","geometry":{"type":"LineString","coordinates":[[-71.07759,42.30213],[-71.0777,42.30208],[-71.07825,42.30188],[-71.07829,42.30186],[-71.07836,42.30182],[-71.07844,42.30178],[-71.07855,42.30169],[-71.07863,42.30159],[-71.0787,42.30147],[-71.07876,42.30121],[-71.07878,42.30103],[-71.07882,42.30079],[-71.07884,42.30057],[-71.07886,42.30013],[-71.07884,42.29978]]},"properties":{"lts":2,"name":"Norwell Street","osmId":435355312,"goBoston":"priority","project":"Codman Sq-Four Corners Neighborways"}},{"type":"Feature","geometry":{"type":"LineString","coordinates":[[-71.07884,42.29978],[-71.07882,42.29934],[-71.07877,42.29879],[-71.07872,42.29836],[-71.07855,42.29747],[-71.07848,42.29688],[-71.07847,42.2968],[-71.07846,42.29673],[-71.07839,42.29635],[-71.07838,42.29628],[-71.07833,42.29582],[-71.07832,42.29571],[-71.0783,42.29561],[-71.07824,42.29529],[-71.0782,42.29504],[-71.07811,42.29443],[-71.07808,42.29437],[-71.07804,42.29426],[-71.07793,42.29389],[-71.07783,42.29359],[-71.07776,42.29339],[-71.07761,42.29301],[-71.07746,42.29261]]},"properties":{"lts":2,"name":"Norwell Street","osmId":8639790,"goBoston":"priority","project":"Codman Sq-Four Corners Neighborways"}},{"type":"Feature","geometry":{"type":"LineString","coordinates":[[-71.07746,42.29261],[-71.07744,42.29256],[-71.07734,42.29231],[-71.07722,42.29198],[-71.07717,42.29185],[-71.07717,42.29183],[-71.07718,42.29174]]},"properties":{"lts":2,"name":"Norwell Street","osmId":535076065,"goBoston":"priority","project":"Codman Sq-Four Corners Neighborways"}},{"type":"Feature","geometry":{"type":"LineString","coordinates":[[-71.07827,42.28945],[-71.07827,42.28949],[-71.07826,42.28956],[-71.0782,42.2898],[-71.0781,42.29014],[-71.07804,42.29048],[-71.078,42.29073],[-71.07795,42.2908],[-71.07785,42.29092],[-71.07768,42.29113],[-71.07736,42.29153],[-71.07724,42.29168],[-71.07718,42.29174]]},"properties":{"lts":2,"name":"New England Avenue","osmId":8652145,"goBoston":"priority","project":"Codman Sq-Four Corners Neighborways"}},{"type":"Feature","geometry":{"type":"LineString","coordinates":[[-71.07781,42.28799],[-71.07786,42.28805],[-71.07791,42.28812],[-71.07806,42.28855],[-71.07831,42.28929],[-71.07831,42.28934],[-71.07829,42.28939],[-71.07827,42.28945]]},"properties":{"lts":2,"name":"New England Avenue","osmId":8651201,"goBoston":"priority","project":"Codman Sq-Four Corners Neighborways"}},{"type":"Feature","geometry":{"type":"LineString","coordinates":[[-71.07907,42.28814],[-71.07882,42.28812],[-71.07809,42.28805],[-71.07781,42.28799]]},"properties":{"lts":2,"name":"Woodrow Avenue","osmId":1416775484,"goBoston":"priority","project":"Codman Sq-Four Corners Neighborways"}},{"type":"Feature","geometry":{"type":"LineString","coordinates":[[-71.07932,42.28816],[-71.07907,42.28814]]},"properties":{"lts":2,"name":"Woodrow Avenue","osmId":1416775485,"goBoston":"priority","project":"Codman Sq-Four Corners Neighborways"}},{"type":"Feature","geometry":{"type":"LineString","coordinates":[[-71.08078,42.2879],[-71.08067,42.28793],[-71.08028,42.28802],[-71.08002,42.28807],[-71.07976,42.28813],[-71.0796,42.28815],[-71.07948,42.28816],[-71.07932,42.28816]]},"properties":{"lts":2,"name":"Woodrow Avenue","osmId":8646958,"goBoston":"priority","project":"Codman Sq-Four Corners Neighborways"}},{"type":"Feature","geometry":{"type":"LineString","coordinates":[[-71.11638,42.27886],[-71.11638,42.27899],[-71.11645,42.27909],[-71.11647,42.27914],[-71.11649,42.27918],[-71.1165,42.27924],[-71.1165,42.2793],[-71.1165,42.2794],[-71.11647,42.27951],[-71.11636,42.27981],[-71.11632,42.27993],[-71.11621,42.2802],[-71.11609,42.28054],[-71.11607,42.28059],[-71.11602,42.28071],[-71.11594,42.2809],[-71.11594,42.28091],[-71.11578,42.28121],[-71.11569,42.28135],[-71.11559,42.28148],[-71.11557,42.28151],[-71.11549,42.28162],[-71.11541,42.28172],[-71.1153,42.28186],[-71.11515,42.28203],[-71.11495,42.28222],[-71.11481,42.28233],[-71.1147,42.28243],[-71.11456,42.28254],[-71.11449,42.28258],[-71.11443,42.28263],[-71.11413,42.28284],[-71.11373,42.28311],[-71.11365,42.28316],[-71.11351,42.28326],[-71.11295,42.28365],[-71.11271,42.28382],[-71.11255,42.28393],[-71.11219,42.28418],[-71.11175,42.28448],[-71.11156,42.28461],[-71.11116,42.28489],[-71.11101,42.28498],[-71.11055,42.28526],[-71.11031,42.28542],[-71.10988,42.28568],[-71.10978,42.28575],[-71.10927,42.28605],[-71.10918,42.2861],[-71.10856,42.28647],[-71.10852,42.2865],[-71.10814,42.28673],[-71.1081,42.28675],[-71.10761,42.28705],[-71.10723,42.28727],[-71.10707,42.28737],[-71.10676,42.28755],[-71.10662,42.28764],[-71.10649,42.28771],[-71.10633,42.28781],[-71.10573,42.28814],[-71.10507,42.28849],[-71.10464,42.28869],[-71.10423,42.28886],[-71.1038,42.28904],[-71.10329,42.28922],[-71.10274,42.2894],[-71.10202,42.28963],[-71.10135,42.28984],[-71.10047,42.29013],[-71.10002,42.29027],[-71.0997,42.29037],[-71.09896,42.29061],[-71.09817,42.29086],[-71.09753,42.29106],[-71.09736,42.29111],[-71.09728,42.29114],[-71.09706,42.29123],[-71.09696,42.29126],[-71.09663,42.29141],[-71.09637,42.29154],[-71.09613,42.29167],[-71.09594,42.2918]]},"properties":{"lts":1,"name":"American Legion Highway Cycleway","osmId":1288106344,"goBoston":"priority","project":"American Legion"}},{"type":"Feature","geometry":{"type":"LineString","coordinates":[[-71.09594,42.2918],[-71.0958,42.29189],[-71.09568,42.29197]]},"properties":{"lts":1,"name":"American Legion Highway Cycleway","osmId":1288106347,"goBoston":"priority","project":"American Legion"}},{"type":"Feature","geometry":{"type":"LineString","coordinates":[[-71.09568,42.29197],[-71.09546,42.29212],[-71.09523,42.2923],[-71.09509,42.29242],[-71.09492,42.29258],[-71.09465,42.29284],[-71.09463,42.29287],[-71.09454,42.29296],[-71.09446,42.29304],[-71.09446,42.29304],[-71.09426,42.29324],[-71.09406,42.29344],[-71.09386,42.29366],[-71.09371,42.29383],[-71.09355,42.29404],[-71.09335,42.29429],[-71.09319,42.29451],[-71.09314,42.29458],[-71.09295,42.29483],[-71.09283,42.295],[-71.09277,42.29509],[-71.09275,42.29511],[-71.09262,42.29529],[-71.0925,42.29546],[-71.09235,42.29565],[-71.09222,42.29582],[-71.09218,42.29588],[-71.09213,42.29595],[-71.09216,42.29597],[-71.0923,42.29604],[-71.09235,42.29606]]},"properties":{"lts":1,"name":"American Legion Highway Cycleway","osmId":1288106346,"goBoston":"priority","project":"American Legion"}},{"type":"Feature","geometry":{"type":"LineString","coordinates":[[-71.09235,42.29606],[-71.09243,42.29595],[-71.09245,42.29592],[-71.09248,42.29588],[-71.09275,42.29552],[-71.09306,42.2951],[-71.09312,42.29501],[-71.09344,42.29459],[-71.09387,42.29402],[-71.09402,42.29383],[-71.09414,42.29371],[-71.09429,42.29355],[-71.09465,42.29317],[-71.09467,42.29316],[-71.09479,42.29304],[-71.09488,42.29294],[-71.09503,42.29278],[-71.09533,42.29247],[-71.0955,42.29233],[-71.09557,42.29227],[-71.09565,42.29221],[-71.09574,42.29213]]},"properties":{"lts":1,"name":"American Legion Highway Cycleway","osmId":1288106342,"goBoston":"priority","project":"American Legion"}},{"type":"Feature","geometry":{"type":"LineString","coordinates":[[-71.09574,42.29213],[-71.09576,42.29212],[-71.09586,42.29205],[-71.09601,42.29195]]},"properties":{"lts":1,"name":"American Legion Highway Cycleway","osmId":1288106341,"goBoston":"priority","project":"American Legion"}},{"type":"Feature","geometry":{"type":"LineString","coordinates":[[-71.09601,42.29195],[-71.09608,42.29191],[-71.09616,42.29186],[-71.09626,42.29181],[-71.09644,42.29171],[-71.09662,42.29161],[-71.09684,42.29152],[-71.09717,42.29139],[-71.09758,42.29126],[-71.09812,42.29109],[-71.09877,42.29089],[-71.09959,42.29063],[-71.10001,42.29049],[-71.10003,42.29049],[-71.10067,42.29028],[-71.10142,42.29004],[-71.10206,42.28984],[-71.10281,42.2896],[-71.10311,42.28951],[-71.10336,42.28942],[-71.10385,42.28924],[-71.1043,42.28906],[-71.10449,42.28898],[-71.10473,42.28888],[-71.10515,42.28869],[-71.10562,42.28845],[-71.10607,42.28821],[-71.10642,42.28802],[-71.10664,42.28789],[-71.10667,42.28787],[-71.10681,42.28778],[-71.10696,42.28768],[-71.107,42.28766],[-71.10755,42.28733],[-71.10802,42.28704],[-71.10843,42.2868],[-71.1088,42.28657],[-71.10926,42.2863],[-71.10989,42.28592],[-71.10998,42.28586],[-71.11008,42.2858],[-71.11053,42.28554],[-71.11074,42.28541],[-71.11079,42.28538],[-71.11127,42.28508],[-71.11209,42.28452],[-71.11259,42.28418],[-71.11288,42.28398],[-71.11301,42.28388],[-71.11311,42.28382],[-71.11358,42.2835],[-71.1139,42.28327],[-71.11423,42.28303],[-71.11425,42.28302],[-71.11493,42.28253],[-71.11502,42.28245],[-71.11515,42.28233],[-71.11537,42.28212],[-71.11544,42.28204],[-71.11557,42.2819],[-71.1157,42.28175],[-71.1158,42.2816],[-71.11589,42.28147],[-71.11595,42.28138],[-71.11602,42.28127],[-71.11609,42.28115],[-71.11611,42.28109],[-71.11617,42.28098],[-71.11626,42.28079],[-71.11629,42.2807],[-71.11632,42.28064],[-71.11636,42.2805],[-71.11644,42.28029],[-71.11651,42.28011],[-71.11654,42.28003],[-71.11657,42.27996],[-71.11672,42.27955],[-71.1167,42.27946]]},"properties":{"lts":1,"name":"American Legion Highway Cycleway","osmId":1288106339,"goBoston":"priority","project":"American Legion"}},{"type":"Feature","geometry":{"type":"LineString","coordinates":[[-71.087,42.29823],[-71.08713,42.29829],[-71.08715,42.2983],[-71.08718,42.29829],[-71.08723,42.29827],[-71.08733,42.29824],[-71.08734,42.29824],[-71.08766,42.29816],[-71.08781,42.29813],[-71.08892,42.29785],[-71.08985,42.29763],[-71.08997,42.2976],[-71.0901,42.29756],[-71.09034,42.29749],[-71.09079,42.29734],[-71.0911,42.29723],[-71.09113,42.29723],[-71.09118,42.29721],[-71.09124,42.29719],[-71.09132,42.29716],[-71.09139,42.29712],[-71.09148,42.29708],[-71.0915,42.29706],[-71.09157,42.29702],[-71.0916,42.29699]]},"properties":{"lts":1,"name":"American Legion Highway Cycleway","osmId":1288106340,"goBoston":"priority","project":"American Legion"}},{"type":"Feature","geometry":{"type":"LineString","coordinates":[[-71.0916,42.29699],[-71.09164,42.29699],[-71.092,42.29704],[-71.09222,42.29707]]},"properties":{"lts":1,"name":"American Legion Highway Cycleway","osmId":951595118,"goBoston":"priority","project":"American Legion"}},{"type":"Feature","geometry":{"type":"LineString","coordinates":[[-71.0916,42.29699],[-71.09164,42.29696],[-71.0917,42.2969],[-71.0918,42.2968],[-71.09187,42.2967],[-71.09235,42.29606]]},"properties":{"lts":1,"name":"American Legion Highway Cycleway","osmId":1288106343,"goBoston":"priority","project":"American Legion"}},{"type":"Feature","geometry":{"type":"LineString","coordinates":[[-71.09216,42.29597],[-71.09189,42.29632],[-71.09183,42.29641],[-71.09171,42.29656],[-71.09157,42.29675],[-71.09151,42.29681],[-71.09144,42.29687],[-71.09141,42.29689],[-71.09135,42.29693],[-71.09127,42.29698],[-71.09118,42.29702],[-71.09107,42.29707],[-71.09095,42.29711],[-71.09051,42.29726],[-71.0903,42.29733],[-71.09016,42.29737],[-71.09001,42.29741],[-71.08988,42.29745],[-71.08963,42.2975],[-71.08957,42.29751],[-71.08924,42.29759],[-71.08859,42.29776],[-71.0877,42.29798],[-71.08757,42.29801]]},"properties":{"lts":3,"name":"American Legion Highway","osmId":485257990,"goBoston":"priority","project":"American Legion"}},{"type":"Feature","geometry":{"type":"LineString","coordinates":[[-71.08757,42.29801],[-71.08741,42.29805],[-71.08722,42.2981],[-71.08717,42.29811],[-71.08702,42.29815]]},"properties":{"lts":3,"name":"American Legion Highway","osmId":426459449,"goBoston":"priority","project":"American Legion"}},{"type":"Feature","geometry":{"type":"LineString","coordinates":[[-71.08702,42.29815],[-71.08682,42.2982]]},"properties":{"lts":3,"name":"American Legion Highway","osmId":426459439,"goBoston":"priority","project":"American Legion"}},{"type":"Feature","geometry":{"type":"LineString","coordinates":[[-71.08527,42.30344],[-71.0853,42.30332],[-71.08555,42.30256]]},"properties":{"lts":3,"name":"Blue Hill Avenue","osmId":426454655,"goBoston":"priority","project":null}},{"type":"Feature","geometry":{"type":"LineString","coordinates":[[-71.08555,42.30256],[-71.08571,42.30205],[-71.08572,42.30202],[-71.08575,42.30194]]},"properties":{"lts":3,"name":"Blue Hill Avenue","osmId":426454629,"goBoston":"priority","project":null}},{"type":"Feature","geometry":{"type":"LineString","coordinates":[[-71.08575,42.30194],[-71.0858,42.30177],[-71.08582,42.30172]]},"properties":{"lts":3,"name":"Blue Hill Avenue","osmId":426459482,"goBoston":"priority","project":null}},{"type":"Feature","geometry":{"type":"LineString","coordinates":[[-71.08582,42.30172],[-71.08593,42.30137]]},"properties":{"lts":3,"name":"Blue Hill Avenue","osmId":426459480,"goBoston":"priority","project":null}},{"type":"Feature","geometry":{"type":"LineString","coordinates":[[-71.08593,42.30137],[-71.08641,42.3]]},"properties":{"lts":3,"name":"Blue Hill Avenue","osmId":426459490,"goBoston":"priority","project":null}},{"type":"Feature","geometry":{"type":"LineString","coordinates":[[-71.08641,42.3],[-71.08656,42.29957]]},"properties":{"lts":3,"name":"Blue Hill Avenue","osmId":426459472,"goBoston":"priority","project":null}},{"type":"Feature","geometry":{"type":"LineString","coordinates":[[-71.08656,42.29957],[-71.08669,42.29918]]},"properties":{"lts":3,"name":"Blue Hill Avenue","osmId":426459487,"goBoston":"priority","project":null}},{"type":"Feature","geometry":{"type":"LineString","coordinates":[[-71.08669,42.29918],[-71.08685,42.29875]]},"properties":{"lts":3,"name":"Blue Hill Avenue","osmId":426459467,"goBoston":"priority","project":null}},{"type":"Feature","geometry":{"type":"LineString","coordinates":[[-71.08685,42.29875],[-71.08697,42.29833],[-71.08698,42.2983],[-71.087,42.29823]]},"properties":{"lts":3,"name":"Blue Hill Avenue","osmId":591252080,"goBoston":"priority","project":null}},{"type":"Feature","geometry":{"type":"LineString","coordinates":[[-71.08682,42.2982],[-71.0868,42.29825],[-71.08673,42.29849],[-71.0867,42.29857],[-71.08668,42.29867],[-71.08666,42.29872],[-71.08664,42.29878],[-71.08664,42.29879],[-71.08655,42.29904],[-71.08639,42.2995],[-71.08607,42.30041],[-71.08577,42.3013]]},"properties":{"lts":3,"name":"Blue Hill Avenue","osmId":426459497,"goBoston":"priority","project":null}},{"type":"Feature","geometry":{"type":"LineString","coordinates":[[-71.08577,42.3013],[-71.08563,42.30171],[-71.08562,42.30175],[-71.08558,42.30187]]},"properties":{"lts":3,"name":"Blue Hill Avenue","osmId":426459494,"goBoston":"priority","project":null}},{"type":"Feature","geometry":{"type":"LineString","coordinates":[[-71.08558,42.30187],[-71.08554,42.30197],[-71.08524,42.3029]]},"properties":{"lts":3,"name":"Blue Hill Avenue","osmId":426459492,"goBoston":"priority","project":null}},{"type":"Feature","geometry":{"type":"LineString","coordinates":[[-71.08524,42.3029],[-71.08511,42.3033],[-71.0851,42.30334],[-71.08509,42.3034]]},"properties":{"lts":3,"name":"Blue Hill Avenue","osmId":426454634,"goBoston":"priority","project":null}},{"type":"Feature","geometry":{"type":"LineString","coordinates":[[-71.05257,42.36075],[-71.05262,42.36087],[-71.05263,42.36088],[-71.05263,42.3609],[-71.05264,42.36091],[-71.05264,42.36093],[-71.05264,42.36095],[-71.05264,42.36097],[-71.05264,42.36101]]},"properties":{"lts":1,"name":null,"osmId":970425324,"goBoston":"priority","project":"Connect Historic Boston"}},{"type":"Feature","geometry":{"type":"LineString","coordinates":[[-71.05252,42.36727],[-71.05243,42.36723],[-71.05239,42.36722],[-71.05227,42.36717],[-71.05216,42.36712],[-71.05212,42.36711],[-71.05208,42.36709],[-71.05204,42.36707],[-71.05201,42.36705],[-71.05195,42.36701],[-71.05191,42.36697],[-71.05188,42.36694],[-71.05185,42.36692],[-71.05178,42.36686],[-71.0517,42.36679],[-71.05167,42.36677],[-71.05161,42.36671],[-71.05149,42.36661],[-71.05143,42.36656],[-71.05141,42.36654],[-71.05135,42.36648],[-71.05134,42.36646],[-71.05131,42.36642],[-71.05127,42.36634],[-71.05126,42.36633],[-71.05105,42.36577],[-71.05104,42.36574],[-71.05101,42.36534],[-71.05096,42.36485],[-71.05096,42.36459],[-71.05097,42.36424],[-71.05096,42.36419],[-71.05096,42.36412],[-71.05096,42.3641],[-71.05095,42.36365],[-71.05094,42.36358],[-71.05094,42.36332],[-71.05093,42.3632],[-71.05091,42.3627],[-71.0509,42.36259],[-71.05087,42.36249],[-71.05087,42.36241],[-71.05088,42.36238],[-71.0509,42.36233],[-71.05091,42.36232],[-71.05096,42.36226],[-71.051,42.36222],[-71.05107,42.36213],[-71.05109,42.36211],[-71.0511,42.36209],[-71.05117,42.36202],[-71.05121,42.36199],[-71.05124,42.36197],[-71.05131,42.36192],[-71.05135,42.36189],[-71.05142,42.36186],[-71.05147,42.36183],[-71.05156,42.36179],[-71.05178,42.36169],[-71.05185,42.36166],[-71.05187,42.36165],[-71.05192,42.36163],[-71.052,42.36159],[-71.05202,42.36158],[-71.05206,42.36156],[-71.05212,42.36153],[-71.05215,42.36151],[-71.05217,42.36149],[-71.05221,42.36146],[-71.05224,42.36144],[-71.05227,42.36142],[-71.0523,42.36139],[-71.05233,42.36137],[-71.05238,42.36131],[-71.05247,42.36122],[-71.05255,42.36113],[-71.05261,42.36107],[-71.05262,42.36105],[-71.05263,42.36103],[-71.05264,42.36101]]},"properties":{"lts":1,"name":null,"osmId":817426377,"goBoston":"priority","project":"Connect Historic Boston"}},{"type":"Feature","geometry":{"type":"LineString","coordinates":[[-71.05546,42.36823],[-71.055,42.3681],[-71.05477,42.36805],[-71.05452,42.36798],[-71.05427,42.36792],[-71.05418,42.36789],[-71.05407,42.36785],[-71.05399,42.36782],[-71.05386,42.36777],[-71.0537,42.36771],[-71.05336,42.36758],[-71.05326,42.36755],[-71.05271,42.36734],[-71.05266,42.36733],[-71.05264,42.36732],[-71.05252,42.36727]]},"properties":{"lts":1,"name":null,"osmId":1210189133,"goBoston":"priority","project":"Connect Historic Boston"}},{"type":"Feature","geometry":{"type":"LineString","coordinates":[[-71.05652,42.36837],[-71.05648,42.36837],[-71.05644,42.36837],[-71.05635,42.36838],[-71.05628,42.36838],[-71.05622,42.36838],[-71.05618,42.36838],[-71.05612,42.36838],[-71.05609,42.36837],[-71.05604,42.36836],[-71.05599,42.36835],[-71.05596,42.36834],[-71.05587,42.36832],[-71.05579,42.3683],[-71.05571,42.36828],[-71.05554,42.36824],[-71.05546,42.36823]]},"properties":{"lts":1,"name":null,"osmId":561666398,"goBoston":"priority","project":"Connect Historic Boston"}},{"type":"Feature","geometry":{"type":"LineString","coordinates":[[-71.05943,42.36767],[-71.05966,42.36754],[-71.05984,42.36746],[-71.0602,42.3673],[-71.06049,42.36716],[-71.06064,42.36709]]},"properties":{"lts":1,"name":"Boston HarborWalk North End","osmId":833702303,"goBoston":"priority","project":"Connect Historic Boston"}},{"type":"Feature","geometry":{"type":"LineString","coordinates":[[-71.05652,42.36837],[-71.0566,42.36856],[-71.05673,42.3689]]},"properties":{"lts":1,"name":null,"osmId":1086976096,"goBoston":"priority","project":"Connect Historic Boston"}},{"type":"Feature","geometry":{"type":"LineString","coordinates":[[-71.05673,42.3689],[-71.05705,42.3688]]},"properties":{"lts":1,"name":null,"osmId":1290383176,"goBoston":"priority","project":"Connect Historic Boston"}},{"type":"Feature","geometry":{"type":"LineString","coordinates":[[-71.05705,42.3688],[-71.05726,42.36873],[-71.05758,42.36851],[-71.05764,42.36834],[-71.05782,42.36822],[-71.05815,42.36803],[-71.0581,42.36796],[-71.05823,42.36789],[-71.05848,42.36788]]},"properties":{"lts":1,"name":"Boston HarborWalk North End","osmId":765444362,"goBoston":"priority","project":"Connect Historic Boston"}},{"type":"Feature","geometry":{"type":"LineString","coordinates":[[-71.05848,42.36788],[-71.05854,42.36789],[-71.05866,42.36789],[-71.05879,42.36794]]},"properties":{"lts":1,"name":"Boston HarborWalk North End","osmId":1391984224,"goBoston":"priority","project":"Connect Historic Boston"}},{"type":"Feature","geometry":{"type":"LineString","coordinates":[[-71.05993,42.36628],[-71.05989,42.3663]]},"properties":{"lts":1,"name":null,"osmId":1292205150,"goBoston":"priority","project":"Connect Historic Boston"}},{"type":"Feature","geometry":{"type":"LineString","coordinates":[[-71.06052,42.36599],[-71.06048,42.36601],[-71.06026,42.36612],[-71.05999,42.36627],[-71.05993,42.36628]]},"properties":{"lts":1,"name":null,"osmId":671635115,"goBoston":"priority","project":"Connect Historic Boston"}},{"type":"Feature","geometry":{"type":"LineString","coordinates":[[-71.06043,42.36588],[-71.06046,42.36591],[-71.06051,42.36597],[-71.06053,42.36599],[-71.06052,42.36599]]},"properties":{"lts":1,"name":"Connect Historic Boston Bicycle Trail","osmId":1302402609,"goBoston":"priority","project":"Connect Historic Boston"}},{"type":"Feature","geometry":{"type":"LineString","coordinates":[[-71.06069,42.36706],[-71.06064,42.36709]]},"properties":{"lts":1,"name":null,"osmId":817715570,"goBoston":"priority","project":"Connect Historic Boston"}},{"type":"Feature","geometry":{"type":"LineString","coordinates":[[-71.05989,42.3663],[-71.05993,42.36634],[-71.05999,42.36641],[-71.06017,42.36658],[-71.0603,42.3667],[-71.06036,42.36675],[-71.06055,42.36693],[-71.06064,42.36701],[-71.06069,42.36706]]},"properties":{"lts":1,"name":"Lovejoy Wharf","osmId":8648170,"goBoston":"priority","project":"Connect Historic Boston"}},{"type":"Feature","geometry":{"type":"LineString","coordinates":[[-71.06043,42.36588],[-71.06046,42.36591],[-71.06051,42.36597],[-71.06053,42.36599],[-71.06052,42.36599]]},"properties":{"lts":1,"name":"Connect Historic Boston Bicycle Trail","osmId":1302402609,"goBoston":"priority","project":"Connect Historic Boston"}},{"type":"Feature","geometry":{"type":"LineString","coordinates":[[-71.06046,42.36586],[-71.06043,42.36587],[-71.06043,42.36588]]},"properties":{"lts":1,"name":"Connect Historic Boston Bicycle Trail","osmId":1302402608,"goBoston":"priority","project":"Connect Historic Boston"}},{"type":"Feature","geometry":{"type":"LineString","coordinates":[[-71.06082,42.3657],[-71.06078,42.36571],[-71.06076,42.36572],[-71.06067,42.36576],[-71.06063,42.36578],[-71.06058,42.3658],[-71.06048,42.36585],[-71.06046,42.36586]]},"properties":{"lts":1,"name":"Connect Historic Boston Bicycle Trail","osmId":1278626670,"goBoston":"priority","project":"Connect Historic Boston"}},{"type":"Feature","geometry":{"type":"LineString","coordinates":[[-71.06104,42.36558],[-71.06082,42.3657]]},"properties":{"lts":1,"name":"Connect Historic Boston Bicycle Trail","osmId":1388567249,"goBoston":"priority","project":"Connect Historic Boston"}},{"type":"Feature","geometry":{"type":"LineString","coordinates":[[-71.06129,42.36542],[-71.06125,42.36544],[-71.06118,42.36549],[-71.06107,42.36556],[-71.06104,42.36558]]},"properties":{"lts":1,"name":"Connect Historic Boston Bicycle Trail","osmId":1278626669,"goBoston":"priority","project":"Connect Historic Boston"}},{"type":"Feature","geometry":{"type":"LineString","coordinates":[[-71.06166,42.36523],[-71.06129,42.36542]]},"properties":{"lts":1,"name":"Connect Historic Boston Bicycle Trail","osmId":1278626668,"goBoston":"priority","project":"Connect Historic Boston"}},{"type":"Feature","geometry":{"type":"LineString","coordinates":[[-71.06191,42.3651],[-71.06187,42.36512],[-71.0618,42.36516],[-71.0617,42.36521],[-71.06166,42.36523]]},"properties":{"lts":1,"name":"Connect Historic Boston Bicycle Trail","osmId":1278626667,"goBoston":"priority","project":"Connect Historic Boston"}},{"type":"Feature","geometry":{"type":"LineString","coordinates":[[-71.06219,42.36495],[-71.06191,42.3651]]},"properties":{"lts":1,"name":"Connect Historic Boston Bicycle Trail","osmId":1278626666,"goBoston":"priority","project":"Connect Historic Boston"}},{"type":"Feature","geometry":{"type":"LineString","coordinates":[[-71.0625,42.36479],[-71.06247,42.3648],[-71.06236,42.36486],[-71.06223,42.36493],[-71.06219,42.36495]]},"properties":{"lts":1,"name":"Connect Historic Boston Bicycle Trail","osmId":1278626665,"goBoston":"priority","project":"Connect Historic Boston"}},{"type":"Feature","geometry":{"type":"LineString","coordinates":[[-71.06316,42.36444],[-71.0625,42.36479]]},"properties":{"lts":1,"name":"Connect Historic Boston Bicycle Trail","osmId":1278626664,"goBoston":"priority","project":"Connect Historic Boston"}},{"type":"Feature","geometry":{"type":"LineString","coordinates":[[-71.0632,42.36428],[-71.0632,42.36429],[-71.06322,42.36433],[-71.06324,42.36436],[-71.06324,42.36437],[-71.06324,42.36438],[-71.06323,42.3644],[-71.06319,42.36442],[-71.06316,42.36444]]},"properties":{"lts":1,"name":"Connect Historic Boston Bicycle Trail","osmId":1302402600,"goBoston":"priority","project":"Connect Historic Boston"}},{"type":"Feature","geometry":{"type":"LineString","coordinates":[[-71.06323,42.36406],[-71.06323,42.36415],[-71.06322,42.36417],[-71.06321,42.3642],[-71.0632,42.36423],[-71.06319,42.36426],[-71.06319,42.36427],[-71.0632,42.36428]]},"properties":{"lts":1,"name":"Connect Historic Boston Bicycle Trail","osmId":1302402606,"goBoston":"priority","project":"Connect Historic Boston"}},{"type":"Feature","geometry":{"type":"LineString","coordinates":[[-71.06331,42.36389],[-71.06327,42.36396],[-71.06324,42.36404],[-71.06323,42.36406]]},"properties":{"lts":1,"name":"Connect Historic Boston Bicycle Trail","osmId":1302402607,"goBoston":"priority","project":"Connect Historic Boston"}},{"type":"Feature","geometry":{"type":"LineString","coordinates":[[-71.06378,42.36486],[-71.06407,42.36515],[-71.06409,42.36518],[-71.06411,42.36521],[-71.06412,42.36524],[-71.06413,42.36526],[-71.06413,42.36528]]},"properties":{"lts":3,"name":"Lomasney Way","osmId":8636555,"goBoston":"priority","project":"Connect Historic Boston"}},{"type":"Feature","geometry":{"type":"LineString","coordinates":[[-71.06408,42.36495],[-71.06392,42.36479],[-71.06372,42.36459]]},"properties":{"lts":3,"name":"Lomasney Way","osmId":426456715,"goBoston":"priority","project":"Connect Historic Boston"}},{"type":"Feature","geometry":{"type":"LineString","coordinates":[[-71.06343,42.3645],[-71.06345,42.36453],[-71.06378,42.36486]]},"properties":{"lts":2,"name":"Lomasney Way","osmId":1086976097,"goBoston":"priority","project":"Connect Historic Boston"}},{"type":"Feature","geometry":{"type":"LineString","coordinates":[[-71.06465,42.3655],[-71.06445,42.36531],[-71.06443,42.36528],[-71.06431,42.36519]]},"properties":{"lts":3,"name":"Lomasney Way","osmId":1112854867,"goBoston":"priority","project":"Connect Historic Boston"}},{"type":"Feature","geometry":{"type":"LineString","coordinates":[[-71.06431,42.36519],[-71.06422,42.3651],[-71.06414,42.36502],[-71.06408,42.36495]]},"properties":{"lts":3,"name":"Lomasney Way","osmId":1112854868,"goBoston":"priority","project":"Connect Historic Boston"}},{"type":"Feature","geometry":{"type":"LineString","coordinates":[[-71.06372,42.36459],[-71.06356,42.36442],[-71.06352,42.36438],[-71.0635,42.36436],[-71.06349,42.36434],[-71.06348,42.36433]]},"properties":{"lts":3,"name":"Lomasney Way","osmId":1396466815,"goBoston":"priority","project":"Connect Historic Boston"}},{"type":"Feature","geometry":{"type":"LineString","coordinates":[[-71.06348,42.36433],[-71.06347,42.36432],[-71.06346,42.36431],[-71.06346,42.36429],[-71.06346,42.36429],[-71.06345,42.36428],[-71.06345,42.36428],[-71.06345,42.36427],[-71.06344,42.36425],[-71.06344,42.36424],[-71.06343,42.36422]]},"properties":{"lts":3,"name":"Lomasney Way","osmId":1427761590,"goBoston":"priority","project":"Connect Historic Boston"}},{"type":"Feature","geometry":{"type":"LineString","coordinates":[[-71.06343,42.36422],[-71.06343,42.3642],[-71.06343,42.36401],[-71.06343,42.36397],[-71.06343,42.36394],[-71.06342,42.36391]]},"properties":{"lts":3,"name":"Staniford Street","osmId":1362773908,"goBoston":"priority","project":null}},{"type":"Feature","geometry":{"type":"LineString","coordinates":[[-71.06342,42.36391],[-71.0634,42.36393],[-71.06338,42.36395],[-71.06337,42.36397],[-71.06335,42.36399]]},"properties":{"lts":3,"name":"Staniford Street","osmId":1120344171,"goBoston":"priority","project":null}},{"type":"Feature","geometry":{"type":"LineString","coordinates":[[-71.06335,42.36399],[-71.06335,42.364],[-71.06334,42.36401],[-71.06333,42.36403],[-71.06333,42.36405],[-71.06332,42.36407],[-71.06332,42.36409],[-71.06332,42.36421],[-71.06333,42.36423],[-71.06333,42.36426],[-71.06333,42.36428],[-71.06333,42.36428],[-71.06333,42.3643],[-71.06334,42.36433],[-71.06335,42.36436],[-71.06336,42.3644],[-71.06336,42.3644],[-71.06337,42.36442],[-71.06337,42.36443],[-71.06338,42.36444],[-71.06338,42.36445],[-71.06339,42.36446],[-71.06341,42.36448],[-71.06343,42.3645]]},"properties":{"lts":3,"name":"Staniford Street","osmId":1396466816,"goBoston":"priority","project":null}},{"type":"Feature","geometry":{"type":"LineString","coordinates":[[-71.05872,42.3674],[-71.0606,42.37007],[-71.06076,42.3703],[-71.06078,42.37033],[-71.06081,42.37036],[-71.06082,42.37039],[-71.06083,42.3704],[-71.0609,42.37049],[-71.06091,42.37051],[-71.06092,42.37052],[-71.06093,42.37053],[-71.06093,42.37054],[-71.06094,42.37055],[-71.06095,42.37056],[-71.06097,42.37058],[-71.06099,42.37061],[-71.06102,42.37064],[-71.06104,42.37067],[-71.06107,42.37069],[-71.0611,42.37072],[-71.06112,42.37074],[-71.06115,42.37076],[-71.06117,42.37078],[-71.06122,42.37082],[-71.06125,42.37084],[-71.06128,42.37086]]},"properties":{"lts":1,"name":"North Washington Street","osmId":1262331183,"goBoston":"priority","project":"North Washington St Bridge"}},{"type":"Feature","geometry":{"type":"LineString","coordinates":[[-71.06162,42.3707],[-71.06154,42.37066],[-71.06149,42.37062],[-71.06144,42.37059],[-71.06139,42.37055],[-71.06134,42.37052],[-71.06128,42.37047],[-71.06123,42.37042],[-71.06118,42.37038],[-71.06114,42.37034],[-71.06111,42.37032],[-71.06107,42.37028],[-71.06105,42.37025],[-71.06102,42.37022],[-71.06098,42.37017],[-71.06096,42.37014],[-71.06093,42.37011],[-71.06091,42.37008],[-71.06088,42.37005],[-71.06085,42.37001],[-71.06054,42.36957],[-71.06029,42.36921],[-71.05993,42.3687],[-71.05895,42.3673]]},"properties":{"lts":1,"name":"North Washington Street","osmId":1291968604,"goBoston":"priority","project":"North Washington St Bridge"}},{"type":"Feature","geometry":{"type":"LineString","coordinates":[[-71.06207,42.37089],[-71.06197,42.37085]]},"properties":{"lts":1,"name":"North Washington Street","osmId":1337068346,"goBoston":"priority","project":"North Washington St Bridge"}},{"type":"Feature","geometry":{"type":"LineString","coordinates":[[-71.0586,42.36724],[-71.05872,42.3674]]},"properties":{"lts":1,"name":"North Washington Street","osmId":1392256152,"goBoston":"priority","project":"North Washington St Bridge"}},{"type":"Feature","geometry":{"type":"LineString","coordinates":[[-71.05895,42.3673],[-71.05872,42.36699]]},"properties":{"lts":1,"name":"North Washington Street","osmId":1392256153,"goBoston":"priority","project":"North Washington St Bridge"}},{"type":"Feature","geometry":{"type":"LineString","coordinates":[[-71.06211,42.37095],[-71.06194,42.37087]]},"properties":{"lts":1,"name":"North Washington Street","osmId":1392256154,"goBoston":"priority","project":"North Washington St Bridge"}},{"type":"Feature","geometry":{"type":"LineString","coordinates":[[-71.06165,42.37113],[-71.06179,42.37118]]},"properties":{"lts":1,"name":"North Washington Street","osmId":1395412915,"goBoston":"priority","project":"North Washington St Bridge"}},{"type":"Feature","geometry":{"type":"LineString","coordinates":[[-71.06186,42.37083],[-71.06182,42.37081],[-71.06174,42.37077],[-71.06165,42.37072],[-71.06162,42.3707]]},"properties":{"lts":1,"name":"North Washington Street","osmId":1395413425,"goBoston":"priority","project":"North Washington St Bridge"}},{"type":"Feature","geometry":{"type":"LineString","coordinates":[[-71.05854,42.3669],[-71.0585,42.36709],[-71.05852,42.36713]]},"properties":{"lts":1,"name":"North Washington Street","osmId":1395423596,"goBoston":"priority","project":"North Washington St Bridge"}},{"type":"Feature","geometry":{"type":"LineString","coordinates":[[-71.05852,42.36713],[-71.05857,42.3672],[-71.0586,42.36724]]},"properties":{"lts":1,"name":"North Washington Street","osmId":1395423597,"goBoston":"priority","project":"North Washington St Bridge"}},{"type":"Feature","geometry":{"type":"LineString","coordinates":[[-71.06128,42.37086],[-71.06131,42.37089],[-71.06134,42.37091],[-71.06138,42.37094],[-71.06141,42.37096],[-71.06144,42.37098],[-71.06146,42.37099],[-71.06151,42.37102],[-71.06161,42.37108],[-71.06166,42.37111]]},"properties":{"lts":1,"name":"North Washington Street","osmId":1408478137,"goBoston":"priority","project":"North Washington St Bridge"}},{"type":"Feature","geometry":{"type":"LineString","coordinates":[[-71.06194,42.37087],[-71.06189,42.37084],[-71.06186,42.37083]]},"properties":{"lts":1,"name":"North Washington Street","osmId":1430478248,"goBoston":"priority","project":"North Washington St Bridge"}},{"type":"Feature","geometry":{"type":"LineString","coordinates":[[-71.05872,42.36699],[-71.05854,42.3669]]},"properties":{"lts":1,"name":"North Washington Street","osmId":1430478250,"goBoston":"priority","project":"North Washington St Bridge"}},{"type":"Feature","geometry":{"type":"LineString","coordinates":[[-71.05981,42.35904],[-71.05982,42.359],[-71.05983,42.35894],[-71.05985,42.35889],[-71.05987,42.35884],[-71.05988,42.3588],[-71.05989,42.35876],[-71.05991,42.35873],[-71.05992,42.3587],[-71.05994,42.35868],[-71.05996,42.35865],[-71.05999,42.35861],[-71.06001,42.35858],[-71.06004,42.35854],[-71.06007,42.3585]]},"properties":{"lts":2,"name":"Tremont Street","osmId":426472927,"goBoston":"priority","project":"Tremont Street"}},{"type":"Feature","geometry":{"type":"LineString","coordinates":[[-71.06007,42.3585],[-71.06032,42.35818],[-71.06035,42.35815],[-71.06038,42.3581],[-71.06041,42.35806],[-71.06043,42.35803],[-71.06045,42.358]]},"properties":{"lts":2,"name":"Tremont Street","osmId":138827717,"goBoston":"priority","project":"Tremont Street"}},{"type":"Feature","geometry":{"type":"LineString","coordinates":[[-71.06045,42.358],[-71.06047,42.35795],[-71.0605,42.35792],[-71.06053,42.35788],[-71.06055,42.35786],[-71.06058,42.35784],[-71.06105,42.35737],[-71.06113,42.3573],[-71.06122,42.35722],[-71.06126,42.35718],[-71.06147,42.35699],[-71.06166,42.3568],[-71.06171,42.35676],[-71.06174,42.35672],[-71.06179,42.35668],[-71.06188,42.3566],[-71.0619,42.35658],[-71.06198,42.35651]]},"properties":{"lts":2,"name":"Tremont Street","osmId":63104590,"goBoston":"priority","project":"Tremont Street"}},{"type":"Feature","geometry":{"type":"LineString","coordinates":[[-71.06198,42.35651],[-71.0622,42.35632],[-71.06226,42.35627],[-71.06251,42.35602]]},"properties":{"lts":2,"name":"Tremont Street","osmId":591136306,"goBoston":"priority","project":"Tremont Street"}},{"type":"Feature","geometry":{"type":"LineString","coordinates":[[-71.06251,42.35602],[-71.06283,42.35571],[-71.06289,42.35566]]},"properties":{"lts":2,"name":"Tremont Street","osmId":1149777185,"goBoston":"priority","project":"Tremont Street"}},{"type":"Feature","geometry":{"type":"LineString","coordinates":[[-71.06289,42.35566],[-71.06304,42.35551],[-71.06321,42.35533],[-71.06327,42.35526],[-71.06329,42.35523],[-71.06334,42.35517],[-71.06342,42.35506],[-71.06358,42.35477],[-71.06359,42.35476],[-71.0638,42.35434],[-71.06383,42.35427],[-71.06391,42.35412],[-71.06399,42.35398],[-71.06409,42.35373]]},"properties":{"lts":2,"name":"Tremont Street","osmId":8651512,"goBoston":"priority","project":"Tremont Street"}},{"type":"Feature","geometry":{"type":"LineString","coordinates":[[-71.06409,42.35373],[-71.06413,42.35364],[-71.06415,42.35361],[-71.06421,42.35346],[-71.06424,42.35339]]},"properties":{"lts":2,"name":"Tremont Street","osmId":1121209368,"goBoston":"priority","project":"Tremont Street"}},{"type":"Feature","geometry":{"type":"LineString","coordinates":[[-71.06424,42.35339],[-71.06437,42.35306],[-71.06437,42.35305]]},"properties":{"lts":2,"name":"Tremont Street","osmId":1121209369,"goBoston":"priority","project":"Tremont Street"}},{"type":"Feature","geometry":{"type":"LineString","coordinates":[[-71.06437,42.35305],[-71.06442,42.35283],[-71.06446,42.35271]]},"properties":{"lts":2,"name":"Tremont Street","osmId":1121209367,"goBoston":"priority","project":"Tremont Street"}},{"type":"Feature","geometry":{"type":"LineString","coordinates":[[-71.06446,42.35271],[-71.06453,42.35247]]},"properties":{"lts":2,"name":"Tremont Street","osmId":426831020,"goBoston":"priority","project":"Tremont Street"}},{"type":"Feature","geometry":{"type":"LineString","coordinates":[[-71.06453,42.35247],[-71.06455,42.35241],[-71.06456,42.35237]]},"properties":{"lts":2,"name":"Tremont Street","osmId":840928388,"goBoston":"priority","project":"Tremont Street"}},{"type":"Feature","geometry":{"type":"LineString","coordinates":[[-71.06456,42.35237],[-71.06458,42.35229],[-71.06466,42.35199],[-71.06473,42.35172],[-71.06475,42.35166],[-71.06477,42.35155],[-71.06479,42.35149]]},"properties":{"lts":2,"name":"Tremont Street","osmId":8650197,"goBoston":"priority","project":"Tremont Street"}},{"type":"Feature","geometry":{"type":"LineString","coordinates":[[-71.06479,42.35149],[-71.06481,42.35141],[-71.06487,42.3512],[-71.06492,42.35109]]},"properties":{"lts":2,"name":"Tremont Street","osmId":1120131787,"goBoston":"priority","project":"Tremont Street"}},{"type":"Feature","geometry":{"type":"LineString","coordinates":[[-71.06492,42.35109],[-71.06494,42.35102],[-71.06494,42.35101],[-71.06496,42.35095],[-71.06498,42.35087],[-71.06506,42.35059],[-71.06518,42.35023],[-71.06522,42.35008],[-71.06524,42.35],[-71.06529,42.34982],[-71.06529,42.3498]]},"properties":{"lts":2,"name":"Tremont Street","osmId":8648550,"goBoston":"priority","project":"Tremont Street"}},{"type":"Feature","geometry":{"type":"LineString","coordinates":[[-71.06529,42.3498],[-71.06533,42.34965],[-71.06535,42.34953],[-71.06536,42.3495]]},"properties":{"lts":2,"name":"Tremont Street","osmId":1126768951,"goBoston":"priority","project":"Tremont Street"}},{"type":"Feature","geometry":{"type":"LineString","coordinates":[[-71.06536,42.3495],[-71.06539,42.34937],[-71.06552,42.34875],[-71.06552,42.34872],[-71.06554,42.34863]]},"properties":{"lts":2,"name":"Tremont Street","osmId":1126768950,"goBoston":"priority","project":"Tremont Street"}},{"type":"Feature","geometry":{"type":"LineString","coordinates":[[-71.05928,42.35922],[-71.0593,42.35922],[-71.05947,42.35928]]},"properties":{"lts":2,"name":"Cambridge Street","osmId":138798811,"goBoston":"priority","project":"Cambridge Street"}},{"type":"Feature","geometry":{"type":"LineString","coordinates":[[-71.05947,42.35928],[-71.05951,42.35929],[-71.05955,42.35931],[-71.05961,42.35934],[-71.05965,42.35936],[-71.05968,42.35939],[-71.0597,42.3594],[-71.05972,42.35943],[-71.05973,42.35946],[-71.05975,42.35952]]},"properties":{"lts":2,"name":"Cambridge Street","osmId":747090074,"goBoston":"priority","project":"Cambridge Street"}},{"type":"Feature","geometry":{"type":"LineString","coordinates":[[-71.05975,42.35952],[-71.05977,42.35959],[-71.05978,42.35961],[-71.05978,42.35962],[-71.05979,42.35965]]},"properties":{"lts":2,"name":"Cambridge Street","osmId":879039477,"goBoston":"priority","project":"Cambridge Street"}},{"type":"Feature","geometry":{"type":"LineString","coordinates":[[-71.05979,42.35965],[-71.0598,42.35968],[-71.05981,42.3597],[-71.05982,42.35972],[-71.05983,42.35973],[-71.05984,42.35977],[-71.05986,42.3598],[-71.05988,42.35984],[-71.0599,42.35988],[-71.05993,42.35994],[-71.05996,42.35999],[-71.05999,42.36004],[-71.06002,42.36008]]},"properties":{"lts":2,"name":"Cambridge Street","osmId":1106843295,"goBoston":"priority","project":"Cambridge Street"}},{"type":"Feature","geometry":{"type":"LineString","coordinates":[[-71.06002,42.36008],[-71.06006,42.36013],[-71.06009,42.36017],[-71.06013,42.36022],[-71.06017,42.36027],[-71.06022,42.36031],[-71.06027,42.36036],[-71.06031,42.3604],[-71.06036,42.36044],[-71.06041,42.36048],[-71.06046,42.36053],[-71.06049,42.36056],[-71.06052,42.36058],[-71.06057,42.36062],[-71.06061,42.36065],[-71.06065,42.36068],[-71.06069,42.3607]]},"properties":{"lts":2,"name":"Cambridge Street","osmId":779927697,"goBoston":"priority","project":"Cambridge Street"}},{"type":"Feature","geometry":{"type":"LineString","coordinates":[[-71.06069,42.3607],[-71.06083,42.36078],[-71.06098,42.36087],[-71.06105,42.3609],[-71.06106,42.36091],[-71.0611,42.36093],[-71.06113,42.36095],[-71.06117,42.36096],[-71.0612,42.36098],[-71.06125,42.36099]]},"properties":{"lts":2,"name":"Cambridge Street","osmId":426456649,"goBoston":"priority","project":"Cambridge Street"}},{"type":"Feature","geometry":{"type":"LineString","coordinates":[[-71.06125,42.36099],[-71.06127,42.361],[-71.0613,42.36101],[-71.06133,42.36102],[-71.06136,42.36103],[-71.06138,42.36104],[-71.06141,42.36105],[-71.06144,42.36106],[-71.06148,42.36107],[-71.06152,42.36108],[-71.06157,42.3611],[-71.06168,42.36114],[-71.06177,42.36117]]},"properties":{"lts":2,"name":"Cambridge Street","osmId":1126704040,"goBoston":"priority","project":"Cambridge Street"}},{"type":"Feature","geometry":{"type":"LineString","coordinates":[[-71.06177,42.36117],[-71.06181,42.36118],[-71.06186,42.36119],[-71.06191,42.3612],[-71.06196,42.36122],[-71.06201,42.36123],[-71.06207,42.36124],[-71.06212,42.36125],[-71.06218,42.36126],[-71.06223,42.36127],[-71.06228,42.36127],[-71.06233,42.36128],[-71.06237,42.36129],[-71.06242,42.36129],[-71.06248,42.36129],[-71.06253,42.3613],[-71.06258,42.3613],[-71.06263,42.3613],[-71.06267,42.3613],[-71.06269,42.3613],[-71.06273,42.36131],[-71.06277,42.36131],[-71.06282,42.36131],[-71.06286,42.36131]]},"properties":{"lts":2,"name":"Cambridge Street","osmId":426456582,"goBoston":"priority","project":"Cambridge Street"}},{"type":"Feature","geometry":{"type":"LineString","coordinates":[[-71.06286,42.36131],[-71.06305,42.3613],[-71.06316,42.3613]]},"properties":{"lts":2,"name":"Cambridge Street","osmId":533600032,"goBoston":"priority","project":"Cambridge Street"}},{"type":"Feature","geometry":{"type":"LineString","coordinates":[[-71.06316,42.3613],[-71.06334,42.3613]]},"properties":{"lts":2,"name":"Cambridge Street","osmId":1317061159,"goBoston":"priority","project":"Cambridge Street"}},{"type":"Feature","geometry":{"type":"LineString","coordinates":[[-71.06334,42.3613],[-71.06356,42.36129],[-71.06359,42.36129],[-71.06364,42.36129],[-71.06377,42.36129]]},"properties":{"lts":3,"name":"Cambridge Street","osmId":426456594,"goBoston":"priority","project":"Cambridge Street"}},{"type":"Feature","geometry":{"type":"LineString","coordinates":[[-71.06377,42.36129],[-71.06389,42.36129],[-71.06395,42.36128],[-71.06438,42.36127],[-71.06454,42.36127],[-71.06461,42.36127],[-71.06476,42.36126],[-71.0649,42.36125],[-71.06498,42.36125],[-71.06502,42.36125],[-71.06505,42.36125],[-71.06512,42.36124]]},"properties":{"lts":3,"name":"Cambridge Street","osmId":8652409,"goBoston":"priority","project":"Cambridge Street"}},{"type":"Feature","geometry":{"type":"LineString","coordinates":[[-71.06512,42.36124],[-71.06521,42.36124],[-71.06533,42.36124],[-71.06553,42.36124]]},"properties":{"lts":2,"name":"Cambridge Street","osmId":1106843296,"goBoston":"priority","project":"Cambridge Street"}},{"type":"Feature","geometry":{"type":"LineString","coordinates":[[-71.06553,42.36124],[-71.06577,42.36124]]},"properties":{"lts":2,"name":"Cambridge Street","osmId":823316160,"goBoston":"priority","project":"Cambridge Street"}},{"type":"Feature","geometry":{"type":"LineString","coordinates":[[-71.06577,42.36124],[-71.06633,42.36124],[-71.06662,42.36123]]},"properties":{"lts":2,"name":"Cambridge Street","osmId":823316159,"goBoston":"priority","project":"Cambridge Street"}},{"type":"Feature","geometry":{"type":"LineString","coordinates":[[-71.06662,42.36123],[-71.06671,42.36123],[-71.06676,42.36124],[-71.06685,42.36124]]},"properties":{"lts":2,"name":"Cambridge Street","osmId":1106843298,"goBoston":"priority","project":"Cambridge Street"}},{"type":"Feature","geometry":{"type":"LineString","coordinates":[[-71.06685,42.36124],[-71.06697,42.36124]]},"properties":{"lts":2,"name":"Cambridge Street","osmId":817361876,"goBoston":"priority","project":"Cambridge Street"}},{"type":"Feature","geometry":{"type":"LineString","coordinates":[[-71.06697,42.36124],[-71.06711,42.36123],[-71.0674,42.36123]]},"properties":{"lts":2,"name":"Cambridge Street","osmId":1106843297,"goBoston":"priority","project":"Cambridge Street"}},{"type":"Feature","geometry":{"type":"LineString","coordinates":[[-71.0674,42.36123],[-71.06785,42.36122],[-71.06825,42.36121]]},"properties":{"lts":2,"name":"Cambridge Street","osmId":817361874,"goBoston":"priority","project":"Cambridge Street"}},{"type":"Feature","geometry":{"type":"LineString","coordinates":[[-71.06825,42.36121],[-71.06854,42.3612],[-71.06858,42.3612],[-71.06873,42.3612]]},"properties":{"lts":2,"name":"Cambridge Street","osmId":426456606,"goBoston":"priority","project":"Cambridge Street"}},{"type":"Feature","geometry":{"type":"LineString","coordinates":[[-71.06873,42.3612],[-71.06887,42.36119],[-71.06903,42.36119],[-71.06933,42.36118],[-71.06936,42.36118],[-71.06996,42.36117],[-71.06999,42.36117],[-71.07002,42.36117],[-71.07005,42.36118],[-71.07007,42.36118],[-71.0701,42.3612]]},"properties":{"lts":2,"name":"Cambridge Street","osmId":426456630,"goBoston":"priority","project":"Cambridge Street"}},{"type":"Feature","geometry":{"type":"LineString","coordinates":[[-71.0701,42.3612],[-71.0704,42.36133],[-71.07044,42.36135],[-71.07049,42.36136],[-71.07054,42.36138],[-71.07058,42.36139],[-71.07063,42.3614]]},"properties":{"lts":2,"name":"Cambridge Street","osmId":420495585,"goBoston":"priority","project":"Cambridge Street"}},{"type":"Feature","geometry":{"type":"LineString","coordinates":[[-71.07063,42.3614],[-71.07066,42.3614],[-71.07069,42.36141],[-71.07073,42.36141],[-71.07076,42.36141],[-71.07079,42.36141]]},"properties":{"lts":2,"name":"Cambridge Street","osmId":426456654,"goBoston":"priority","project":"Cambridge Street"}},{"type":"Feature","geometry":{"type":"LineString","coordinates":[[-71.07079,42.36141],[-71.07083,42.36141],[-71.07086,42.36141],[-71.0709,42.36141],[-71.07118,42.36138]]},"properties":{"lts":2,"name":"Cambridge Street","osmId":426659495,"goBoston":"priority","project":"Cambridge Street"}},{"type":"Feature","geometry":{"type":"LineString","coordinates":[[-71.07118,42.36138],[-71.07139,42.36136],[-71.07155,42.36134]]},"properties":{"lts":2,"name":"Cambridge Street","osmId":426659496,"goBoston":"priority","project":"Cambridge Street"}},{"type":"Feature","geometry":{"type":"LineString","coordinates":[[-71.07156,42.36111],[-71.07144,42.36109],[-71.0714,42.36109],[-71.07136,42.36108],[-71.07131,42.36107],[-71.07126,42.36106],[-71.07122,42.36105],[-71.07116,42.36104],[-71.07113,42.36103],[-71.07109,42.36102],[-71.07105,42.361],[-71.07086,42.36094]]},"properties":{"lts":3,"name":"Cambridge Street","osmId":91996567,"goBoston":"priority","project":"Cambridge Street"}},{"type":"Feature","geometry":{"type":"LineString","coordinates":[[-71.07086,42.36094],[-71.07078,42.36091],[-71.07073,42.3609],[-71.0707,42.3609],[-71.07067,42.36089],[-71.07064,42.36089],[-71.07061,42.36089],[-71.07056,42.36089],[-71.07053,42.36089],[-71.07049,42.36089],[-71.07045,42.36089],[-71.07042,42.3609],[-71.07039,42.3609],[-71.07036,42.36091],[-71.07032,42.36091],[-71.07029,42.36092],[-71.07026,42.36093],[-71.07022,42.36095]]},"properties":{"lts":2,"name":"Cambridge Street","osmId":8650366,"goBoston":"priority","project":"Cambridge Street"}},{"type":"Feature","geometry":{"type":"LineString","coordinates":[[-71.07022,42.36095],[-71.07004,42.36104],[-71.07001,42.36106],[-71.06998,42.36106],[-71.06995,42.36107],[-71.06992,42.36107],[-71.06954,42.36108]]},"properties":{"lts":3,"name":"Cambridge Street","osmId":1003706978,"goBoston":"priority","project":"Cambridge Street"}},{"type":"Feature","geometry":{"type":"LineString","coordinates":[[-71.06954,42.36108],[-71.06946,42.36108],[-71.0689,42.36109],[-71.06886,42.36109],[-71.06875,42.36109]]},"properties":{"lts":3,"name":"Cambridge Street","osmId":426456618,"goBoston":"priority","project":"Cambridge Street"}},{"type":"Feature","geometry":{"type":"LineString","coordinates":[[-71.06875,42.36109],[-71.06856,42.36109],[-71.06826,42.3611],[-71.06786,42.36111],[-71.06742,42.36112]]},"properties":{"lts":3,"name":"Cambridge Street","osmId":420495586,"goBoston":"priority","project":"Cambridge Street"}},{"type":"Feature","geometry":{"type":"LineString","coordinates":[[-71.06742,42.36112],[-71.06714,42.36112],[-71.06711,42.36112],[-71.06695,42.36113]]},"properties":{"lts":3,"name":"Cambridge Street","osmId":426456611,"goBoston":"priority","project":"Cambridge Street"}},{"type":"Feature","geometry":{"type":"LineString","coordinates":[[-71.06695,42.36113],[-71.06682,42.36113],[-71.06676,42.36113],[-71.0666,42.36113]]},"properties":{"lts":3,"name":"Cambridge Street","osmId":426456601,"goBoston":"priority","project":"Cambridge Street"}},{"type":"Feature","geometry":{"type":"LineString","coordinates":[[-71.0666,42.36113],[-71.06638,42.36113]]},"properties":{"lts":3,"name":"Cambridge Street","osmId":426456589,"goBoston":"priority","project":"Cambridge Street"}},{"type":"Feature","geometry":{"type":"LineString","coordinates":[[-71.06638,42.36113],[-71.06614,42.36113],[-71.06607,42.36113],[-71.066,42.36113]]},"properties":{"lts":3,"name":"Cambridge Street","osmId":380662068,"goBoston":"priority","project":"Cambridge Street"}},{"type":"Feature","geometry":{"type":"LineString","coordinates":[[-71.066,42.36113],[-71.06586,42.36113],[-71.06569,42.36113]]},"properties":{"lts":3,"name":"Cambridge Street","osmId":823316163,"goBoston":"priority","project":"Cambridge Street"}},{"type":"Feature","geometry":{"type":"LineString","coordinates":[[-71.06569,42.36113],[-71.06553,42.36113]]},"properties":{"lts":3,"name":"Cambridge Street","osmId":823316157,"goBoston":"priority","project":"Cambridge Street"}},{"type":"Feature","geometry":{"type":"LineString","coordinates":[[-71.06553,42.36113],[-71.06546,42.36113],[-71.06539,42.36113],[-71.06524,42.36113],[-71.06514,42.36114]]},"properties":{"lts":3,"name":"Cambridge Street","osmId":823316162,"goBoston":"priority","project":"Cambridge Street"}},{"type":"Feature","geometry":{"type":"LineString","coordinates":[[-71.06514,42.36114],[-71.06504,42.36114],[-71.06456,42.36115],[-71.06449,42.36115]]},"properties":{"lts":3,"name":"Cambridge Street","osmId":426456625,"goBoston":"priority","project":"Cambridge Street"}},{"type":"Feature","geometry":{"type":"LineString","coordinates":[[-71.06449,42.36115],[-71.06414,42.36116]]},"properties":{"lts":3,"name":"Cambridge Street","osmId":426456637,"goBoston":"priority","project":"Cambridge Street"}},{"type":"Feature","geometry":{"type":"LineString","coordinates":[[-71.06414,42.36116],[-71.06396,42.36116],[-71.06391,42.36116],[-71.06387,42.36117],[-71.06372,42.36117]]},"properties":{"lts":3,"name":"Cambridge Street","osmId":1123326681,"goBoston":"priority","project":"Cambridge Street"}},{"type":"Feature","geometry":{"type":"LineString","coordinates":[[-71.06372,42.36117],[-71.06366,42.36117],[-71.0636,42.36118],[-71.06348,42.36118],[-71.0634,42.36118]]},"properties":{"lts":3,"name":"Cambridge Street","osmId":380662069,"goBoston":"priority","project":"Cambridge Street"}},{"type":"Feature","geometry":{"type":"LineString","coordinates":[[-71.0634,42.36118],[-71.06309,42.36119],[-71.06306,42.36119],[-71.063,42.36119],[-71.06293,42.36119],[-71.06288,42.36119]]},"properties":{"lts":3,"name":"Cambridge Street","osmId":985552043,"goBoston":"priority","project":"Cambridge Street"}},{"type":"Feature","geometry":{"type":"LineString","coordinates":[[-71.06288,42.36119],[-71.0628,42.36119],[-71.06274,42.36119],[-71.06268,42.36119],[-71.0626,42.36118],[-71.06254,42.36117],[-71.06248,42.36117],[-71.06241,42.36116],[-71.06236,42.36115],[-71.0623,42.36114],[-71.06225,42.36113],[-71.0622,42.36112],[-71.06216,42.36111],[-71.06211,42.3611],[-71.06206,42.36109]]},"properties":{"lts":3,"name":"Cambridge Street","osmId":426456661,"goBoston":"priority","project":"Cambridge Street"}},{"type":"Feature","geometry":{"type":"LineString","coordinates":[[-71.06206,42.36109],[-71.062,42.36107],[-71.06194,42.36105],[-71.0618,42.36101],[-71.06173,42.36099],[-71.06155,42.36094],[-71.06151,42.36093],[-71.06138,42.36089],[-71.06133,42.36087]]},"properties":{"lts":3,"name":"Cambridge Street","osmId":163516970,"goBoston":"priority","project":"Cambridge Street"}},{"type":"Feature","geometry":{"type":"LineString","coordinates":[[-71.06133,42.36087],[-71.06128,42.36086],[-71.06114,42.36081],[-71.06112,42.3608],[-71.06108,42.36078],[-71.06104,42.36077],[-71.06101,42.36076],[-71.06095,42.36073],[-71.06089,42.3607],[-71.06082,42.36067],[-71.06076,42.36063],[-71.06071,42.3606],[-71.06066,42.36057],[-71.0606,42.36053],[-71.06054,42.36049],[-71.06049,42.36046],[-71.06043,42.36041],[-71.06034,42.36032],[-71.06028,42.36027],[-71.06023,42.36022],[-71.06018,42.36016],[-71.06013,42.3601],[-71.06009,42.36003],[-71.06004,42.35996],[-71.05998,42.35986],[-71.05995,42.3598],[-71.05993,42.35976],[-71.05992,42.35972],[-71.0599,42.35967],[-71.05988,42.35963]]},"properties":{"lts":3,"name":"Cambridge Street","osmId":8644957,"goBoston":"priority","project":"Cambridge Street"}},{"type":"Feature","geometry":{"type":"LineString","coordinates":[[-71.05988,42.35963],[-71.05988,42.35959],[-71.05987,42.35958],[-71.05986,42.35953],[-71.05985,42.35949],[-71.05984,42.35945],[-71.05984,42.35941],[-71.05983,42.35936],[-71.05983,42.35933],[-71.05982,42.35928],[-71.05982,42.35918],[-71.05981,42.35911],[-71.05981,42.35909],[-71.05981,42.35907],[-71.05981,42.35904]]},"properties":{"lts":2,"name":"Cambridge Street","osmId":879039476,"goBoston":"priority","project":"Cambridge Street"}},{"type":"Feature","geometry":{"type":"LineString","coordinates":[[-71.0672,42.35176],[-71.06722,42.35184],[-71.06737,42.35217],[-71.06743,42.35233],[-71.06745,42.35241],[-71.06746,42.35244],[-71.06749,42.35252]]},"properties":{"lts":3,"name":"Charles Street South","osmId":242652626,"goBoston":"priority","project":"Connect Downtown"}},{"type":"Feature","geometry":{"type":"LineString","coordinates":[[-71.06749,42.35252],[-71.06751,42.35259],[-71.06755,42.35273],[-71.06758,42.35281]]},"properties":{"lts":3,"name":"Charles Street South","osmId":533515521,"goBoston":"priority","project":"Connect Downtown"}},{"type":"Feature","geometry":{"type":"LineString","coordinates":[[-71.06758,42.35281],[-71.06759,42.35284],[-71.06761,42.35294],[-71.06781,42.3533],[-71.0682,42.35399],[-71.06843,42.35442],[-71.06849,42.35451],[-71.0688,42.35508],[-71.06898,42.35542]]},"properties":{"lts":2,"name":"Charles Street","osmId":8651355,"goBoston":"priority","project":"Connect Downtown"}},{"type":"Feature","geometry":{"type":"LineString","coordinates":[[-71.06898,42.35542],[-71.06909,42.35561]]},"properties":{"lts":2,"name":"Charles Street","osmId":426831015,"goBoston":"priority","project":"Connect Downtown"}},{"type":"Feature","geometry":{"type":"LineString","coordinates":[[-71.06909,42.35561],[-71.06914,42.35577],[-71.06924,42.356],[-71.06927,42.35606],[-71.06927,42.35609]]},"properties":{"lts":3,"name":"Charles Street","osmId":89641251,"goBoston":"priority","project":"Connect Downtown"}},{"type":"Feature","geometry":{"type":"LineString","coordinates":[[-71.06909,42.35561],[-71.06921,42.35575],[-71.0693,42.35591],[-71.06935,42.35599],[-71.06939,42.35603],[-71.06941,42.35605]]},"properties":{"lts":2,"name":"Charles Street","osmId":89691955,"goBoston":"priority","project":"Connect Downtown"}},{"type":"Feature","geometry":{"type":"LineString","coordinates":[[-71.06947,42.35627],[-71.06944,42.35621]]},"properties":{"lts":3,"name":"Charles Street","osmId":825494615,"goBoston":"priority","project":"Connect Downtown"}},{"type":"Feature","geometry":{"type":"LineString","coordinates":[[-71.06987,42.35702],[-71.06985,42.35697],[-71.06982,42.35692],[-71.06978,42.35684],[-71.0697,42.35671],[-71.0696,42.3565],[-71.06949,42.3563],[-71.06947,42.35627]]},"properties":{"lts":3,"name":"Charles Street","osmId":380662070,"goBoston":"priority","project":"Connect Downtown"}},{"type":"Feature","geometry":{"type":"LineString","coordinates":[[-71.07028,42.35778],[-71.07025,42.35773],[-71.06991,42.35709],[-71.0699,42.35706],[-71.06987,42.35702]]},"properties":{"lts":3,"name":"Charles Street","osmId":825494584,"goBoston":"priority","project":"Connect Downtown"}},{"type":"Feature","geometry":{"type":"LineString","coordinates":[[-71.07076,42.35947],[-71.07076,42.35944],[-71.07072,42.35887],[-71.07072,42.35884],[-71.07072,42.35879],[-71.07072,42.35876],[-71.07069,42.3585],[-71.07034,42.35786],[-71.07032,42.35784],[-71.07028,42.35778]]},"properties":{"lts":3,"name":"Charles Street","osmId":8644437,"goBoston":"priority","project":"Connect Downtown"}},{"type":"Feature","geometry":{"type":"LineString","coordinates":[[-71.07087,42.3608],[-71.07086,42.36073],[-71.07086,42.36072],[-71.07084,42.36047],[-71.07081,42.36004],[-71.07077,42.35954],[-71.07076,42.35952],[-71.07076,42.35947]]},"properties":{"lts":3,"name":"Charles Street","osmId":816366950,"goBoston":"priority","project":"Connect Downtown"}},{"type":"Feature","geometry":{"type":"LineString","coordinates":[[-71.07087,42.3608],[-71.07086,42.36094]]},"properties":{"lts":3,"name":"Charles Street","osmId":1329471324,"goBoston":"priority","project":"Connect Downtown"}},{"type":"Feature","geometry":{"type":"LineString","coordinates":[[-71.07086,42.36094],[-71.07076,42.36099],[-71.07074,42.361],[-71.07073,42.36101],[-71.07071,42.36103]]},"properties":{"lts":3,"name":"Charles Street","osmId":8644878,"goBoston":"priority","project":"Connect Downtown"}},{"type":"Feature","geometry":{"type":"LineString","coordinates":[[-71.07071,42.36103],[-71.07069,42.36106],[-71.07067,42.36109],[-71.07065,42.36112],[-71.07064,42.36115],[-71.07063,42.36118],[-71.07062,42.36121],[-71.07062,42.36124],[-71.07061,42.36127]]},"properties":{"lts":3,"name":"Charles Street","osmId":761030415,"goBoston":"priority","project":"Connect Downtown"}},{"type":"Feature","geometry":{"type":"LineString","coordinates":[[-71.07061,42.36127],[-71.07061,42.3613],[-71.07061,42.36132],[-71.07062,42.36135],[-71.07062,42.36138],[-71.07063,42.3614]]},"properties":{"lts":3,"name":"Charles Street","osmId":761030414,"goBoston":"priority","project":"Connect Downtown"}},{"type":"Feature","geometry":{"type":"LineString","coordinates":[[-71.07118,42.36138],[-71.07116,42.36136],[-71.07115,42.36134],[-71.07113,42.36132],[-71.07112,42.3613],[-71.0711,42.36127],[-71.07109,42.36125]]},"properties":{"lts":3,"name":null,"osmId":139069159,"goBoston":"priority","project":"Connect Downtown"}},{"type":"Feature","geometry":{"type":"LineString","coordinates":[[-71.07109,42.36125],[-71.07104,42.36111]]},"properties":{"lts":3,"name":null,"osmId":816366952,"goBoston":"priority","project":"Connect Downtown"}},{"type":"Feature","geometry":{"type":"LineString","coordinates":[[-71.07104,42.36111],[-71.07103,42.3611],[-71.07099,42.36103],[-71.07094,42.36099],[-71.0709,42.36096],[-71.07086,42.36094]]},"properties":{"lts":3,"name":null,"osmId":817406998,"goBoston":"priority","project":"Connect Downtown"}},{"type":"Feature","geometry":{"type":"LineString","coordinates":[[-71.06839,42.35169],[-71.06838,42.35166]]},"properties":{"lts":3,"name":"Columbus Avenue","osmId":426831017,"goBoston":"priority","project":"Connect Downtown"}},{"type":"Feature","geometry":{"type":"LineString","coordinates":[[-71.06838,42.35166],[-71.06841,42.35161],[-71.0684,42.35155],[-71.06839,42.35152],[-71.0684,42.35146],[-71.0684,42.35136]]},"properties":{"lts":3,"name":"Columbus Avenue","osmId":1312615597,"goBoston":"priority","project":"Connect Downtown"}},{"type":"Feature","geometry":{"type":"LineString","coordinates":[[-71.06838,42.35166],[-71.06833,42.35162],[-71.06832,42.35159]]},"properties":{"lts":3,"name":"Columbus Avenue","osmId":1312615598,"goBoston":"priority","project":"Connect Downtown"}},{"type":"Feature","geometry":{"type":"LineString","coordinates":[[-71.06832,42.35159],[-71.0683,42.35153],[-71.06827,42.35143]]},"properties":{"lts":3,"name":"Columbus Avenue","osmId":1312615596,"goBoston":"priority","project":"Connect Downtown"}},{"type":"Feature","geometry":{"type":"LineString","coordinates":[[-71.06827,42.35143],[-71.06831,42.35142],[-71.06835,42.35139],[-71.0684,42.35136]]},"properties":{"lts":3,"name":"Columbus Avenue","osmId":8649971,"goBoston":"priority","project":"Connect Downtown"}},{"type":"Feature","geometry":{"type":"LineString","coordinates":[[-71.0684,42.35136],[-71.06892,42.35097],[-71.06914,42.35079],[-71.06949,42.3505],[-71.06976,42.35029],[-71.06978,42.35027],[-71.06993,42.35015]]},"properties":{"lts":3,"name":"Columbus Avenue","osmId":1312615599,"goBoston":"priority","project":"Connect Downtown"}},{"type":"Feature","geometry":{"type":"LineString","coordinates":[[-71.06993,42.35015],[-71.07018,42.34996],[-71.07023,42.34992],[-71.07039,42.34979]]},"properties":{"lts":3,"name":"Columbus Avenue","osmId":1285819244,"goBoston":"priority","project":"Connect Downtown"}},{"type":"Feature","geometry":{"type":"LineString","coordinates":[[-71.07039,42.34979],[-71.07104,42.34926],[-71.07119,42.34914],[-71.07158,42.34882],[-71.07167,42.34875],[-71.07179,42.34866]]},"properties":{"lts":3,"name":"Columbus Avenue","osmId":87109189,"goBoston":"priority","project":"Connect Downtown"}},{"type":"Feature","geometry":{"type":"LineString","coordinates":[[-71.07227,42.34828],[-71.07188,42.34859],[-71.07179,42.34866]]},"properties":{"lts":3,"name":"Columbus Avenue","osmId":822959766,"goBoston":"priority","project":"Connect Downtown"}},{"type":"Feature","geometry":{"type":"LineString","coordinates":[[-71.07237,42.3482],[-71.07232,42.34824],[-71.07227,42.34828]]},"properties":{"lts":3,"name":"Columbus Avenue","osmId":1285819243,"goBoston":"priority","project":"Connect Downtown"}},{"type":"Feature","geometry":{"type":"LineString","coordinates":[[-71.07255,42.34804],[-71.07249,42.34809],[-71.07237,42.3482]]},"properties":{"lts":3,"name":"Columbus Avenue","osmId":383058043,"goBoston":"priority","project":"Connect Downtown"}},{"type":"Feature","geometry":{"type":"LineString","coordinates":[[-71.07307,42.34762],[-71.07276,42.34787],[-71.07267,42.34795],[-71.07255,42.34804]]},"properties":{"lts":3,"name":"Columbus Avenue","osmId":1329768972,"goBoston":"priority","project":"Connect Downtown"}},{"type":"Feature","geometry":{"type":"LineString","coordinates":[[-71.07354,42.34725],[-71.07346,42.34731],[-71.07329,42.34745],[-71.07307,42.34762]]},"properties":{"lts":3,"name":"Columbus Avenue","osmId":92029619,"goBoston":"priority","project":"Connect Downtown"}},{"type":"Feature","geometry":{"type":"LineString","coordinates":[[-71.07354,42.34725],[-71.0736,42.3472],[-71.07409,42.3468],[-71.07419,42.34672],[-71.07426,42.34666],[-71.07495,42.3461]]},"properties":{"lts":3,"name":"Columbus Avenue","osmId":485292827,"goBoston":"priority","project":"Connect Downtown"}},{"type":"Feature","geometry":{"type":"LineString","coordinates":[[-71.07495,42.3461],[-71.075,42.34605]]},"properties":{"lts":3,"name":"Columbus Avenue","osmId":1088869488,"goBoston":"priority","project":"Connect Downtown"}},{"type":"Feature","geometry":{"type":"LineString","coordinates":[[-71.075,42.34605],[-71.07517,42.34592],[-71.07525,42.34586]]},"properties":{"lts":3,"name":"Columbus Avenue","osmId":383058045,"goBoston":"priority","project":"Connect Downtown"}},{"type":"Feature","geometry":{"type":"LineString","coordinates":[[-71.0707,42.3519],[-71.07059,42.35197],[-71.0705,42.352],[-71.07043,42.35201],[-71.07027,42.35206],[-71.06931,42.35225],[-71.06927,42.35226],[-71.06919,42.35227]]},"properties":{"lts":2,"name":"Boylston Street","osmId":8648229,"goBoston":"priority","project":null}},{"type":"Feature","geometry":{"type":"LineString","coordinates":[[-71.06919,42.35227],[-71.06887,42.35235],[-71.06865,42.3524],[-71.06845,42.35245],[-71.06808,42.35252],[-71.06786,42.35256]]},"properties":{"lts":2,"name":"Boylston Street","osmId":825263841,"goBoston":"priority","project":null}},{"type":"Feature","geometry":{"type":"LineString","coordinates":[[-71.06786,42.35256],[-71.06778,42.35258],[-71.06773,42.35261],[-71.0677,42.35262],[-71.06767,42.35266],[-71.06764,42.35268]]},"properties":{"lts":2,"name":"Boylston Street","osmId":1285819765,"goBoston":"priority","project":null}},{"type":"Feature","geometry":{"type":"LineString","coordinates":[[-71.06764,42.35268],[-71.0676,42.35274],[-71.06759,42.35278],[-71.06758,42.35281]]},"properties":{"lts":2,"name":"Boylston Street","osmId":1089092083,"goBoston":"priority","project":null}},{"type":"Feature","geometry":{"type":"LineString","coordinates":[[-71.06752,42.35282],[-71.06758,42.35281]]},"properties":{"lts":1,"name":"Boylston Street","osmId":1306276679,"goBoston":"priority","project":null}},{"type":"Feature","geometry":{"type":"LineString","coordinates":[[-71.06711,42.35253],[-71.06727,42.35263],[-71.0673,42.35264],[-71.06732,42.35265],[-71.06733,42.35266],[-71.06735,42.35267],[-71.06736,42.35268],[-71.06738,42.3527],[-71.0674,42.35272],[-71.06741,42.35274],[-71.06742,42.35276],[-71.06744,42.35278],[-71.06745,42.3528],[-71.06746,42.3528],[-71.06747,42.35281],[-71.06748,42.35281],[-71.06749,42.35282],[-71.0675,42.35282],[-71.06751,42.35282],[-71.06752,42.35282]]},"properties":{"lts":1,"name":"Boylston Street","osmId":1317279601,"goBoston":"priority","project":null}},{"type":"Feature","geometry":{"type":"LineString","coordinates":[[-71.06711,42.35253],[-71.06694,42.35252]]},"properties":{"lts":2,"name":"Boylston Street","osmId":1317279602,"goBoston":"priority","project":null}},{"type":"Feature","geometry":{"type":"LineString","coordinates":[[-71.06694,42.35252],[-71.06635,42.3525],[-71.06611,42.35249],[-71.06592,42.35247],[-71.0655,42.35245],[-71.06508,42.35242]]},"properties":{"lts":2,"name":"Boylston Street","osmId":8647872,"goBoston":"priority","project":null}},{"type":"Feature","geometry":{"type":"LineString","coordinates":[[-71.06508,42.35242],[-71.06467,42.35239],[-71.06456,42.35237]]},"properties":{"lts":2,"name":"Boylston Street","osmId":1175610614,"goBoston":"priority","project":null}},{"type":"Feature","geometry":{"type":"LineString","coordinates":[[-71.06456,42.35237],[-71.06446,42.35235],[-71.06438,42.35234],[-71.06432,42.35234],[-71.06428,42.35234]]},"properties":{"lts":2,"name":"Boylston Street","osmId":1096242208,"goBoston":"priority","project":null}},{"type":"Feature","geometry":{"type":"LineString","coordinates":[[-71.06428,42.35234],[-71.06414,42.35233],[-71.06391,42.35232],[-71.06376,42.35232],[-71.06368,42.35231],[-71.06349,42.35231],[-71.06334,42.35232],[-71.06323,42.35233]]},"properties":{"lts":2,"name":"Boylston Street","osmId":8645216,"goBoston":"priority","project":null}},{"type":"Feature","geometry":{"type":"LineString","coordinates":[[-71.06323,42.35233],[-71.06276,42.35237],[-71.06274,42.35237],[-71.06272,42.35238],[-71.06267,42.35238],[-71.06259,42.35239]]},"properties":{"lts":2,"name":"Boylston Street","osmId":1096242209,"goBoston":"priority","project":null}},{"type":"Feature","geometry":{"type":"LineString","coordinates":[[-71.06259,42.35239],[-71.06258,42.35248],[-71.06257,42.35259],[-71.06255,42.35284],[-71.06254,42.35304],[-71.06254,42.3531]]},"properties":{"lts":2,"name":"Washington Street","osmId":1154673770,"goBoston":"priority","project":null}},{"type":"Feature","geometry":{"type":"LineString","coordinates":[[-71.06254,42.3531],[-71.06253,42.35321],[-71.06253,42.35325]]},"properties":{"lts":2,"name":"Washington Street","osmId":1154673771,"goBoston":"priority","project":null}},{"type":"Feature","geometry":{"type":"LineString","coordinates":[[-71.06253,42.35325],[-71.06246,42.35345],[-71.06239,42.35359],[-71.06229,42.35374],[-71.06228,42.35375],[-71.06223,42.35382],[-71.06219,42.35386]]},"properties":{"lts":2,"name":"Washington Street","osmId":333071936,"goBoston":"priority","project":null}},{"type":"Feature","geometry":{"type":"LineString","coordinates":[[-71.06219,42.35386],[-71.06204,42.35402],[-71.06199,42.35407]]},"properties":{"lts":2,"name":"Washington Street","osmId":1154673772,"goBoston":"priority","project":null}},{"type":"Feature","geometry":{"type":"LineString","coordinates":[[-71.06199,42.35407],[-71.06173,42.35435]]},"properties":{"lts":3,"name":"Washington Street","osmId":941562892,"goBoston":"priority","project":null}},{"type":"Feature","geometry":{"type":"LineString","coordinates":[[-71.06173,42.35435],[-71.06164,42.35443],[-71.06123,42.3548]]},"properties":{"lts":3,"name":"Washington Street","osmId":201667420,"goBoston":"priority","project":null}},{"type":"Feature","geometry":{"type":"LineString","coordinates":[[-71.0672,42.35176],[-71.0673,42.35181],[-71.06733,42.35182],[-71.06739,42.35183],[-71.06743,42.35182],[-71.06767,42.3518],[-71.06777,42.35179],[-71.06787,42.35178],[-71.06812,42.35174],[-71.06819,42.35173],[-71.06839,42.35169]]},"properties":{"lts":3,"name":"Park Plaza","osmId":8651073,"goBoston":"priority","project":"Connect Downtown"}},{"type":"Feature","geometry":{"type":"LineString","coordinates":[[-71.06434,42.34349],[-71.06429,42.34352],[-71.06425,42.34354],[-71.06423,42.34356],[-71.06421,42.34358],[-71.06392,42.34433],[-71.06391,42.34436],[-71.06387,42.34446],[-71.06382,42.34457],[-71.06372,42.34483],[-71.06351,42.34535],[-71.06348,42.34542],[-71.06343,42.34553],[-71.06324,42.34602]]},"properties":{"lts":3,"name":"Harrison Avenue","osmId":294582916,"goBoston":"priority","project":"Harrison Ave Corridor"}},{"type":"Feature","geometry":{"type":"LineString","coordinates":[[-71.06324,42.34602],[-71.0632,42.34613]]},"properties":{"lts":3,"name":"Harrison Avenue","osmId":426488471,"goBoston":"priority","project":"Harrison Ave Corridor"}},{"type":"Feature","geometry":{"type":"LineString","coordinates":[[-71.0632,42.34613],[-71.06317,42.3462],[-71.06316,42.34623],[-71.06312,42.34632]]},"properties":{"lts":3,"name":"Harrison Avenue","osmId":426501666,"goBoston":"priority","project":"Harrison Ave Corridor"}},{"type":"Feature","geometry":{"type":"LineString","coordinates":[[-71.06326,42.34635],[-71.06312,42.34632]]},"properties":{"lts":3,"name":"Herald Street","osmId":8644901,"goBoston":"priority","project":"Harrison Ave Corridor"}},{"type":"Feature","geometry":{"type":"LineString","coordinates":[[-71.06326,42.34635],[-71.06329,42.3463],[-71.0633,42.34627],[-71.06331,42.34625],[-71.06355,42.34564],[-71.06359,42.34556],[-71.06363,42.34545],[-71.06366,42.34538],[-71.06396,42.34463],[-71.06397,42.3446],[-71.06402,42.34449],[-71.06406,42.34439],[-71.06436,42.34363],[-71.06437,42.3436],[-71.06437,42.34357],[-71.06437,42.34354],[-71.06434,42.34349]]},"properties":{"lts":3,"name":"Harrison Avenue","osmId":8651437,"goBoston":"priority","project":"Harrison Ave Corridor"}},{"type":"Feature","geometry":{"type":"LineString","coordinates":[[-71.06321,42.34644],[-71.06324,42.3464],[-71.06326,42.34635]]},"properties":{"lts":3,"name":"Harrison Avenue","osmId":87109187,"goBoston":"priority","project":"Harrison Ave Corridor"}},{"type":"Feature","geometry":{"type":"LineString","coordinates":[[-71.063,42.34698],[-71.06321,42.34644]]},"properties":{"lts":3,"name":"Harrison Avenue","osmId":87109181,"goBoston":"priority","project":"Harrison Ave Corridor"}},{"type":"Feature","geometry":{"type":"LineString","coordinates":[[-71.06297,42.34706],[-71.063,42.34698]]},"properties":{"lts":3,"name":"Harrison Avenue","osmId":970427247,"goBoston":"priority","project":"Harrison Ave Corridor"}},{"type":"Feature","geometry":{"type":"LineString","coordinates":[[-71.06288,42.34727],[-71.06294,42.34714],[-71.06297,42.34706]]},"properties":{"lts":3,"name":"Harrison Avenue","osmId":970427248,"goBoston":"priority","project":"Harrison Ave Corridor"}},{"type":"Feature","geometry":{"type":"LineString","coordinates":[[-71.06152,42.35064],[-71.06156,42.35053],[-71.06185,42.3498],[-71.06188,42.34974],[-71.06208,42.34923],[-71.0621,42.34919],[-71.0622,42.34895],[-71.06232,42.34866],[-71.06249,42.34823],[-71.06251,42.34818],[-71.06253,42.34814],[-71.06266,42.34781],[-71.06284,42.34738],[-71.06288,42.34727]]},"properties":{"lts":3,"name":"Harrison Avenue","osmId":295875086,"goBoston":"priority","project":"Harrison Ave Corridor"}},{"type":"Feature","geometry":{"type":"LineString","coordinates":[[-71.06119,42.35148],[-71.0612,42.35142],[-71.06123,42.35136],[-71.06128,42.35124],[-71.06132,42.35113],[-71.06138,42.35099],[-71.06144,42.35084],[-71.06149,42.35072],[-71.06149,42.3507],[-71.0615,42.35069],[-71.06152,42.35064]]},"properties":{"lts":3,"name":"Harrison Avenue","osmId":8647380,"goBoston":"priority","project":"Harrison Ave Corridor"}},{"type":"Feature","geometry":{"type":"LineString","coordinates":[[-71.06123,42.35182],[-71.06117,42.35157],[-71.06117,42.35155],[-71.06119,42.35148]]},"properties":{"lts":2,"name":"Harrison Avenue","osmId":8645303,"goBoston":"priority","project":"Harrison Ave Corridor"}},{"type":"Feature","geometry":{"type":"LineString","coordinates":[[-71.06126,42.35197],[-71.06123,42.35182]]},"properties":{"lts":3,"name":"Harrison Avenue","osmId":1089092081,"goBoston":"priority","project":"Harrison Ave Corridor"}},{"type":"Feature","geometry":{"type":"LineString","coordinates":[[-71.06139,42.35251],[-71.06137,42.35244],[-71.06132,42.35221],[-71.06126,42.35197]]},"properties":{"lts":3,"name":"Harrison Avenue","osmId":448441075,"goBoston":"priority","project":"Harrison Ave Corridor"}},{"type":"Feature","geometry":{"type":"LineString","coordinates":[[-71.06133,42.35347],[-71.06136,42.35341],[-71.0614,42.35332],[-71.06143,42.35322],[-71.06144,42.35314],[-71.06142,42.35278],[-71.06141,42.35262],[-71.06141,42.3526],[-71.06139,42.35251]]},"properties":{"lts":2,"name":"Harrison Avenue Extension","osmId":8640707,"goBoston":"priority","project":"Harrison Ave Corridor"}},{"type":"Feature","geometry":{"type":"LineString","coordinates":[[-71.06219,42.35386],[-71.06209,42.35382],[-71.06133,42.35347]]},"properties":{"lts":2,"name":"Avenue De Lafayette","osmId":8638403,"goBoston":"priority","project":"Harrison Ave Corridor"}},{"type":"Feature","geometry":{"type":"LineString","coordinates":[[-71.06251,42.34818],[-71.06242,42.34816],[-71.06185,42.34803]]},"properties":{"lts":2,"name":"Oak Street","osmId":8646120,"goBoston":"priority","project":"Harrison Ave Corridor"}},{"type":"Feature","geometry":{"type":"LineString","coordinates":[[-71.06185,42.34803],[-71.06177,42.34821],[-71.06175,42.34827],[-71.06155,42.34876],[-71.06127,42.34947],[-71.06126,42.3495]]},"properties":{"lts":2,"name":"Tyler Street","osmId":8646528,"goBoston":"priority","project":"Harrison Ave Corridor"}},{"type":"Feature","geometry":{"type":"LineString","coordinates":[[-71.06126,42.3495],[-71.06125,42.34953],[-71.06122,42.34959],[-71.06092,42.35036],[-71.06087,42.35047]]},"properties":{"lts":2,"name":"Tyler Street","osmId":533473492,"goBoston":"priority","project":"Harrison Ave Corridor"}},{"type":"Feature","geometry":{"type":"LineString","coordinates":[[-71.06087,42.35047],[-71.06085,42.35054],[-71.06084,42.35056],[-71.06071,42.35087],[-71.06054,42.3513],[-71.06052,42.35136]]},"properties":{"lts":2,"name":"Tyler Street","osmId":1185620974,"goBoston":"priority","project":"Harrison Ave Corridor"}},{"type":"Feature","geometry":{"type":"LineString","coordinates":[[-71.06052,42.35136],[-71.06106,42.35148],[-71.0611,42.35148],[-71.06119,42.35148]]},"properties":{"lts":2,"name":"Beach Street","osmId":172093621,"goBoston":"priority","project":"Harrison Ave Corridor"}},{"type":"Feature","geometry":{"type":"LineString","coordinates":[[-71.06661,42.34881],[-71.06657,42.34884],[-71.06655,42.34887],[-71.06652,42.3489],[-71.06651,42.34893],[-71.06648,42.34899],[-71.06648,42.349],[-71.06647,42.34904],[-71.06646,42.34911],[-71.06646,42.34917],[-71.06651,42.34945]]},"properties":{"lts":3,"name":"Charles Street South","osmId":8642483,"goBoston":"priority","project":"Tremont St"}},{"type":"Feature","geometry":{"type":"LineString","coordinates":[[-71.06651,42.34945],[-71.06655,42.34962],[-71.06656,42.34968]]},"properties":{"lts":3,"name":"Charles Street South","osmId":1018283101,"goBoston":"priority","project":"Tremont St"}},{"type":"Feature","geometry":{"type":"LineString","coordinates":[[-71.06656,42.34968],[-71.06657,42.34973],[-71.06673,42.35051],[-71.06678,42.35072],[-71.0668,42.35078],[-71.06682,42.35086],[-71.06683,42.35088],[-71.06685,42.35094]]},"properties":{"lts":3,"name":"Charles Street South","osmId":1018283099,"goBoston":"priority","project":"Tremont St"}},{"type":"Feature","geometry":{"type":"LineString","coordinates":[[-71.06685,42.35094],[-71.06691,42.3511]]},"properties":{"lts":3,"name":"Charles Street South","osmId":1280740664,"goBoston":"priority","project":"Tremont St"}},{"type":"Feature","geometry":{"type":"LineString","coordinates":[[-71.06691,42.3511],[-71.06704,42.3514],[-71.0671,42.35154],[-71.06716,42.35168]]},"properties":{"lts":3,"name":"Charles Street South","osmId":579261235,"goBoston":"priority","project":"Tremont St"}},{"type":"Feature","geometry":{"type":"LineString","coordinates":[[-71.06716,42.35168],[-71.0672,42.35176]]},"properties":{"lts":3,"name":"Charles Street South","osmId":1290373444,"goBoston":"priority","project":"Tremont St"}},{"type":"Feature","geometry":{"type":"LineString","coordinates":[[-71.10346,42.34256],[-71.1034,42.34262],[-71.10334,42.34267],[-71.10325,42.34276]]},"properties":{"lts":3,"name":"Brookline Avenue","osmId":1088867223,"goBoston":"priority","project":"Brookline Ave"}},{"type":"Feature","geometry":{"type":"LineString","coordinates":[[-71.10589,42.34023],[-71.10584,42.34027],[-71.10505,42.34103],[-71.10346,42.34256]]},"properties":{"lts":3,"name":"Brookline Avenue","osmId":1197159680,"goBoston":"priority","project":"Brookline Ave"}},{"type":"Feature","geometry":{"type":"LineString","coordinates":[[-71.10622,42.3399],[-71.10589,42.34023]]},"properties":{"lts":3,"name":"Brookline Avenue","osmId":533600271,"goBoston":"priority","project":"Brookline Ave"}},{"type":"Feature","geometry":{"type":"LineString","coordinates":[[-71.1065,42.33964],[-71.10622,42.3399]]},"properties":{"lts":3,"name":"Brookline Avenue","osmId":1088867224,"goBoston":"priority","project":"Brookline Ave"}},{"type":"Feature","geometry":{"type":"LineString","coordinates":[[-71.10726,42.33891],[-71.1072,42.33897],[-71.1065,42.33964]]},"properties":{"lts":3,"name":"Brookline Avenue","osmId":426642614,"goBoston":"priority","project":"Brookline Ave"}},{"type":"Feature","geometry":{"type":"LineString","coordinates":[[-71.10756,42.33864],[-71.10733,42.33885],[-71.10726,42.33891]]},"properties":{"lts":3,"name":"Brookline Avenue","osmId":426642616,"goBoston":"priority","project":"Brookline Ave"}},{"type":"Feature","geometry":{"type":"LineString","coordinates":[[-71.10779,42.33843],[-71.10756,42.33864]]},"properties":{"lts":3,"name":"Brookline Avenue","osmId":307333285,"goBoston":"priority","project":"Brookline Ave"}},{"type":"Feature","geometry":{"type":"LineString","coordinates":[[-71.10811,42.33815],[-71.10779,42.33843]]},"properties":{"lts":3,"name":"Brookline Avenue","osmId":426843087,"goBoston":"priority","project":"Brookline Ave"}},{"type":"Feature","geometry":{"type":"LineString","coordinates":[[-71.10831,42.33797],[-71.10826,42.33801],[-71.10811,42.33815]]},"properties":{"lts":3,"name":"Brookline Avenue","osmId":426645900,"goBoston":"priority","project":"Brookline Ave"}},{"type":"Feature","geometry":{"type":"LineString","coordinates":[[-71.10868,42.33763],[-71.10836,42.33793],[-71.10831,42.33797]]},"properties":{"lts":3,"name":"Brookline Avenue","osmId":426645901,"goBoston":"priority","project":"Brookline Ave"}},{"type":"Feature","geometry":{"type":"LineString","coordinates":[[-71.10932,42.33701],[-71.10921,42.33711],[-71.10879,42.33751],[-71.10868,42.33763]]},"properties":{"lts":3,"name":"Brookline Avenue","osmId":426645903,"goBoston":"priority","project":"Brookline Ave"}},{"type":"Feature","geometry":{"type":"LineString","coordinates":[[-71.10932,42.33701],[-71.10945,42.33696]]},"properties":{"lts":3,"name":"Brookline Avenue","osmId":307333283,"goBoston":"priority","project":"Brookline Ave"}},{"type":"Feature","geometry":{"type":"LineString","coordinates":[[-71.10945,42.33696],[-71.10995,42.33649],[-71.10998,42.33646],[-71.11004,42.33633]]},"properties":{"lts":3,"name":"Brookline Avenue","osmId":426645902,"goBoston":"priority","project":"Brookline Ave"}},{"type":"Feature","geometry":{"type":"LineString","coordinates":[[-71.10979,42.33648],[-71.10978,42.33649],[-71.10936,42.33689],[-71.10932,42.33701]]},"properties":{"lts":3,"name":"Brookline Avenue","osmId":307333284,"goBoston":"priority","project":"Brookline Ave"}},{"type":"Feature","geometry":{"type":"LineString","coordinates":[[-71.11004,42.33633],[-71.10992,42.33637],[-71.10979,42.33648]]},"properties":{"lts":2,"name":"Brookline Avenue","osmId":1120343820,"goBoston":"priority","project":"Brookline Ave"}},{"type":"Feature","geometry":{"type":"LineString","coordinates":[[-71.11016,42.3362],[-71.11004,42.33633]]},"properties":{"lts":3,"name":"Brookline Avenue","osmId":307333282,"goBoston":"priority","project":"Brookline Ave"}},{"type":"Feature","geometry":{"type":"LineString","coordinates":[[-71.08403,42.33204],[-71.08407,42.33212],[-71.08448,42.33243],[-71.0845,42.33244],[-71.08467,42.33255],[-71.08491,42.3327],[-71.085,42.33275],[-71.08511,42.33281],[-71.08573,42.33318],[-71.08581,42.33323],[-71.08591,42.33329],[-71.08662,42.3337],[-71.08674,42.33377],[-71.08687,42.33385],[-71.08702,42.33394],[-71.08734,42.33412],[-71.08742,42.33417],[-71.08751,42.33422],[-71.08753,42.33423],[-71.08766,42.33428],[-71.08817,42.33457],[-71.08821,42.33459],[-71.08824,42.33462],[-71.08828,42.33466],[-71.08831,42.3347],[-71.08833,42.33473],[-71.08837,42.33482],[-71.08838,42.33483],[-71.0884,42.33486]]},"properties":{"lts":1,"name":null,"osmId":1109168897,"goBoston":"priority","project":"Nubian to Southwest Corridor"}},{"type":"Feature","geometry":{"type":"LineString","coordinates":[[-71.0884,42.33486],[-71.08846,42.33485]]},"properties":{"lts":1,"name":null,"osmId":1281321442,"goBoston":"priority","project":"Nubian to Southwest Corridor"}},{"type":"Feature","geometry":{"type":"LineString","coordinates":[[-71.0884,42.33486],[-71.08845,42.33494],[-71.08848,42.33498],[-71.08852,42.33503],[-71.08862,42.33508]]},"properties":{"lts":1,"name":null,"osmId":1241146461,"goBoston":"priority","project":"Nubian to Southwest Corridor"}},{"type":"Feature","geometry":{"type":"LineString","coordinates":[[-71.08846,42.33485],[-71.08844,42.33483],[-71.08843,42.33482],[-71.08842,42.33481],[-71.08842,42.33479],[-71.08841,42.33477],[-71.08839,42.33475],[-71.08838,42.33473],[-71.08834,42.33467],[-71.08831,42.33463],[-71.08825,42.33457],[-71.08815,42.33451],[-71.0879,42.33437],[-71.08755,42.33418],[-71.08747,42.33414]]},"properties":{"lts":3,"name":"Ruggles Street","osmId":1281321443,"goBoston":"priority","project":"Nubian to Southwest Corridor"}},{"type":"Feature","geometry":{"type":"LineString","coordinates":[[-71.08747,42.33414],[-71.0874,42.33409],[-71.08738,42.33408],[-71.08729,42.33403],[-71.08701,42.33388]]},"properties":{"lts":3,"name":"Ruggles Street","osmId":1290372756,"goBoston":"priority","project":"Nubian to Southwest Corridor"}},{"type":"Feature","geometry":{"type":"LineString","coordinates":[[-71.08701,42.33388],[-71.08691,42.33382],[-71.08665,42.33367],[-71.08584,42.3332],[-71.08577,42.33315],[-71.08575,42.33313],[-71.08515,42.33278],[-71.08503,42.33272]]},"properties":{"lts":3,"name":"Ruggles Street","osmId":8648709,"goBoston":"priority","project":"Nubian to Southwest Corridor"}},{"type":"Feature","geometry":{"type":"LineString","coordinates":[[-71.08503,42.33272],[-71.08494,42.33267],[-71.08471,42.33253],[-71.08462,42.33248],[-71.08453,42.33241],[-71.0844,42.33231],[-71.08426,42.33221],[-71.08411,42.3321],[-71.08403,42.33204]]},"properties":{"lts":3,"name":"Ruggles Street","osmId":1120697989,"goBoston":"priority","project":"Nubian to Southwest Corridor"}},{"type":"Feature","geometry":{"type":"LineString","coordinates":[[-71.08874,42.33566],[-71.08882,42.33559],[-71.08872,42.33534],[-71.08864,42.33515],[-71.08862,42.33508]]},"properties":{"lts":4,"name":null,"osmId":8648996,"goBoston":"priority","project":"Nubian to Southwest Corridor"}},{"type":"Feature","geometry":{"type":"LineString","coordinates":[[-71.0888,42.33577],[-71.08879,42.33574],[-71.08876,42.3357]]},"properties":{"lts":1,"name":null,"osmId":213162448,"goBoston":"priority","project":"Nubian to Southwest Corridor"}},{"type":"Feature","geometry":{"type":"LineString","coordinates":[[-71.08876,42.3357],[-71.08874,42.33566]]},"properties":{"lts":1,"name":null,"osmId":830564412,"goBoston":"priority","project":"Nubian to Southwest Corridor"}},{"type":"Feature","geometry":{"type":"LineString","coordinates":[[-71.08509,42.32893],[-71.08513,42.3288],[-71.08501,42.32877],[-71.08492,42.32874],[-71.08486,42.32873],[-71.08469,42.32869],[-71.08429,42.32863],[-71.08386,42.32857],[-71.08361,42.32853],[-71.08359,42.32853],[-71.08351,42.32848],[-71.08347,42.32841],[-71.08332,42.32817],[-71.08329,42.3281],[-71.08328,42.32806],[-71.08328,42.328],[-71.0833,42.32775],[-71.08332,42.32752],[-71.08331,42.32746],[-71.08332,42.32737],[-71.08327,42.32727]]},"properties":{"lts":1,"name":null,"osmId":1035858701,"goBoston":"priority","project":"Nubian to Southwest Corridor"}},{"type":"Feature","geometry":{"type":"LineString","coordinates":[[-71.09439,42.33141],[-71.09427,42.3314],[-71.09422,42.33139],[-71.09395,42.33135],[-71.09381,42.33133]]},"properties":{"lts":3,"name":"Malcolm X Boulevard","osmId":8650531,"goBoston":"priority","project":null}},{"type":"Feature","geometry":{"type":"LineString","coordinates":[[-71.08827,42.33064],[-71.08853,42.33072],[-71.08878,42.3308],[-71.0891,42.33089],[-71.08941,42.33097],[-71.08969,42.33103],[-71.0897,42.33103],[-71.08992,42.33108],[-71.09013,42.33111],[-71.09032,42.33114],[-71.09053,42.33117],[-71.09077,42.3312],[-71.09101,42.33122],[-71.09132,42.33124],[-71.09162,42.33126],[-71.09211,42.33127],[-71.09226,42.33127],[-71.09278,42.33128],[-71.09291,42.33129],[-71.09348,42.3313],[-71.09381,42.33133]]},"properties":{"lts":3,"name":"Malcolm X Boulevard","osmId":301814875,"goBoston":"priority","project":null}},{"type":"Feature","geometry":{"type":"LineString","coordinates":[[-71.08797,42.33053],[-71.08798,42.33054],[-71.08827,42.33064]]},"properties":{"lts":3,"name":"Malcolm X Boulevard","osmId":924749616,"goBoston":"priority","project":null}},{"type":"Feature","geometry":{"type":"LineString","coordinates":[[-71.0877,42.33043],[-71.08797,42.33053]]},"properties":{"lts":3,"name":"Malcolm X Boulevard","osmId":591252078,"goBoston":"priority","project":null}},{"type":"Feature","geometry":{"type":"LineString","coordinates":[[-71.0877,42.33043],[-71.08758,42.33032],[-71.08742,42.33022],[-71.08706,42.33002],[-71.08673,42.32984],[-71.08617,42.32954],[-71.08596,42.32943]]},"properties":{"lts":3,"name":"Malcolm X Boulevard","osmId":8648111,"goBoston":"priority","project":null}},{"type":"Feature","geometry":{"type":"LineString","coordinates":[[-71.08596,42.32943],[-71.08575,42.32928],[-71.0853,42.32897],[-71.08526,42.32896],[-71.08509,42.32893]]},"properties":{"lts":3,"name":"Malcolm X Boulevard","osmId":591252066,"goBoston":"priority","project":null}},{"type":"Feature","geometry":{"type":"LineString","coordinates":[[-71.08509,42.32893],[-71.08517,42.32902],[-71.08565,42.32935],[-71.08575,42.32942]]},"properties":{"lts":3,"name":"Malcolm X Boulevard","osmId":661905441,"goBoston":"priority","project":null}},{"type":"Feature","geometry":{"type":"LineString","coordinates":[[-71.08575,42.32942],[-71.08602,42.32959]]},"properties":{"lts":3,"name":"Malcolm X Boulevard","osmId":8647200,"goBoston":"priority","project":null}},{"type":"Feature","geometry":{"type":"LineString","coordinates":[[-71.08602,42.32959],[-71.08611,42.32964],[-71.08659,42.3299],[-71.08704,42.33014],[-71.0872,42.33023],[-71.08724,42.33025],[-71.08736,42.33031],[-71.08753,42.33039],[-71.0877,42.33043]]},"properties":{"lts":3,"name":"Malcolm X Boulevard","osmId":924361905,"goBoston":"priority","project":null}},{"type":"Feature","geometry":{"type":"LineString","coordinates":[[-71.07245,42.33272],[-71.07242,42.33264]]},"properties":{"lts":1,"name":"Massachusetts Avenue Cycletrack","osmId":1354335631,"goBoston":"priority","project":"Massachusetts Ave"}},{"type":"Feature","geometry":{"type":"LineString","coordinates":[[-71.07242,42.33264],[-71.07242,42.33262],[-71.07242,42.33261],[-71.07242,42.3326],[-71.07242,42.33259],[-71.07242,42.33258]]},"properties":{"lts":1,"name":"Massachusetts Avenue Cycletrack","osmId":1354481141,"goBoston":"priority","project":"Massachusetts Ave"}},{"type":"Feature","geometry":{"type":"LineString","coordinates":[[-71.07206,42.33243],[-71.07222,42.3325],[-71.07235,42.33255],[-71.07242,42.33258]]},"properties":{"lts":1,"name":"Massachusetts Avenue Cycletrack","osmId":1354481142,"goBoston":"priority","project":"Massachusetts Ave"}},{"type":"Feature","geometry":{"type":"LineString","coordinates":[[-71.07206,42.33243],[-71.07172,42.33222],[-71.07161,42.33214],[-71.07155,42.3321],[-71.07125,42.33189],[-71.07123,42.33186],[-71.07119,42.33183],[-71.07116,42.3318],[-71.07111,42.33174],[-71.07106,42.33168],[-71.07092,42.33151],[-71.07087,42.33146],[-71.0706,42.33113],[-71.07055,42.33107],[-71.07051,42.33102],[-71.07041,42.33089],[-71.07037,42.33086],[-71.0701,42.33055],[-71.07006,42.3305],[-71.06969,42.33006],[-71.06923,42.32951],[-71.06886,42.32907],[-71.06876,42.32896],[-71.06868,42.32886],[-71.06844,42.32857],[-71.06824,42.32834],[-71.06801,42.32806],[-71.06797,42.32801],[-71.06793,42.32796],[-71.06788,42.3279],[-71.06763,42.32761],[-71.06757,42.32754],[-71.0673,42.32721],[-71.0672,42.32709],[-71.06707,42.32695],[-71.06698,42.32683],[-71.06691,42.32675],[-71.06661,42.3264],[-71.06659,42.32637],[-71.06624,42.32596],[-71.06593,42.32557],[-71.06559,42.32517],[-71.06535,42.32488],[-71.06527,42.32479],[-71.06513,42.32461],[-71.06423,42.32355],[-71.06415,42.32345],[-71.06412,42.32342],[-71.06394,42.32321],[-71.06342,42.3226],[-71.063,42.32209],[-71.06248,42.32148],[-71.06228,42.32124],[-71.06217,42.3211],[-71.06205,42.32096],[-71.06202,42.32094],[-71.06174,42.3206],[-71.06152,42.32048]]},"properties":{"lts":1,"name":"Massachusetts Avenue Cycletrack","osmId":1202220115,"goBoston":"priority","project":"Massachusetts Ave"}},{"type":"Feature","geometry":{"type":"LineString","coordinates":[[-71.08771,42.33658],[-71.08761,42.3365],[-71.08752,42.33643]]},"properties":{"lts":1,"name":"Melnea Cass Bike Path","osmId":8842490,"goBoston":"priority","project":"Melnea Cass Blvd"}},{"type":"Feature","geometry":{"type":"LineString","coordinates":[[-71.08752,42.33643],[-71.08751,42.33641],[-71.08751,42.3364],[-71.0875,42.33639],[-71.0875,42.33638],[-71.08748,42.33637],[-71.08739,42.33631],[-71.08729,42.33625],[-71.08721,42.33617],[-71.08714,42.3361],[-71.08708,42.33601],[-71.08703,42.33592],[-71.08698,42.33587],[-71.08697,42.33583]]},"properties":{"lts":1,"name":"Melnea Cass Bike Path","osmId":828466398,"goBoston":"priority","project":"Melnea Cass Blvd"}},{"type":"Feature","geometry":{"type":"LineString","coordinates":[[-71.08697,42.33583],[-71.08686,42.33577],[-71.08675,42.3357]]},"properties":{"lts":1,"name":"Melnea Cass Bike Path","osmId":828466396,"goBoston":"priority","project":"Melnea Cass Blvd"}},{"type":"Feature","geometry":{"type":"LineString","coordinates":[[-71.08675,42.3357],[-71.08648,42.33563],[-71.0864,42.3356],[-71.08633,42.33557],[-71.08628,42.33555],[-71.08614,42.33549],[-71.08586,42.33537],[-71.08576,42.33532],[-71.0857,42.3353],[-71.08563,42.33528],[-71.08522,42.33514],[-71.08501,42.33508],[-71.08472,42.33498],[-71.08459,42.33493],[-71.08443,42.33488],[-71.0844,42.33486],[-71.08437,42.33485],[-71.08434,42.33484],[-71.08431,42.33483],[-71.08427,42.33483],[-71.08421,42.33482],[-71.08415,42.33481],[-71.08408,42.33479],[-71.084,42.33477],[-71.08395,42.33476],[-71.08389,42.33473],[-71.08381,42.3347],[-71.08373,42.33466],[-71.08368,42.33463],[-71.08363,42.3346],[-71.08356,42.33455],[-71.08348,42.33448],[-71.0834,42.33442],[-71.08333,42.33438],[-71.08328,42.33435],[-71.08322,42.33433],[-71.08317,42.33432],[-71.08314,42.33431],[-71.08308,42.3343],[-71.08305,42.33429],[-71.083,42.33427],[-71.08293,42.33424],[-71.08287,42.3342],[-71.0828,42.33416],[-71.08277,42.33413],[-71.08272,42.3341],[-71.08268,42.33405],[-71.08262,42.33399],[-71.08261,42.33397],[-71.08255,42.3339]]},"properties":{"lts":1,"name":"Melnea Cass Bike Path","osmId":828466397,"goBoston":"priority","project":"Melnea Cass Blvd"}},{"type":"Feature","geometry":{"type":"LineString","coordinates":[[-71.08255,42.3339],[-71.08254,42.3339],[-71.08247,42.33386],[-71.0824,42.33382],[-71.0824,42.33382]]},"properties":{"lts":1,"name":"Melnea Cass Bike Path","osmId":828466391,"goBoston":"priority","project":"Melnea Cass Blvd"}},{"type":"Feature","geometry":{"type":"LineString","coordinates":[[-71.0824,42.33382],[-71.08225,42.33378],[-71.08214,42.33375],[-71.08202,42.33371],[-71.0819,42.33363],[-71.0818,42.33355],[-71.08136,42.33333],[-71.08119,42.33317],[-71.0811,42.33311]]},"properties":{"lts":1,"name":"Melnea Cass Bike Path","osmId":828466392,"goBoston":"priority","project":"Melnea Cass Blvd"}},{"type":"Feature","geometry":{"type":"LineString","coordinates":[[-71.0811,42.33311],[-71.08108,42.33309],[-71.08096,42.33303],[-71.08085,42.33298],[-71.08082,42.33296]]},"properties":{"lts":1,"name":"Melnea Cass Bike Path","osmId":828466390,"goBoston":"priority","project":"Melnea Cass Blvd"}},{"type":"Feature","geometry":{"type":"LineString","coordinates":[[-71.08082,42.33296],[-71.08047,42.33284],[-71.08034,42.33277],[-71.08013,42.33263],[-71.0796,42.33238],[-71.0793,42.33219]]},"properties":{"lts":1,"name":"Melnea Cass Bike Path","osmId":88627569,"goBoston":"priority","project":"Melnea Cass Blvd"}},{"type":"Feature","geometry":{"type":"LineString","coordinates":[[-71.0793,42.33219],[-71.0793,42.33219],[-71.07922,42.33216],[-71.07911,42.3321],[-71.07909,42.33209]]},"properties":{"lts":1,"name":"Melnea Cass Bike Path","osmId":127381920,"goBoston":"priority","project":"Melnea Cass Blvd"}},{"type":"Feature","geometry":{"type":"LineString","coordinates":[[-71.07909,42.33209],[-71.07899,42.33208],[-71.07892,42.33206],[-71.0783,42.33183],[-71.07795,42.33174],[-71.07753,42.33158],[-71.07721,42.33151],[-71.07701,42.33142],[-71.07697,42.33139],[-71.07695,42.33138],[-71.07689,42.33133]]},"properties":{"lts":1,"name":"Melnea Cass Bike Path","osmId":828466388,"goBoston":"priority","project":"Melnea Cass Blvd"}},{"type":"Feature","geometry":{"type":"LineString","coordinates":[[-71.07689,42.33133],[-71.07687,42.33133],[-71.07681,42.33132],[-71.0767,42.3313],[-71.07668,42.3313]]},"properties":{"lts":1,"name":"Melnea Cass Bike Path","osmId":828466387,"goBoston":"priority","project":"Melnea Cass Blvd"}},{"type":"Feature","geometry":{"type":"LineString","coordinates":[[-71.07668,42.3313],[-71.07661,42.33127],[-71.07656,42.33126],[-71.0765,42.33125],[-71.07628,42.33122],[-71.07608,42.3312],[-71.07591,42.3312],[-71.07575,42.3312],[-71.07541,42.33123],[-71.07507,42.3313]]},"properties":{"lts":1,"name":"Melnea Cass Bike Path","osmId":127381927,"goBoston":"priority","project":"Melnea Cass Blvd"}},{"type":"Feature","geometry":{"type":"LineString","coordinates":[[-71.07507,42.3313],[-71.07505,42.33131],[-71.07494,42.33134],[-71.07483,42.33136]]},"properties":{"lts":1,"name":"Melnea Cass Bike Path","osmId":828466385,"goBoston":"priority","project":"Melnea Cass Blvd"}},{"type":"Feature","geometry":{"type":"LineString","coordinates":[[-71.07483,42.33136],[-71.07479,42.33145],[-71.07459,42.33152],[-71.07441,42.3316],[-71.07418,42.33167],[-71.07398,42.33173],[-71.07375,42.33183],[-71.07356,42.33194],[-71.07339,42.33206],[-71.0733,42.33213],[-71.07327,42.33216],[-71.07326,42.33216],[-71.0732,42.33219],[-71.0731,42.33224],[-71.07295,42.3323],[-71.07281,42.33238],[-71.0727,42.33248],[-71.07261,42.33258],[-71.07253,42.33258]]},"properties":{"lts":1,"name":"Melnea Cass Bike Path","osmId":127381922,"goBoston":"priority","project":"Melnea Cass Blvd"}},{"type":"Feature","geometry":{"type":"LineString","coordinates":[[-71.06747,42.32617],[-71.06742,42.32621],[-71.06738,42.32626],[-71.06734,42.32632],[-71.06728,42.32642],[-71.06704,42.32679],[-71.06702,42.32681],[-71.06698,42.32683]]},"properties":{"lts":2,"name":"Shirley Street","osmId":435202582,"goBoston":"priority","project":"Grove Hall-Newmarket Neighborways"}},{"type":"Feature","geometry":{"type":"LineString","coordinates":[[-71.06747,42.32617],[-71.06753,42.32614]]},"properties":{"lts":2,"name":"Shirley Street","osmId":1052868215,"goBoston":"priority","project":"Grove Hall-Newmarket Neighborways"}},{"type":"Feature","geometry":{"type":"LineString","coordinates":[[-71.06753,42.32614],[-71.06765,42.32603],[-71.06788,42.32588],[-71.06819,42.32567],[-71.06864,42.32536],[-71.06876,42.32528],[-71.06907,42.32509],[-71.0691,42.32507],[-71.06915,42.32504]]},"properties":{"lts":2,"name":"Shirley Street","osmId":8647965,"goBoston":"priority","project":"Grove Hall-Newmarket Neighborways"}},{"type":"Feature","geometry":{"type":"LineString","coordinates":[[-71.06915,42.32504],[-71.0692,42.325],[-71.06934,42.32489],[-71.0696,42.3247],[-71.06973,42.32459],[-71.06987,42.3245],[-71.06991,42.32448],[-71.06995,42.32446],[-71.07009,42.3244],[-71.07039,42.32428],[-71.0706,42.3242],[-71.07067,42.32417],[-71.07077,42.32413],[-71.07109,42.32401],[-71.07117,42.32398]]},"properties":{"lts":2,"name":"Shirley Street","osmId":8648716,"goBoston":"priority","project":"Grove Hall-Newmarket Neighborways"}},{"type":"Feature","geometry":{"type":"LineString","coordinates":[[-71.06871,42.32461],[-71.06867,42.32464],[-71.0683,42.32488],[-71.06828,42.3249],[-71.06818,42.32497],[-71.06783,42.32519],[-71.06777,42.32523],[-71.06774,42.32527],[-71.06772,42.3253],[-71.06769,42.32537],[-71.06765,42.32573],[-71.06761,42.3259],[-71.06748,42.3261],[-71.06747,42.32617]]},"properties":{"lts":2,"name":"Shetland Street","osmId":8650792,"goBoston":"priority","project":"Grove Hall-Newmarket Neighborways"}},{"type":"Feature","geometry":{"type":"LineString","coordinates":[[-71.06915,42.32504],[-71.06912,42.325],[-71.06871,42.32461]]},"properties":{"lts":2,"name":"Norfolk Avenue","osmId":8650247,"goBoston":"priority","project":"Grove Hall-Newmarket Neighborways"}},{"type":"Feature","geometry":{"type":"LineString","coordinates":[[-71.07011,42.32157],[-71.07013,42.32162],[-71.07014,42.32165],[-71.07017,42.32171],[-71.07022,42.32181],[-71.07027,42.32191],[-71.07039,42.32212],[-71.0705,42.32232],[-71.07052,42.32236],[-71.07054,42.32241],[-71.07058,42.32247],[-71.07069,42.32271],[-71.07074,42.32283],[-71.07076,42.32293],[-71.07076,42.32304],[-71.07079,42.32327],[-71.0708,42.32339],[-71.07083,42.32347],[-71.07085,42.32351],[-71.0709,42.32361],[-71.07117,42.32398]]},"properties":{"lts":2,"name":"Clifton Street","osmId":8636545,"goBoston":"priority","project":"Grove Hall-Newmarket Neighborways"}},{"type":"Feature","geometry":{"type":"LineString","coordinates":[[-71.07139,42.32143],[-71.07056,42.32153],[-71.07019,42.32157],[-71.07011,42.32157]]},"properties":{"lts":2,"name":"East Cottage Street","osmId":8651902,"goBoston":"priority","project":"Grove Hall-Newmarket Neighborways"}},{"type":"Feature","geometry":{"type":"LineString","coordinates":[[-71.07139,42.32143],[-71.07135,42.32138],[-71.07124,42.32124],[-71.07067,42.32064],[-71.07064,42.32062],[-71.07008,42.32004],[-71.07,42.31996],[-71.06998,42.31995],[-71.0699,42.31988]]},"properties":{"lts":2,"name":"Leyland Street","osmId":8650476,"goBoston":"priority","project":"Grove Hall-Newmarket Neighborways"}},{"type":"Feature","geometry":{"type":"LineString","coordinates":[[-71.06966,42.32014],[-71.06972,42.32012],[-71.06995,42.31999],[-71.07,42.31996]]},"properties":{"lts":3,"name":"Clifton Street","osmId":689434351,"goBoston":"priority","project":"Grove Hall-Newmarket Neighborways"}},{"type":"Feature","geometry":{"type":"LineString","coordinates":[[-71.06902,42.3187],[-71.06897,42.3188],[-71.06895,42.31882],[-71.06893,42.31886],[-71.06888,42.31902],[-71.06883,42.31926],[-71.06878,42.31966],[-71.06877,42.31976],[-71.06876,42.31981],[-71.06878,42.31992],[-71.06884,42.32001],[-71.06891,42.32009],[-71.06902,42.32015],[-71.06912,42.32019],[-71.06921,42.32021],[-71.06928,42.32022],[-71.06935,42.32022],[-71.06945,42.32021],[-71.06958,42.32018],[-71.06966,42.32014]]},"properties":{"lts":2,"name":"Clifton Street","osmId":8652094,"goBoston":"priority","project":"Grove Hall-Newmarket Neighborways"}},{"type":"Feature","geometry":{"type":"LineString","coordinates":[[-71.06906,42.31871],[-71.06902,42.3187]]},"properties":{"lts":3,"name":"Dudley Street","osmId":570158272,"goBoston":"priority","project":"Grove Hall-Newmarket Neighborways"}},{"type":"Feature","geometry":{"type":"LineString","coordinates":[[-71.07039,42.31744],[-71.07047,42.31727],[-71.07071,42.31675],[-71.07079,42.31657],[-71.07095,42.31626],[-71.07098,42.31619],[-71.071,42.31614],[-71.07101,42.3161],[-71.07106,42.31599],[-71.07125,42.31557],[-71.0715,42.31503],[-71.07172,42.31456],[-71.07186,42.31427],[-71.07193,42.31412],[-71.07194,42.31409],[-71.07212,42.3137],[-71.07214,42.31366],[-71.07226,42.31343]]},"properties":{"lts":2,"name":"Magnolia Street","osmId":8652565,"goBoston":"priority","project":"Grove Hall-Newmarket Neighborways"}},{"type":"Feature","geometry":{"type":"LineString","coordinates":[[-71.07319,42.31223],[-71.07314,42.31229],[-71.07294,42.31252],[-71.07261,42.31295],[-71.0723,42.31335],[-71.07226,42.31343]]},"properties":{"lts":2,"name":"Magnolia Street","osmId":435346796,"goBoston":"priority","project":"Grove Hall-Newmarket Neighborways"}},{"type":"Feature","geometry":{"type":"LineString","coordinates":[[-71.07152,42.31185],[-71.07151,42.31184],[-71.0713,42.31176],[-71.07093,42.31161],[-71.07071,42.31152],[-71.07064,42.3115],[-71.07041,42.31141],[-71.07038,42.3114],[-71.07022,42.31133],[-71.07002,42.31128]]},"properties":{"lts":2,"name":"Quincy Street","osmId":8647750,"goBoston":"priority","project":"Grove Hall-Newmarket Neighborways"}},{"type":"Feature","geometry":{"type":"LineString","coordinates":[[-71.07319,42.31223],[-71.07307,42.31221],[-71.07279,42.31215],[-71.0722,42.31203],[-71.07211,42.31202],[-71.07193,42.31199],[-71.07183,42.31195],[-71.07152,42.31185]]},"properties":{"lts":2,"name":"Quincy Street","osmId":8646027,"goBoston":"priority","project":"Grove Hall-Newmarket Neighborways"}},{"type":"Feature","geometry":{"type":"LineString","coordinates":[[-71.07127,42.31308],[-71.07118,42.31321],[-71.071,42.31356],[-71.07088,42.31383],[-71.07084,42.31394],[-71.07083,42.31407],[-71.07083,42.31426],[-71.07081,42.31442],[-71.0708,42.31447],[-71.07078,42.31455],[-71.07069,42.31474],[-71.07035,42.31549],[-71.07017,42.31587],[-71.07015,42.31594],[-71.07016,42.316],[-71.0702,42.31605],[-71.07025,42.31608],[-71.0703,42.31609],[-71.07028,42.31613],[-71.07015,42.31642],[-71.06976,42.31724],[-71.06952,42.31778],[-71.06933,42.3182],[-71.06913,42.31866],[-71.0691,42.31873]]},"properties":{"lts":2,"name":"Alexander Street","osmId":8648411,"goBoston":"priority","project":"Grove Hall-Newmarket Neighborways"}},{"type":"Feature","geometry":{"type":"LineString","coordinates":[[-71.07127,42.31308],[-71.07137,42.31295],[-71.07149,42.31276],[-71.07178,42.31221],[-71.07188,42.31206],[-71.07189,42.31204],[-71.07193,42.31199]]},"properties":{"lts":2,"name":"Ceylon Street","osmId":8640771,"goBoston":"priority","project":"Grove Hall-Newmarket Neighborways"}},{"type":"Feature","geometry":{"type":"LineString","coordinates":[[-71.07323,42.30962],[-71.07324,42.30973],[-71.07324,42.30975],[-71.07325,42.3098],[-71.07324,42.30987],[-71.07321,42.30994],[-71.07279,42.31062],[-71.07274,42.3107],[-71.07254,42.31105],[-71.07212,42.31175],[-71.07203,42.3119],[-71.072,42.31193],[-71.07193,42.31199]]},"properties":{"lts":2,"name":"Ceylon Street","osmId":8650937,"goBoston":"priority","project":"Grove Hall-Newmarket Neighborways"}},{"type":"Feature","geometry":{"type":"LineString","coordinates":[[-71.0699,42.31988],[-71.07003,42.31984],[-71.07011,42.31981],[-71.07024,42.31977],[-71.07052,42.31964],[-71.07058,42.31961],[-71.07067,42.31956]]},"properties":{"lts":1,"name":"Burgess Street","osmId":8642478,"goBoston":"priority","project":"Grove Hall-Newmarket Neighborways"}},{"type":"Feature","geometry":{"type":"LineString","coordinates":[[-71.072,42.31774],[-71.07208,42.31778],[-71.0723,42.3179],[-71.07233,42.31793],[-71.07234,42.31796],[-71.07234,42.31799],[-71.07223,42.3181],[-71.07207,42.31826],[-71.07159,42.31867],[-71.07143,42.31882],[-71.07138,42.31886],[-71.07135,42.3189],[-71.07092,42.3193],[-71.07089,42.31932],[-71.07073,42.31949],[-71.07067,42.31956]]},"properties":{"lts":2,"name":"Folsom Street","osmId":8651536,"goBoston":"priority","project":"Grove Hall-Newmarket Neighborways"}},{"type":"Feature","geometry":{"type":"LineString","coordinates":[[-71.072,42.31774],[-71.07192,42.31777],[-71.07183,42.31778],[-71.07174,42.31778],[-71.07168,42.31778],[-71.07151,42.31774],[-71.07078,42.31755],[-71.07046,42.31746],[-71.07039,42.31744]]},"properties":{"lts":2,"name":"Robin Hood Street","osmId":8643861,"goBoston":"priority","project":"Grove Hall—Newmarket Neighborways"}},{"type":"Feature","geometry":{"type":"LineString","coordinates":[[-71.06152,42.37059],[-71.06139,42.37064],[-71.06133,42.37068],[-71.06106,42.37079]]},"properties":{"lts":1,"name":null,"osmId":833428577,"goBoston":"priority","project":"North Washington St Bridge"}},{"type":"Feature","geometry":{"type":"LineString","coordinates":[[-71.06106,42.37079],[-71.06099,42.37083],[-71.06091,42.37086]]},"properties":{"lts":1,"name":null,"osmId":833702307,"goBoston":"priority","project":"North Washington St Bridge"}},{"type":"Feature","geometry":{"type":"LineString","coordinates":[[-71.06091,42.37086],[-71.06061,42.37101]]},"properties":{"lts":1,"name":null,"osmId":833702308,"goBoston":"priority","project":"North Washington St Bridge"}},{"type":"Feature","geometry":{"type":"LineString","coordinates":[[-71.06061,42.37101],[-71.0605,42.37106]]},"properties":{"lts":1,"name":null,"osmId":833702309,"goBoston":"priority","project":"North Washington St Bridge"}},{"type":"Feature","geometry":{"type":"LineString","coordinates":[[-71.0605,42.37106],[-71.06035,42.37113],[-71.06032,42.37116],[-71.06029,42.37118],[-71.06027,42.37121]]},"properties":{"lts":1,"name":null,"osmId":833702310,"goBoston":"priority","project":"North Washington St Bridge"}},{"type":"Feature","geometry":{"type":"LineString","coordinates":[[-71.06157,42.37063],[-71.06128,42.37076],[-71.06111,42.37083]]},"properties":{"lts":2,"name":"Warren Avenue","osmId":94670764,"goBoston":"priority","project":"North Washington St Bridge"}},{"type":"Feature","geometry":{"type":"LineString","coordinates":[[-71.06111,42.37083],[-71.06103,42.37087]]},"properties":{"lts":2,"name":"Warren Avenue","osmId":1320781790,"goBoston":"priority","project":"North Washington St Bridge"}},{"type":"Feature","geometry":{"type":"LineString","coordinates":[[-71.06103,42.37087],[-71.06095,42.37091],[-71.06061,42.37107],[-71.06049,42.37112],[-71.06045,42.37114],[-71.06042,42.37116],[-71.06039,42.37117],[-71.06038,42.37119],[-71.06037,42.3712],[-71.06035,42.37121],[-71.06034,42.37123],[-71.06033,42.37125],[-71.06033,42.37127],[-71.06033,42.37129],[-71.06033,42.37131],[-71.06034,42.37133],[-71.06035,42.37135],[-71.06037,42.37139],[-71.06038,42.3714],[-71.0604,42.37143],[-71.06041,42.37145],[-71.06041,42.37146],[-71.06041,42.37147],[-71.06041,42.37149],[-71.06041,42.37151],[-71.0604,42.37154],[-71.06038,42.37157],[-71.06036,42.37159],[-71.06033,42.37162],[-71.06025,42.37166],[-71.06014,42.37171]]},"properties":{"lts":2,"name":"Constitution Road","osmId":94670765,"goBoston":"priority","project":"North Washington St Bridge"}},{"type":"Feature","geometry":{"type":"LineString","coordinates":[[-71.06014,42.37171],[-71.06003,42.37176],[-71.06,42.37177]]},"properties":{"lts":2,"name":"Constitution Road","osmId":8641790,"goBoston":"priority","project":"North Washington St Bridge"}},{"type":"Feature","geometry":{"type":"LineString","coordinates":[[-71.06,42.37177],[-71.0595,42.372],[-71.05907,42.3722],[-71.05863,42.37241],[-71.05852,42.37246],[-71.05848,42.37248],[-71.05845,42.3725],[-71.05842,42.37251]]},"properties":{"lts":2,"name":"Constitution Road","osmId":1092770564,"goBoston":"priority","project":"North Washington St Bridge"}},{"type":"Feature","geometry":{"type":"LineString","coordinates":[[-71.05842,42.37251],[-71.05837,42.37254]]},"properties":{"lts":2,"name":"Constitution Road","osmId":1307192898,"goBoston":"priority","project":"North Washington St Bridge"}},{"type":"Feature","geometry":{"type":"LineString","coordinates":[[-71.05837,42.37254],[-71.05831,42.37255],[-71.05827,42.37257],[-71.05822,42.37259],[-71.05818,42.3726],[-71.05814,42.37263],[-71.05811,42.37265],[-71.05807,42.37268],[-71.05803,42.37271],[-71.05799,42.37275],[-71.05796,42.3728],[-71.05794,42.37283],[-71.05791,42.37288],[-71.05789,42.37293],[-71.05787,42.37299],[-71.05786,42.37304],[-71.05785,42.37314],[-71.05785,42.37318],[-71.05786,42.37322],[-71.05786,42.37325],[-71.05789,42.37335],[-71.05794,42.37345],[-71.05801,42.37354]]},"properties":{"lts":2,"name":"Constitution Road","osmId":8648394,"goBoston":"priority","project":"North Washington St Bridge"}},{"type":"Feature","geometry":{"type":"LineString","coordinates":[[-71.05801,42.37354],[-71.05811,42.37362],[-71.05822,42.3737],[-71.05831,42.37376]]},"properties":{"lts":2,"name":"Constitution Road","osmId":217801048,"goBoston":"priority","project":"North Washington St Bridge"}},{"type":"Feature","geometry":{"type":"LineString","coordinates":[[-71.05839,42.37369],[-71.0583,42.37363],[-71.0582,42.37357],[-71.05811,42.37349],[-71.05809,42.37348],[-71.05808,42.37347],[-71.05807,42.37345],[-71.05806,42.37343],[-71.05805,42.37341],[-71.05803,42.37339],[-71.05802,42.37337],[-71.058,42.37334],[-71.05799,42.37331],[-71.05798,42.3733],[-71.05798,42.37328],[-71.05797,42.37325],[-71.05796,42.37323],[-71.05796,42.37321],[-71.05795,42.37314],[-71.05795,42.37311],[-71.05795,42.37308],[-71.05796,42.37304],[-71.05796,42.373],[-71.05797,42.37295],[-71.05798,42.37293],[-71.05799,42.3729],[-71.05801,42.37287],[-71.05803,42.37284],[-71.05805,42.37281],[-71.05809,42.37277],[-71.05812,42.37273],[-71.05817,42.37269],[-71.05837,42.37254]]},"properties":{"lts":2,"name":"Constitution Road","osmId":94841500,"goBoston":"priority","project":"North Washington St Bridge"}},{"type":"Feature","geometry":{"type":"LineString","coordinates":[[-71.04782,42.349],[-71.04704,42.34865],[-71.04672,42.3485],[-71.04637,42.34834],[-71.04602,42.34818],[-71.04572,42.34804],[-71.04561,42.34798],[-71.04548,42.3479],[-71.04539,42.34784],[-71.04498,42.34762],[-71.0448,42.34753]]},"properties":{"lts":1,"name":null,"osmId":1281809768,"goBoston":"priority","project":"Summer St"}},{"type":"Feature","geometry":{"type":"LineString","coordinates":[[-71.04406,42.34714],[-71.04403,42.34713],[-71.0439,42.34706],[-71.04386,42.34704],[-71.04372,42.34698]]},"properties":{"lts":1,"name":null,"osmId":1281809769,"goBoston":"priority","project":"Summer St"}},{"type":"Feature","geometry":{"type":"LineString","coordinates":[[-71.0448,42.34753],[-71.04406,42.34714]]},"properties":{"lts":1,"name":null,"osmId":1281809770,"goBoston":"priority","project":"Summer St"}},{"type":"Feature","geometry":{"type":"LineString","coordinates":[[-71.04896,42.34952],[-71.04881,42.34945],[-71.04862,42.34937],[-71.04841,42.34926],[-71.04825,42.34919],[-71.04814,42.34914],[-71.04782,42.349]]},"properties":{"lts":1,"name":null,"osmId":1281809771,"goBoston":"priority","project":"Summer St"}},{"type":"Feature","geometry":{"type":"LineString","coordinates":[[-71.05288,42.35138],[-71.05282,42.35128]]},"properties":{"lts":1,"name":null,"osmId":1281809772,"goBoston":"priority","project":"Summer St"}},{"type":"Feature","geometry":{"type":"LineString","coordinates":[[-71.05282,42.35128],[-71.0528,42.35128],[-71.05279,42.35127],[-71.05211,42.35096],[-71.05153,42.35069],[-71.05124,42.35056]]},"properties":{"lts":1,"name":null,"osmId":1281809773,"goBoston":"priority","project":"Summer St"}},{"type":"Feature","geometry":{"type":"LineString","coordinates":[[-71.05124,42.35056],[-71.0512,42.35055],[-71.05117,42.35053],[-71.05103,42.35046],[-71.05089,42.3504],[-71.05086,42.35038],[-71.05082,42.35037],[-71.05042,42.35019],[-71.04997,42.34999],[-71.0496,42.34981],[-71.04947,42.34975],[-71.04936,42.3497],[-71.04918,42.34962]]},"properties":{"lts":1,"name":null,"osmId":1086987629,"goBoston":"priority","project":"Summer St"}},{"type":"Feature","geometry":{"type":"LineString","coordinates":[[-71.04918,42.34962],[-71.04896,42.34952]]},"properties":{"lts":1,"name":null,"osmId":1086987628,"goBoston":"priority","project":"Summer St"}},{"type":"Feature","geometry":{"type":"LineString","coordinates":[[-71.04372,42.34698],[-71.04369,42.34696],[-71.04355,42.34689],[-71.0432,42.3467],[-71.04286,42.34651],[-71.04253,42.34633],[-71.04249,42.34633],[-71.04245,42.34631],[-71.04242,42.3463],[-71.0423,42.34624],[-71.04223,42.3462],[-71.04218,42.34618],[-71.0421,42.34613],[-71.04167,42.34586],[-71.04126,42.34559],[-71.04085,42.34533],[-71.04051,42.34511],[-71.04028,42.34496],[-71.04015,42.34487],[-71.03974,42.3446],[-71.03963,42.34453],[-71.03943,42.34441],[-71.03909,42.34419],[-71.03904,42.34416],[-71.03898,42.34412],[-71.03884,42.34403],[-71.03883,42.34403],[-71.03864,42.3439],[-71.03852,42.34383],[-71.03847,42.3438],[-71.03838,42.34375],[-71.03836,42.34375],[-71.03813,42.34369]]},"properties":{"lts":1,"name":null,"osmId":1086987627,"goBoston":"priority","project":"Summer St"}},{"type":"Feature","geometry":{"type":"LineString","coordinates":[[-71.0527,42.35146],[-71.05284,42.35148]]},"properties":{"lts":1,"name":null,"osmId":1281809774,"goBoston":"priority","project":"Summer St"}},{"type":"Feature","geometry":{"type":"LineString","coordinates":[[-71.0511,42.35073],[-71.0513,42.35082],[-71.05218,42.35122],[-71.0526,42.35142],[-71.05266,42.35144],[-71.05268,42.35145],[-71.0527,42.35146]]},"properties":{"lts":1,"name":null,"osmId":1281809775,"goBoston":"priority","project":"Summer St"}},{"type":"Feature","geometry":{"type":"LineString","coordinates":[[-71.0379,42.34354],[-71.03801,42.34373],[-71.03815,42.34384],[-71.03831,42.34395],[-71.03863,42.34416],[-71.03869,42.3442],[-71.03879,42.34426],[-71.03887,42.34432],[-71.03898,42.34439],[-71.03936,42.34463],[-71.03964,42.3448],[-71.0401,42.3451],[-71.04013,42.34512],[-71.04029,42.34523],[-71.0404,42.3453],[-71.04059,42.34542],[-71.04076,42.34553],[-71.04082,42.34557],[-71.04122,42.34582],[-71.04152,42.34602],[-71.04161,42.34608],[-71.04169,42.34614],[-71.04172,42.34617],[-71.04178,42.34619],[-71.04185,42.3462],[-71.0419,42.34623],[-71.04201,42.3463],[-71.04214,42.34638],[-71.04225,42.34645],[-71.04244,42.34655],[-71.0426,42.34664],[-71.04274,42.34671],[-71.04312,42.34691],[-71.04319,42.34694],[-71.04334,42.34702],[-71.04348,42.34708],[-71.0436,42.34715],[-71.04362,42.34716]]},"properties":{"lts":1,"name":null,"osmId":1281809776,"goBoston":"priority","project":"Summer St"}},{"type":"Feature","geometry":{"type":"LineString","coordinates":[[-71.04386,42.3473],[-71.04414,42.34745],[-71.04462,42.34771]]},"properties":{"lts":1,"name":null,"osmId":1281809777,"goBoston":"priority","project":"Summer St"}},{"type":"Feature","geometry":{"type":"LineString","coordinates":[[-71.04904,42.34979],[-71.04933,42.34993],[-71.04945,42.34998],[-71.04977,42.35012],[-71.05015,42.35029],[-71.05075,42.35056],[-71.05104,42.3507],[-71.0511,42.35073],[-71.0511,42.35073]]},"properties":{"lts":1,"name":null,"osmId":1086987634,"goBoston":"priority","project":"Summer St"}},{"type":"Feature","geometry":{"type":"LineString","coordinates":[[-71.04883,42.34969],[-71.04904,42.34979]]},"properties":{"lts":1,"name":null,"osmId":1086987635,"goBoston":"priority","project":"Summer St"}},{"type":"Feature","geometry":{"type":"LineString","coordinates":[[-71.04768,42.34917],[-71.04799,42.34932],[-71.04844,42.34951],[-71.04861,42.34959],[-71.04883,42.34969]]},"properties":{"lts":1,"name":null,"osmId":1086987636,"goBoston":"priority","project":"Summer St"}},{"type":"Feature","geometry":{"type":"LineString","coordinates":[[-71.04462,42.34771],[-71.04492,42.34787],[-71.04514,42.34798],[-71.04518,42.348],[-71.04547,42.34815],[-71.04551,42.34817],[-71.04589,42.34835],[-71.04631,42.34854],[-71.04661,42.34868],[-71.04696,42.34884],[-71.04739,42.34904],[-71.04768,42.34917]]},"properties":{"lts":1,"name":null,"osmId":1086987637,"goBoston":"priority","project":"Summer St"}},{"type":"Feature","geometry":{"type":"LineString","coordinates":[[-71.04362,42.34716],[-71.04371,42.34722],[-71.04384,42.34729],[-71.04386,42.3473]]},"properties":{"lts":1,"name":null,"osmId":1281809778,"goBoston":"priority","project":"Summer St"}},{"type":"Feature","geometry":{"type":"LineString","coordinates":[[-71.0357,42.34174],[-71.03572,42.34178],[-71.03574,42.34181],[-71.03575,42.34184],[-71.03579,42.3419],[-71.03583,42.34198],[-71.03588,42.34205],[-71.03593,42.34213],[-71.03599,42.3422],[-71.03605,42.34227],[-71.03612,42.34233],[-71.03619,42.3424],[-71.03626,42.34246],[-71.03634,42.34252],[-71.03641,42.34257],[-71.0365,42.34263],[-71.03658,42.34268],[-71.03725,42.34312],[-71.0379,42.34354],[-71.03813,42.34369]]},"properties":{"lts":3,"name":"Summer Street","osmId":217382371,"goBoston":"priority","project":"Summer St"}},{"type":"Feature","geometry":{"type":"LineString","coordinates":[[-71.03561,42.34146],[-71.03562,42.3415],[-71.03563,42.34153],[-71.03564,42.34157],[-71.03565,42.34161],[-71.03566,42.34165],[-71.03568,42.34168],[-71.03569,42.34171],[-71.0357,42.34174]]},"properties":{"lts":3,"name":"Summer Street","osmId":1123532930,"goBoston":"priority","project":"Summer St"}},{"type":"Feature","geometry":{"type":"LineString","coordinates":[[-71.03558,42.34104],[-71.03558,42.34114],[-71.03558,42.34126],[-71.03558,42.3413],[-71.03558,42.34134],[-71.03559,42.34137],[-71.03559,42.3414],[-71.0356,42.34143],[-71.03561,42.34146]]},"properties":{"lts":3,"name":"Summer Street","osmId":1000834782,"goBoston":"priority","project":"Summer St"}},{"type":"Feature","geometry":{"type":"LineString","coordinates":[[-71.03554,42.33988],[-71.03555,42.34023],[-71.03555,42.34033],[-71.03557,42.34091],[-71.03557,42.34094],[-71.03558,42.34104]]},"properties":{"lts":4,"name":"Summer Street","osmId":217381796,"goBoston":"priority","project":"Summer St"}},{"type":"Feature","geometry":{"type":"LineString","coordinates":[[-71.0355,42.33814],[-71.0355,42.33824],[-71.03552,42.33922],[-71.03554,42.33988]]},"properties":{"lts":4,"name":"Summer Street","osmId":1000834781,"goBoston":"priority","project":"Summer St"}},{"type":"Feature","geometry":{"type":"LineString","coordinates":[[-71.04397,42.351],[-71.04388,42.35096],[-71.04379,42.35091],[-71.04349,42.35075],[-71.04343,42.35072],[-71.04326,42.35064]]},"properties":{"lts":3,"name":"Seaport Boulevard","osmId":426659557,"goBoston":"priority","project":"Seaport Blvd"}},{"type":"Feature","geometry":{"type":"LineString","coordinates":[[-71.04326,42.35064],[-71.04302,42.35052],[-71.04299,42.35051],[-71.0429,42.35046]]},"properties":{"lts":3,"name":"Seaport Boulevard","osmId":426659551,"goBoston":"priority","project":"Seaport Blvd"}},{"type":"Feature","geometry":{"type":"LineString","coordinates":[[-71.0429,42.35046],[-71.04285,42.35043],[-71.0428,42.35041]]},"properties":{"lts":3,"name":"Seaport Boulevard","osmId":592009798,"goBoston":"priority","project":"Seaport Blvd"}},{"type":"Feature","geometry":{"type":"LineString","coordinates":[[-71.0428,42.35041],[-71.04268,42.35036]]},"properties":{"lts":3,"name":"Seaport Boulevard","osmId":292809927,"goBoston":"priority","project":"Seaport Blvd"}},{"type":"Feature","geometry":{"type":"LineString","coordinates":[[-71.04268,42.35036],[-71.0416,42.34991],[-71.04092,42.34963],[-71.04076,42.34956]]},"properties":{"lts":3,"name":"Seaport Boulevard","osmId":592009797,"goBoston":"priority","project":"Seaport Blvd"}},{"type":"Feature","geometry":{"type":"LineString","coordinates":[[-71.04076,42.34956],[-71.04065,42.34951],[-71.03983,42.34918],[-71.03976,42.34915],[-71.03972,42.34914],[-71.03968,42.34913],[-71.0396,42.34913]]},"properties":{"lts":3,"name":"Seaport Boulevard","osmId":295175439,"goBoston":"priority","project":"Seaport Blvd"}},{"type":"Feature","geometry":{"type":"LineString","coordinates":[[-71.0396,42.34913],[-71.03965,42.34917],[-71.03969,42.3492],[-71.03971,42.34922],[-71.03976,42.34925],[-71.03994,42.34932],[-71.04059,42.34959],[-71.0407,42.34963],[-71.04086,42.3497],[-71.04099,42.34975],[-71.04154,42.34998],[-71.04221,42.35025]]},"properties":{"lts":3,"name":"Seaport Boulevard","osmId":292967029,"goBoston":"priority","project":"Seaport Blvd"}},{"type":"Feature","geometry":{"type":"LineString","coordinates":[[-71.04221,42.35025],[-71.04238,42.35033]]},"properties":{"lts":3,"name":"Seaport Boulevard","osmId":1089085523,"goBoston":"priority","project":"Seaport Blvd"}},{"type":"Feature","geometry":{"type":"LineString","coordinates":[[-71.04238,42.35033],[-71.0426,42.35042],[-71.04264,42.35044],[-71.04274,42.35048]]},"properties":{"lts":3,"name":"Seaport Boulevard","osmId":295175437,"goBoston":"priority","project":"Seaport Blvd"}},{"type":"Feature","geometry":{"type":"LineString","coordinates":[[-71.04274,42.35048],[-71.04284,42.35053]]},"properties":{"lts":3,"name":"Seaport Boulevard","osmId":927062721,"goBoston":"priority","project":"Seaport Blvd"}},{"type":"Feature","geometry":{"type":"LineString","coordinates":[[-71.04284,42.35053],[-71.04292,42.35057],[-71.04325,42.35074]]},"properties":{"lts":3,"name":"Seaport Boulevard","osmId":485262838,"goBoston":"priority","project":"Seaport Blvd"}},{"type":"Feature","geometry":{"type":"LineString","coordinates":[[-71.04325,42.35074],[-71.04336,42.35079],[-71.04348,42.35087],[-71.04352,42.3509],[-71.04368,42.35098],[-71.04372,42.351],[-71.04381,42.35105],[-71.0439,42.3511]]},"properties":{"lts":3,"name":"Seaport Boulevard","osmId":426659552,"goBoston":"priority","project":"Seaport Blvd"}},{"type":"Feature","geometry":{"type":"LineString","coordinates":[[-71.03819,42.34857],[-71.03765,42.34834],[-71.0375,42.34828],[-71.0373,42.3482],[-71.03719,42.34815],[-71.03694,42.34805],[-71.03691,42.34804]]},"properties":{"lts":3,"name":"Northern Avenue","osmId":926764280,"goBoston":"priority","project":"Seaport Blvd"}},{"type":"Feature","geometry":{"type":"LineString","coordinates":[[-71.03619,42.34758],[-71.03615,42.34759],[-71.03612,42.34761],[-71.03609,42.34763],[-71.03608,42.34766]]},"properties":{"lts":3,"name":"Northern Avenue","osmId":1297990820,"goBoston":"priority","project":"Seaport Blvd"}},{"type":"Feature","geometry":{"type":"LineString","coordinates":[[-71.0396,42.34913],[-71.03949,42.34909],[-71.03897,42.34889]]},"properties":{"lts":3,"name":"Northern Avenue","osmId":8638021,"goBoston":"priority","project":"Seaport Blvd"}},{"type":"Feature","geometry":{"type":"LineString","coordinates":[[-71.03634,42.34766],[-71.03633,42.34763],[-71.0363,42.34761],[-71.03627,42.34759],[-71.03623,42.34759]]},"properties":{"lts":3,"name":"Northern Avenue","osmId":1297990822,"goBoston":"priority","project":"Seaport Blvd"}},{"type":"Feature","geometry":{"type":"LineString","coordinates":[[-71.03608,42.34766],[-71.03607,42.34768],[-71.03608,42.3477],[-71.03609,42.34773],[-71.0361,42.34775],[-71.03612,42.34776],[-71.03616,42.34778]]},"properties":{"lts":3,"name":"Northern Avenue","osmId":1297990821,"goBoston":"priority","project":"Seaport Blvd"}},{"type":"Feature","geometry":{"type":"LineString","coordinates":[[-71.03647,42.34777],[-71.03635,42.3477]]},"properties":{"lts":3,"name":"Northern Avenue","osmId":1417045704,"goBoston":"priority","project":"Seaport Blvd"}},{"type":"Feature","geometry":{"type":"LineString","coordinates":[[-71.03897,42.34889],[-71.03884,42.34884],[-71.03869,42.34877],[-71.03829,42.34861],[-71.03819,42.34857]]},"properties":{"lts":3,"name":"Northern Avenue","osmId":926995007,"goBoston":"priority","project":"Seaport Blvd"}},{"type":"Feature","geometry":{"type":"LineString","coordinates":[[-71.03616,42.34778],[-71.03619,42.34778],[-71.03622,42.34778],[-71.03626,42.34778],[-71.03629,42.34777],[-71.03631,42.34775],[-71.03633,42.34773],[-71.03634,42.34772],[-71.03635,42.3477]]},"properties":{"lts":3,"name":"Northern Avenue","osmId":292353142,"goBoston":"priority","project":"Seaport Blvd"}},{"type":"Feature","geometry":{"type":"LineString","coordinates":[[-71.03635,42.3477],[-71.03634,42.34767],[-71.03634,42.34766]]},"properties":{"lts":3,"name":"Northern Avenue","osmId":1427761591,"goBoston":"priority","project":"Seaport Blvd"}},{"type":"Feature","geometry":{"type":"LineString","coordinates":[[-71.03623,42.34759],[-71.03619,42.34758]]},"properties":{"lts":3,"name":"Northern Avenue","osmId":1427761592,"goBoston":"priority","project":"Seaport Blvd"}},{"type":"Feature","geometry":{"type":"LineString","coordinates":[[-71.03691,42.34804],[-71.03647,42.34777]]},"properties":{"lts":3,"name":"Northern Avenue","osmId":290083771,"goBoston":"priority","project":"Seaport Blvd"}},{"type":"Feature","geometry":{"type":"LineString","coordinates":[[-71.03616,42.34778],[-71.03637,42.34787],[-71.03661,42.34795],[-71.03691,42.34804]]},"properties":{"lts":3,"name":"Northern Avenue","osmId":290083775,"goBoston":"priority","project":"Seaport Blvd"}},{"type":"Feature","geometry":{"type":"LineString","coordinates":[[-71.07271,42.35539],[-71.07304,42.3553]]},"properties":{"lts":3,"name":"Beacon Street","osmId":806431512,"goBoston":"priority","project":"Beacon St"}},{"type":"Feature","geometry":{"type":"LineString","coordinates":[[-71.07304,42.3553],[-71.07305,42.3553],[-71.07316,42.35527]]},"properties":{"lts":1,"name":"Beacon Street","osmId":895581938,"goBoston":"priority","project":"Beacon St"}},{"type":"Feature","geometry":{"type":"LineString","coordinates":[[-71.07316,42.35527],[-71.07418,42.35499],[-71.0747,42.35485],[-71.07473,42.35483],[-71.07479,42.35481]]},"properties":{"lts":1,"name":"Beacon Street","osmId":8651845,"goBoston":"priority","project":"Beacon St"}},{"type":"Feature","geometry":{"type":"LineString","coordinates":[[-71.07479,42.35481],[-71.07491,42.35478],[-71.07582,42.35453],[-71.07661,42.35432],[-71.07685,42.35425],[-71.07687,42.35424],[-71.07694,42.35422]]},"properties":{"lts":2,"name":"Beacon Street","osmId":563391197,"goBoston":"priority","project":"Beacon St"}},{"type":"Feature","geometry":{"type":"LineString","coordinates":[[-71.07694,42.35422],[-71.07701,42.35421],[-71.07895,42.35368],[-71.079,42.35367],[-71.07912,42.35364]]},"properties":{"lts":2,"name":"Beacon Street","osmId":86480893,"goBoston":"priority","project":"Beacon St"}},{"type":"Feature","geometry":{"type":"LineString","coordinates":[[-71.07912,42.35364],[-71.07925,42.3536],[-71.08115,42.35309],[-71.08119,42.35308],[-71.08126,42.35306]]},"properties":{"lts":2,"name":"Beacon Street","osmId":822078629,"goBoston":"priority","project":"Beacon St"}},{"type":"Feature","geometry":{"type":"LineString","coordinates":[[-71.08126,42.35306],[-71.08135,42.35304],[-71.08344,42.35247],[-71.08346,42.35247],[-71.08354,42.35245]]},"properties":{"lts":2,"name":"Beacon Street","osmId":822078630,"goBoston":"priority","project":"Beacon St"}},{"type":"Feature","geometry":{"type":"LineString","coordinates":[[-71.08354,42.35245],[-71.08361,42.35243],[-71.08537,42.35195],[-71.08541,42.35194],[-71.08549,42.35192]]},"properties":{"lts":2,"name":"Beacon Street","osmId":822078631,"goBoston":"priority","project":"Beacon St"}},{"type":"Feature","geometry":{"type":"LineString","coordinates":[[-71.08549,42.35192],[-71.08557,42.3519],[-71.08689,42.35154],[-71.08692,42.35153],[-71.08699,42.35151]]},"properties":{"lts":2,"name":"Beacon Street","osmId":822078632,"goBoston":"priority","project":"Beacon St"}},{"type":"Feature","geometry":{"type":"LineString","coordinates":[[-71.08699,42.35151],[-71.08708,42.35149],[-71.08933,42.35088],[-71.08937,42.35087],[-71.0894,42.35087],[-71.08948,42.35084]]},"properties":{"lts":2,"name":"Beacon Street","osmId":822078633,"goBoston":"priority","project":"Beacon St"}},{"type":"Feature","geometry":{"type":"LineString","coordinates":[[-71.08948,42.35084],[-71.08958,42.35082],[-71.08961,42.35081],[-71.09149,42.3503],[-71.09153,42.35029],[-71.09163,42.35027]]},"properties":{"lts":2,"name":"Beacon Street","osmId":485271439,"goBoston":"priority","project":"Beacon St"}},{"type":"Feature","geometry":{"type":"LineString","coordinates":[[-71.12106,42.35195],[-71.1211,42.35195],[-71.12124,42.35197],[-71.12133,42.35198]]},"properties":{"lts":1,"name":null,"osmId":1332083783,"goBoston":"priority","project":"Comm Ave Phase 2/2A"}},{"type":"Feature","geometry":{"type":"LineString","coordinates":[[-71.1186,42.35164],[-71.11862,42.35164],[-71.11863,42.35163],[-71.11865,42.35163],[-71.11869,42.35163],[-71.11874,42.35163],[-71.11888,42.35165],[-71.11986,42.35177],[-71.11989,42.35177]]},"properties":{"lts":1,"name":null,"osmId":1332083784,"goBoston":"priority","project":"Comm Ave Phase 2/2A"}},{"type":"Feature","geometry":{"type":"LineString","coordinates":[[-71.11839,42.35161],[-71.11852,42.35163],[-71.1186,42.35164]]},"properties":{"lts":1,"name":null,"osmId":1332083785,"goBoston":"priority","project":"Comm Ave Phase 2/2A"}},{"type":"Feature","geometry":{"type":"LineString","coordinates":[[-71.11092,42.35063],[-71.11115,42.35072],[-71.11119,42.35072],[-71.1112,42.35073],[-71.11122,42.35073],[-71.11125,42.35075],[-71.11128,42.35076],[-71.11131,42.35076],[-71.11215,42.35086]]},"properties":{"lts":1,"name":null,"osmId":815133962,"goBoston":"priority","project":"Comm Ave Phase 2/2A"}},{"type":"Feature","geometry":{"type":"LineString","coordinates":[[-71.11215,42.35086],[-71.1135,42.35103],[-71.11375,42.35106],[-71.11379,42.35106],[-71.11386,42.35107],[-71.11389,42.35107],[-71.11394,42.35106],[-71.11397,42.35106],[-71.11446,42.35112],[-71.11449,42.35113],[-71.11452,42.35115],[-71.11456,42.35115],[-71.11544,42.35125],[-71.11547,42.35126],[-71.11552,42.35127],[-71.11555,42.35128]]},"properties":{"lts":1,"name":null,"osmId":815133963,"goBoston":"priority","project":"Comm Ave Phase 2/2A"}},{"type":"Feature","geometry":{"type":"LineString","coordinates":[[-71.11555,42.35128],[-71.1156,42.35129],[-71.11575,42.35131],[-71.11583,42.35132]]},"properties":{"lts":1,"name":null,"osmId":1332083787,"goBoston":"priority","project":"Comm Ave Phase 2/2A"}},{"type":"Feature","geometry":{"type":"LineString","coordinates":[[-71.11583,42.35132],[-71.11588,42.35132],[-71.11627,42.35136],[-71.1163,42.35135],[-71.11634,42.35135],[-71.11637,42.35135],[-71.11813,42.35156],[-71.11819,42.35157],[-71.11824,42.35158],[-71.11828,42.35159],[-71.11835,42.3516],[-71.11839,42.35161]]},"properties":{"lts":1,"name":null,"osmId":1332083786,"goBoston":"priority","project":"Comm Ave Phase 2/2A"}},{"type":"Feature","geometry":{"type":"LineString","coordinates":[[-71.12013,42.35181],[-71.12024,42.35183],[-71.12094,42.35192],[-71.12098,42.35193],[-71.12102,42.35194],[-71.12106,42.35195]]},"properties":{"lts":1,"name":null,"osmId":1340162414,"goBoston":"priority","project":"Comm Ave Phase 2/2A"}},{"type":"Feature","geometry":{"type":"LineString","coordinates":[[-71.11989,42.35177],[-71.11994,42.35178],[-71.12013,42.35181]]},"properties":{"lts":1,"name":null,"osmId":1340162415,"goBoston":"priority","project":"Comm Ave Phase 2/2A"}},{"type":"Feature","geometry":{"type":"LineString","coordinates":[[-71.12133,42.35198],[-71.1214,42.35198],[-71.12155,42.352],[-71.12176,42.35202],[-71.12179,42.35202],[-71.12186,42.35201],[-71.1219,42.35201],[-71.12253,42.35209],[-71.1227,42.35211],[-71.12281,42.35205]]},"properties":{"lts":1,"name":null,"osmId":1389411196,"goBoston":"priority","project":"Comm Ave Phase 2/2A"}},{"type":"Feature","geometry":{"type":"LineString","coordinates":[[-71.11128,42.35041],[-71.11121,42.3504],[-71.11099,42.35047]]},"properties":{"lts":1,"name":null,"osmId":1335857956,"goBoston":"priority","project":"Comm Ave Phase 2/2A"}},{"type":"Feature","geometry":{"type":"LineString","coordinates":[[-71.12342,42.35195],[-71.12326,42.35187],[-71.1225,42.35178],[-71.12239,42.35176],[-71.12231,42.35175],[-71.12196,42.3517],[-71.12179,42.3517],[-71.12151,42.35167]]},"properties":{"lts":1,"name":null,"osmId":1332061998,"goBoston":"priority","project":"Comm Ave Phase 2/2A"}},{"type":"Feature","geometry":{"type":"LineString","coordinates":[[-71.12151,42.35167],[-71.12146,42.35167],[-71.12136,42.35165],[-71.12131,42.35164],[-71.12125,42.35163],[-71.12118,42.35162],[-71.12113,42.35161]]},"properties":{"lts":1,"name":null,"osmId":1332061999,"goBoston":"priority","project":"Comm Ave Phase 2/2A"}},{"type":"Feature","geometry":{"type":"LineString","coordinates":[[-71.12113,42.35161],[-71.12099,42.35157],[-71.12093,42.35156],[-71.12063,42.35153],[-71.12054,42.35152],[-71.12042,42.35152],[-71.12034,42.35151]]},"properties":{"lts":1,"name":null,"osmId":1332062000,"goBoston":"priority","project":"Comm Ave Phase 2/2A"}},{"type":"Feature","geometry":{"type":"LineString","coordinates":[[-71.12034,42.35151],[-71.12029,42.3515],[-71.12022,42.35149]]},"properties":{"lts":1,"name":null,"osmId":1332062001,"goBoston":"priority","project":"Comm Ave Phase 2/2A"}},{"type":"Feature","geometry":{"type":"LineString","coordinates":[[-71.11573,42.35094],[-71.1157,42.35094],[-71.11566,42.35093],[-71.11558,42.35092],[-71.11549,42.35093],[-71.11492,42.35086],[-71.11413,42.35076],[-71.11401,42.35074],[-71.11397,42.35074]]},"properties":{"lts":1,"name":null,"osmId":551687730,"goBoston":"priority","project":"Comm Ave Phase 2/2A"}},{"type":"Feature","geometry":{"type":"LineString","coordinates":[[-71.11836,42.35125],[-71.1183,42.35125],[-71.11823,42.35124]]},"properties":{"lts":1,"name":null,"osmId":1332062003,"goBoston":"priority","project":"Comm Ave Phase 2/2A"}},{"type":"Feature","geometry":{"type":"LineString","coordinates":[[-71.11823,42.35124],[-71.11815,42.35123],[-71.11771,42.35118],[-71.11763,42.35118],[-71.11726,42.35114],[-71.11615,42.351],[-71.11608,42.35098],[-71.116,42.35097]]},"properties":{"lts":1,"name":null,"osmId":1332062004,"goBoston":"priority","project":"Comm Ave Phase 2/2A"}},{"type":"Feature","geometry":{"type":"LineString","coordinates":[[-71.116,42.35097],[-71.11595,42.35097],[-71.11588,42.35096],[-71.11582,42.35095],[-71.11573,42.35094]]},"properties":{"lts":1,"name":null,"osmId":1332062005,"goBoston":"priority","project":"Comm Ave Phase 2/2A"}},{"type":"Feature","geometry":{"type":"LineString","coordinates":[[-71.11336,42.35066],[-71.11322,42.35066],[-71.11225,42.35054],[-71.1122,42.35053],[-71.11216,42.35053],[-71.11211,42.35052],[-71.11206,42.3505],[-71.11202,42.3505],[-71.11183,42.35047],[-71.11128,42.35041]]},"properties":{"lts":1,"name":null,"osmId":1332062006,"goBoston":"priority","project":"Comm Ave Phase 2/2A"}},{"type":"Feature","geometry":{"type":"LineString","coordinates":[[-71.11397,42.35074],[-71.11393,42.35073],[-71.11386,42.35072],[-71.11379,42.35071],[-71.11372,42.35071]]},"properties":{"lts":1,"name":null,"osmId":1332062007,"goBoston":"priority","project":"Comm Ave Phase 2/2A"}},{"type":"Feature","geometry":{"type":"LineString","coordinates":[[-71.11372,42.35071],[-71.1135,42.35068]]},"properties":{"lts":1,"name":null,"osmId":1340159576,"goBoston":"priority","project":"Comm Ave Phase 2/2A"}},{"type":"Feature","geometry":{"type":"LineString","coordinates":[[-71.1135,42.35068],[-71.11345,42.35067],[-71.11336,42.35066]]},"properties":{"lts":1,"name":null,"osmId":1340159577,"goBoston":"priority","project":"Comm Ave Phase 2/2A"}},{"type":"Feature","geometry":{"type":"LineString","coordinates":[[-71.12022,42.35149],[-71.11979,42.35144],[-71.11921,42.35137],[-71.11904,42.35135],[-71.11898,42.35133],[-71.11887,42.35131],[-71.11871,42.3513],[-71.1184,42.35126],[-71.11836,42.35125]]},"properties":{"lts":1,"name":null,"osmId":1332062002,"goBoston":"priority","project":"Comm Ave Phase 2/2A"}},{"type":"Feature","geometry":{"type":"LineString","coordinates":[[-71.09477,42.3454],[-71.09464,42.34544],[-71.09457,42.34546],[-71.09453,42.34547],[-71.0945,42.34548],[-71.09446,42.3455],[-71.09442,42.34551],[-71.09439,42.34552],[-71.09437,42.34553],[-71.09435,42.34554],[-71.09433,42.34556]]},"properties":{"lts":3,"name":"Boylston Street","osmId":335668581,"goBoston":"priority","project":"Boylston St"}},{"type":"Feature","geometry":{"type":"LineString","coordinates":[[-71.09494,42.34535],[-71.09477,42.3454]]},"properties":{"lts":3,"name":"Boylston Street","osmId":1320958630,"goBoston":"priority","project":"Boylston St"}},{"type":"Feature","geometry":{"type":"LineString","coordinates":[[-71.09505,42.34532],[-71.09494,42.34535]]},"properties":{"lts":3,"name":"Boylston Street","osmId":923642506,"goBoston":"priority","project":"Boylston St"}},{"type":"Feature","geometry":{"type":"LineString","coordinates":[[-71.09534,42.34525],[-71.09519,42.34528],[-71.09515,42.34529],[-71.09505,42.34532]]},"properties":{"lts":3,"name":"Boylston Street","osmId":533595682,"goBoston":"priority","project":"Boylston St"}},{"type":"Feature","geometry":{"type":"LineString","coordinates":[[-71.09534,42.34525],[-71.0955,42.34521],[-71.09553,42.3452],[-71.09557,42.34519],[-71.09566,42.34517],[-71.09647,42.34495],[-71.09656,42.34492],[-71.09704,42.34479],[-71.09727,42.34473],[-71.09768,42.34462],[-71.09772,42.34461],[-71.09775,42.3446],[-71.09783,42.34458]]},"properties":{"lts":3,"name":"Boylston Street","osmId":533595683,"goBoston":"priority","project":"Boylston St"}},{"type":"Feature","geometry":{"type":"LineString","coordinates":[[-71.09783,42.34458],[-71.09791,42.34456],[-71.09795,42.34455],[-71.09833,42.34445],[-71.09867,42.34435],[-71.09871,42.34434],[-71.0988,42.34431]]},"properties":{"lts":3,"name":"Boylston Street","osmId":591284904,"goBoston":"priority","project":"Boylston St"}},{"type":"Feature","geometry":{"type":"LineString","coordinates":[[-71.0988,42.34431],[-71.09889,42.34429],[-71.09892,42.34428],[-71.09988,42.34402],[-71.09992,42.34401],[-71.10001,42.34398]]},"properties":{"lts":3,"name":"Boylston Street","osmId":1088886553,"goBoston":"priority","project":"Boylston St"}},{"type":"Feature","geometry":{"type":"LineString","coordinates":[[-71.10001,42.34398],[-71.10009,42.34396],[-71.10013,42.34395],[-71.10077,42.34378],[-71.10098,42.34372],[-71.10114,42.34368]]},"properties":{"lts":3,"name":"Boylston Street","osmId":591284905,"goBoston":"priority","project":"Boylston St"}},{"type":"Feature","geometry":{"type":"LineString","coordinates":[[-71.10114,42.34368],[-71.10124,42.34365]]},"properties":{"lts":3,"name":"Boylston Street","osmId":822087657,"goBoston":"priority","project":"Boylston St"}},{"type":"Feature","geometry":{"type":"LineString","coordinates":[[-71.10124,42.34365],[-71.10176,42.34351],[-71.10192,42.34347]]},"properties":{"lts":3,"name":"Boylston Street","osmId":822087656,"goBoston":"priority","project":"Boylston St"}},{"type":"Feature","geometry":{"type":"LineString","coordinates":[[-71.10266,42.3433],[-71.10232,42.34336],[-71.10229,42.34337],[-71.10226,42.34338],[-71.10222,42.34338],[-71.10218,42.3434],[-71.10212,42.34341],[-71.10192,42.34347]]},"properties":{"lts":3,"name":"Boylston Street","osmId":426493444,"goBoston":"priority","project":"Boylston St"}},{"type":"Feature","geometry":{"type":"LineString","coordinates":[[-71.09163,42.35027],[-71.092,42.35017],[-71.09226,42.3501]]},"properties":{"lts":2,"name":"Beacon Street","osmId":822078635,"goBoston":"priority","project":"Beacon St"}},{"type":"Feature","geometry":{"type":"LineString","coordinates":[[-71.09226,42.3501],[-71.09257,42.35001]]},"properties":{"lts":2,"name":"Beacon Street","osmId":241028355,"goBoston":"priority","project":"Beacon St"}},{"type":"Feature","geometry":{"type":"LineString","coordinates":[[-71.09257,42.35001],[-71.09272,42.34997],[-71.09287,42.34993]]},"properties":{"lts":2,"name":"Beacon Street","osmId":426831016,"goBoston":"priority","project":"Beacon St"}},{"type":"Feature","geometry":{"type":"LineString","coordinates":[[-71.09287,42.34993],[-71.093,42.3499],[-71.09317,42.34985],[-71.09336,42.3498]]},"properties":{"lts":2,"name":"Beacon Street","osmId":1291588510,"goBoston":"priority","project":"Beacon St"}},{"type":"Feature","geometry":{"type":"LineString","coordinates":[[-71.09336,42.3498],[-71.09485,42.34941],[-71.0949,42.3494],[-71.095,42.34937]]},"properties":{"lts":3,"name":"Beacon Street","osmId":241028354,"goBoston":"priority","project":"Beacon St"}},{"type":"Feature","geometry":{"type":"LineString","coordinates":[[-71.095,42.34937],[-71.09511,42.34934],[-71.09529,42.34929]]},"properties":{"lts":3,"name":"Beacon Street","osmId":1413368792,"goBoston":"priority","project":"Beacon St"}},{"type":"Feature","geometry":{"type":"LineString","coordinates":[[-71.09674,42.34899],[-71.09695,42.34893],[-71.09741,42.34882]]},"properties":{"lts":2,"name":"Beacon Street","osmId":325811606,"goBoston":"priority","project":"Beacon St"}},{"type":"Feature","geometry":{"type":"LineString","coordinates":[[-71.09741,42.34882],[-71.09767,42.34875],[-71.09796,42.34867],[-71.09817,42.34856]]},"properties":{"lts":2,"name":"Beacon Street","osmId":1389673834,"goBoston":"priority","project":"Beacon St"}},{"type":"Feature","geometry":{"type":"LineString","coordinates":[[-71.09957,42.34817],[-71.09848,42.34847],[-71.09817,42.34856]]},"properties":{"lts":3,"name":"Beacon Street","osmId":1364167643,"goBoston":"priority","project":"Beacon St"}},{"type":"Feature","geometry":{"type":"LineString","coordinates":[[-71.09957,42.34817],[-71.09986,42.34815],[-71.10163,42.34766],[-71.10172,42.34761],[-71.10175,42.34759],[-71.10185,42.34754]]},"properties":{"lts":3,"name":"Beacon Street","osmId":1364675670,"goBoston":"priority","project":"Beacon St"}},{"type":"Feature","geometry":{"type":"LineString","coordinates":[[-71.09817,42.34856],[-71.09793,42.34858],[-71.09755,42.34868],[-71.09716,42.34879]]},"properties":{"lts":1,"name":"Beacon Street","osmId":240745553,"goBoston":"priority","project":"Beacon St"}},{"type":"Feature","geometry":{"type":"LineString","coordinates":[[-71.10185,42.34754],[-71.10173,42.34755],[-71.10157,42.34756],[-71.09981,42.34805],[-71.09957,42.34817]]},"properties":{"lts":1,"name":"Beacon Street","osmId":1364675671,"goBoston":"priority","project":"Beacon St"}},{"type":"Feature","geometry":{"type":"LineString","coordinates":[[-71.09529,42.34929],[-71.09537,42.34931],[-71.09552,42.34926],[-71.0957,42.34922],[-71.09577,42.3492],[-71.09595,42.34915],[-71.09603,42.34913],[-71.09609,42.34912],[-71.09616,42.3491],[-71.09619,42.3491],[-71.09623,42.34909],[-71.09625,42.34908],[-71.09627,42.34908],[-71.09629,42.34908],[-71.0963,42.34908],[-71.09635,42.34907],[-71.09639,42.34906],[-71.09644,42.34906],[-71.09646,42.34905],[-71.0965,42.34905],[-71.09656,42.34904],[-71.0966,42.34904],[-71.09665,42.34903],[-71.09668,42.34903],[-71.0968,42.34903],[-71.09689,42.34902],[-71.09695,42.34899]]},"properties":{"lts":1,"name":null,"osmId":1389671759,"goBoston":"priority","project":null}},{"type":"Feature","geometry":{"type":"LineString","coordinates":[[-71.09371,42.34078],[-71.09362,42.34076],[-71.09354,42.34072],[-71.09346,42.34067],[-71.09344,42.34065],[-71.09337,42.34058],[-71.09315,42.34036]]},"properties":{"lts":3,"name":"Forsyth Way","osmId":8649818,"goBoston":"priority","project":"Roxbury-Fenway Connector"}},{"type":"Feature","geometry":{"type":"LineString","coordinates":[[-71.09252,42.33945],[-71.09257,42.33953],[-71.09299,42.34013],[-71.09315,42.34036]]},"properties":{"lts":2,"name":"Forsyth Way","osmId":426843746,"goBoston":"priority","project":"Roxbury-Fenway Connector"}},{"type":"Feature","geometry":{"type":"LineString","coordinates":[[-71.09252,42.33945],[-71.09245,42.33935],[-71.09244,42.33931],[-71.09243,42.33927],[-71.09241,42.33922],[-71.09241,42.33918],[-71.0924,42.33914],[-71.09238,42.33908]]},"properties":{"lts":3,"name":"Forsyth Way","osmId":426843745,"goBoston":"priority","project":"Roxbury-Fenway Connector"}},{"type":"Feature","geometry":{"type":"LineString","coordinates":[[-71.09248,42.33884],[-71.09244,42.33895],[-71.09242,42.33899],[-71.09238,42.33908]]},"properties":{"lts":2,"name":"Forsyth Way","osmId":426595823,"goBoston":"priority","project":"Roxbury-Fenway Connector"}},{"type":"Feature","geometry":{"type":"LineString","coordinates":[[-71.09238,42.33908],[-71.09231,42.33918],[-71.0923,42.3392],[-71.09231,42.33923],[-71.09233,42.33928],[-71.09239,42.33935],[-71.09245,42.33941],[-71.09252,42.33945]]},"properties":{"lts":3,"name":"Forsyth Way","osmId":426843743,"goBoston":"priority","project":"Roxbury-Fenway Connector"}},{"type":"Feature","geometry":{"type":"LineString","coordinates":[[-71.09315,42.34036],[-71.09325,42.34056],[-71.09327,42.3406],[-71.09328,42.34064],[-71.09329,42.34066],[-71.09329,42.34068],[-71.0933,42.3407],[-71.0933,42.34074],[-71.0933,42.34076],[-71.09329,42.34078],[-71.09328,42.34081],[-71.09324,42.3409]]},"properties":{"lts":3,"name":"Forsyth Way","osmId":1395095216,"goBoston":"priority","project":"Roxbury-Fenway Connector"}},{"type":"Feature","geometry":{"type":"LineString","coordinates":[[-71.09366,42.33697],[-71.09326,42.3376],[-71.09317,42.33774],[-71.09256,42.33871],[-71.09254,42.33874],[-71.09248,42.33884]]},"properties":{"lts":2,"name":"Parker Street","osmId":8644213,"goBoston":"priority","project":"Roxbury-Fenway Connector"}},{"type":"Feature","geometry":{"type":"LineString","coordinates":[[-71.09366,42.33697],[-71.09359,42.33694],[-71.09337,42.33686]]},"properties":{"lts":3,"name":"Ruggles Street","osmId":426493700,"goBoston":"priority","project":"Roxbury-Fenway Connector"}},{"type":"Feature","geometry":{"type":"LineString","coordinates":[[-71.09337,42.33686],[-71.09308,42.33675],[-71.09299,42.33671],[-71.0925,42.33652],[-71.09197,42.33632],[-71.09181,42.33626]]},"properties":{"lts":3,"name":"Ruggles Street","osmId":301420929,"goBoston":"priority","project":"Roxbury-Fenway Connector"}},{"type":"Feature","geometry":{"type":"LineString","coordinates":[[-71.09181,42.33626],[-71.09146,42.33611],[-71.09133,42.33606]]},"properties":{"lts":3,"name":"Ruggles Street","osmId":426489217,"goBoston":"priority","project":"Roxbury-Fenway Connector"}},{"type":"Feature","geometry":{"type":"LineString","coordinates":[[-71.09133,42.33606],[-71.09118,42.336],[-71.091,42.33593],[-71.09086,42.33587],[-71.09075,42.33582],[-71.09071,42.3358],[-71.09065,42.33577]]},"properties":{"lts":3,"name":"Ruggles Street","osmId":426489218,"goBoston":"priority","project":"Roxbury-Fenway Connector"}},{"type":"Feature","geometry":{"type":"LineString","coordinates":[[-71.09025,42.33544],[-71.09029,42.33549],[-71.09031,42.33551],[-71.09034,42.33554],[-71.09043,42.33562],[-71.09054,42.3357],[-71.09065,42.33577]]},"properties":{"lts":3,"name":"Ruggles Street","osmId":301814872,"goBoston":"priority","project":"Roxbury-Fenway Connector"}},{"type":"Feature","geometry":{"type":"LineString","coordinates":[[-71.09025,42.33544],[-71.09017,42.33534]]},"properties":{"lts":3,"name":"Ruggles Street","osmId":1377357119,"goBoston":"priority","project":"Roxbury-Fenway Connector"}},{"type":"Feature","geometry":{"type":"LineString","coordinates":[[-71.0888,42.33577],[-71.08901,42.3356],[-71.08903,42.3356],[-71.08905,42.3356],[-71.08912,42.33562],[-71.0892,42.33563],[-71.08929,42.33564],[-71.08938,42.33564],[-71.08948,42.33563],[-71.08958,42.3356],[-71.08968,42.33557],[-71.08976,42.33554],[-71.08984,42.33551],[-71.08997,42.33544],[-71.09006,42.33537]]},"properties":{"lts":1,"name":"Pierre Lallement Bike Path","osmId":570815191,"goBoston":"priority","project":"Roxbury-Fenway Connector"}},{"type":"Feature","geometry":{"type":"LineString","coordinates":[[-71.09006,42.33537],[-71.09008,42.33537],[-71.09017,42.33534]]},"properties":{"lts":1,"name":"Pierre Lallement Bike Path","osmId":668284028,"goBoston":"priority","project":"Roxbury-Fenway Connector"}}]}